Timecode,BlendshapeCount,EyeBlinkLeft,EyeLookDownLeft,EyeLookInLeft,EyeLookOutLeft,EyeLookUpLeft,EyeSquintLeft,EyeWideLeft,EyeBlinkRight,EyeLookDownRight,EyeLookInRight,EyeLookOutRight,EyeLookUpRight,EyeSquintRight,EyeWideRight,JawForward,JawRight,JawLeft,JawOpen,MouthClose,MouthFunnel,MouthPucker,MouthRight,MouthLeft,MouthSmileLeft,MouthSmileRight,MouthFrownLeft,MouthFrownRight,MouthDimpleLeft,MouthDimpleRight,MouthStretchLeft,MouthStretchRight,MouthRollLower,MouthRollUpper,MouthShrugLower,MouthShrugUpper,MouthPressLeft,MouthPressRight,MouthLowerDownLeft,MouthLowerDownRight,MouthUpperUpLeft,MouthUpperUpRight,BrowDownLeft,BrowDownRight,BrowInnerUp,BrowOuterUpLeft,BrowOuterUpRight,CheekPuff,CheekSquintLeft,CheekSquintRight,NoseSneerLeft,NoseSneerRight,TongueOut,HeadYaw,HeadPitch,HeadRoll,LeftEyeYaw,LeftEyePitch,LeftEyeRoll,RightEyeYaw,RightEyePitch,RightEyeRoll
00:00:00:00.000,61,0.0,0.0,-0.0,0.0,-0.0,0.0,0.0,-0.0,-0.0,0.0,-0.0,0.0,0.0,0.0,0.0,0.0,0.0,0.0,0.0,0.0,0.0,0.0,-0.0,0.0,0.0,0.0,0.0,0.0,0.0,0.0,0.0,0.0,0.0,0.0,0.0,0.0,0.0,0.0,0.0,0.0,0.0,0.0,0.0,0.0,0.0,0.0,0.0,0.0,0.0,0.0,-0.0,0.0,-0.0,0.0,-0.0,0.0,0.0,-0.0,0.0,-0.0,0.0
00:00:00:01.016,61,4.159286692839714e-09,1.3485550454106487e-09,-2.3022292960916957e-09,1.2069940602543738e-09,-3.183260544048494e-09,0.001321873627603054,0.09554465115070343,-4.505738893101352e-09,-2.0973385250755427e-09,1.1697411927968915e-09,-2.3804604953880926e-09,4.775821960123494e-09,0.0013219928368926048,0.09562177211046219,0.0013007278321310878,0.00012171058915555477,0.0011623967438936234,0.00234522158280015,0.0005300274933688343,0.0006206638063304126,0.004494951106607914,0.00289844605140388,-7.601973629789427e-05,0.0004108058346901089,-1.8396020095678978e-05,0.005144556984305382,0.005524572916328907,0.002168451203033328,0.0017306767404079437,0.004563049413263798,0.0033230227418243885,0.0029986859299242496,0.0012344536371529102,0.00011346918472554535,-4.694807648775168e-05,0.00010186037980020046,0.0002854220801964402,0.0031970590353012085,0.0018463775049895048,0.0003728359006345272,0.00019081911887042224,4.7910809371387586e-05,3.586387538234703e-05,0.03432885557413101,0.01817239820957184,0.018221167847514153,0.00045910864719189703,0.0014449467416852713,0.0019718091934919357,3.193831435055472e-05,-0.00010357904102420434,6.984919587171845e-11,-1.4342367293807001e-09,6.02006888783535e-09,-1.8477439578390431e-09,4.850328139127669e-09,2.191402170836909e-09,-1.274049310495684e-09,6.463378721122126e-09,-9.909272291608318e-10,4.589557622836082e-09
00:00:00:02.033,61,2.257525899551638e-08,4.0531160649948106e-09,-1.0091811830648112e-08,7.394701295737605e-09,-1.7948448061133604e-08,0.0025446773506700993,0.19248968362808228,-2.497807294332688e-08,-1.338869282108135e-08,2.10106376741237e-09,-1.1866911897584487e-08,2.2605060934210996e-08,0.002547379583120346,0.19264599680900574,0.0022243254352360964,0.00025192031171172857,0.0012471335940063,0.003216021228581667,0.001872721128165722,0.00021431063942145556,0.016765858978033066,0.005597992334514856,-0.00013468341785483062,0.00018876433023251593,0.00017508750897832215,0.016814060509204865,0.017713259905576706,0.003363312454894185,0.0025389103684574366,0.004547682590782642,0.0016373839462175965,0.006395387463271618,0.002488240832462907,0.0002409240696579218,-0.00022049986000638455,0.0002764966629911214,0.0006621105712838471,0.0016883468488231301,-0.0013065219391137362,0.00013172774924896657,-5.343258453649469e-05,8.951687777880579e-05,6.854319508420303e-05,0.07062298059463501,0.037148602306842804,0.03724513202905655,0.001093205763027072,0.0025660747196525335,0.0038117016665637493,0.00010677623504307121,-0.00013315558317117393,5.289911841899197e-10,-5.1483510787875275e-09,2.682953947896749e-08,-6.638467109354451e-09,2.6002528130675273e-08,1.0802410521648653e-08,-9.134412337630238e-09,3.223120970119453e-08,-8.128583139921375e-09,2.8684734587614003e-08
00:00:00:03.050,61,4.212185444885108e-08,8.247792671056686e-09,-1.9283964647343055e-08,1.3601034964949577e-08,-3.338791287887943e-08,0.004122059792280197,0.2941444218158722,-4.653632501572247e-08,-2.4542211818356918e-08,4.850328139127669e-09,-2.244673602547209e-08,4.2960046187090484e-08,0.004128722008317709,0.29437312483787537,0.0034183510579168797,0.0003481090534478426,0.0011584284948185086,0.00606117770075798,0.005466419272124767,0.002120866207405925,0.04094009846448898,0.00836204644292593,-0.00022597421775572002,-0.0003666001430246979,0.00036687523243017495,0.039246343076229095,0.040789294987916946,0.0037859929725527763,0.002559660468250513,0.005043288227170706,0.0005301177152432501,0.009125986136496067,0.003787156194448471,0.0004722908779513091,-0.00033660687040537596,0.0005486921290867031,0.0011405760888010263,0.0015948497457429767,-0.003034533467143774,-0.00032544968416914344,-0.0004025728558190167,4.6106099034659564e-05,2.5803567041293718e-05,0.11040529608726501,0.05848626419901848,0.058628715574741364,0.0020118518732488155,0.003111223690211773,0.005138637498021126,0.00015813339268788695,-0.00017680262681096792,9.387731703114355e-10,-1.0281801188227746e-08,5.1151960889228576e-08,-1.3053417902142428e-08,4.808977038806006e-08,2.0249281362794136e-08,-1.627206813736848e-08,6.062909818638218e-08,-1.4495104672107573e-08,5.252659462939846e-08
00:00:00:04.066,61,5.302577932297936e-08,5.021691062978562e-09,-2.0697713765116532e-08,1.8365680531928774e-08,-4.2997299942726386e-08,0.006025291047990322,0.4010884165763855,-5.9068202773460143e-08,-3.418326599557986e-08,-4.619359894597608e-10,-2.6475637682210618e-08,4.887580828949467e-08,0.006038561463356018,0.4013795852661133,0.004920472856611013,0.00034009249066002667,0.0012501145247370005,0.014677690342068672,0.0143141970038414,0.00869329646229744,0.084896519780159,0.011187603697180748,-0.00036494486266747117,-0.0010267129400745034,0.000877224956639111,0.07566133141517639,0.0781564712524414,0.0038745184428989887,0.002184745389968157,0.006278924643993378,-7.46262667234987e-05,0.009683951735496521,0.005014700815081596,0.0003938546287827194,-0.00040441774763166904,0.0008050850592553616,0.0016063980292528868,0.002532243262976408,-0.004251574166119099,-0.0006617639446631074,-0.0005465555004775524,9.045410115504637e-05,8.819007780402899e-05,0.15518999099731445,0.08697660267353058,0.08716465532779694,0.0030694848392158747,0.0037473130505532026,0.006289136596024036,0.00024090481747407466,-0.0002852172765415162,1.4482066656995585e-09,-8.761882774876995e-09,5.656480794868912e-08,-1.1518597631265948e-08,6.194412804916283e-08,2.4249777297313813e-08,-2.4408100429695878e-08,7.238239163598337e-08,-2.254545705682176e-08,7.182359951229955e-08
00:00:00:04.083,61,5.549751236344491e-08,8.530914641369236e-09,-2.4056062031263536e-08,1.8384307409746725e-08,-4.444271439751901e-08,0.0069040171802043915,0.505035936832428,-6.148591324972585e-08,-3.3490358930521325e-08,3.3527611797978807e-09,-2.885703054289479e-08,5.442648998155164e-08,0.006928241346031427,0.5053876638412476,0.007395521271973848,0.0003196333418600261,0.0018967922078445554,0.029447123408317566,0.028051123023033142,0.02054702676832676,0.1413090080022812,0.014159473590552807,-0.0005509522743523121,-0.0020119494292885065,0.0008119398262351751,0.12068445235490799,0.12424028664827347,0.003936806693673134,0.0016074628802016377,0.008636686019599438,-0.00018157005251850933,0.009242714382708073,0.007052109111100435,3.2857657060958445e-05,-0.0002646991633810103,0.0010382308391854167,0.0019913387950509787,0.008049317635595798,-0.0013103752862662077,-0.0006104758358560503,-0.0007076740148477256,-0.00015644848463125527,-0.00013871132978238165,0.22328613698482513,0.1346350461244583,0.13487520813941956,0.004322899971157312,0.0046998183242976665,0.006977418437600136,0.0006769758183509111,-0.0005673301056958735,1.3574026347384915e-09,-1.1697411927968915e-08,6.392598095317226e-08,-1.512467839859255e-08,6.407499597571586e-08,2.6104972405960325e-08,-2.3264437487569012e-08,7.814728064658993e-08,-2.0936131051030316e-08,7.133930779446018e-08
00:00:00:06.100,61,5.22285716897386e-08,1.3448297586649005e-08,-2.6505439620905236e-08,1.6083941289934955e-08,-4.0931627864893017e-08,0.007569425273686647,0.5007801651954651,-5.732290375703997e-08,-2.831220591303918e-08,9.760260155644573e-09,-2.902466889054267e-08,5.651265411188433e-08,0.007614209782332182,0.5010955929756165,0.00864575058221817,0.00029743037885054946,0.002974908333271742,0.04625779017806053,0.03930435702204704,0.05269755423069,0.17024482786655426,0.014356090687215328,-0.0007369744125753641,-0.0023757934104651213,0.0006519779562950134,0.14431129395961761,0.14843223989009857,0.002653449075296521,9.300447709392756e-05,0.011495687067508698,0.0017699041636660695,0.0057458640076220036,0.00795090850442648,-0.0002861058746930212,-0.0002778609050437808,0.0008007729193195701,0.001735531142912805,0.03351140394806862,0.02326059341430664,-0.00016089528799057007,-0.0006485594785772264,-0.00048527331091463566,-0.0004564987029880285,0.2693898677825928,0.17811210453510284,0.17835590243339539,0.004333282820880413,0.006000107619911432,0.0074152457527816296,0.0005226475186645985,-0.000967975240200758,1.0128132776898724e-09,-1.5329568725519493e-08,6.778165584364615e-08,-1.9036233922520296e-08,5.89340913847991e-08,2.5741755393937638e-08,-1.7955899878074888e-08,7.745809682546678e-08,-1.5664845420815254e-08,6.191432788682505e-08
00:00:00:07.116,61,7.474795182815797e-08,2.516433639243587e-08,-4.2114407960980316e-08,2.1681190176536802e-08,-5.7518480645057934e-08,0.008916857652366161,0.4936542809009552,-8.162110987086635e-08,-3.67872416973114e-08,2.1550803808167984e-08,-4.373025319637236e-08,8.724629907419512e-08,0.008990850299596786,0.4939577579498291,0.010317020118236542,0.00025021613691933453,0.004072472918778658,0.07240620255470276,0.04860597476363182,0.11460626870393753,0.17199164628982544,0.015076911076903343,-0.0008802184602245688,-0.0016655167564749718,0.0006721477257087827,0.1576206237077713,0.16186702251434326,0.0029052901081740856,6.0873033362440765e-05,0.022335965186357498,0.012472279369831085,0.003021136624738574,0.009630924090743065,-3.26815243170131e-05,-0.0006484374171122909,0.000854904530569911,0.0018173846183344722,0.090700663626194,0.07929085940122604,0.0001487781119067222,-0.000515964173246175,-0.0009744351846165955,-0.0009077060385607183,0.3246717154979706,0.23112598061561584,0.2313753068447113,0.0038530081510543823,0.009142830967903137,0.009816192090511322,0.0006894469261169434,-0.00158507761079818,1.1362135676762364e-09,-2.6635825989274053e-08,1.0609626599489275e-07,-3.324821662431532e-08,8.210540158870572e-08,3.817491389668248e-08,-2.0973384806666218e-08,1.1549331446758515e-07,-1.7546117447864162e-08,8.247792493421002e-08
00:00:00:08.133,61,9.641982501307211e-08,6.239861072288022e-09,-3.49804771815343e-08,3.4123658565476944e-08,-7.878988839138401e-08,0.01146338228136301,0.4740510880947113,-1.0796822635938952e-07,-6.379559636116028e-08,-4.991889124283944e-09,-4.706438616608466e-08,8.538365392496416e-08,0.011553441174328327,0.4743408262729645,0.01393814105540514,0.00020890339510515332,0.007045626640319824,0.10362522304058075,0.045637160539627075,0.1890125423669815,0.14595353603363037,0.014721427112817764,-0.0008392315357923508,-0.003391322446987033,-0.0013735187239944935,0.15232062339782715,0.15631631016731262,0.003477867227047682,0.0005282601923681796,0.04048972949385643,0.03267710283398628,0.001248275046236813,0.01061189640313387,0.00035241423756815493,-0.0010586618445813656,0.0007764867623336613,0.0017491519683972,0.1713743656873703,0.15947560966014862,0.01017066277563572,0.009638427756726742,-0.00034414767287671566,-0.00028069494874216616,0.3870207965373993,0.28401699662208557,0.28425341844558716,0.0033672780264168978,0.013350899331271648,0.014073379337787628,0.0005165135953575373,-0.0013432002160698175,2.7730129303904505e-09,-1.3075768912074182e-08,9.700656278255337e-08,-1.700595042564146e-08,1.1249445464045493e-07,4.2931642241228474e-08,-4.682689791479788e-08,1.2841076113545569e-07,-4.341825743381378e-08,1.3392418907187675e-07
00:00:00:09.150,61,9.206123507965458e-08,-4.3027101881421e-09,-2.5890766863767567e-08,3.49804771815343e-08,-7.714145056070265e-08,0.011316249147057533,0.4558488726615906,-1.0411255146891563e-07,-6.716698663922216e-08,-1.7248094508204304e-08,-4.1378662274382805e-08,7.11716694468123e-08,0.01140396948903799,0.4561587870121002,0.019017286598682404,0.00027084856992587447,0.0105581758543849,0.14355237782001495,0.03520413860678673,0.24061459302902222,0.10515178740024567,0.013830380514264107,-0.000655881769489497,-0.003076086984947324,-0.0010004404466599226,0.10967664420604706,0.11263136565685272,0.005408061668276787,0.002069082809612155,0.056710805743932724,0.05002708360552788,0.0007153856568038464,0.011792928911745548,7.836818440409843e-06,-0.0012569832615554333,0.0004020144697278738,0.0013532147277146578,0.24304507672786713,0.23145805299282074,0.03675773739814758,0.03682845085859299,-1.9904375221813098e-05,-3.171444041072391e-05,0.4393131136894226,0.3250259757041931,0.32524967193603516,0.0031061258632689714,0.02259089983999729,0.024066617712378502,-0.0001565140555612743,-0.0006622803048230708,3.165332662646847e-09,-4.228204453227136e-09,7.769092746912065e-08,-6.463378721122126e-09,1.1037104030720002e-07,3.86266023610915e-08,-5.250796775158051e-08,1.14804130646462e-07,-4.932284269898446e-08,1.383200327609302e-07
00:00:00:09.166,61,1.1527910714903555e-07,-3.4458935704861915e-09,-3.36207435225333e-08,4.3362380353073604e-08,-9.619630958468406e-08,0.010483551770448685,0.4463439881801605,-1.301057608316114e-07,-8.298083997715366e-08,-1.9054859023981408e-08,-5.237758315956853e-08,9.104609688392884e-08,0.010566243901848793,0.44670557975769043,0.027570901438593864,0.0002235848514828831,0.016604460775852203,0.18351434171199799,0.016064893454313278,0.28465038537979126,0.05087681859731674,0.01309809647500515,-0.00028374799876473844,-0.0010754275135695934,0.0013856691075488925,0.03269709274172783,0.03364391252398491,0.0077656954526901245,0.004267530981451273,0.06714797765016556,0.06286674737930298,0.000450819730758667,0.01178845763206482,-0.00034085632069036365,-0.0013154186308383942,0.00012155898002674803,0.0009482827153988183,0.34825003147125244,0.3369581699371338,0.08041387796401978,0.08135438710451126,-0.0006123447674326599,-0.0006008899072185159,0.47550463676452637,0.35119950771331787,0.35143807530403137,0.0025311291683465242,0.03502250090241432,0.037085358053445816,-0.000870822521392256,0.001219319412484765,3.8719734085646e-09,-6.742775227053244e-09,1.0021030760754002e-07,-1.0039657105664901e-08,1.375936022895985e-07,4.889210813985301e-08,-6.427988097357229e-08,1.4532822945056978e-07,-6.044283651363003e-08,1.711770920564959e-07
00:00:00:10.183,61,1.0692514251786633e-07,1.417472983433754e-08,-4.3697653495655686e-08,3.6107376644167744e-08,-8.631497649957964e-08,0.009699573740363121,0.44400155544281006,-1.1889264328601712e-07,-6.616115655333488e-08,3.725290298461914e-09,-5.4645351355020466e-08,1.021288369429385e-07,0.00978910457342863,0.44435906410217285,0.042088400572538376,0.00017844840476755053,0.022975850850343704,0.20829345285892487,0.007224666886031628,0.2704188823699951,0.018833357840776443,0.011319148354232311,2.7278718334855512e-05,0.022369248792529106,0.02754511684179306,0.002579712774604559,0.00200052373111248,0.012101449072360992,0.008791960775852203,0.0775037556886673,0.07485896348953247,-0.00026641905424185097,0.01138906367123127,-0.00010394692071713507,-0.0014943047426640987,-0.00036934821400791407,0.0004676752432715148,0.4344486594200134,0.42514869570732117,0.11453839391469955,0.11667405813932419,-0.0010801685275509953,-0.0009888362837955356,0.49419525265693665,0.3712472915649414,0.3714692294597626,0.0015369636239483953,0.047815583646297455,0.05118013545870781,-0.0015006340108811855,0.003203675150871277,2.712476909749739e-09,-2.037733715098966e-08,1.1894852036675729e-07,-2.6300549293978293e-08,1.2330710319474747e-07,4.9530061829727856e-08,-4.647299789439785e-08,1.4809425863404613e-07,-4.237517714500427e-08,1.403689395829133e-07
00:00:00:12.200,61,9.571201786684469e-08,7.972121629507e-09,-3.55672078455882e-08,3.349967414578714e-08,-7.806345792005231e-08,0.009074170142412186,0.4425007700920105,-1.0692514251786633e-07,-6.20260820483054e-08,-2.8125941575751767e-09,-4.7096982314087654e-08,8.622184566320357e-08,0.009150105528533459,0.4428466558456421,0.05456849932670593,-2.2769869246985763e-05,0.02846088819205761,0.22049358487129211,0.002474126871675253,0.21939332783222198,0.0009922683238983154,0.00989674311131239,0.0002186980127589777,0.10846593976020813,0.11334525793790817,0.0007884723017923534,7.396936325676506e-07,0.018783431500196457,0.015908030793070793,0.08246853202581406,0.08004474639892578,-0.000567908282391727,0.010304144583642483,-7.919132622191682e-05,-0.0013998079812154174,-0.001049259677529335,-6.384849257301539e-05,0.48838818073272705,0.4806479513645172,0.13711117208003998,0.13976353406906128,-0.000937216856982559,-0.000769532925914973,0.4923940896987915,0.3804253339767456,0.3806333541870117,0.0010826090583577752,0.06112637370824814,0.06652682274580002,-0.0008798134513199329,0.0063611650839447975,2.670567544882374e-09,-1.4342367293807001e-08,9.922310795218436e-08,-1.892447443196943e-08,1.119263473015053e-07,4.3290199869261414e-08,-4.535541009431654e-08,1.2889969980278693e-07,-4.1928142735514484e-08,1.30385160446167e-07
00:00:00:13.216,61,1.203501653890271e-07,1.6894190935090592e-08,-4.9984080874310166e-08,4.041940115939724e-08,-9.685754776000977e-08,0.009811261668801308,0.4468199908733368,-1.3371929696859297e-07,-7.364899090589461e-08,5.1967798953000965e-09,-6.174202837883058e-08,1.1568889135560312e-07,0.009883764199912548,0.4471847116947174,0.06480380147695541,1.094527578970883e-05,0.031973376870155334,0.2276044338941574,0.0010797912254929543,0.18734651803970337,-0.0003678440989460796,0.009303786791861057,7.049966370686889e-05,0.1572369486093521,0.1605347841978073,0.0006672918680123985,-4.480361894820817e-05,0.02502504363656044,0.02224847860634327,0.08901143819093704,0.08594805002212524,-0.00022065758821554482,0.009550747461616993,0.0001425066584488377,-0.0014092896599322557,-0.0011151592480018735,-3.518887024256401e-05,0.5315613746643066,0.5247337222099304,0.15724381804466248,0.15951234102249146,-0.000967153930105269,-0.0008199948351830244,0.4875538647174835,0.3887508511543274,0.38894301652908325,0.0007714118110015988,0.07593981921672821,0.08201462775468826,0.0037498706951737404,0.012337760999798775,2.9988587169071934e-09,-2.4102627449451575e-08,1.355633116872923e-07,-3.037974138919708e-08,1.383200327609302e-07,5.605630448712873e-08,-5.14276337071351e-08,1.675169869486126e-07,-4.693865918170559e-08,1.5631317751285678e-07
00:00:00:14.233,61,1.4604535181206302e-07,2.2165476565305653e-08,-6.173737432391135e-08,4.8736112034930557e-08,-1.1730007543064858e-07,0.011475227773189545,0.44904935359954834,-1.6215257403473515e-07,-8.838251375209438e-08,8.158385966794413e-09,-7.549766678494052e-08,1.4206393927906902e-07,0.011543414555490017,0.44943690299987793,0.07157456129789352,5.010128006688319e-05,0.03472333773970604,0.2330218106508255,0.00028825580375269055,0.16367100179195404,-0.0005752008873969316,0.009212943725287914,-3.618474875111133e-05,0.18545466661453247,0.18743343651294708,0.0005051001789979637,-6.926715286681429e-05,0.03032771497964859,0.02750523015856743,0.09830685704946518,0.09500602632761002,-0.0002796447370201349,0.00885820109397173,-0.00010437816672492772,-0.0012179994955658913,-0.0011359859490767121,-9.70713790593436e-06,0.5571622252464294,0.5508479475975037,0.1678653359413147,0.16963611543178558,-0.0010151314781978726,-0.0008934384677559137,0.47445619106292725,0.3872085511684418,0.3874013423919678,0.00041808723472058773,0.08453557640314102,0.0908362939953804,0.009642920456826687,0.018676405772566795,3.5564879929950166e-09,-3.037974138919708e-08,1.665949866946903e-07,-3.816559868141667e-08,1.6720964879368694e-07,6.834161325741661e-08,-6.113201322932582e-08,2.0451378190955438e-07,-5.582347384347486e-08,1.8808991342211812e-07
00:00:00:14.250,61,1.4726072095072595e-07,2.5499611311374792e-08,-6.473623415104157e-08,4.834495470618094e-08,-1.1762604401610588e-07,0.01315790880471468,0.44836726784706116,-1.6317703455115407e-07,-8.717179156292332e-08,1.240521640966108e-08,-7.724855066726377e-08,1.4660879799066606e-07,0.013227269984781742,0.4487738013267517,0.07628646492958069,0.0001147093644249253,0.03662381321191788,0.23489707708358765,-0.00012487710046116263,0.1440652310848236,-0.00041139006498269737,0.009174574166536331,-0.0001261421712115407,0.2032177746295929,0.2037886083126068,0.0004105687257833779,-8.215785055654123e-05,0.034441232681274414,0.031643129885196686,0.10643863677978516,0.10323455929756165,-0.0002537494874559343,0.008413796313107014,-0.00025712669594213367,-0.0011410712031647563,-0.0010008584940806031,0.00011311977868899703,0.5706355571746826,0.5648481249809265,0.17367319762706757,0.1747564822435379,-0.0009554243297316134,-0.0008705133222974837,0.4562503397464752,0.3782360851764679,0.3784378170967102,0.0001835758303059265,0.0898674800992012,0.0960974395275116,0.014576966874301434,0.023579740896821022,3.4272671367574503e-09,-3.311783203230334e-08,1.7290935261371487e-07,-4.183500834642473e-08,1.6787089407444e-07,6.970600452405051e-08,-5.94928870611966e-08,2.088397792476826e-07,-5.358830179602592e-08,1.8645077659584786e-07
00:00:00:16.266,61,1.3530720366361493e-07,2.7511269706792518e-08,-6.247312001050886e-08,4.356726890364371e-08,-1.0743737277607579e-07,0.016231175512075424,0.4416462779045105,-1.495517807370561e-07,-7.752328912147277e-08,1.639127766850379e-08,-7.241498423127268e-08,1.388415711289781e-07,0.01630239002406597,0.44206416606903076,0.07830286026000977,0.00016598596994299442,0.03789776563644409,0.23242583870887756,-0.00038693606620654464,0.13043348491191864,-0.00040366113535128534,0.009308583103120327,-0.0002315240417374298,0.21030990779399872,0.2092311680316925,0.0003009173378814012,-0.0001473900629207492,0.03777262568473816,0.03498830273747444,0.11379707604646683,0.1108410432934761,-0.00029669940704479814,0.008035522885620594,-0.00010324060713173822,-0.0009358105016872287,-0.0007824376807548106,0.0002935661468654871,0.5717065334320068,0.5664083957672119,0.17528222501277924,0.17551586031913757,-0.0010476475581526756,-0.0009975105058401823,0.4314591884613037,0.36240264773368835,0.36261969804763794,3.170035779476166e-05,0.09212525188922882,0.09779336303472519,0.016596119850873947,0.02500317618250847,2.94297941572097e-09,-3.371387791162306e-08,1.6510486489096365e-07,-4.25241886148342e-08,1.5322119395477785e-07,6.503542238078808e-08,-5.137175307368125e-08,1.9499100289976923e-07,-4.6100467443466187e-08,1.6730278673549037e-07
00:00:00:16.283,61,1.3045035984760034e-07,3.5762788286319847e-08,-6.691552556503666e-08,3.983266694262966e-08,-1.0207295275677097e-07,0.018626512959599495,0.4340097904205322,-1.4327466146824008e-07,-6.912276262482919e-08,2.719461988931471e-08,-7.307156835167916e-08,1.4327466146824008e-07,0.018698276951909065,0.4344358742237091,0.078140027821064,0.00020750910334754735,0.03870697319507599,0.2318182736635208,-0.00043407559860497713,0.1238444522023201,-0.0006141632911749184,0.009321284480392933,-0.00031620924710296094,0.20529577136039734,0.20290714502334595,0.00024705915711820126,-0.00013411133841145784,0.03966695815324783,0.03683970123529434,0.11879594624042511,0.11637967079877853,-0.00040994881419464946,0.007855581119656563,-0.0003069111844524741,-0.0008637493592686951,-0.0007878519827499986,0.00025277899112552404,0.5670005679130554,0.5621523857116699,0.17386749386787415,0.17343711853027344,-0.000999020878225565,-0.0009871759684756398,0.40270739793777466,0.34182673692703247,0.34205350279808044,-0.000130801199702546,0.08922341465950012,0.09420189261436462,0.015404227189719677,0.023151196539402008,2.3865140974521637e-09,-3.993511299427155e-08,1.7294659926392342e-07,-4.9863011497564e-08,1.4549121374329843e-07,6.488524206815782e-08,-4.2710453840300033e-08,1.9508880200191925e-07,-3.740191445444907e-08,1.516565646397794e-07
00:00:00:18.300,61,1.246482099759305e-07,3.933906711495183e-08,-6.764195603636836e-08,3.688037253368748e-08,-9.674578649310206e-08,0.02050972729921341,0.42753875255584717,-1.3644806529100606e-07,-6.2789766275273e-08,3.227964029406394e-08,-7.161870740901577e-08,1.422688313823528e-07,0.020578470081090927,0.42796778678894043,0.07786276936531067,0.0002580895379651338,0.039128076285123825,0.232829287648201,-0.0005000114324502647,0.12156064808368683,-0.0006682095117866993,0.009416945278644562,-0.00040310356416739523,0.19263412058353424,0.18959851562976837,0.0002453356864862144,-0.00012987077934667468,0.04098763316869736,0.03803754970431328,0.12417013198137283,0.12194561213254929,-0.00031241655233316123,0.0075662159360945225,-0.00038491367013193667,-0.0007764816400595009,-0.0005677698063664138,0.00044759176671504974,0.5596060752868652,0.5553508996963501,0.17059604823589325,0.1698625534772873,-0.0010189914610236883,-0.0010449510300531983,0.3733281195163727,0.31949982047080994,0.31972989439964294,-0.00024511708761565387,0.08440225571393967,0.0886949747800827,0.01212626975029707,0.01924748346209526,2.023298195652501e-09,-4.2095781083162365e-08,1.730769838559354e-07,-5.247071399594461e-08,1.3776123353181902e-07,6.322981960238394e-08,-3.708526463697126e-08,1.9033439002669184e-07,-3.149732918927839e-08,1.3984740121486539e-07
00:00:00:18.316,61,1.1398456933875423e-07,4.4330953130611306e-08,-6.802380170256583e-08,3.176741358856816e-08,-8.694827613453526e-08,0.023598987609148026,0.4190988540649414,-1.2396834847550053e-07,-5.237758315956853e-08,4.028901301467158e-08,-6.841030142368254e-08,1.3858080194495415e-07,0.023661471903324127,0.4195350706577301,0.07815653085708618,0.00022900097246747464,0.03934895619750023,0.23729439079761505,-0.0006056558922864497,0.12310241907835007,-0.0006980556063354015,0.009385857731103897,-0.0004982610116712749,0.17727196216583252,0.17376823723316193,0.00029584349249489605,-0.00015513032849412411,0.04195571318268776,0.03886663541197777,0.12760719656944275,0.1254958212375641,-0.00020045727433171123,0.0077043864876031876,-0.0006140118930488825,-0.0005211931420490146,-0.0003095694992225617,0.0007430295809172094,0.5506705641746521,0.5467754602432251,0.16777385771274567,0.16706562042236328,-0.0009296199423260987,-0.000953884853515774,0.3458424508571625,0.29654520750045776,0.2967730462551117,-0.0003574643051251769,0.08049284666776657,0.08423732966184616,0.009112829342484474,0.015971919521689415,1.4319084806757587e-09,-4.5262275705226784e-08,1.708231849306685e-07,-5.615875053877062e-08,1.239031490740672e-07,5.98374754190445e-08,-2.7436762195520714e-08,1.8050428707283572e-07,-2.24448744035044e-08,1.1872500493836924e-07
00:00:00:19.333,61,8.352100877573321e-08,4.410743770222325e-08,-5.8189034035649456e-08,2.0517036958267454e-08,-6.170943578354127e-08,0.026083705946803093,0.4010199010372162,-8.950009799946201e-08,-3.1106175413242454e-08,4.3828041640381343e-08,-5.4142436312076825e-08,1.1334195448853279e-07,0.026142356917262077,0.4014416038990021,0.07788274437189102,0.00028998893685638905,0.03944897651672363,0.24567705392837524,-0.0005760461208410561,0.13037490844726562,-0.0008717277669347823,0.008972377516329288,-0.0005171954398974776,0.15777179598808289,0.1543789654970169,0.00022390812227968127,-0.00020571798086166382,0.041382212191820145,0.03813626617193222,0.1294601559638977,0.1275957077741623,-0.00028489381656982005,0.0074599431827664375,-0.0006744819693267345,-0.00013655945076607168,0.00010102577653015032,0.0010753355454653502,0.5442785620689392,0.5410918593406677,0.1684017926454544,0.16781754791736603,-0.00039788277354091406,-0.0004706241306848824,0.3193803131580353,0.2734999358654022,0.2737200856208801,-0.0002673518902156502,0.07714490592479706,0.08011200278997421,0.007432023994624615,0.013454110361635685,4.5634807044336867e-10,-4.235655026718632e-08,1.4280900018093234e-07,-5.263835234359249e-08,8.823349872955077e-08,4.668952868769338e-08,-1.1399388100130636e-08,1.4117918567535526e-07,-7.2829426933651575e-09,7.491559017580585e-08
00:00:00:21.350,61,9.289942681789398e-08,4.4815241295736996e-08,-6.163492827226946e-08,2.3916364000342583e-08,-6.949529307576086e-08,0.02528267912566662,0.38825616240501404,-1.0001473071952205e-07,-3.743916821008497e-08,4.339963055599583e-08,-5.866401053822301e-08,1.215748426375285e-07,0.025340795516967773,0.38866379857063293,0.07936310023069382,0.00022819220612291247,0.039555083960294724,0.2618221938610077,-0.0006939402082934976,0.13917312026023865,-0.0009973373962566257,0.008664289489388466,-0.0005983352893963456,0.1308416724205017,0.12872165441513062,0.0002686399093363434,-0.00012456088734325022,0.041414108127355576,0.03803955018520355,0.13537393510341644,0.13371624052524567,-8.40187058201991e-05,0.007288621738553047,-0.0004880693450104445,-0.00037568353582173586,0.00037436079583130777,0.0013562324456870556,0.5424219965934753,0.5397416353225708,0.16642269492149353,0.1667323112487793,-0.0007097339839674532,-0.0007533252355642617,0.2998146116733551,0.2531754672527313,0.25337597727775574,-0.0003542688791640103,0.07133662700653076,0.07401438802480698,0.004030479118227959,0.01001087948679924,7.357448539302425e-10,-4.371628037347364e-08,1.5230848759983928e-07,-5.410984016407383e-08,9.911134668527666e-08,5.098059929764531e-08,-1.5962868360475113e-08,1.539057166155544e-07,-1.128762949775819e-08,8.81403678931747e-08
00:00:00:21.366,61,9.77003935531684e-08,4.0531158873591266e-08,-5.993060625542057e-08,2.6738270264559105e-08,-7.41612140586767e-08,0.02393779344856739,0.3804190754890442,-1.0581687348576452e-07,-4.341825743381378e-08,3.7550925924279e-08,-5.929265256554572e-08,1.209229196774686e-07,0.02399175800383091,0.3808254599571228,0.08249685913324356,0.00022119059576652944,0.03914773464202881,0.28572118282318115,-0.00036147981882095337,0.15089614689350128,-0.0008360368083231151,0.008446400053799152,-0.0004876245220657438,0.09455673396587372,0.09407002478837967,0.00038770510582253337,0.00021479070710483938,0.04175197705626488,0.03823874518275261,0.14563411474227905,0.14457471668720245,-0.00023897290520835668,0.007039157673716545,-0.0005912586930207908,-5.422696631285362e-05,0.001129855983890593,0.0020710942335426807,0.5446532964706421,0.5420908331871033,0.15795516967773438,0.15916277468204498,-0.0006566828233189881,-0.0007141721434891224,0.2857668995857239,0.2372789829969406,0.23746845126152039,-0.0004503944655880332,0.06491774320602417,0.06675150990486145,0.000741686497349292,0.005379446782171726,1.1152587742202513e-09,-4.0642916587785294e-08,1.5052034996188013e-07,-5.06266957245316e-08,1.0604970412941839e-07,5.207373732218912e-08,-2.1886080503463745e-08,1.5686265442127478e-07,-1.7285346487483366e-08,9.935349254419634e-08
00:00:00:22.383,61,1.0798684968449379e-07,3.578141161142412e-08,-5.967915228666243e-08,3.170222129256217e-08,-8.353032399099902e-08,0.02133091539144516,0.37444984912872314,-1.1794269028087001e-07,-5.362555555166182e-08,2.995133385752524e-08,-6.23753280137862e-08,1.2436881036137493e-07,0.02137955278158188,0.3748355805873871,0.08344116061925888,0.0001474190503358841,0.039072901010513306,0.30550599098205566,8.803010132396594e-06,0.16495661437511444,-0.0006589291733689606,0.008129216730594635,-0.00043220751103945076,0.05488571152091026,0.05646008625626564,0.0010047240648418665,0.0008042201516218483,0.04092492163181305,0.037325214594602585,0.15286381542682648,0.1523786038160324,-0.00036099969292990863,0.007177606225013733,-0.0006368005415424705,-8.713856368558481e-05,0.001302735530771315,0.0022223617415875196,0.5413017868995667,0.5389259457588196,0.15052323043346405,0.1529742330312729,-0.0006533926934935153,-0.0006742346449755132,0.27742770314216614,0.22532279789447784,0.22550304234027863,-0.0006405548192560673,0.05681378021836281,0.05810966342687607,-0.0008572161314077675,0.0034831902012228966,1.6984995632185473e-09,-3.766268363847303e-08,1.5258788721439487e-07,-4.7050416895899616e-08,1.195725047864471e-07,5.541835079725388e-08,-3.119930624961853e-08,1.6636215605103644e-07,-2.6226043559063328e-08,1.1935830457332486e-07
00:00:00:24.400,61,1.1236407004844295e-07,3.138557147508436e-08,-5.79282648516255e-08,3.431923545349491e-08,-8.787959870915074e-08,0.018746674060821533,0.3684861660003662,-1.2334436405581073e-07,-5.954876414193677e-08,2.3953615979621645e-08,-6.294808940765506e-08,1.2362376367036632e-07,0.018794391304254532,0.3688597083091736,0.08324497193098068,0.00014648593787569553,0.03900321573019028,0.31495124101638794,3.2629966881358996e-05,0.18015392124652863,-7.171124161686748e-05,0.008306555449962616,-0.00045868544839322567,0.024357175454497337,0.02716894820332527,0.001929095364175737,0.001896238885819912,0.039445288479328156,0.03571203351020813,0.1531975120306015,0.15277282893657684,-0.00043369174818508327,0.00726004783064127,-0.0005737263127230108,-0.0001427062670700252,0.0014524862635880709,0.0023619041312485933,0.5320193767547607,0.5293306708335876,0.14709873497486115,0.1502177119255066,-0.0005554920644499362,-0.0005391192389652133,0.2709769904613495,0.21601146459579468,0.2161981463432312,-0.000681655015796423,0.051007404923439026,0.05152776092290878,-0.001265830360352993,0.002559179440140724,2.0500738884265957e-09,-3.453344277204451e-08,1.503527187196596e-07,-4.3530018700721484e-08,1.2589617881531012e-07,5.631940425132598e-08,-3.676861481949345e-08,1.6887672416032729e-07,-3.18512327623921e-08,1.3019889877341484e-07
00:00:00:25.416,61,1.3237819018740993e-07,2.8870999813079834e-08,-6.241723582434133e-08,4.230066963373247e-08,-1.0483898194024732e-07,0.016740912571549416,0.362161248922348,-1.460034440015079e-07,-7.508322852345373e-08,1.847744002247964e-08,-7.128808476863924e-08,1.3744458726705489e-07,0.016789110377430916,0.362506628036499,0.0812511220574379,0.00012291975144762546,0.03886993229389191,0.3152639865875244,0.00019421189790591598,0.19922849535942078,0.0006030687945894897,0.00802962388843298,-0.0004343443433754146,0.0073592811822891235,0.01148871798068285,0.011590973474085331,0.011600078083574772,0.036823201924562454,0.03307346999645233,0.14865662157535553,0.14861002564430237,-0.0005599486758001149,0.007218647748231888,-0.0003009969077538699,-0.00015304818225558847,0.0014043832197785378,0.0023202698212116957,0.5166186690330505,0.5137795805931091,0.14068329334259033,0.1442824751138687,-0.0007054138113744557,-0.0006641429499723017,0.2687895894050598,0.2090510129928589,0.20922298729419708,-0.0006830335478298366,0.045196838676929474,0.04580136761069298,-0.001215344644151628,0.0024375361390411854,2.8184148348486815e-09,-3.440305462731885e-08,1.6482546527640807e-07,-4.33251265974377e-08,1.5001744202436385e-07,6.43287805246473e-08,-4.915520435133658e-08,1.9268132689376216e-07,-4.360452265927961e-08,1.6145408210377354e-07
00:00:00:26.433,61,1.2436881036137493e-07,2.3674219917779737e-08,-5.6168065754036434e-08,4.0531158873591266e-08,-9.905546960453648e-08,0.015546883456408978,0.35364848375320435,-1.3760291039943695e-07,-7.271766833127913e-08,1.3075768912074182e-08,-6.582587985803912e-08,1.2576579422329814e-07,0.015596318058669567,0.3539707064628601,0.0781562402844429,0.00011131040810141712,0.03872981667518616,0.30814045667648315,0.0007110622245818377,0.2167152464389801,0.0032503295224159956,0.007915512658655643,-0.00035917642526328564,0.0018525779014453292,0.006528054364025593,0.028755970299243927,0.02906682901084423,0.03468160331249237,0.031028524041175842,0.14331258833408356,0.1435486078262329,-0.0004975974443368614,0.0072672986425459385,-0.00011051177716581151,-0.00024064138415269554,0.0011858661891892552,0.0020768388640135527,0.4914904832839966,0.48841676115989685,0.1343730092048645,0.13804349303245544,-0.0009160113404504955,-0.0008854251937009394,0.2679404318332672,0.20739063620567322,0.20754659175872803,-0.0007991942693479359,0.04121771827340126,0.04192424938082695,-0.0012021278962492943,0.0019726818427443504,2.8137583374387987e-09,-2.957880518295042e-08,1.496262882483279e-07,-3.7476421965720874e-08,1.4187767760631687e-07,5.963258331576071e-08,-4.891306204513057e-08,1.784041501196043e-07,-4.373490725129159e-08,1.554563624495131e-07
00:00:00:26.450,61,1.414678933997493e-07,2.8125942463930187e-08,-6.487593395831937e-08,4.577450596343624e-08,-1.125130779655592e-07,0.01329684630036354,0.34248456358909607,-1.5656463858704228e-07,-8.199364032179801e-08,1.6428529647782852e-08,-7.534865176239691e-08,1.442246144733872e-07,0.013339745812118053,0.34279170632362366,0.07549145072698593,0.0001271615910809487,0.03866088390350342,0.2847716510295868,0.0011314909206703305,0.2332661747932434,0.005665233824402094,0.007993081584572792,-0.0003792451461777091,-0.0001500201178714633,0.004764125216752291,0.048604317009449005,0.04876779019832611,0.032997313886880875,0.02946489304304123,0.13599944114685059,0.13624902069568634,-0.00026520490064285696,0.007516501471400261,-0.000297070131637156,6.615206802962348e-05,0.0007612971821799874,0.0016464308137074113,0.45570164918899536,0.45289725065231323,0.12861338257789612,0.1316922903060913,-0.001053893007338047,-0.001039006165228784,0.2742050886154175,0.20805786550045013,0.20821255445480347,-0.0007999888621270657,0.03776613622903824,0.03857937455177307,-0.0013127886923030019,0.001868175226263702,3.1560194457824764e-09,-3.451481589422656e-08,1.71624122913272e-07,-4.364177641491551e-08,1.606903907713786e-07,6.806105545820174e-08,-5.461275520701747e-08,2.037826902778761e-07,-4.8801304330936546e-08,1.7561018239575787e-07
00:00:00:28.466,61,7.785856581676853e-08,2.995133385752524e-08,-4.6063213687830284e-08,2.172775559472484e-08,-5.951151393901455e-08,0.013162780553102493,0.3147501051425934,-8.476897761511282e-08,-3.6042184348161754e-08,2.689659517329801e-08,-4.645902507149913e-08,9.406358003616333e-08,0.013208862394094467,0.31502604484558105,0.06637191772460938,0.0003133086138404906,0.037619009613990784,0.24955032765865326,0.0016565922414883971,0.237492173910141,0.00772559829056263,0.0074026333168148994,-0.00029755779542028904,-0.0015220105415210128,0.0029281580355018377,0.049018364399671555,0.04943246766924858,0.030932947993278503,0.027652621269226074,0.12404891103506088,0.12420286983251572,-0.00016235113434959203,0.007452007383108139,-0.0005376923363655806,0.00026351361884735525,0.0006558656459674239,0.0014220243319869041,0.40310943126678467,0.40044596791267395,0.11753514409065247,0.11960729956626892,-0.0008046168368309736,-0.0008753067231737077,0.2695503234863281,0.20941974222660065,0.20957191288471222,-0.0007215748191811144,0.03423602506518364,0.03469555824995041,-0.0011952427448704839,0.0012657800689339638,1.0209624257129235e-09,-3.058463349248086e-08,1.1634081431566301e-07,-3.7960706578132886e-08,8.519739225221201e-08,4.101544703871696e-08,-1.9222497371629288e-08,1.2331642551544064e-07,-1.5646218542997303e-08,8.162110987086635e-08
00:00:00:28.483,61,3.8444994743258576e-08,3.308057827666744e-08,-3.609806142890193e-08,6.249174511196998e-09,-2.609565896705135e-08,0.014792460016906261,0.278232216835022,-4.025176281174936e-08,-6.351620118749679e-09,3.6358834165639564e-08,-2.9336661100387573e-08,6.511807271181169e-08,0.014855124056339264,0.278484046459198,0.05431806668639183,0.00047551572788506746,0.0365474596619606,0.20714712142944336,0.0016567447455599904,0.22500310838222504,0.008750111795961857,0.007285724394023418,-0.0003120083420071751,-0.0021097385324537754,0.0013469040859490633,0.025858931243419647,0.026603663340210915,0.02939031831920147,0.026393113657832146,0.1092701181769371,0.10985346883535385,-0.0003080719616264105,0.007671188097447157,-0.0007702660514041781,0.0005669964593835175,0.0005620311130769551,0.0011669390369206667,0.34686756134033203,0.3446432054042816,0.10600546002388,0.10653053224086761,-0.0007805326604284346,-0.0009100532624870539,0.26726895570755005,0.20634996891021729,0.2065187394618988,-0.000362936407327652,0.033870846033096313,0.033833619207143784,-0.0006785861914977431,0.0009259078651666641,-4.0279701796208656e-10,-2.9876829898967117e-08,8.549541519187187e-08,-3.676861481949345e-08,3.7811695108302956e-08,2.4777836671319164e-08,4.228204453227136e-09,7.51763593598298e-08,6.984919309616089e-09,2.115964825577521e-08
00:00:00:29.500,61,4.967674627209817e-08,3.0789525595764644e-08,-3.784894886393886e-08,1.097097968028038e-08,-3.581866536706002e-08,0.01752304472029209,0.24986954033374786,-5.315989426435408e-08,-1.59069895033781e-08,3.1925736720950226e-08,-3.375578572217819e-08,7.178634575666365e-08,0.01760278083384037,0.2500956952571869,0.04142850264906883,0.000529480108525604,0.033842094242572784,0.16315437853336334,0.000861786596942693,0.20584596693515778,0.006327284500002861,0.007188834715634584,-0.00035386637318879366,0.0011167359771206975,0.003015208290889859,0.007364911027252674,0.008186747319996357,0.025695838034152985,0.02304748445749283,0.09403704851865768,0.09457969665527344,-0.0003812307259067893,0.0075271232053637505,-0.000972962356172502,0.0008952301577664912,0.0004896250320598483,0.0009611065615899861,0.2961731255054474,0.29397135972976685,0.09510263800621033,0.09425577521324158,-0.0004521661903709173,-0.000579883751925081,0.2677809000015259,0.20465224981307983,0.20483767986297607,-0.00026547646848484874,0.03275024890899658,0.03261440247297287,-0.00039639935130253434,0.0004048745322506875,5.587935322792781e-11,-2.8889626690897785e-08,9.205191986438876e-08,-3.563240014159419e-08,5.137175307368125e-08,2.8936192109085823e-08,-3.3527611797978807e-09,8.772127557676868e-08,-5.401670777338552e-10,4.038214740376134e-08
00:00:00:30.516,61,5.4622070422283286e-08,2.8684734587614003e-08,-3.790482949739271e-08,1.3364479301003485e-08,-4.0428712821949375e-08,0.02068006992340088,0.23827552795410156,-5.891546450698115e-08,-2.0638108111370457e-08,2.8572976873419975e-08,-3.5408884713206135e-08,7.404014468193054e-08,0.02075994201004505,0.23849256336688995,0.032827429473400116,0.00047728282515890896,0.030801935121417046,0.12703607976436615,0.001046398770995438,0.19420567154884338,0.006004171445965767,0.007047033403068781,-0.0004715790564659983,0.00415967358276248,0.004378871992230415,0.0038936513010412455,0.004899071995168924,0.022681526839733124,0.02021659165620804,0.08319858461618423,0.08325788378715515,-0.00018751084280665964,0.007269325200468302,-0.0010378726292401552,0.0009064964251592755,0.00048176839482039213,0.0009060534066520631,0.2526138424873352,0.24991123378276825,0.08672259002923965,0.08501587063074112,-0.0005334657616913319,-0.0006601202767342329,0.26488837599754333,0.20473094284534454,0.20491594076156616,-0.0004069283895660192,0.032430242747068405,0.032200541347265244,-0.00024649829720146954,0.00020958662207704037,3.2130628713211706e-10,-2.7790665768634426e-08,9.305774995027605e-08,-3.4123658565476944e-08,5.764886878978359e-08,3.045890650810179e-08,-7.580966077114226e-09,9.235925801931444e-08,-4.6566128730773926e-09,4.954636168008619e-08
00:00:00:32.533,61,7.322989148406123e-08,2.5909393741585518e-08,-4.1797758143502506e-08,2.090819251066023e-08,-5.622394283477661e-08,0.019800079986453056,0.23624210059642792,-8.018687225330723e-08,-3.5259873243376205e-08,2.257525899551638e-08,-4.309695356141674e-08,8.66129994392395e-08,0.019861485809087753,0.23645269870758057,0.025306668132543564,0.0002705650113057345,0.026514148339629173,0.0948086529970169,0.002234460785984993,0.1531512290239334,0.006474402733147144,0.007067267782986164,-0.0003923755430150777,0.014494026079773903,0.012701679021120071,0.0015711009036749601,0.0027799278032034636,0.01907104253768921,0.016850080341100693,0.07253319770097733,0.07175189256668091,-0.0003345072327647358,0.006955747492611408,-0.000625403830781579,0.0005661944742314517,0.0004735008697025478,0.0008467925945296884,0.1943666785955429,0.19126777350902557,0.06052614375948906,0.05815828964114189,-0.000482329138321802,-0.0005386349512264132,0.2612897753715515,0.19912230968475342,0.19933626055717468,-0.00041038551717065275,0.03110525570809841,0.030753444880247116,0.00010720312275225297,-7.781625026836991e-05,1.041917108146606e-09,-2.691522205111596e-08,1.0561198138248074e-07,-3.354623956397518e-08,7.998198015002345e-08,3.773020651465231e-08,-1.9781291271669943e-08,1.1395663079838414e-07,-1.6316771933588825e-08,7.968395721036359e-08
00:00:00:33.550,61,7.119029987734393e-08,2.5257469005168787e-08,-4.0810554935433174e-08,2.0265579436795633e-08,-5.4687262718289276e-08,0.0187104269862175,0.24135543406009674,-7.795169665314461e-08,-3.408640480984104e-08,2.2239982300220618e-08,-4.205852732752646e-08,8.454546218672476e-08,0.01876365952193737,0.2415790557861328,0.019076379016041756,7.802560867276043e-05,0.01995234563946724,0.06628543883562088,0.013766412623226643,0.07248661667108536,0.008186502382159233,0.006774949841201305,-0.0003151021956000477,0.025582050904631615,0.023226363584399223,0.0003725048154592514,0.0017272767145186663,0.016391491517424583,0.014564385637640953,0.06065918877720833,0.05817767232656479,9.417862020200118e-05,0.006488977000117302,-0.0003611618303693831,0.0007163762929849327,0.00032031579758040607,0.0007112182793207467,0.12369482964277267,0.12047039717435837,0.022797150537371635,0.020517198368906975,-0.0004449349653441459,-0.00040690184687264264,0.25335270166397095,0.1890186369419098,0.1892416775226593,-0.00037364938179962337,0.02899675816297531,0.029693255200982094,0.0005540892598219216,6.603389920201153e-05,9.988434523933165e-10,-2.6617199111456102e-08,1.027062523917266e-07,-3.281980909264348e-08,7.767230414401638e-08,3.673834569895007e-08,-1.911073965743526e-08,1.1092051721561802e-07,-1.577660491136612e-08,7.722526618181291e-08
00:00:00:33.566,61,7.537193624784777e-08,2.7585775441707483e-08,-4.4014303313133496e-08,2.12620943074171e-08,-5.761161503414769e-08,0.017423320561647415,0.2506546080112457,-8.250586347458011e-08,-3.565102701941214e-08,2.514570951461792e-08,-4.4899060469560936e-08,9.030103598206551e-08,0.017493940889835358,0.2509273290634155,0.01582951843738556,0.00014161459694150835,0.009481191635131836,0.051195401698350906,0.03912271559238434,0.006206247955560684,0.005551171489059925,0.0075177280232310295,-0.0003519969468470663,0.03914199396967888,0.03634556010365486,0.0006892810924910009,0.0015570307150483131,0.01572422869503498,0.014308290556073189,0.050127044320106506,0.04309878498315811,0.0106157585978508,0.010709565132856369,-0.0008642133325338364,0.00032030537840910256,0.000758485053665936,0.0012184606166556478,0.0838681235909462,0.07983697950839996,0.0041394708678126335,0.0027953963726758957,-0.0002493158099241555,-0.00020302488701418042,0.24385185539722443,0.17160095274448395,0.17183305323123932,0.00021471321815624833,0.026861675083637238,0.028943901881575584,-8.734524453757331e-05,-0.0010867401724681258,1.022126494554243e-09,-2.8684734587614003e-08,1.1071562511233424e-07,-3.568828077504804e-08,8.221715575018607e-08,3.920169433513365e-08,-1.9501895209828035e-08,1.1828728219143159e-07,-1.5683472298633205e-08,8.102506399154663e-08
00:00:00:35.583,61,1.0334886724194803e-07,2.0321458293892647e-08,-4.735775149811161e-08,3.3341347460691395e-08,-8.206814783306982e-08,0.016793299466371536,0.26146695017814636,-1.1463649229881412e-07,-5.990266771505048e-08,1.1790543652523411e-08,-5.5255370057238906e-08,1.0576098929959699e-07,0.016880355775356293,0.2618049383163452,0.014563169330358505,0.0003111285623162985,0.003259222721680999,0.04707036912441254,0.05273217707872391,0.00031058667809702456,0.003166493494063616,0.009297271259129047,-0.00032764242496341467,0.04619080200791359,0.04183172062039375,0.00027168900123797357,0.0007631717598997056,0.017549755051732063,0.016347035765647888,0.046214960515499115,0.03597785159945488,0.024852486327290535,0.015422970987856388,-0.0007531060255132616,0.0002868237206712365,0.0012998651945963502,0.0019074821611866355,0.06728177517652512,0.061361417174339294,0.0006233727908693254,-0.00019324541790410876,-0.0002829277655109763,-0.0002833557082340121,0.23371273279190063,0.1587170660495758,0.15895871818065643,0.0008753860020078719,0.025570645928382874,0.028394469991326332,-0.00042911857599392533,-0.0018739014631137252,2.2747554950797166e-09,-2.5276094106629898e-08,1.250021171017579e-07,-3.172084817038012e-08,1.1678785227786648e-07,4.9415977088074214e-08,-3.9730220890987766e-08,1.4856458108170045e-07,-3.546476534665999e-08,1.2833625362418388e-07
00:00:00:36.600,61,1.287553459405899e-07,6.854534273514901e-09,-4.543922926814048e-08,4.598870972927216e-08,-1.0538846595409268e-07,0.015982218086719513,0.27490681409835815,-1.4458782970905304e-07,-8.618459190756766e-08,-8.27014456916686e-09,-6.221700488140414e-08,1.126900315284729e-07,0.016074255108833313,0.2752755284309387,0.014955698512494564,0.00045522546861320734,0.0011799477506428957,0.047605209052562714,0.057647738605737686,-0.00100564060267061,0.0030121838208287954,0.010070518590509892,-0.0001890660496428609,0.05054778605699539,0.04559323191642761,0.0003318083181511611,0.00046316086081787944,0.01926063373684883,0.018029673025012016,0.045178789645433426,0.032971397042274475,0.03213249519467354,0.01843896321952343,-0.0006548243691213429,0.0002576171245891601,0.0015952331013977528,0.0022972277365624905,0.06454204767942429,0.05828738212585449,7.137090142350644e-05,-0.0003768506576307118,-0.0001341652823612094,-0.0001931285805767402,0.22539500892162323,0.14758972823619843,0.14782851934432983,0.0011085745645686984,0.025231964886188507,0.028788933530449867,-0.00067483214661479,-0.001993734622374177,3.775348922374633e-09,-1.6596167995430733e-08,1.2844800778566423e-07,-2.1588057563803886e-08,1.502782112083878e-07,5.7274011311392314e-08,-6.351619674660469e-08,1.712236610273976e-07,-5.904585265170681e-08,1.7959624187824375e-07
00:00:00:37.616,61,1.306552377400294e-07,5.4202975441342005e-09,-4.515051799103276e-08,4.702247835552953e-08,-1.0710209608078003e-07,0.01641867123544216,0.27947133779525757,-1.4663673653103615e-07,-8.841976750773028e-08,-1.0170042585855299e-08,-6.260350460252084e-08,1.1287629320122505e-07,0.016514338552951813,0.27986425161361694,0.015174087136983871,0.0004991643945686519,-3.906041456502862e-05,0.04849985986948013,0.06031979247927666,-0.0013593449257314205,0.002428879728540778,0.010716996155679226,-0.00020849824068136513,0.055137842893600464,0.04948834329843521,0.00032863643718883395,0.00037287877057679,0.021289873868227005,0.020119328051805496,0.046309687197208405,0.033126428723335266,0.037355199456214905,0.020625479519367218,-0.0006345543079078197,0.00034011469688266516,0.0020253052935004234,0.0028351021464914083,0.0649426281452179,0.058252040296792984,-4.121095116715878e-05,-0.0002621957683004439,-0.0001687085605226457,-0.00024669288541190326,0.2155284434556961,0.13711535930633545,0.13734951615333557,0.0013498772168532014,0.02642340213060379,0.030434755608439445,-0.0005928421160206199,-0.001795686432160437,3.909226720111292e-09,-1.5702099176451156e-08,1.285038848664044e-07,-2.0563602376455492e-08,1.5294179434022226e-07,5.78211611923507e-08,-6.577000277729894e-08,1.7268583007989946e-07,-6.102025196241811e-08,1.8373131638327322e-07
00:00:00:37.633,61,1.1513940734175776e-07,2.6449560319719012e-09,-3.805384096722264e-08,4.2049215664974327e-08,-9.491108698966855e-08,0.01674533076584339,0.2835651934146881,-1.2941659122134297e-07,-7.942318802633963e-08,-1.210719347000122e-08,-5.421694382334863e-08,9.668990941236189e-08,0.016844673082232475,0.28396862745285034,0.015103502199053764,0.0005363730597309768,-0.0008174899267032743,0.04893338680267334,0.06168742477893829,-0.0011889355955645442,0.00240727118216455,0.011096518486738205,-0.0002670131216291338,0.05900895223021507,0.05302255600690842,0.00028905487852171063,0.000313760043354705,0.02249089628458023,0.02135062776505947,0.04722759872674942,0.033581942319869995,0.03918193280696869,0.021563267335295677,-0.0006785504519939423,0.00030471041100099683,0.002169110579416156,0.003036552108824253,0.06744299829006195,0.06058747321367264,1.9613205950008705e-05,-4.860311673837714e-05,-0.00028780518914572895,-0.0003748655435629189,0.20778954029083252,0.12810446321964264,0.1283281147480011,0.0014752601273357868,0.02755541354417801,0.03199015557765961,-0.00041617394890636206,-0.0014988858019933105,3.5762786065873797e-09,-1.1846423397798844e-08,1.0972842545697858e-07,-1.59069895033781e-08,1.354888041760205e-07,5.040084971597025e-08,-5.967915228666243e-08,1.5025958077785617e-07,-5.580484696565691e-08,1.6462057317312428e-07
00:00:00:39.650,61,1.1143274747382748e-07,5.923211698899422e-09,-3.9376317317874054e-08,3.983266694262966e-08,-9.118579669120663e-08,0.016596367582678795,0.29126206040382385,-1.248531020792143e-07,-7.448718264413401e-08,-7.189810080632242e-09,-5.374662492840798e-08,9.715557069966962e-08,0.016694556921720505,0.2916755676269531,0.01442799437791109,0.0005794537137262523,-0.0015517814317718148,0.04653036221861839,0.059069231152534485,-0.001178427366539836,0.0022959872148931026,0.011355478316545486,-0.0003378333058208227,0.061548370867967606,0.05547047778964043,0.0002535100211389363,0.0002110587083734572,0.022194303572177887,0.02102944627404213,0.04866285249590874,0.0352938137948513,0.03845411166548729,0.020880699157714844,-0.0005377453635446727,0.00030892499489709735,0.0022339012939482927,0.0031171939335763454,0.06789467483758926,0.06121620535850525,-0.00015014201926533133,-5.397170752985403e-05,-7.186353468568996e-05,-0.00016630947357043624,0.2010163813829422,0.12102828919887543,0.12124011665582657,0.0016320202266797423,0.02729056403040886,0.032281093299388885,-0.00041260660509578884,-0.001311858301050961,3.2631215507450406e-09,-1.4398247039082435e-08,1.118890935458694e-07,-1.8831341819236513e-08,1.3025477585415501e-07,4.9644150124095177e-08,-5.524605484197309e-08,1.482479206060816e-07,-5.0999222622749585e-08,1.553818549382413e-07
00:00:00:39.666,61,1.0534189698319096e-07,7.823109271498652e-09,-3.8929282908384266e-08,3.711320317734135e-08,-8.580274624137019e-08,0.015020119957625866,0.2994380295276642,-1.178961213099683e-07,-6.895512427718131e-08,-3.8743017682918435e-09,-5.163717986533811e-08,9.430572589508301e-08,0.01511959359049797,0.29984477162361145,0.012854082509875298,0.0006192077999003232,-0.00196006428450346,0.04415871202945709,0.05739215016365051,-0.001310444436967373,0.002723504789173603,0.011945984326303005,-0.00042997137643396854,0.06251059472560883,0.0563160739839077,0.00033053741208277643,0.00024227090761996806,0.02148321643471718,0.020310334861278534,0.0486835278570652,0.0356844961643219,0.03571696579456329,0.01970995031297207,-0.00020452156604733318,9.012997179524973e-05,0.0018945016199722886,0.0027664238587021828,0.06986535340547562,0.06330954283475876,-0.0002864053822122514,-0.0002698513853829354,-0.00024032712099142373,-0.0003526884247548878,0.1977808028459549,0.11766727268695831,0.11790046840906143,0.0015329858288168907,0.02839670144021511,0.03342636674642563,-0.0003526759101077914,-0.0012215920723974705,2.9755755637239645e-09,-1.544132821607036e-08,1.0874122580162293e-07,-1.9967556497135774e-08,1.2254342607320723e-07,4.743691661701632e-08,-5.012378068158796e-08,1.4165416928335617e-07,-4.617497495473799e-08,1.4454126073815132e-07
00:00:00:41.683,61,8.89785596314141e-08,9.87201964619544e-09,-3.5278500121194156e-08,3.0491502656104785e-08,-7.200054596978589e-08,0.013633460737764835,0.30667173862457275,-9.919516941181428e-08,-5.6251884927860374e-08,1.0058284205527457e-09,-4.4712795244095105e-08,8.301809373278957e-08,0.013733464293181896,0.3070731461048126,0.010945352725684643,0.0005039717070758343,-0.002431615488603711,0.043697938323020935,0.054875388741493225,-0.0006197243928909302,0.0033105998300015926,0.01183244027197361,-0.000494352076202631,0.05515984445810318,0.04946500435471535,0.00047285525943152606,0.000373385933926329,0.01894345134496689,0.01767374388873577,0.04920417442917824,0.03729558363556862,0.02975008450448513,0.018068742007017136,-0.00022920638730283827,-6.042517634341493e-05,0.0016891651321202517,0.0025188284926116467,0.07720252126455307,0.07136163860559464,-0.00034452855470590293,-0.00024734766338951886,-0.00024838923127390444,-0.0003322380653116852,0.1993190348148346,0.11769948899745941,0.11790742725133896,0.0014094689395278692,0.02853294089436531,0.03386582061648369,-0.00019285976304672658,-0.0010698914993554354,2.3434403306765716e-09,-1.5720724277912268e-08,9.676441692363369e-08,-2.0079314211329802e-08,1.0287389073937447e-07,4.089903171689002e-08,-3.993511299427155e-08,1.2235716440045508e-07,-3.6526472513287445e-08,1.1850148240455383e-07
00:00:00:42.700,61,4.7283247539553486e-08,1.8086284470086866e-08,-2.7734786911537412e-08,1.3299286116819076e-08,-3.605149601071389e-08,0.01085706613957882,0.31571754813194275,-5.127862223730517e-08,-2.225860917803857e-08,1.6167760463758896e-08,-2.8004869534470345e-08,5.668029245953221e-08,0.01093943789601326,0.3160659074783325,0.008808071725070477,0.00019704342412296683,-0.0014631736557930708,0.04361329227685928,0.046000197529792786,0.02235003188252449,0.008351081982254982,0.010741245932877064,-0.000533639860805124,0.0325811542570591,0.030200427398085594,0.0004397995653562248,0.0008290141704492271,0.01578148640692234,0.014623074792325497,0.05010264366865158,0.0417042076587677,0.01578585058450699,0.014433217234909534,-0.0001751896779751405,-1.0575018677627668e-05,0.0014853811590000987,0.00231581786647439,0.09471330046653748,0.09025163948535919,0.0002484502037987113,0.0007921409560367465,0.00013725146709475666,0.00014385924441739917,0.2001715451478958,0.12065469473600388,0.12085899710655212,0.0009580834303051233,0.02733023837208748,0.0326690636575222,-0.00010706782632041723,-0.0003771877381950617,6.065238311592225e-10,-1.8104911347904817e-08,7.070600815950456e-08,-2.2947787670091202e-08,5.1986425830818916e-08,2.4838373136049086e-08,-1.1753290785065929e-08,7.471069807252206e-08,-9.313225746154785e-09,4.995614233394008e-08
00:00:00:42.716,61,6.904825511355739e-08,2.421438605182402e-09,-2.3152679773374985e-08,2.4987384605879015e-08,-5.671754621516811e-08,0.009148318320512772,0.32536476850509644,-7.729977369308472e-08,-4.6864151670433785e-08,-6.1839817711017986e-09,-3.2563693963538753e-08,5.843117989456914e-08,0.009224992245435715,0.32568398118019104,0.008121328428387642,6.999820470809937e-05,0.0004402741033118218,0.047872964292764664,0.02935154363512993,0.07221805304288864,0.019447678700089455,0.009810945019125938,-0.0006035210681147873,0.00980036985129118,0.009779493324458599,0.002525736577808857,0.0033645271323621273,0.013815660029649734,0.012535206973552704,0.04972989112138748,0.04418863356113434,0.005102810449898243,0.010972104035317898,9.770244651008397e-05,-0.00012111090472899377,0.0010648610768839717,0.0018617365276440978,0.11671645939350128,0.11120722442865372,0.0024309144355356693,0.0025092449504882097,-3.494471457088366e-05,1.4898180779709946e-05,0.1985744833946228,0.12300533056259155,0.12317904829978943,0.0006538944435305893,0.025858402252197266,0.03130657225847244,-0.0005325186066329479,-0.00019910692935809493,2.086162576020456e-09,-7.748603536583687e-09,6.727874080070251e-08,-1.0374933800960662e-08,8.182600197415013e-08,3.058929110011377e-08,-3.5278500121194156e-08,9.080395102500916e-08,-3.2540409478087895e-08,9.719282445530553e-08
00:00:00:43.733,61,6.583519507330493e-08,1.0374933800960662e-08,-2.8088688708294285e-08,2.1904707381281696e-08,-5.2684917761780525e-08,0.009716317988932133,0.33528000116348267,-7.289461478876547e-08,-3.9841978605181794e-08,4.0978194171259474e-09,-3.3825635625817085e-08,6.398185803391243e-08,0.009786274284124374,0.33558326959609985,0.008430150337517262,0.00011143318988615647,0.0036766224075108767,0.05101540684700012,0.022506356239318848,0.09285873174667358,0.022993817925453186,0.009589401073753834,-0.0005578010459430516,0.002128475345671177,0.0032727529760450125,0.006632193457335234,0.007728850934654474,0.013047797605395317,0.011638086289167404,0.05286213755607605,0.04849321395158768,0.0025785898324102163,0.009227026253938675,-9.393245272804052e-05,-3.6373065086081624e-05,0.0009229457355104387,0.0016489534173160791,0.12562699615955353,0.11972833424806595,0.005767186172306538,0.005940897390246391,0.00015412300126627088,0.000211013262742199,0.19505581259727478,0.12199673056602478,0.12217112630605698,0.00040641342638991773,0.024195596575737,0.029605813324451447,-0.0012009567581117153,-0.000738486647605896,1.5972182465517903e-09,-1.3746321414487284e-08,7.607042817880938e-08,-1.7564744325682113e-08,7.580965899478542e-08,3.106193702251403e-08,-2.7455389073338665e-08,9.26945347146102e-08,-2.4866313452776012e-08,8.430331632780508e-08
00:00:00:45.750,61,6.96070472372412e-08,5.401671110405459e-09,-2.5890766863767567e-08,2.4391338726559297e-08,-5.664303870389631e-08,0.009599962271749973,0.3464171290397644,-7.774681165528818e-08,-4.531815633868064e-08,-2.0116568411054914e-09,-3.400724324365001e-08,6.256625084688494e-08,0.00966554507613182,0.34672555327415466,0.008343814872205257,0.00016069941921159625,0.00429961085319519,0.051331814378499985,0.023125343024730682,0.085187628865242,0.022968174889683723,0.009451888501644135,-0.0006100455648265779,0.0012484020553529263,0.0016935644671320915,0.012591475620865822,0.013738427311182022,0.011925294063985348,0.010296374559402466,0.05507665127515793,0.05020768195390701,0.003217390738427639,0.008704708889126778,-0.00043295114301145077,0.00016769974899943918,0.0006977656739763916,0.0013981787487864494,0.11867611110210419,0.1128215566277504,0.005647522397339344,0.005834308918565512,0.0004602342960424721,0.00047612100024707615,0.19116199016571045,0.11745564639568329,0.1176256388425827,0.00028032250702381134,0.024207504466176033,0.029503241181373596,-0.0012074691476300359,-0.0007966727134771645,1.954613360055646e-09,-1.0244548320770264e-08,7.256865330873552e-08,-1.3634562812114837e-08,8.150934860395864e-08,3.159977524092028e-08,-3.296882056247341e-08,9.397976441505307e-08,-3.065913745103899e-08,9.473413342675485e-08
00:00:00:45.766,61,9.591690997012847e-08,8.381902949494702e-10,-3.091991018777662e-08,3.51853657321044e-08,-7.927418010922338e-08,0.010805869475007057,0.3542117178440094,-1.0777264947137155e-07,-6.670132535191442e-08,-1.128762949775819e-08,-4.465226055572202e-08,7.934868051506783e-08,0.01085606124252081,0.3545413315296173,0.009363331831991673,0.0003376449749339372,0.004933967720717192,0.045388463884592056,0.03238844498991966,0.030609743669629097,0.01741204783320427,0.009631054475903511,-0.0004851931007578969,0.0023174239322543144,0.0023156406823545694,0.008040057495236397,0.009028848260641098,0.011803355067968369,0.009834619238972664,0.05367226526141167,0.04720420017838478,0.007155600003898144,0.009157643653452396,-0.0004405503859743476,0.0005545485764741898,0.0008599931024946272,0.0015878587728366256,0.08019252866506577,0.07530852407217026,0.001165888854302466,0.001384809031151235,0.0006510485545732081,0.0005926630110479891,0.18489013612270355,0.10530086606740952,0.10547291487455368,0.00041669487836770713,0.023174839094281197,0.02793661132454872,-0.0010404884815216064,-0.0008259671740233898,3.03261904477381e-09,-8.717178978656648e-09,8.959322883583809e-08,-1.210719347000122e-08,1.1360273077798411e-07,4.182569668387259e-08,-5.05894419688957e-08,1.2414530203841423e-07,-4.74601975497535e-08,1.3791024855436262e-07
00:00:00:47.783,61,7.764436560364629e-08,7.394701295737605e-09,-2.9923395317155155e-08,2.696178924566084e-08,-6.303191213419268e-08,0.01115734688937664,0.3554157614707947,-8.644536109159162e-08,-4.9881638375381954e-08,-5.587935669737476e-10,-3.8510187039264565e-08,7.111579236607213e-08,0.01120817381888628,0.355778306722641,0.00835298839956522,0.0003919978335034102,0.002347100293263793,0.03745933249592781,0.03450063616037369,0.010187625885009766,0.01301862858235836,0.009678480215370655,-0.0005144255119375885,0.0032752836123108864,0.0033076542895287275,0.0033687695395201445,0.004050617106258869,0.01157086156308651,0.0097383763641119,0.04818158224225044,0.0407218299806118,0.011152996681630611,0.009766816161572933,-0.00040164857637137175,0.0006111423717811704,0.0007485743844881654,0.0014684569323435426,0.06046651676297188,0.05538744106888771,0.00042386085260659456,0.0006459629512391984,0.0004463279328774661,0.00036900295526720583,0.1759229153394699,0.09369869530200958,0.09386651962995529,0.0005990393692627549,0.020761849358677864,0.025799067690968513,-0.0009911280358210206,-0.001104585244320333,2.112938046749946e-09,-1.2461096154936513e-08,8.286908581567332e-08,-1.6298145055770874e-08,9.048730476024502e-08,3.548338867176426e-08,-3.59863037147079e-08,1.0562595065266578e-07,-3.3192335990861466e-08,1.0464340505222935e-07
00:00:00:48.800,61,6.532296481509547e-08,1.3429671597009474e-08,-3.043562202265093e-08,2.08429984382974e-08,-5.174428352461291e-08,0.009504302404820919,0.35631901025772095,-7.20750534810577e-08,-3.7476421965720874e-08,8.6054203762842e-09,-3.4989788844086434e-08,6.742775582324612e-08,0.009545501321554184,0.35668492317199707,0.00817519798874855,0.00035415179445408285,0.0012586669763550162,0.03385971859097481,0.03547811880707741,0.0033626335207372904,0.01516000833362341,0.009774710983037949,-0.00044345948845148087,0.003508684691041708,0.003256208263337612,0.0035816587042063475,0.00442831264808774,0.010869327001273632,0.00918846856802702,0.043855633586645126,0.03632328659296036,0.01238058228045702,0.009550515562295914,-0.00047205970622599125,0.0005913496133871377,0.0006079543964006007,0.0013441911432892084,0.05055994167923927,0.04509449005126953,0.00024074316024780273,0.000258808140642941,0.0005197620484977961,0.00045775144826620817,0.16797053813934326,0.08272454887628555,0.08289898186922073,0.0007762874010950327,0.01931627467274666,0.02425025776028633,-0.0007634705398231745,-0.0009773883502930403,1.4191027242205223e-09,-1.6447156525600803e-08,8.087604896900302e-08,-2.0787119581200386e-08,7.450580596923828e-08,3.164866768656793e-08,-2.4866313452776012e-08,9.464100259037878e-08,-2.2165476565305653e-08,8.057802602934316e-08
00:00:00:48.816,61,5.0533561335441846e-08,5.234032762757579e-09,-1.9771977832760967e-08,1.740641941694321e-08,-4.0875747231439163e-08,0.00941886380314827,0.3522840738296509,-5.6084246580212493e-08,-3.227964029406394e-08,-2.98023217215615e-10,-2.518761910152989e-08,4.660338248640983e-08,0.00945573765784502,0.3526493012905121,0.007132967934012413,0.0002254044229630381,0.00043452216777950525,0.03303508833050728,0.03568077087402344,0.00506403436884284,0.02054673247039318,0.00974422600120306,-0.0005345045938156545,0.003157072700560093,0.0024902187287807465,0.004856554791331291,0.005690859630703926,0.010266458615660667,0.008633296005427837,0.0418301522731781,0.035072263330221176,0.011352282017469406,0.00970684364438057,-0.0002348814159631729,0.0006934524280950427,0.0005951281054876745,0.0012943926267325878,0.046196021139621735,0.04086192697286606,-0.0001149979216279462,7.692634972045198e-05,0.000569143274333328,0.000532660458702594,0.15623147785663605,0.07123886793851852,0.07140655815601349,0.000917843368370086,0.0180398840457201,0.022981280460953712,-0.0007387572550214827,-0.0009894372196868062,1.3597309944657354e-09,-8.381903171539307e-09,5.474313979902945e-08,-1.1157244017567791e-08,5.919486412153674e-08,2.327607973029444e-08,-2.324581060975106e-08,6.904825511355739e-08,-2.1141023154314098e-08,6.780028627417778e-08
00:00:00:50.833,61,5.744397668649981e-08,2.402812171453661e-09,-1.9986181598596886e-08,2.0489096641540527e-08,-4.7031790018081665e-08,0.009185981936752796,0.35303032398223877,-6.414949638156031e-08,-3.851950225453038e-08,-4.246830886955877e-09,-2.7390196777332676e-08,4.9434603965892165e-08,0.009219430387020111,0.3533749282360077,0.006132964510470629,0.0001690226054051891,0.0005823132232762873,0.031189661473035812,0.03073722869157791,0.024986498057842255,0.029876921325922012,0.009528939612209797,-0.0005983402370475233,0.0024403175339102745,0.0018974115373566747,0.009991089813411236,0.011128298938274384,0.008966764435172081,0.007373347412794828,0.04027938470244408,0.03487122058868408,0.00762425921857357,0.00864397082477808,-0.00026946066645905375,0.0006958722951821983,0.0007719100103713572,0.0015006292378529906,0.05110325291752815,0.04600977897644043,-0.00039866179577074945,-2.7805417630588636e-05,0.001351723331026733,0.0013317519333213568,0.14466454088687897,0.05842799320816994,0.058581724762916565,0.001099348533898592,0.01743156835436821,0.02271130494773388,-0.0010532945161685348,-0.0007408290985040367,1.7229467852430957e-09,-6.817281406057418e-09,5.679205017372624e-08,-9.313225746154785e-09,6.783753292438632e-08,2.5560147776104714e-08,-2.8889626690897785e-08,7.571652815840935e-08,-2.672895860200697e-08,8.031725684531921e-08
00:00:00:50.850,61,6.451271161722616e-08,3.3527611797978807e-09,-2.2705643587528357e-08,2.292916256863009e-08,-5.271285630215061e-08,0.009715364314615726,0.3567034602165222,-7.196329221414999e-08,-4.298984990214194e-08,-4.0978194171259474e-09,-3.094784872814671e-08,5.619600429440652e-08,0.009756994433701038,0.3570190370082855,0.0048477379605174065,0.00013983383541926742,0.001226438907906413,0.03337389975786209,0.025073034688830376,0.06048483029007912,0.040668100118637085,0.009134317748248577,-0.0006122906343080103,0.0015150347026064992,0.0012907168129459023,0.014323255978524685,0.015508248470723629,0.008399003185331821,0.006825274787843227,0.040927499532699585,0.037182655185461044,0.003566005267202854,0.007792361546307802,-0.0001466453104512766,0.00026281148893758655,0.0009298761724494398,0.001656620530411601,0.07113954424858093,0.06631026417016983,0.0003820084093604237,0.0009141640621237457,0.005191687494516373,0.005153472535312176,0.13312168419361115,0.048793040215969086,0.048922184854745865,0.001157295424491167,0.017287058755755424,0.023035040125250816,-0.0012275975896045566,-0.0006415802054107189,1.9022263764156833e-09,-8.158385966794413e-09,6.457790391323215e-08,-1.0952353690640848e-08,7.580965899478542e-08,2.8763897930161875e-08,-3.186985964021005e-08,8.549541519187187e-08,-2.9690562897144446e-08,8.97794976140176e-08
00:00:00:52.866,61,5.31971444672763e-08,1.3411045607369942e-09,-1.7639250060597078e-08,1.927837800508314e-08,-4.36697149552856e-08,0.010024482384324074,0.3621731102466583,-5.9502198723748734e-08,-3.6396087921275466e-08,-5.178153461571355e-09,-2.4964101896784996e-08,4.4796614417919045e-08,0.010075032711029053,0.3624533712863922,0.004445403348654509,0.00020084880816284567,0.002636137418448925,0.03731273487210274,0.019124818965792656,0.08994489908218384,0.04294121637940407,0.008493081666529179,-0.0005622896715067327,0.0012972312979400158,0.0011768069816753268,0.013337812386453152,0.014313885942101479,0.008276652544736862,0.006670030299574137,0.04153183475136757,0.03909367695450783,0.001403824076987803,0.006808927748352289,0.000130616725073196,0.00012015402171527967,0.0009346900624223053,0.0016646245494484901,0.09573269635438919,0.09107429534196854,0.0053419978357851505,0.005865811835974455,0.00862850621342659,0.008559138514101505,0.12293019890785217,0.04050762206315994,0.04061102494597435,0.0010980225633829832,0.0169388335198164,0.023136435076594353,-0.0012552660191431642,-0.0003520035825204104,1.6449485107372652e-09,-5.587935447692871e-09,5.1315872440227395e-08,-7.580966077114226e-09,6.319955048184056e-08,2.3483298861037838e-08,-2.7418137094059603e-08,6.943010077975487e-08,-2.561137080192566e-08,7.536262103258196e-08
00:00:00:52.883,61,4.778616258249713e-08,7.655471812029191e-09,-2.0917504173212365e-08,1.5748664594639195e-08,-3.8109718047962815e-08,0.010112740099430084,0.36617329716682434,-5.264766400614462e-08,-2.8535723117784073e-08,3.799796033376879e-09,-2.4777836671319164e-08,4.7013163140263714e-08,0.010161795653402805,0.3664361834526062,0.004655504133552313,0.00022226051078177989,0.004886235110461712,0.03887743130326271,0.012593977153301239,0.1105736568570137,0.04496721178293228,0.00834340788424015,-0.0005147694027982652,0.0007503420347347856,0.0008467519073747098,0.012365012429654598,0.01326408889144659,0.007701066788285971,0.005974458064883947,0.0407961830496788,0.03894857317209244,0.0004865932569373399,0.00576052675023675,-9.144276555161923e-05,0.00012033596431137994,0.0007407960365526378,0.0014980519190430641,0.1107647716999054,0.10575024783611298,0.014674779959022999,0.015308222733438015,0.010361521504819393,0.010286862961947918,0.11831168830394745,0.03662097454071045,0.036709338426589966,0.0009852770017459989,0.016609566286206245,0.02296721376478672,-0.0012588638346642256,6.68996581225656e-05,1.1373777475398583e-09,-1.0319054055685228e-08,5.621463117222447e-08,-1.3504177331924438e-08,5.505978961650726e-08,2.269633192497622e-08,-1.9520520311289147e-08,6.751157144435638e-08,-1.7583369427143225e-08,6.061047486127791e-08
00:00:00:53.900,61,5.0514938010337573e-08,1.0952353690640848e-08,-2.402812171453661e-08,1.6065314412117004e-08,-3.986992069826556e-08,0.009317431598901749,0.37140926718711853,-5.549751236344491e-08,-2.8535723117784073e-08,7.1525572131747595e-09,-2.7203931551866845e-08,5.2731483179968563e-08,0.009352883324027061,0.3716634511947632,0.004919965285807848,0.0001493420422775671,0.007034276612102985,0.038556937128305435,0.008599620312452316,0.12828730046749115,0.05161675438284874,0.008043672889471054,-0.0004667743924073875,0.0005775857134722173,0.0009007324115373194,0.013885988853871822,0.01482152659446001,0.0073397196829319,0.005614868830889463,0.039182890206575394,0.03810747712850571,0.00020874619076494128,0.004982076585292816,-0.00035397589090280235,0.00037598609924316406,0.00076530990190804,0.001541082514449954,0.11977392435073853,0.1145157590508461,0.02481580339372158,0.02557540498673916,0.014578950591385365,0.014512274414300919,0.11461255699396133,0.03504156693816185,0.0351221039891243,0.0009200190543197095,0.016378089785575867,0.02278398536145687,-0.0013770045479759574,0.0006595093291252851,1.0710209386033398e-09,-1.3262033249361593e-08,6.347895009639615e-08,-1.685693895581153e-08,5.759298815632974e-08,2.464978088312364e-08,-1.8496066900297592e-08,7.355586006951853e-08,-1.654028913833372e-08,6.139278241334978e-08
00:00:00:54.916,61,3.6163257277621597e-08,1.894310130978738e-08,-2.529472098444785e-08,8.940697071579962e-09,-2.6570633693268064e-08,0.009485590271651745,0.37780463695526123,-3.848224849889448e-08,-1.3615935934296886e-08,1.9036233922520296e-08,-2.335291426902586e-08,4.9099327270596405e-08,0.009517362341284752,0.3780505657196045,0.004977112635970116,0.0001332928950432688,0.008747105486690998,0.036627840250730515,0.005566458683460951,0.1444331407546997,0.06534145027399063,0.007898518815636635,-0.0004529552534222603,0.0003767895686905831,0.000958195305429399,0.018201719969511032,0.019330278038978577,0.006938425358384848,0.005169621668756008,0.036664415150880814,0.03601015731692314,0.00014727503003086895,0.004366931971162558,-0.000542487483471632,0.0008925136644393206,0.0008382981759496033,0.0016492276918143034,0.12116186320781708,0.115395687520504,0.03125092014670372,0.03196539729833603,0.01747463271021843,0.01740427128970623,0.1084761694073677,0.03491414710879326,0.03500043973326683,0.0008809976861812174,0.015881631523370743,0.022169649600982666,-0.0014365515671670437,0.0010808082297444344,2.0372681319713593e-10,-1.830980167483176e-08,6.215646664031738e-08,-2.2668391608249294e-08,3.840774454033635e-08,2.0344741002986666e-08,-5.103647726656391e-09,6.12251440657019e-08,-3.0361115843646758e-09,3.296882056247341e-08
00:00:00:56.933,61,4.98257577419281e-08,1.240521640966108e-08,-2.4922192309873026e-08,1.5497207073167374e-08,-3.91900556451219e-08,0.00890558585524559,0.3861919343471527,-5.4500997492823444e-08,-2.7306377603508736e-08,8.866191336664997e-09,-2.740416604751772e-08,5.358830179602592e-08,0.00892883911728859,0.386424720287323,0.00523658050224185,6.919517909409478e-05,0.010079434141516685,0.03452407941222191,0.003795638680458069,0.1590842455625534,0.08430691063404083,0.007787538226693869,-0.00042900341213680804,-0.00024904488236643374,0.0007886969833634794,0.025485821068286896,0.02687736786901951,0.006362184416502714,0.00464063324034214,0.031394604593515396,0.031022420153021812,6.753027264494449e-05,0.0037831652443856,-0.0007921499200165272,0.0013347843196243048,0.0009511712705716491,0.0018112831749022007,0.11995857208967209,0.11358120292425156,0.03609280288219452,0.03685871884226799,0.01601322367787361,0.015944374725222588,0.10257580131292343,0.03404887765645981,0.03413508087396622,0.0010433502029627562,0.015448548831045628,0.02164803072810173,-0.001651499536819756,0.0014217616990208626,9.74396230368768e-10,-1.4118850089062107e-08,6.468966518013985e-08,-1.8104911347904817e-08,5.638226951987235e-08,2.4654436714399708e-08,-1.7136335017653437e-08,7.37514369575365e-08,-1.4901161193847656e-08,5.915761036590084e-08
00:00:00:56.950,61,6.823800191568807e-08,8.251517691348909e-09,-2.7427450532968578e-08,2.331100468211389e-08,-5.507841649432521e-08,0.008428521454334259,0.39638030529022217,-7.56885825126119e-08,-4.276633092104021e-08,1.3411045607369942e-09,-3.442633911276971e-08,6.433576515973982e-08,0.008441953919827938,0.3966074287891388,0.005367768928408623,2.5818273570621386e-05,0.01126941666007042,0.03211067244410515,0.0028130519203841686,0.16955292224884033,0.10928806662559509,0.007731011137366295,-0.0003580329939723015,-0.0005691110854968429,0.0006591278361156583,0.03590060770511627,0.03764823451638222,0.006022826302796602,0.004336288198828697,0.02638881281018257,0.026322267949581146,6.966829096199945e-05,0.0032822571229189634,-0.000902006053365767,0.0017450936138629913,0.00123667495790869,0.002120727440342307,0.1142454743385315,0.10735522955656052,0.036963850259780884,0.03759890794754028,0.013845574110746384,0.013764469884335995,0.0965723767876625,0.03418290615081787,0.034271080046892166,0.001355157233774662,0.014385499060153961,0.02024591714143753,-0.0016039015026763082,0.0016655735671520233,1.7764978377243779e-09,-1.2367963542203597e-08,7.499009058165029e-08,-1.5944243259014e-08,7.91437955172114e-08,3.1525267729648476e-08,-3.039836826701503e-08,9.40822033612676e-08,-2.7567148563889532e-08,9.026378222642961e-08
00:00:00:57.966,61,8.725561428946094e-08,5.2899120639438024e-09,-3.147870231146044e-08,3.096647560596466e-08,-7.11716694468123e-08,0.007477518171072006,0.40608879923820496,-9.734183237242178e-08,-5.759298815632974e-08,-4.61936000561991e-09,-4.2268073485729474e-08,7.68154890806727e-08,0.007489085663110018,0.4063071012496948,0.005437951069325209,0.0001025024030241184,0.012374387122690678,0.03182748332619667,0.0026316698640584946,0.1791919767856598,0.13503631949424744,0.007866378873586655,-0.00028557059704326093,-0.0015092759858816862,0.00020493328338488936,0.05000099167227745,0.05217171087861061,0.0053134881891310215,0.0036536569241434336,0.023256070911884308,0.023461902514100075,2.7976930141448975e-06,0.0027763606049120426,-0.000878770078998059,0.0021945624612271786,0.0014317239401862025,0.002296142978593707,0.10992676019668579,0.10271192342042923,0.0368456207215786,0.03708898276090622,0.0065072341822087765,0.006385503802448511,0.09588024020195007,0.041575994342565536,0.04167862981557846,0.0018081249436363578,0.01201654877513647,0.017298245802521706,-0.0014313054271042347,0.0017332464922219515,2.518063313416974e-09,-1.177191766288388e-08,8.793547578989092e-08,-1.5385449358973347e-08,1.0203569900113507e-07,3.8929282908384266e-08,-4.237517714500427e-08,1.1616386785817667e-07,-3.930181335931593e-08,1.208484121661968e-07
00:00:00:58.983,61,9.324401872845556e-08,8.139759088976461e-09,-3.535300407975228e-08,3.259629011154175e-08,-7.580965899478542e-08,0.006275656167417765,0.414234459400177,-1.0398216687690365e-07,-6.034970567725395e-08,-2.1234154434779384e-09,-4.599336378419139e-08,8.469447720926837e-08,0.0062795160338282585,0.41444528102874756,0.005136268213391304,4.564911068882793e-05,0.012327151373028755,0.03148920461535454,0.003024452831596136,0.20719961822032928,0.1687680184841156,0.007661842275410891,-0.00021770497551187873,-0.002035248326137662,-2.523005059629213e-05,0.06335460394620895,0.06585124880075455,0.004871055483818054,0.003297898219898343,0.0223990585654974,0.023267660290002823,7.48997917980887e-05,0.002554567763581872,-0.0006407224573194981,0.0025998002383857965,0.0015716427005827427,0.002404906554147601,0.10844490677118301,0.09984216839075089,0.03648829087615013,0.036592114716768265,0.0011047609150409698,0.0009853021474555135,0.09833816438913345,0.05288829281926155,0.053002990782260895,0.0023800127673894167,0.008563671261072159,0.013256729580461979,-0.0011011079186573625,0.0022028135135769844,2.580927693784929e-09,-1.4118850089062107e-08,9.749084739496539e-08,-1.8589197736673668e-08,1.0838731867579554e-07,4.217726967681301e-08,-4.371628037347364e-08,1.261010709185939e-07,-4.027038968956731e-08,1.2699514684300084e-07
00:00:01:00.000,61,1.2014992023523519e-07,1.609325472884393e-08,-4.954636168008619e-08,4.054978575140922e-08,-9.66619708719918e-08,0.005095397122204304,0.4221514165401459,-1.3350509675547073e-07,-7.43009138659545e-08,4.13507228458343e-09,-6.136484387297969e-08,1.1494383045373979e-07,0.005095669999718666,0.42236220836639404,0.004784899763762951,1.274965688935481e-05,0.012036878615617752,0.031210975721478462,0.004232885781675577,0.2330777794122696,0.1941968947649002,0.0076559619046747684,-0.00020603768643923104,-0.002636306919157505,-0.00010168194421567023,0.07366909831762314,0.07619345933198929,0.004570211749523878,0.0030122024472802877,0.023686552420258522,0.024972662329673767,1.8525421182857826e-05,0.0025350581854581833,-0.0005701009649783373,0.002550565404817462,0.0016830414533615112,0.00254047685302794,0.10725066065788269,0.09773353487253189,0.033167194575071335,0.033153098076581955,6.91464520059526e-05,-2.7249157938058488e-05,0.10436007380485535,0.06748927384614944,0.067609041929245,0.0028117182664573193,0.005681642331182957,0.010112639516592026,-0.0010417216690257192,0.001981710083782673,3.034947404501054e-09,-2.3171304874836096e-08,1.3377517404933315e-07,-2.961605716222948e-08,1.378171106125592e-07,5.563488159054941e-08,-5.1930545197365063e-08,1.6672537128670228e-07,-4.7329812957741524e-08,1.5765428429403983e-07
00:00:01:00.016,61,1.300591918607097e-07,1.0877847955725883e-08,-4.889443516731262e-08,4.5448540930692616e-08,-1.0577961973012862e-07,0.00472192233428359,0.4307476878166199,-1.450721214268924e-07,-8.448958510598459e-08,-3.390014269299968e-09,-6.4116903786271e-08,1.1757015982993835e-07,0.004722320940345526,0.4309566020965576,0.005477765575051308,4.454765439732e-05,0.011944129131734371,0.03248633071780205,0.0048029618337750435,0.24657748639583588,0.21376296877861023,0.007776428945362568,-0.00016790461086202413,-0.0030798770021647215,-0.00044342040200717747,0.08390723913908005,0.0865929052233696,0.004210160579532385,0.0025997681077569723,0.025660449638962746,0.02705799601972103,-7.000356708886102e-05,0.002678596880286932,-0.00043633297900669277,0.0026656105183064938,0.0018009417690336704,0.0026652486994862556,0.10509252548217773,0.09466493874788284,0.03224906325340271,0.03188515082001686,-0.00018376469961367548,-0.0002882604312617332,0.11413045972585678,0.08671266585588455,0.08684679120779037,0.0030985486228019,0.003951798193156719,0.007964356802403927,-0.000986881204880774,0.0019259387627243996,3.6216807330902157e-09,-1.9706785536754978e-08,1.3493001915776404e-07,-2.564862455756156e-08,1.5087425708770752e-07,5.863839902531254e-08,-6.120652074059763e-08,1.7539598218263563e-07,-5.651265411188433e-08,1.7777085759007605e-07
00:00:01:01.033,61,1.4795921288168756e-07,1.4938414949483558e-08,-5.75836764937776e-08,5.1101668674391476e-08,-1.1976808877989242e-07,0.004414858762174845,0.4406982362270355,-1.648161571665696e-07,-9.417534130307104e-08,-5.21540644005114e-10,-7.390976008991856e-08,1.365877722037112e-07,0.004419820383191109,0.440914124250412,0.005440531764179468,8.485429134452716e-05,0.011615767143666744,0.03363664075732231,0.004977527540177107,0.2532913088798523,0.2233567237854004,0.00814188364893198,-9.826111636357382e-05,-0.0033664994407445192,-0.0007218534010462463,0.09398855268955231,0.09689502418041229,0.003270086133852601,0.0015645186649635434,0.026950674131512642,0.02858417108654976,-0.00036356927012093365,0.0026708089280873537,-0.00014934108185116202,0.0029972619377076626,0.001922782976180315,0.0027760586235672235,0.10448264330625534,0.09307350218296051,0.029740236699581146,0.02904263511300087,-0.00048443287960253656,-0.0005788808921352029,0.12753666937351227,0.10602198541164398,0.10618047416210175,0.003442412242293358,0.0025015168357640505,0.005936354864388704,-0.0009241008665412664,0.0015759342350065708,3.9848964128452735e-09,-2.4624169370213167e-08,1.5752389970202785e-07,-3.1888486518028e-08,1.70571723856483e-07,6.732530977160422e-08,-6.774440208801025e-08,2.0151492208242416e-07,-6.223097415158918e-08,1.988560001109363e-07
00:00:01:03.050,61,1.5604310021899437e-07,2.8423965403590046e-08,-6.963498577761129e-08,5.10457915936513e-08,-1.243036251707963e-07,0.004448522813618183,0.45117709040641785,-1.7276964570100972e-07,-9.177252735526054e-08,1.4696269978742293e-08,-8.241273263820403e-08,1.5687197674196796e-07,0.004452149383723736,0.45139190554618835,0.0061071934178471565,7.69815596868284e-05,0.011370327323675156,0.03701188787817955,0.006483038887381554,0.24525941908359528,0.22726084291934967,0.00799823272973299,-0.0001228359033120796,-0.003490851726382971,-0.0008179662982001901,0.10472923517227173,0.10767786204814911,0.0029413432348519564,0.0012040749425068498,0.02998168393969536,0.030840076506137848,-0.00035176248638890684,0.0022046647500246763,-0.0002488401660230011,0.00273280986584723,0.0017902678810060024,0.0026012423913925886,0.10258085280656815,0.09091591089963913,0.02622894197702408,0.02551339939236641,-0.0006341193802654743,-0.0007330991211347282,0.14092090725898743,0.12453369051218033,0.12468808144330978,0.003421318018808961,0.0015636449679732323,0.004823858849704266,-0.0010202368721365929,0.0011809892021119595,3.5762786065873797e-09,-3.5911799756149776e-08,1.844391164240733e-07,-4.5448540930692616e-08,1.7648562788963318e-07,7.390510603499933e-08,-6.189569745629342e-08,2.2218097228687839e-07,-5.569308925146288e-08,1.9710510912318568e-07
00:00:01:03.066,61,1.4663673653103615e-07,2.404674859235456e-08,-6.360933468840813e-08,4.8549846809464725e-08,-1.1727213689027849e-07,0.004168701358139515,0.45919352769851685,-1.6270205094315315e-07,-8.780509119787894e-08,1.0617076995345087e-08,-7.653608946611712e-08,1.448206603527069e-07,0.004172118846327066,0.4594082236289978,0.006630305666476488,7.543310493929312e-05,0.011913797818124294,0.04070074111223221,0.008888935670256615,0.22708258032798767,0.21426063776016235,0.008430834859609604,-0.00011259453458478674,-0.0033905089367181063,-0.000607575464528054,0.11379336565732956,0.11682643741369247,0.002685661893337965,0.0009751689503900707,0.03242720663547516,0.033476926386356354,-0.00039940475835464895,0.0023235143162310123,-0.00049441191367805,0.0021223435178399086,0.0015230425633490086,0.002257849322631955,0.1027342677116394,0.0913197323679924,0.023321399465203285,0.02261926233768463,-0.0006340488907881081,-0.0007257116376422346,0.1528000831604004,0.14237463474273682,0.14255157113075256,0.003183523425832391,0.0013487923424690962,0.004115371033549309,-0.0005990064237266779,0.0011686694342643023,3.5099219086731637e-09,-3.1739475048198074e-08,1.6944483149927692e-07,-4.041940115939724e-08,1.6668811042563902e-07,6.889226256134862e-08,-6.008892938780264e-08,2.0674430345479777e-07,-5.448237061500549e-08,1.877173758657591e-07
00:00:01:04.083,61,1.251790706646716e-07,3.1273813760890334e-08,-6.226822790722508e-08,3.893859812365008e-08,-9.836629288884069e-08,0.0041236854158341885,0.4659915864467621,-1.381151406576464e-07,-6.83963321534975e-08,2.2631137852613392e-08,-6.921123940628604e-08,1.347623737046888e-07,0.004129139240831137,0.4662153720855713,0.007209692150354385,7.409155659843236e-05,0.01137160137295723,0.04529852047562599,0.012041756883263588,0.2053757905960083,0.1965474933385849,0.008752390742301941,-0.00016805175982881337,-0.0033250367268919945,-0.0004765099147334695,0.12180285155773163,0.12482353299856186,0.002619917970150709,0.0008258830057457089,0.03480690345168114,0.035286273807287216,-0.0003864002355840057,0.0026189719792455435,-0.0003874458489008248,0.0022575058974325657,0.0013309466885402799,0.002029441064223647,0.09832310676574707,0.0872860699892044,0.02005910314619541,0.019388701766729355,-0.00073187769157812,-0.0008143849554471672,0.16166715323925018,0.1583632230758667,0.15854258835315704,0.0028123361989855766,0.0015322279650717974,0.004218569956719875,-0.0005113708903081715,0.0009305942221544683,2.444721758365631e-09,-3.578141161142412e-08,1.6111880540847778e-07,-4.49270025626447e-08,1.3966113954211323e-07,6.13997670484423e-08,-4.33251265974377e-08,1.8489546960154257e-07,-3.8128344925780766e-08,1.4960765781779628e-07
00:00:01:06.100,61,1.1710449854263061e-07,2.0023435354232788e-08,-5.152076454351118e-08,3.860332142835432e-08,-9.351410312774533e-08,0.004376664757728577,0.4708966016769409,-1.299288072686977e-07,-6.975606225978481e-08,9.648501553272126e-09,-6.152316700536176e-08,1.166947214414904e-07,0.004383740946650505,0.4711255729198456,0.007951565086841583,0.00010521337389945984,0.011043591424822807,0.0515359602868557,0.01715693436563015,0.18595334887504578,0.18540826439857483,0.009052995592355728,-0.0002095586823998019,-0.0031698879320174456,-2.264171780552715e-05,0.130266472697258,0.13333843648433685,0.0025274520739912987,0.0006618097540922463,0.03818618878722191,0.03824993222951889,-0.0002447652805130929,0.002713291672989726,-0.00028693079366348684,0.002026686677709222,0.0011119021801277995,0.0017675459384918213,0.09045722335577011,0.07965598255395889,0.01500615943223238,0.014412964694201946,-0.0004194539797026664,-0.0005012407782487571,0.17202676832675934,0.17284613847732544,0.17302826046943665,0.0025710207410156727,0.0015680748037993908,0.004042237997055054,-0.00026030809385702014,0.0007091427105478942,2.7450732797973387e-09,-2.6188791579784265e-08,1.3712794100229075e-07,-3.308057827666744e-08,1.3308599022821e-07,5.524256252442683e-08,-4.7367066713377426e-08,1.6590114171322057e-07,-4.267320008466413e-08,1.4949590365631593e-07
00:00:01:07.116,61,1.1971685864864412e-07,7.133930779446018e-09,-4.284083843231201e-08,4.261731945121028e-08,-9.799376243790903e-08,0.005279941484332085,0.4692716896533966,-1.3419426636573917e-07,-7.964670345472769e-08,-6.891787140972383e-09,-5.809124559164047e-08,1.0525807425665334e-07,0.005292214918881655,0.4695104658603668,0.008502969518303871,0.00011093937064288184,0.009933172725141048,0.05764155089855194,0.023591648787260056,0.17393413186073303,0.17699290812015533,0.009386027231812477,-0.0003076623543165624,-0.0030503801535815,0.00030143687035888433,0.1398966908454895,0.14286687970161438,0.0024836116936057806,0.0005608981591649354,0.043018847703933716,0.042299989610910416,-0.0001980495435418561,0.0032806810922920704,-7.795602141413838e-05,0.0018310095183551311,0.0009340293472632766,0.0015579699538648129,0.08431366086006165,0.07357021421194077,0.008943956345319748,0.00849103182554245,-0.00038836480234749615,-0.0004651784838642925,0.1839454621076584,0.18268871307373047,0.18287524580955505,0.0024329449515789747,0.001368541968986392,0.0037994675803929567,-0.00016441463958472013,0.0003772670170292258,3.4901312950808006e-09,-1.5832483768463135e-08,1.1987984294137277e-07,-2.0824373336836288e-08,1.39493494089038e-07,5.326233676328229e-08,-5.887821430405893e-08,1.5925616025924683e-07,-5.424022830879949e-08,1.668930025289228e-07
00:00:01:07.133,61,1.1883210504493036e-07,-5.029142102763728e-10,-3.72063375664311e-08,4.394445696220828e-08,-9.848736226558685e-08,0.006685385014861822,0.4606100022792816,-1.3386831199113658e-07,-8.352100877573321e-08,-1.5813856890645184e-08,-5.506444722414017e-08,9.715557069966962e-08,0.00670468807220459,0.46084731817245483,0.009097760543227196,0.00010277636465616524,0.008870534598827362,0.06390003114938736,0.02943696826696396,0.16585616767406464,0.16712017357349396,0.009663165546953678,-0.00041376191074959934,-0.002587665803730488,0.0005794627941213548,0.145917609333992,0.14881537854671478,0.002502135233953595,0.0005398362991400063,0.046951912343502045,0.04564748704433441,-0.00016849517123773694,0.004033264238387346,-0.00032480357913300395,0.0011911350302398205,0.0007876230520196259,0.0013785259798169136,0.08278162032365799,0.07218664139509201,0.0046866293996572495,0.004360036924481392,-0.00039346457924693823,-0.0004667860339395702,0.19318851828575134,0.18895448744297028,0.18914338946342468,0.0023042880930006504,0.0013061967911198735,0.003658127970993519,0.00014642358291894197,1.2212395631649997e-05,3.839377260561605e-09,-9.741634166005042e-09,1.0821968032814766e-07,-1.3466924464466956e-08,1.4039687812328339e-07,5.113426482239447e-08,-6.360933468840813e-08,1.5246682494307606e-07,-5.96232681004949e-08,1.7274170716063963e-07
00:00:01:08.149,61,1.1988915105121123e-07,1.8253922817734747e-09,-3.921799418549199e-08,4.385598018075143e-08,-9.901821584890058e-08,0.007853662595152855,0.4469023644924164,-1.3485551164649223e-07,-8.286908581567332e-08,-1.288950457478677e-08,-5.64008963976903e-08,1.0035932263008362e-07,0.007879226468503475,0.447134405374527,0.00973345898091793,7.465720409527421e-05,0.007742407266050577,0.06860633939504623,0.03378719836473465,0.16172152757644653,0.15952572226524353,0.0098474882543087,-0.00044030428398400545,-0.0025402968749403954,0.0006089097005315125,0.14910617470741272,0.15213556587696075,0.0023327660746872425,0.0003691865422297269,0.04930693656206131,0.04723501205444336,-0.0001900386851048097,0.004953696858137846,-0.0003879338619299233,0.0009051566012203693,0.0006557733286172152,0.00121082435362041,0.0841539204120636,0.07368788123130798,0.0031533115543425083,0.0029912488535046577,-0.0005284404614940286,-0.000573402619920671,0.2005425989627838,0.1906355619430542,0.19082961976528168,0.0023145342711359262,0.0009716026252135634,0.003181055886670947,0.0001742166350595653,-0.0003489679074846208,3.750901811372387e-09,-1.1753290785065929e-08,1.1248513942518912e-07,-1.5795230012827233e-08,1.41095370054245e-07,5.215289888838015e-08,-6.252899709124904e-08,1.5562865485208022e-07,-5.837529926111529e-08,1.7192215295835922e-07
00:00:01:10.166,61,1.3669486520484497e-07,3.0361115843646758e-09,-4.529021779831055e-08,4.9816446079375964e-08,-1.1275522382447889e-07,0.009729301556944847,0.4313291311264038,-1.5361234773081378e-07,-9.380281085213937e-08,-1.4081597221604625e-08,-6.45034035073877e-08,1.1503696129011587e-07,0.009762810543179512,0.4315524399280548,0.010505974292755127,7.642172568012029e-05,0.007035573944449425,0.0713917538523674,0.03630080074071884,0.16070184111595154,0.14978531002998352,0.010021399706602097,-0.0004420681216288358,-0.002285783877596259,0.0005067395977675915,0.14636832475662231,0.1494748294353485,0.0019237123196944594,-0.00013514295278582722,0.049939800053834915,0.04719497263431549,-0.00020992517238482833,0.00587404053658247,-0.0003920468734577298,0.0007427867967635393,0.0005611557280644774,0.0010834072018042207,0.09076238423585892,0.0805220901966095,0.0028111941646784544,0.0027002966962754726,-0.0005918550305068493,-0.0006367128808051348,0.20385372638702393,0.18972262740135193,0.1899169534444809,0.002363112522289157,0.0013699037954211235,0.003316593822091818,0.0001633012288948521,-0.0007962959934957325,4.237517892136111e-09,-1.4062971231965093e-08,1.2924894576826773e-07,-1.875683608432155e-08,1.6052275952915807e-07,5.958369087011306e-08,-7.066875440386866e-08,1.779058891315799e-07,-6.59562644500511e-08,1.9531697148522653e-07
00:00:01:11.183,61,1.5269033326603676e-07,2.1047890097491972e-09,-4.9583615435722095e-08,5.592591989511675e-08,-1.2607313237822382e-07,0.012123387306928635,0.41145840287208557,-1.7163343102311046e-07,-1.0548159679046876e-07,-1.7266721386022255e-08,-7.155351511300978e-08,1.2721866937681625e-07,0.012156400829553604,0.41165846586227417,0.010990757495164871,5.2357761887833476e-05,0.007239817176014185,0.07159954309463501,0.033851396292448044,0.16635657846927643,0.1366908997297287,0.010056573897600174,-0.0003247099230065942,-0.0022645462304353714,0.00010898113396251574,0.1347242295742035,0.13792233169078827,0.0016308322083204985,-0.0005313527653925121,0.05294537544250488,0.05038389191031456,-0.00029005110263824463,0.00663166306912899,-0.0002541530120652169,0.0006234332686290145,0.0006252401508390903,0.0010865600779652596,0.10434812307357788,0.09423872083425522,0.004827890079468489,0.0046479059383273125,-0.0005005806451663375,-0.0005405330448411405,0.20302151143550873,0.1863408237695694,0.1865367889404297,0.0023629027418792248,0.0013791486853733659,0.0029447111301124096,6.534397834911942e-05,-0.001238703727722168,4.788162311086808e-09,-1.4621764243827329e-08,1.42194323871081e-07,-1.9688158658937027e-08,1.7944722685570014e-07,6.618444103878574e-08,-7.98702259885431e-08,1.9753352376028488e-07,-7.450580596923828e-08,2.1893531254590926e-07
00:00:01:11.199,61,1.4901161193847656e-07,-8.19563861220729e-10,-4.628673266893202e-08,5.516223566814915e-08,-1.236796407511065e-07,0.016442282125353813,0.38813987374305725,-1.6773120137258957e-07,-1.0469928213296953e-07,-2.050772351935848e-08,-6.883405490043515e-08,1.2125819637276436e-07,0.016481146216392517,0.38831284642219543,0.010483941994607449,-7.513165201089578e-07,0.007682780735194683,0.07263074815273285,0.02875291369855404,0.18053168058395386,0.12073066830635071,0.009555614553391933,-0.0002234052517451346,-0.0019656941294670105,0.0001539224322186783,0.10282249748706818,0.10565028339624405,0.0015161690535023808,-0.0006346511654555798,0.05578036606311798,0.05435960739850998,-0.000416668044636026,0.007204253692179918,-0.0005308258696459234,0.00029049336444586515,0.0007866802625358105,0.001211248803883791,0.1282569169998169,0.11855598539113998,0.01101899053901434,0.011018890887498856,-0.0006918180151842535,-0.000717817572876811,0.196598619222641,0.1798502802848816,0.18004417419433594,0.002317173406481743,0.002492103958502412,0.004419687669724226,2.9315948268049397e-05,-0.0011321688070893288,4.81028106236181e-09,-1.1995434867628774e-08,1.3463198911267682e-07,-1.6428529647782852e-08,1.7604790514269553e-07,6.393063500809149e-08,-8.014961849767133e-08,1.9062775891143247e-07,-7.487833642016994e-08,2.1658837567883893e-07
00:00:01:12.216,61,1.3252720520995354e-07,9.611248685814644e-09,-4.850328139127669e-08,4.670582853805172e-08,-1.0819174178777757e-07,0.017664160579442978,0.37620192766189575,-1.482293043864047e-07,-8.694827613453526e-08,-5.587935447692871e-09,-6.471760372050994e-08,1.1829659030127004e-07,0.017703907564282417,0.376374751329422,0.009542546235024929,4.991367404727498e-06,0.00897356029599905,0.0750495046377182,0.019639834761619568,0.20435403287410736,0.10737064480781555,0.00889311358332634,-5.728739415644668e-05,-0.0022831528913229704,-0.00040740042459219694,0.05439601466059685,0.05660927668213844,0.001607614802196622,-0.0005675572319887578,0.052244883030653,0.0515810027718544,-0.00022287249157670885,0.0071685221046209335,-0.000683076970744878,0.0004778577422257513,0.000880132894963026,0.001306528109125793,0.15743929147720337,0.14808636903762817,0.031477540731430054,0.031813155859708786,-0.0007743000751361251,-0.0008075546938925982,0.1884499490261078,0.17070238292217255,0.17089107632637024,0.00253051589243114,0.004623730666935444,0.007324099540710449,-0.0005918967653997242,-0.0001848298270488158,3.76487152564664e-09,-1.860782461449162e-08,1.3457611203193665e-07,-2.4437904144747336e-08,1.5417113274907024e-07,5.926704105263525e-08,-6.346031966586452e-08,1.7725396617152e-07,-5.874782971204695e-08,1.8227845544060983e-07
00:00:01:14.233,61,1.5078111914590409e-07,2.1252780868508125e-08,-6.274320440979864e-08,5.067326114271964e-08,-1.2111850367091392e-07,0.017110290005803108,0.3646256923675537,-1.6758218635004596e-07,-9.253621158222813e-08,6.761402104871195e-09,-7.729977369308472e-08,1.4519318369821121e-07,0.017155760899186134,0.36479663848876953,0.00866327527910471,-3.910377563443035e-05,0.010561230592429638,0.07807549834251404,0.010665775276720524,0.22808784246444702,0.09557417035102844,0.008260777220129967,-4.2918651161016896e-05,0.0007131558377295732,0.0029150128830224276,0.013754785992205143,0.015192636288702488,0.001831717207096517,-0.00024148941156454384,0.04490470886230469,0.04456118121743202,-0.0003080785390920937,0.006829955615103245,-0.0005624452023766935,0.0007327076746150851,0.0010077405022457242,0.0014825984835624695,0.18824617564678192,0.17945487797260284,0.05727358162403107,0.058046016842126846,-0.0009738230728544295,-0.0009704923722893,0.18125715851783752,0.15980228781700134,0.15998844802379608,0.002585359150543809,0.0093635069206357,0.012997380457818508,-0.0007923907251097262,0.0014566070167347789,3.770692202920145e-09,-2.9653310917865383e-08,1.6888603227016574e-07,-3.783032198612091e-08,1.724995684071473e-07,6.990973133724765e-08,-6.45034035073877e-08,2.0965002534012456e-07,-5.8487056975309315e-08,1.9650906324386597e-07
00:00:01:14.250,61,1.2120231929202419e-07,2.3320318121022865e-08,-5.501322419831922e-08,3.927387126623216e-08,-9.639188647270203e-08,0.015421462245285511,0.35046714544296265,-1.341104507446289e-07,-7.053836981185668e-08,1.3560057077199872e-08,-6.443821121138171e-08,1.234002411365509e-07,0.015463311225175858,0.3506203591823578,0.008751580491662025,-0.00018104449554812163,0.013009765185415745,0.0795501321554184,0.0052727507427334785,0.23071041703224182,0.07532799988985062,0.007821754552423954,-6.968963862163946e-05,0.007527958136051893,0.010049836710095406,0.003098269458860159,0.004109869245439768,0.0017619808204472065,-0.00017209425277542323,0.038609959185123444,0.03846457228064537,-0.0001135975107899867,0.006396810989826918,-0.0005533117218874395,0.0012145008658990264,0.0008389342110604048,0.0013666595332324505,0.2038128674030304,0.19591350853443146,0.07485053688287735,0.07580598443746567,-0.0007090377621352673,-0.0006428897613659501,0.1771557629108429,0.1504059135913849,0.1505950391292572,0.0022167896386235952,0.01352663990110159,0.01736324280500412,-0.0011106443125754595,0.0025726878084242344,2.714805269476983e-09,-2.8759240322528967e-08,1.456215983353104e-07,-3.680586857512935e-08,1.373887101863147e-07,5.781650713743147e-08,-4.7050416895899616e-08,1.7352402892356622e-07,-4.2244792552992294e-08,1.51805579662323e-07
00:00:01:15.266,61,1.319590978710039e-07,2.3040920282824118e-08,-5.8151780280013554e-08,4.3297188057067615e-08,-1.0524876614681489e-07,0.014603831805288792,0.3423437476158142,-1.4616176713388995e-07,-7.824971959280447e-08,1.1734664795426397e-08,-6.924383200157536e-08,1.316331292855466e-07,0.014640097506344318,0.3424678146839142,0.008299175649881363,-0.00017798617773223668,0.015528724528849125,0.07778207957744598,0.0029843293596059084,0.22056318819522858,0.05874311551451683,0.0073784105479717255,-0.00014465965796262026,0.03940707817673683,0.041406258940696716,0.0007288355263881385,0.0012841991847380996,0.0023230817168951035,0.000534003833308816,0.03295953571796417,0.03251614794135094,5.7037472288357094e-05,0.0057338024489581585,-0.0003614145389292389,0.0015052726957947016,0.0005936150555498898,0.0011759151238948107,0.2123791128396988,0.20539285242557526,0.08716718852519989,0.08809824287891388,-0.0007038676994852722,-0.0006218886119313538,0.1713896542787552,0.14531324803829193,0.14549553394317627,0.0019344912143424153,0.018142540007829666,0.022814197465777397,-0.0010001033078879118,0.003988325130194426,3.0663795946850314e-09,-2.9392539957484587e-08,1.5487894700072502e-07,-3.7625433435550804e-08,1.4988705743235187e-07,6.235437410850864e-08,-5.2917748405434395e-08,1.869909453944274e-07,-4.7646462775219334e-08,1.6748904840824252e-07
00:00:01:16.283,61,1.295097149522917e-07,1.7900019244621035e-08,-5.3867697857867824e-08,4.3530018700721484e-08,-1.041311747940199e-07,0.013270795345306396,0.3339301347732544,-1.4392658442829998e-07,-7.960945680451914e-08,5.774199784980283e-09,-6.631947968571694e-08,1.246295937562536e-07,0.013297369703650475,0.33404088020324707,0.008696282282471657,-0.00018776714568957686,0.01770276390016079,0.06879003345966339,0.0017023766413331032,0.20452603697776794,0.05217275768518448,0.007209132891148329,-0.00020146930182818323,0.0604875423014164,0.06135861948132515,0.00047087459824979305,0.0009623087826184928,0.002697758609429002,0.0009061666787602007,0.024840738624334335,0.023535924032330513,0.00014289408863987774,0.0049965111538767815,-0.0006373870419338346,0.002487826393917203,0.00025241600815206766,0.0008855020860210061,0.2032584398984909,0.19705303013324738,0.09422370046377182,0.09474056214094162,-0.0005507791065610945,-0.00046615718747489154,0.16408348083496094,0.14039161801338196,0.14056415855884552,0.0016222514677792788,0.022282371297478676,0.02720263972878456,0.00022880554024595767,0.00612049363553524,3.2479874345625603e-09,-2.5238842127350836e-08,1.4523044455927447e-07,-3.250315927516567e-08,1.483224281173534e-07,6.008427533288341e-08,-5.5450946945256874e-08,1.8002465651534294e-07,-5.040317674342987e-08,1.6905367772324098e-07
00:00:01:18.300,61,1.245737024646587e-07,2.5853514884488504e-08,-5.7984141932365674e-08,3.9944424656823685e-08,-9.874813144961081e-08,0.012703394517302513,0.3273378014564514,-1.378171106125592e-07,-7.152557657263969e-08,1.609325472884393e-08,-6.685033326903067e-08,1.2859702280820784e-07,0.012723065912723541,0.3274407982826233,0.009446810930967331,-0.00017642327293287963,0.019377965480089188,0.05591593682765961,0.0012077444698661566,0.18155376613140106,0.05317316949367523,0.006759406998753548,-0.00019424819038249552,0.07557108253240585,0.07547371834516525,0.0001893359440146014,0.0006854975363239646,0.0028025954961776733,0.0011484978022053838,0.016807103529572487,0.015337797813117504,9.926736674970016e-05,0.004222087096422911,-0.0006467654020525515,0.0037234011106193066,8.648453331261408e-06,0.000671463378239423,0.17474299669265747,0.1691650003194809,0.09394539892673492,0.09385078400373459,-0.00045132756349630654,-0.0003464722540229559,0.1532140076160431,0.13710373640060425,0.1372789442539215,0.0014290912076830864,0.02647405117750168,0.03185104951262474,0.0048147146590054035,0.011422544717788696,2.7066562324762344e-09,-3.118067937180058e-08,1.522339942994222e-07,-3.948807858478176e-08,1.4049932417492528e-07,5.979323702831607e-08,-4.6845524792615834e-08,1.797080102505788e-07,-4.185363522424268e-08,1.5426427069087367e-07
00:00:01:18.316,61,1.1179596270949332e-07,2.5033950024067053e-08,-5.3402036570560085e-08,3.5427511591024086e-08,-8.826143726992086e-08,0.013430872932076454,0.3203881084918976,-1.2327916465437738e-07,-6.295740462292088e-08,1.672655258744271e-08,-6.0573221105642e-08,1.1717900605390241e-07,0.013442589901387691,0.3204991817474365,0.009418937377631664,-0.0001898916088975966,0.01959185302257538,0.044037267565727234,0.0011202188907191157,0.1587599813938141,0.05779392644762993,0.0064944010227918625,-9.560609032632783e-05,0.08166047185659409,0.08069790154695511,-2.5382041712873615e-05,0.000540135195478797,0.003027539234608412,0.001515260897576809,0.010528058744966984,0.009142421185970306,-0.0001635140215512365,0.0034968096297234297,-0.00035707547795027494,0.004745772108435631,7.909299893071875e-05,0.0007777457940392196,0.14746446907520294,0.1420595496892929,0.0884060189127922,0.08792365342378616,-0.0004219615366309881,-0.00030058680567890406,0.14479966461658478,0.13159070909023285,0.13176891207695007,0.0010848528472706676,0.03070392645895481,0.03642473369836807,0.013513665646314621,0.020165812224149704,2.3283064365386963e-09,-2.959743206076837e-08,1.3936310949702602e-07,-3.714114527042511e-08,1.2578442465382977e-07,5.41051861091546e-08,-4.073605097687505e-08,1.6281381931548822e-07,-3.60235574703438e-08,1.3634561923936417e-07
00:00:01:19.333,61,1.3036653001563536e-07,2.864748260833494e-08,-6.175599764901563e-08,4.150904686639478e-08,-1.0302290576191808e-07,0.014538292773067951,0.3139943480491638,-1.4400109193957178e-07,-7.390976008991856e-08,1.847744002247964e-08,-7.042195449002975e-08,1.3586134173237951e-07,0.014546402730047703,0.3141089677810669,0.009047228842973709,-0.0002854859922081232,0.019000612199306488,0.0358973890542984,0.0012618136825039983,0.14304973185062408,0.060367878526449203,0.0062175835482776165,-6.622960790991783e-05,0.08307348191738129,0.0819646418094635,-9.407326433574781e-05,0.00039526642649434507,0.0034351011272519827,0.002158109564334154,0.008787890896201134,0.008099384605884552,-0.0005276211886666715,0.0034114413429051638,0.00039322717930190265,0.006076204590499401,0.00015700209769420326,0.0009307600557804108,0.12977926433086395,0.12424176931381226,0.08029138296842575,0.07983353734016418,-0.0006851702928543091,-0.0005236014840193093,0.13693788647651672,0.12473675608634949,0.12492269277572632,0.0006401680293492973,0.03298494219779968,0.03920659422874451,0.018113479018211365,0.024720551446080208,2.739252602523834e-09,-3.386288938145299e-08,1.61416835453565e-07,-4.269182696248208e-08,1.4668330550193787e-07,6.290618159709993e-08,-4.805624342907322e-08,1.893658208018678e-07,-4.278495779885816e-08,1.5992671364983835e-07
00:00:01:21.350,61,1.1613592221237923e-07,3.3192335990861466e-08,-6.0573221105642e-08,3.514811552918218e-08,-9.04034820337074e-08,0.013667604885995388,0.3119162321090698,-1.2738630061903677e-07,-6.116926698496172e-08,2.5741755393937638e-08,-6.536021857073138e-08,1.2874603783075145e-07,0.013674498535692692,0.31205350160598755,0.007967318408191204,-0.0004138595541007817,0.016792627051472664,0.028317803516983986,0.0015883183805271983,0.1288694441318512,0.06369570642709732,0.006452756933867931,1.7438978829886764e-05,0.08473896235227585,0.08354010432958603,-0.00012492209498304874,0.0004001861670985818,0.003822420258074999,0.0027590757235884666,0.007466206327080727,0.006705683656036854,-0.000747581128962338,0.00344587629660964,0.0010602084221318364,0.007541236467659473,0.0001080957445083186,0.0009291800670325756,0.11439954489469528,0.10855577141046524,0.07367520779371262,0.07343703508377075,-0.0006135866278782487,-0.0004102349339518696,0.13252703845500946,0.11625497043132782,0.11645065248012543,0.0004499679780565202,0.03428436815738678,0.04099118337035179,0.022145474329590797,0.028756342828273773,2.0570587455637224e-09,-3.6191195817991684e-08,1.5491619365093356e-07,-4.539266384995244e-08,1.2865289988894801e-07,5.780951894962527e-08,-3.702938400351741e-08,1.7433427501600818e-07,-3.211200194641606e-08,1.341849582559007e-07
00:00:01:22.366,61,1.066084962531022e-07,3.324821662431532e-08,-5.763024191196564e-08,3.161840211873823e-08,-8.250586347458011e-08,0.012646509334445,0.30808722972869873,-1.1664815247058868e-07,-5.4165720797527683e-08,2.73808833384237e-08,-6.099697458239461e-08,1.2109056513054384e-07,0.012651207856833935,0.3082384765148163,0.007274534087628126,-0.00050577730871737,0.015053518116474152,0.023279299959540367,0.0019104889361187816,0.11795982718467712,0.06901469826698303,0.006390330381691456,0.00013021554332226515,0.08544902503490448,0.08438649773597717,-0.00010046183888334781,0.0004434061120264232,0.0038430311251431704,0.0029501875396817923,0.006083878222852945,0.005273851100355387,-0.0007802632171660662,0.003655581269413233,0.0019622966647148132,0.008943167515099049,0.00034433044493198395,0.001177560887299478,0.10267843306064606,0.09668905287981033,0.06780438125133514,0.06767093390226364,-0.0004126297717448324,-0.00015543014160357416,0.1278432309627533,0.1086302399635315,0.10883590579032898,0.00046906419447623193,0.03457849100232124,0.041695404797792435,0.024243352934718132,0.031089993193745613,1.7450656475404003e-09,-3.566965389723009e-08,1.4660879799066606e-07,-4.4498591478259186e-08,1.1734664440155029e-07,5.3748955508581275e-08,-3.1907109843132275e-08,1.6231089716711722e-07,-2.7287750725690785e-08,1.2028962714794034e-07
00:00:01:22.383,61,1.1250376985572075e-07,2.976506863205941e-08,-5.6885184562815994e-08,3.4673139026608624e-08,-8.805655227206444e-08,0.01347698550671339,0.29651281237602234,-1.236796407511065e-07,-6.070360569765398e-08,2.212822458602659e-08,-6.250571260579818e-08,1.22375780620132e-07,0.013480211608111858,0.2966715693473816,0.00691167963668704,-0.0005389834986999631,0.014316110871732235,0.02075372450053692,0.002475176937878132,0.11089743673801422,0.07103142887353897,0.0062471237033605576,0.00020350198610685766,0.08881768584251404,0.08776624500751495,-0.00017537325038574636,0.00037437170976772904,0.004272338468581438,0.003502634819597006,0.004968589637428522,0.004385982174426317,-0.000757338129915297,0.00369126140139997,0.0027253017760813236,0.009303119033575058,0.0006066522328183055,0.001422401866875589,0.09611524641513824,0.09024620801210403,0.064277283847332,0.06403317302465439,-0.0004163417324889451,-0.0001410237018717453,0.12137924134731293,0.09949367493391037,0.09970362484455109,0.0005418455111794174,0.03661767765879631,0.04377458617091179,0.02674982324242592,0.03345680981874466,2.1164305863408117e-09,-3.328547037995122e-08,1.4711172013903706e-07,-4.1760504387866604e-08,1.2524425585525023e-07,5.54951853359853e-08,-3.771856427192688e-08,1.6728415630495874e-07,-3.296882056247341e-08,1.3265758980196551e-07
00:00:01:23.399,61,1.0685995022186034e-07,3.106892165760655e-08,-5.6102873458030444e-08,3.22330748758759e-08,-8.309260124406137e-08,0.012363903224468231,0.29426026344299316,-1.172441983499084e-07,-5.567446237364493e-08,2.4475157900383238e-08,-6.038229827254327e-08,1.1922791998131288e-07,0.012370513752102852,0.29443037509918213,0.006598017178475857,-0.0005640510935336351,0.012873304076492786,0.019129479303956032,0.0024106947239488363,0.10770677775144577,0.07355101406574249,0.006110284943133593,0.00021806685253977776,0.0884086862206459,0.08726202696561813,-0.00012030765356030315,0.0004371367394924164,0.004174561705440283,0.0034929309040308,0.004480503965169191,0.0037666826974600554,-0.0005795818287879229,0.003645435906946659,0.003845468396320939,0.010359975509345531,0.000638621742837131,0.0015180605696514249,0.09293138235807419,0.08698038011789322,0.06178252398967743,0.06163643300533295,-0.00042863949784077704,-0.0001369760138913989,0.11736249923706055,0.09034929424524307,0.0905480682849884,0.000587782880757004,0.03753228113055229,0.045277129858732224,0.028701800853013992,0.03565051034092903,1.8696300063680837e-09,-3.393739334001111e-08,1.4413147653158376e-07,-4.24869348591983e-08,1.182220898954256e-07,5.3371767450016705e-08,-3.36207435225333e-08,1.6111880540847778e-07,-2.89827593036307e-08,1.2286007233797136e-07
00:00:01:25.416,61,9.259208866296831e-08,3.0621887248116764e-08,-5.137175307368125e-08,2.69990412249399e-08,-7.137656155009608e-08,0.012543592602014542,0.2948591411113739,-1.0105781456104523e-07,-4.5932829095818306e-08,2.6151537824148363e-08,-5.362089794402891e-08,1.0725111110332364e-07,0.012551381252706051,0.2950371503829956,0.005984278861433268,-0.0005651627434417605,0.012247216887772083,0.01851026713848114,0.002886236412450671,0.10538381338119507,0.07224657386541367,0.00600271113216877,0.0002374265022808686,0.09069717675447464,0.08941756933927536,1.5740096159788663e-06,0.0004675980017054826,0.0043383268639445305,0.0036794752813875675,0.0044709788635373116,0.0038325318600982428,-0.00048093884834088385,0.0035493308678269386,0.004259425215423107,0.010717787779867649,0.000755523273255676,0.0016525306273251772,0.09327742457389832,0.08743808418512344,0.060595832765102386,0.0606396421790123,-0.00028405769262462854,2.7504190711624688e-06,0.11029117554426193,0.08109653741121292,0.0812816247344017,0.0006619113846682012,0.03774609416723251,0.045866891741752625,0.03046499937772751,0.03756150230765343,1.4179386553792028e-09,-3.2540409478087895e-08,1.304596679574388e-07,-4.038214740376134e-08,1.0142102979671108e-07,4.715984758263403e-08,-2.6039778333597496e-08,1.425482309969084e-07,-2.214685146384454e-08,1.0211020651240688e-07
00:00:01:26.433,61,9.766780095787908e-08,3.343448184978115e-08,-5.494803190231323e-08,2.8293579035221228e-08,-7.511116706382381e-08,0.013066653162240982,0.29968225955963135,-1.0648741977092868e-07,-4.7981739470515095e-08,2.8535723117784073e-08,-5.691778071081899e-08,1.1403113830965594e-07,0.013074338436126709,0.29986706376075745,0.005360948387533426,-0.0005775585304945707,0.011921708472073078,0.018996596336364746,0.0030506951734423637,0.10875323414802551,0.0716957226395607,0.0060102976858615875,0.0003427155315876007,0.09347361326217651,0.09214281290769577,-8.958846592577174e-05,0.00031487434171140194,0.004207538906484842,0.0035900496877729893,0.0046150460839271545,0.004006304778158665,-0.0002677267766557634,0.0033771591261029243,0.004471370484679937,0.011624918319284916,0.0009461732115596533,0.0018707168055698276,0.0982009693980217,0.09234680235385895,0.06270826607942581,0.06309807300567627,-0.00028385460609570146,6.515383574878797e-06,0.10050224512815475,0.07172571122646332,0.0718986764550209,0.0006221152725629508,0.03895159810781479,0.04766514152288437,0.03357771039009094,0.04130230098962784,1.4458783059723146e-09,-3.516673885428645e-08,1.3917684782427386e-07,-4.379078788474544e-08,1.0672956562984837e-07,4.995847291411337e-08,-2.6989727786030926e-08,1.510046416797195e-07,-2.2538007016237316e-08,1.075118802873476e-07
00:00:01:26.449,61,9.14186273348605e-08,2.8088688708294285e-08,-4.922971186260838e-08,2.7203931551866845e-08,-7.102266152969605e-08,0.012618080712854862,0.305416464805603,-1.0007060780026222e-07,-4.680827103697993e-08,2.276152422098221e-08,-5.216803344865184e-08,1.0356306745507027e-07,0.012630769982933998,0.3056076169013977,0.0049072373658418655,-0.0005115749663673341,0.011547314003109932,0.020602867007255554,0.0034565108362585306,0.11500158160924911,0.06674203276634216,0.0060084606520831585,0.0003822763392236084,0.0995466411113739,0.09765522927045822,9.194761514663696e-05,0.0004009768308605999,0.004150451626628637,0.003603715216740966,0.0048620072193443775,0.0042615653946995735,1.9703209545696154e-05,0.003203880973160267,0.004523381590843201,0.012220656499266624,0.0010238047689199448,0.001984202302992344,0.11122982949018478,0.10541585832834244,0.06748451292514801,0.06808552891016006,-9.604871593182907e-05,0.00015403091674670577,0.09428174793720245,0.059784576296806335,0.0599396787583828,0.0006098577869124711,0.04100148379802704,0.050282109528779984,0.03789700195193291,0.046238239854574203,1.516891612318716e-09,-3.0342491186274856e-08,1.2554228590033745e-07,-3.777444490538073e-08,1.0089948432323581e-07,4.606787129546319e-08,-2.7641654298804497e-08,1.3910234031300206e-07,-2.3506581570131857e-08,1.0382384374452158e-07
00:00:01:27.466,61,1.0801479533029124e-07,2.5816261128852602e-08,-5.2787363813422417e-08,3.391876646219316e-08,-8.502975390456413e-08,0.012151910923421383,0.31216132640838623,-1.189857741223932e-07,-5.979090644814278e-08,1.8030405612989853e-08,-5.91110449477128e-08,1.1488795337299962e-07,0.012169727124273777,0.3123549222946167,0.0046931165270507336,-0.0005444653797894716,0.011648220010101795,0.024399155750870705,0.0031377493869513273,0.12439366430044174,0.056182414293289185,0.0060709500685334206,0.0003770990006159991,0.10926202684640884,0.10697439312934875,4.445344166015275e-05,0.00025150924921035767,0.003902702359482646,0.0034354375675320625,0.004711395129561424,0.003951558377593756,-1.2301504284550902e-05,0.0032812594436109066,0.0034305762965232134,0.011990195140242577,0.001032710075378418,0.002081830520182848,0.13677126169204712,0.13112622499465942,0.07696806639432907,0.07783718407154083,-0.0003448104835115373,-7.554233161499724e-05,0.08985871076583862,0.05101948603987694,0.051153916865587234,0.0005590763175860047,0.04415871575474739,0.05417735129594803,0.04177776351571083,0.051102686673402786,2.1653250303899085e-09,-2.991408010188934e-08,1.3748183391726343e-07,-3.760680655773285e-08,1.2105330426948058e-07,5.2696560004505955e-08,-3.824010619268847e-08,1.5860423729918693e-07,-3.3657997278169205e-08,1.2993812958939088e-07
00:00:01:29.483,61,1.0620802726180045e-07,1.51433052764105e-08,-4.429370292768908e-08,3.5660342234677955e-08,-8.531846162895818e-08,0.01290938351303339,0.32027894258499146,-1.1791475174049992e-07,-6.506219563107152e-08,4.731118607992357e-09,-5.4375266955730694e-08,1.0214746026804278e-07,0.012930368073284626,0.32046768069267273,0.004643337335437536,-0.0004684993764385581,0.012564098462462425,0.031767357140779495,0.00226261792704463,0.13489025831222534,0.04151473939418793,0.006229735445231199,0.00027525113546289504,0.12198560684919357,0.11897546797990799,1.2958646038896404e-05,0.00012075424456270412,0.0040558259934186935,0.0035535770002752542,0.0046700299717485905,0.003987593576312065,0.00010816752910614014,0.0032283372711390257,0.002408037893474102,0.011360738426446915,0.0010393267730250955,0.002158173592761159,0.1764095276594162,0.17107205092906952,0.09159112721681595,0.09273580461740494,-0.0003014969697687775,-8.17310792626813e-05,0.08719726651906967,0.046270664781332016,0.046389613300561905,0.0004627847229130566,0.0499396026134491,0.060400474816560745,0.04706530272960663,0.0572507344186306,2.651941111153633e-09,-2.099201168448417e-08,1.1973082791882916e-07,-2.6840716316200997e-08,1.2185424225208408e-07,4.941131948044131e-08,-4.537403697213449e-08,1.48052350823491e-07,-4.1145831630728935e-08,1.3820826438859513e-07
00:00:01:29.500,61,9.182840443600071e-08,1.9967556497135774e-08,-4.3064357413413745e-08,2.9252841926563633e-08,-7.26617841451116e-08,0.014333704486489296,0.32977715134620667,-1.0134652228543928e-07,-5.2135437300648846e-08,1.2516975012033527e-08,-4.942994635825926e-08,9.536743306171047e-08,0.01435600034892559,0.32996392250061035,0.0045933714136481285,-0.00043719730456359684,0.014410588890314102,0.04559440538287163,0.0014658826403319836,0.14143791794776917,0.023480629548430443,0.006003632675856352,0.0002186627680202946,0.1356935054063797,0.1325995773077011,-0.00026522992993704975,-0.00019950508431065828,0.004360675811767578,0.003908216487616301,0.0046506659127771854,0.004205169156193733,0.00018379330867901444,0.0031610517762601376,0.0009695448097772896,0.010812214575707912,0.0012753987684845924,0.002453848719596863,0.220439150929451,0.21553434431552887,0.10901015251874924,0.11061292886734009,-1.9741057712963084e-06,0.0001978385407710448,0.08025064319372177,0.04098546504974365,0.04108225926756859,0.00022689253091812134,0.05646653100848198,0.067496158182621,0.052025049924850464,0.0630725547671318,1.9674188944662774e-09,-2.3487954692313906e-08,1.1377036912563199e-07,-2.9839576143331215e-08,1.0376795955835405e-07,4.4391491371698066e-08,-3.4272670035306874e-08,1.333095127620254e-07,-3.02493567971851e-08,1.128017927953806e-07
00:00:01:30.516,61,8.407048568415121e-08,2.0749867601921324e-08,-4.135072373401272e-08,2.6253983875790254e-08,-6.617977987843915e-08,0.015693534165620804,0.3426469564437866,-9.236857323458025e-08,-4.6063213687830284e-08,1.4714896856560244e-08,-4.615634807692004e-08,8.98540051252894e-08,0.015715360641479492,0.3428390920162201,0.005231711082160473,-0.0004062396183144301,0.01780756190419197,0.06331948935985565,0.0008055543876253068,0.14179471135139465,0.00447926577180624,0.006258251611143351,0.00011921074474230409,0.15513327717781067,0.15110662579536438,-0.0002194702683482319,-0.00040608286508359015,0.0053215716034173965,0.004827867262065411,0.005664912983775139,0.005837921053171158,6.63909304421395e-05,0.0032170191407203674,-0.00025850205565802753,0.009278508834540844,0.0013035278534516692,0.002477765316143632,0.2752857506275177,0.2709087133407593,0.1298891007900238,0.13167232275009155,0.0002582633460406214,0.00042209625826217234,0.07328961044549942,0.036890093237161636,0.036985766142606735,0.00010785497579490766,0.06311723589897156,0.0743112564086914,0.056081581860780716,0.06764617562294006,1.660082515897443e-09,-2.356246042722887e-08,1.0840594910632717e-07,-3.0137599082991073e-08,9.464100259037878e-08,4.1355377788931946e-08,-2.942979371312049e-08,1.2416393246894586e-07,-2.5872141762306455e-08,1.0006129969042377e-07
00:00:01:31.533,61,8.640810733595572e-08,1.9520520311289147e-08,-4.110857787509303e-08,2.7371569899514725e-08,-6.827525567132398e-08,0.01710492931306362,0.3542126417160034,-9.506941012205061e-08,-4.8298389287992904e-08,1.3113021779531664e-08,-4.680827103697993e-08,9.0617689352257e-08,0.017126865684986115,0.3544136881828308,0.007713013794273138,-0.0003582224890124053,0.02103993110358715,0.0830017551779747,0.0002229797828476876,0.13648858666419983,8.31777579151094e-05,0.006420530844479799,4.0094295400194824e-05,0.178056538105011,0.17285563051700592,-9.405762284586672e-06,-0.0003072160470765084,0.007909959182143211,0.007337531540542841,0.008296160958707333,0.008315940387547016,-0.00017153382941614836,0.0033167621586471796,-0.0008608567877672613,0.007737031206488609,0.0013697510585188866,0.0025628777220845222,0.3277476131916046,0.32338809967041016,0.14639262855052948,0.14809346199035645,0.000550802331417799,0.0006824052543379366,0.06642616540193558,0.03341624140739441,0.033500563353300095,0.00011153102241223678,0.06962078809738159,0.08088712394237518,0.05892116576433182,0.07101471722126007,1.796288451316741e-09,-2.292916256863009e-08,1.0920688708893067e-07,-2.9075890140006777e-08,9.780749365972952e-08,4.217028504172049e-08,-3.147870231146044e-08,1.2637116242331103e-07,-2.81445675653913e-08,1.0464340505222935e-07
00:00:01:33.550,61,7.417052927394252e-08,1.5869737524099037e-08,-3.4691765904426575e-08,2.3655593039961786e-08,-5.8803706792787125e-08,0.018676474690437317,0.36488327383995056,-8.160248654576208e-08,-4.1946769613332435e-08,1.002103111602537e-08,-3.978144391680871e-08,7.675960489450517e-08,0.018698645755648613,0.3651008903980255,0.011159372515976429,-0.00031194984330795705,0.023771142587065697,0.1001560315489769,-6.376027886290103e-05,0.1271955817937851,-0.0005123318987898529,0.0067722368985414505,4.283278394723311e-05,0.20102085173130035,0.19490692019462585,9.81722041615285e-06,-0.00026716545107774436,0.011332225985825062,0.010696002282202244,0.01209526788443327,0.011802730150520802,-0.0001928395067807287,0.0034547424875199795,-0.0009931734530255198,0.0067360117100179195,0.0014569369377568364,0.0026904065161943436,0.37187400460243225,0.3674452304840088,0.15932445228099823,0.16125448048114777,0.0006423875456675887,0.0007433295249938965,0.059832487255334854,0.030796445906162262,0.030871529132127762,0.00017845253751147538,0.07585188746452332,0.08719582855701447,0.06177953630685806,0.07431784272193909,1.5669502362314347e-09,-1.8905847554151478e-08,9.233131947894435e-08,-2.3916364000342583e-08,8.463859302310084e-08,3.605149601071389e-08,-2.784654462573144e-08,1.0789371884811771e-07,-2.4735927084407194e-08,9.078532769990488e-08
00:00:01:33.566,61,5.614012366095267e-08,1.4528632519272833e-08,-2.8004869534470345e-08,1.7313286804210293e-08,-4.414469145785915e-08,0.020425062626600266,0.37317195534706116,-6.13741590882455e-08,-3.0137599082991073e-08,1.0523945270790591e-08,-3.090128330995867e-08,6.04242060830984e-08,0.020448243245482445,0.3734035789966583,0.015885410830378532,-0.0002782118390314281,0.026133079081773758,0.11576253920793533,-0.00022627711587119848,0.11504247784614563,-0.0005006137653253973,0.006945780012756586,7.579490193165839e-05,0.2222963273525238,0.21602119505405426,-0.00014375238970387727,-0.00032665536855347455,0.015711039304733276,0.015012082643806934,0.018625495955348015,0.017764367163181305,-0.00017703116463962942,0.0037103372160345316,-0.0011219674488529563,0.005785453133285046,0.001546141691505909,0.002833329373970628,0.4084406793117523,0.40402117371559143,0.16831865906715393,0.1706032156944275,0.0007028937106952071,0.0007737383130006492,0.05304519832134247,0.02873101457953453,0.02879522368311882,0.0001947431592270732,0.08117678761482239,0.09273773431777954,0.065105140209198,0.07792511582374573,1.079170086626391e-09,-1.6167760463758896e-08,7.404014468193054e-08,-2.0619481233552506e-08,6.396323470880816e-08,2.8018838804655388e-08,-1.939013571927717e-08,8.365139336774519e-08,-1.6838312077993578e-08,6.597488777515537e-08
00:00:01:34.583,61,4.999339608957598e-08,1.2684613359681407e-08,-2.4670734788401205e-08,1.5534460828803276e-08,-3.943219795132791e-08,0.022284746170043945,0.38147076964378357,-5.4538251248459346e-08,-2.704560841948478e-08,8.90344420412248e-09,-2.7311035211141643e-08,5.3420663448378036e-08,0.0223136767745018,0.3817168176174164,0.020203208550810814,-0.0002851454773917794,0.027683958411216736,0.12764687836170197,-0.00022362888557836413,0.1046442985534668,-0.0004256483807694167,0.00711283041164279,7.149975135689601e-05,0.24146690964698792,0.23512253165245056,-0.00029725581407546997,-0.00039596884744241834,0.01970669813454151,0.01897074654698372,0.024863915517926216,0.023360885679721832,-0.00017618120182305574,0.00396519061177969,-0.0012077901046723127,0.0054211728274822235,0.001700601540505886,0.0030663353390991688,0.4378015100955963,0.43336349725723267,0.17667123675346375,0.17926940321922302,0.0007093793246895075,0.0007714206003583968,0.04777805879712105,0.026776159182190895,0.026834243908524513,0.00018378332606516778,0.08686254173517227,0.0988989844918251,0.06981160491704941,0.08336156606674194,9.813811985281973e-10,-1.4081597221604625e-08,6.554648024348353e-08,-1.7955899878074888e-08,5.733221897230578e-08,2.4898909600779007e-08,-1.749023859076715e-08,7.415190594883825e-08,-1.5348195603337444e-08,5.915761036590084e-08
00:00:01:36.600,61,4.4307672197874126e-08,1.2479722144576044e-08,-2.2938474231182227e-08,1.337379185173404e-08,-3.468245424187444e-08,0.024398379027843475,0.3881951868534088,-4.805624342907322e-08,-2.3003668303545055e-08,9.909272513652922e-09,-2.4717301982946083e-08,4.887580828949467e-08,0.02443493902683258,0.3884560763835907,0.025216178968548775,-0.0002595451951492578,0.02915371023118496,0.13879351317882538,-0.0004059666534885764,0.09302616119384766,-0.0004134580376558006,0.007330429740250111,6.142717029433697e-05,0.2580200433731079,0.25156542658805847,-0.0004373182309791446,-0.0004529866564553231,0.02444075606763363,0.023639755323529243,0.03218643367290497,0.030047902837395668,-0.00015149950922932476,0.004215654917061329,-0.0012156376615166664,0.004830142483115196,0.0018906337209045887,0.0033379974775016308,0.4620763659477234,0.4575639069080353,0.18105727434158325,0.18394409120082855,0.0007278621196746826,0.0007684951997362077,0.04293041303753853,0.024487629532814026,0.024545636028051376,0.00012460864672902972,0.09143659472465515,0.10376185178756714,0.07261712849140167,0.08634200692176819,7.974449434122732e-10,-1.3671815679572319e-08,6.05359673500061e-08,-1.7471611712949198e-08,5.056150342852561e-08,2.252869357732834e-08,-1.4379620161264484e-08,6.693415599556829e-08,-1.242384328747903e-08,5.0552188213259797e-08
00:00:01:37.616,61,3.336928955377516e-08,1.7862767265341972e-08,-2.329237780429594e-08,8.130445650067486e-09,-2.4791807717861047e-08,0.026719141751527786,0.39387863874435425,-3.521330782518817e-08,-1.1995434867628774e-08,1.7732382673329994e-08,-2.151820766016499e-08,4.520639862448661e-08,0.02676200121641159,0.3941512405872345,0.029800333082675934,-0.00022703468857798725,0.030211348086595535,0.14644083380699158,-0.0005529826739802957,0.08215545862913132,-0.0005615082336589694,0.007527767214924097,2.928283038272639e-06,0.2707732319831848,0.26382458209991455,-0.0005344052333384752,-0.00042457625386305153,0.028641391545534134,0.027757158502936363,0.04014449194073677,0.037276044487953186,-0.00021919696882832795,0.004348358605057001,-0.0011657181894406676,0.00443317461758852,0.0020684830378741026,0.0035810894332826138,0.48094117641448975,0.4762457609176636,0.18395261466503143,0.1868799328804016,0.0008450818131677806,0.0008577191620133817,0.03952574357390404,0.023012762889266014,0.023070907220244408,5.514152508112602e-05,0.09459887444972992,0.10703778266906738,0.07357625663280487,0.08721473813056946,1.8626451769865326e-10,-1.6968696670005556e-08,5.858019136439907e-08,-2.132728660342309e-08,3.647059187983359e-08,1.9064172462890383e-08,-4.600733571891169e-09,5.6885184562815994e-08,-2.7753412901176944e-09,2.928078224329056e-08
00:00:01:37.633,61,3.7793071783198684e-08,1.860782461449162e-08,-2.539716703608974e-08,9.546056389808655e-09,-2.822838673921524e-08,0.028187785297632217,0.398275762796402,-4.0177255300477555e-08,-1.4714896856560244e-08,1.8347055430467663e-08,-2.385582753561266e-08,4.980713086411015e-08,0.028234627097845078,0.3985607922077179,0.03318887576460838,-0.00019451438856776804,0.030940355733036995,0.15072084963321686,-0.00047646701568737626,0.07266063243150711,-0.0006145898951217532,0.007620875723659992,-1.8828786778612994e-05,0.2799050211906433,0.27243566513061523,-0.0005633883411064744,-0.00043169260607101023,0.032194800674915314,0.031250666826963425,0.04634125530719757,0.042749300599098206,-0.00027884365408681333,0.004459192976355553,-0.001142075634561479,0.004030755255371332,0.0023665931075811386,0.003926221281290054,0.4931359589099884,0.4884093105792999,0.18311400711536407,0.18612472712993622,0.000848553201649338,0.0008298230241052806,0.037613436579704285,0.02100476808845997,0.02105780877172947,-3.6212837585480884e-05,0.09617529809474945,0.10867244750261307,0.07231117784976959,0.08566238731145859,2.933666087834297e-10,-1.7955899878074888e-08,6.37024655247842e-08,-2.2668391608249294e-08,4.149973520384265e-08,2.1185259768685683e-08,-6.2771139397455045e-09,6.324611945274228e-08,-4.377215923057065e-09,3.49804771815343e-08
00:00:01:38.649,61,4.2412430900640175e-08,1.7695128917694092e-08,-2.6123597507421437e-08,1.1511146702503083e-08,-3.213062882423401e-08,0.02909110300242901,0.4007357656955719,-4.542060239032253e-08,-1.845881314466169e-08,1.668930060816365e-08,-2.565328038883763e-08,5.2601098587956585e-08,0.029140915721654892,0.4010305106639862,0.03468523919582367,-0.0001713556848699227,0.031238839030265808,0.1488809734582901,-0.0004012930439785123,0.06404919177293777,-0.0008077724487520754,0.00773715041577816,-8.942741260398179e-05,0.28462255001068115,0.27606457471847534,-0.0005466334987431765,-0.0003749017487280071,0.03472335636615753,0.033757876604795456,0.051506467163562775,0.047553900629282,-0.0003398826811462641,0.0045183137990534306,-0.001102910959161818,0.003920258954167366,0.0026125351432710886,0.004185480996966362,0.49699732661247253,0.49212944507598877,0.1800302118062973,0.18277397751808167,0.0010083592496812344,0.0009561973856762052,0.036307983100414276,0.019206363707780838,0.019254811108112335,-0.00014060750254429877,0.09638112783432007,0.10866250842809677,0.06971722841262817,0.0824921503663063,4.773028083882025e-10,-1.7713755795512043e-08,6.670132535191442e-08,-2.24448744035044e-08,4.72553089991834e-08,2.297107215554206e-08,-9.424984348527232e-09,6.848946298987357e-08,-7.450580596923828e-09,4.2393804022822223e-08
00:00:01:40.666,61,5.195382968281592e-08,1.6652046852527747e-08,-2.8209761637754127e-08,1.5217811011325466e-08,-4.023313593393141e-08,0.029582642018795013,0.402374267578125,-5.629845034604841e-08,-2.592802061940347e-08,1.415610295651959e-08,-2.9653310917865383e-08,5.906447597681108e-08,0.029638122767210007,0.402679979801178,0.03515010327100754,-0.00016779311408754438,0.031227540224790573,0.1405109167098999,-0.0003441667649894953,0.05654635280370712,-0.0009608414839021862,0.007750387769192457,-0.00013937187031842768,0.2851032316684723,0.2758234143257141,-0.0005543601582758129,-0.00044443868682719767,0.03647835552692413,0.03554780036211014,0.054809924215078354,0.05066695064306259,-0.0003961118927691132,0.004544136114418507,-0.0011820143554359674,0.004032341297715902,0.002815547864884138,0.0043988595716655254,0.4867503345012665,0.48184189200401306,0.17445248365402222,0.17662380635738373,0.0010268515907227993,0.0009671932202763855,0.03553621843457222,0.017283963039517403,0.01732771471142769,-0.00021720632503274828,0.09537488222122192,0.10769522935152054,0.06622811406850815,0.07844214886426926,8.393544748130921e-10,-1.7695128917694092e-08,7.34627221277151e-08,-2.229586293367447e-08,5.8701260741145234e-08,2.679415089801296e-08,-1.560896656371824e-08,7.977243399182044e-08,-1.305714292243465e-08,5.729496521666988e-08
00:00:01:41.683,61,4.556961386015246e-08,1.6428529647782852e-08,-2.5955960936130396e-08,1.3066455473165206e-08,-3.505498114009242e-08,0.028909096494317055,0.4010447561740875,-4.915520435133658e-08,-2.1718442155815865e-08,1.4286488436709988e-08,-2.656132025435909e-08,5.3569674918207966e-08,0.028965098783373833,0.40136459469795227,0.03422050550580025,-0.00013138874783180654,0.031862035393714905,0.12459012120962143,-0.000561508524697274,0.052115436643362045,-0.0010412365663796663,0.007900337688624859,-0.00017083041893783957,0.2755790948867798,0.2652055621147156,-0.00041640474228188396,-0.0004394456627778709,0.037722744047641754,0.036831747740507126,0.05551600456237793,0.05183861404657364,-0.00014551282220054418,0.004438839387148619,-0.001334657776169479,0.0042001428082585335,0.002970729721710086,0.0045416285283863544,0.44738343358039856,0.4426329731941223,0.16251754760742188,0.16381454467773438,0.0018337649526074529,0.0017519217217341065,0.03494344279170036,0.017821934074163437,0.017872130498290062,-0.00026346652884967625,0.09070517867803574,0.1026105284690857,0.05941527336835861,0.0706871896982193,6.519257911286047e-10,-1.6819685200175627e-08,6.711110245305463e-08,-2.1215528889229063e-08,5.1166860970397465e-08,2.3948960148345577e-08,-1.240521640966108e-08,7.128343071372001e-08,-1.0207295453312781e-08,4.854053159419891e-08
00:00:01:42.700,61,5.339272490800795e-08,2.9858203021149166e-08,-3.837980244725259e-08,1.2768432533505347e-08,-3.91900556451219e-08,0.027569158002734184,0.39717674255371094,-5.6736169540272385e-08,-1.8849968697054464e-08,2.9727816652780348e-08,-3.501772738445652e-08,7.368624466153051e-08,0.027608685195446014,0.3975069522857666,0.0308975987136364,-0.0002275690494570881,0.03165435418486595,0.10638049989938736,-0.0007468110416084528,0.05018830671906471,-0.0013771093217656016,0.008165794424712658,-0.00022894331777933985,0.2583850026130676,0.2462601512670517,-0.0003782996500376612,-0.00046364127774722874,0.0370916873216629,0.036329783499240875,0.054237399250268936,0.05187706649303436,-4.823982817470096e-05,0.004406576044857502,-0.0010973750613629818,0.004093377385288477,0.0028069254476577044,0.0043485090136528015,0.3956355154514313,0.3908490240573883,0.14346832036972046,0.14309552311897278,0.002097136341035366,0.0020240945741534233,0.03435201570391655,0.019229721277952194,0.01929207146167755,-0.00035633944207802415,0.08427995443344116,0.09502317756414413,0.050036992877721786,0.0598515048623085,2.2468156501975756e-10,-2.8274953933760116e-08,9.426847213944711e-08,-3.5073608017910374e-08,5.686655768499804e-08,3.048684504847188e-08,-6.444752287393385e-09,9.165145797851437e-08,-3.5762786065873797e-09,4.6379863505308094e-08
00:00:01:42.716,61,5.951151393901455e-08,3.663823022748147e-08,-4.5262275705226784e-08,1.3392418729551991e-08,-4.310160761633597e-08,0.025687001645565033,0.39335036277770996,-6.296671983818669e-08,-1.8980353289066443e-08,3.7550925924279e-08,-4.0261074474301495e-08,8.58493152122719e-08,0.02571682631969452,0.39369142055511475,0.027455920353531837,-0.0003006057522725314,0.030892467126250267,0.08804196119308472,-0.0007949602440930903,0.04835236445069313,-0.001088821911253035,0.008420659229159355,-0.00026520187384448946,0.23769909143447876,0.2246997058391571,-0.0003122231282759458,-0.00035648970515467227,0.03664436191320419,0.03594653308391571,0.05280575901269913,0.05153955519199371,0.0001548519794596359,0.004250435624271631,-0.0006848009070381522,0.003741092747077346,0.002664550906047225,0.004170308820903301,0.33247870206832886,0.3277571201324463,0.12017348408699036,0.11859951168298721,0.0020814465824514627,0.002010056981816888,0.03512212634086609,0.021143170073628426,0.021219439804553986,-0.000565950816962868,0.07745081931352615,0.08732609450817108,0.040936604142189026,0.04902105778455734,9.546056306541928e-11,-3.4309923790942776e-08,1.0967254837623841e-07,-4.2412430900640175e-08,6.211921288468147e-08,3.471505038987743e-08,-4.563480704433687e-09,1.0473653588860543e-07,-1.3038515822572094e-09,4.805624342907322e-08
00:00:01:44.733,61,6.812624775420772e-08,4.395842623239332e-08,-5.336478281492418e-08,1.4919788071665607e-08,-4.8950315800766475e-08,0.024450132623314857,0.3909103274345398,-7.214024577706368e-08,-2.0489096641540527e-08,4.563480615615845e-08,-4.685484000788165e-08,1.004524534664597e-07,0.02447827160358429,0.39125439524650574,0.02318815141916275,-0.00038932249299250543,0.029039809480309486,0.0694158747792244,-0.0003350737679284066,0.04939860478043556,-0.0010496391914784908,0.008520974777638912,-0.00027588746161200106,0.21363353729248047,0.20066842436790466,-0.00012433349911589175,-0.0003011292137671262,0.03452311083674431,0.033899784088134766,0.04974058270454407,0.049886420369148254,0.00041033237357623875,0.003973501734435558,-0.00042309542186558247,0.003688718192279339,0.002267529722303152,0.003700242144986987,0.26816126704216003,0.2634708881378174,0.10121242702007294,0.0991184338927269,0.0012977885780856013,0.0012547302758321166,0.037249866873025894,0.022537441924214363,0.02262624353170395,-0.0008203873294405639,0.07008344680070877,0.07958025485277176,0.03518971428275108,0.04192619025707245,-3.492459576745488e-12,-4.090368577180925e-08,1.2814999195143173e-07,-5.057081509107775e-08,7.012859271071648e-08,4.010740539683866e-08,-3.4458935704861915e-09,1.2138858096477634e-07,2.98023217215615e-10,5.3085386753082275e-08
00:00:01:45.750,61,6.899237803281721e-08,4.392117247675742e-08,-5.3569674918207966e-08,1.520849757241649e-08,-4.9667434609546035e-08,0.02287265844643116,0.3892684280872345,-7.310882210731506e-08,-2.1271407746326076e-08,4.548579468632852e-08,-4.723668212136545e-08,1.0104849934577942e-07,0.022898130118846893,0.38961073756217957,0.019218685105443,-0.00044529803562909365,0.026116104796528816,0.055534154176712036,0.00024560271413065493,0.04926862195134163,-0.0008948391769081354,0.008660081773996353,-0.00022210381575860083,0.18985944986343384,0.17796453833580017,-0.00014107585593592376,-0.000278917548712343,0.031152477487921715,0.030478211119771004,0.045874640345573425,0.046480294317007065,0.0008253043633885682,0.0036175900604575872,-0.00016357869026251137,0.003780820406973362,0.0017576490063220263,0.003117587184533477,0.22236914932727814,0.2172318696975708,0.08736800402402878,0.08524230867624283,0.0009853983065113425,0.0009756946819834411,0.04002576321363449,0.02261963114142418,0.022718602791428566,-0.0009801919804885983,0.06297019124031067,0.0721520259976387,0.031976621598005295,0.037782128900289536,2.561137066314778e-11,-4.0829181813251125e-08,1.2863426945841638e-07,-5.0514938010337573e-08,7.107853861043623e-08,4.037748979612843e-08,-4.172325152040912e-09,1.2231990353939182e-07,-2.60770322002557e-10,5.438923977862942e-08
00:00:01:45.766,61,6.380491157642609e-08,3.695488004495928e-08,-4.7013163140263714e-08,1.487322176529915e-08,-4.6482309556949986e-08,0.021021626889705658,0.3906586170196533,-6.795860940655984e-08,-2.1867453625645794e-08,3.75136721686431e-08,-4.24170849555594e-08,8.983537469475777e-08,0.021044140681624413,0.3909887671470642,0.0156690813601017,-0.0004599592066369951,0.023507585749030113,0.04524056613445282,0.0008727419190108776,0.05637006834149361,-0.0006263065151870251,0.008613555692136288,-0.00017311569536104798,0.16751568019390106,0.15697960555553436,1.9522010916261934e-05,-0.00016520946519449353,0.027405807748436928,0.02670869417488575,0.041516292840242386,0.04265914857387543,0.0012249690480530262,0.003515874035656452,0.000348871573805809,0.004088427871465683,0.001398727297782898,0.0027211096603423357,0.18989719450473785,0.18463467061519623,0.07746032625436783,0.0755477026104927,0.0009756773943081498,0.0009979641763493419,0.041972484439611435,0.023683929815888405,0.023786023259162903,-0.0010332847014069557,0.05703752860426903,0.06622962653636932,0.03028922528028488,0.03583216294646263,2.0489096530518225e-10,-3.4924596548080444e-08,1.1369586161436018e-07,-4.339963055599583e-08,6.67572024326546e-08,3.65427688109321e-08,-6.239861072288022e-09,1.1043623260320601e-07,-3.0919908855508993e-09,5.383044410223192e-08
00:00:01:46.783,61,5.372799805059003e-08,3.49804771815343e-08,-4.2580069248288055e-08,1.1557713008869541e-08,-3.848224849889448e-08,0.019522972404956818,0.39408496022224426,-5.682930392936214e-08,-1.5944243259014e-08,3.6694110860935325e-08,-3.7159772148243064e-08,7.994472639438754e-08,0.019547156989574432,0.39439287781715393,0.012966138310730457,-0.00042268543620593846,0.021494241431355476,0.040473729372024536,0.001821674988605082,0.07407089322805405,-0.0003238436474930495,0.008410422131419182,-0.00010262801515636966,0.1446022242307663,0.1361687332391739,0.00025365559849888086,4.673302100854926e-06,0.023655490949749947,0.022919192910194397,0.03792121633887291,0.03966022655367851,0.0013254182413220406,0.0036203188356012106,0.0006137011805549264,0.004519332200288773,0.0011788717238232493,0.002484118565917015,0.17420169711112976,0.1691589206457138,0.07329541444778442,0.07200310379266739,0.001136109814979136,0.0011882216203957796,0.042542628943920135,0.025221064686775208,0.025316482409834862,-0.0010226889280602336,0.052033111453056335,0.061399251222610474,0.02957262471318245,0.03543117269873619,-3.608875004390555e-11,-3.2689420947917824e-08,1.0196119859529063e-07,-4.0475278240137413e-08,5.5469573823074825e-08,3.178604046638611e-08,-2.291053569081214e-09,9.620562479994987e-08,7.823109382520954e-10,4.108995099727508e-08
00:00:01:48.800,61,4.096888162052892e-08,3.226101341624599e-08,-3.641471124637974e-08,7.562339199296275e-09,-2.8405338525772095e-08,0.01865997724235058,0.3967248499393463,-4.2645261544294044e-08,-8.698552989017116e-09,3.4943223425898395e-08,-3.015156835317612e-08,6.634741822608703e-08,0.018684938549995422,0.39699748158454895,0.011380651034414768,-0.00033490383066236973,0.02087428793311119,0.04517262428998947,0.0025593661703169346,0.1088627427816391,0.0007778748986311257,0.008089199662208557,-9.371769010613207e-06,0.1194295659661293,0.11368291825056076,0.00029571057530120015,9.712576684250962e-06,0.020413098856806755,0.019569329917430878,0.03784702718257904,0.04052560776472092,0.0009009242057800293,0.0037948833778500557,0.00018904701573774219,0.004685861058533192,0.0010408791713416576,0.002354059601202607,0.18722528219223022,0.18280406296253204,0.08030367642641068,0.0801975280046463,0.0011298501631245017,0.0011915868381038308,0.041467875242233276,0.026959605515003204,0.02704533189535141,-0.0008665964705869555,0.047167032957077026,0.05650003254413605,0.028300141915678978,0.03532617166638374,-2.98023217215615e-10,-2.9038638160727714e-08,8.575618437589583e-08,-3.643333812419769e-08,4.1145831630728935e-08,2.5543849702103216e-08,2.309680002809955e-09,7.753260433673859e-08,4.824250776636063e-09,2.592802061940347e-08
00:00:01:48.816,61,3.9627774839345875e-08,3.274530158137168e-08,-3.641471124637974e-08,6.929040008429865e-09,-2.714805269476983e-08,0.017994293943047523,0.3975033164024353,-4.1127204752910984e-08,-7.48783346438131e-09,3.5762788286319847e-08,-2.9690562897144446e-08,6.575137234676731e-08,0.018012823536992073,0.397735059261322,0.010587470605969429,-0.0002950393536593765,0.021703390404582024,0.055876847356557846,0.0019429796375334263,0.1577422320842743,0.0049891285598278046,0.007632534485310316,6.82197860442102e-05,0.09571804106235504,0.09290210902690887,0.0003111547266598791,0.00011595904652494937,0.017184562981128693,0.016202162951231003,0.0369870625436306,0.04066307842731476,0.0005580923170782626,0.0037570602726191282,-0.00034560024505481124,0.005684965290129185,0.001008028513751924,0.002331784460693598,0.22201015055179596,0.21807724237442017,0.10100463777780533,0.10233983397483826,0.0006033727549947798,0.0006772362976334989,0.040325604379177094,0.02884037233889103,0.028923505917191505,-0.0007221098057925701,0.04356858879327774,0.05267992988228798,0.028082432225346565,0.03711757808923721,-3.527384218049434e-10,-2.928078224329056e-08,8.512288474094021e-08,-3.660097647184557e-08,3.959983629897579e-08,2.5085173049888e-08,3.3155083123403983e-09,7.608905150391365e-08,5.997717433814387e-09,2.324581060975106e-08
00:00:01:49.833,61,4.830770095054504e-08,3.136694459726641e-08,-3.805384096722264e-08,1.0412186668418144e-08,-3.4710392782244526e-08,0.017332997173070908,0.3995683193206787,-5.092471866419146e-08,-1.4435499906539917e-08,3.308057827666744e-08,-3.322027453123155e-08,7.141381530573199e-08,0.017340976744890213,0.39978110790252686,0.01033452246338129,-0.00030542752938345075,0.024277066811919212,0.06864405423402786,0.0009710032027214766,0.2146180272102356,0.009348725900053978,0.007165124639868736,8.290004188893363e-05,0.07321155816316605,0.07253880798816681,0.0004069632268510759,0.0003244686231482774,0.015097950585186481,0.01393942628055811,0.039482418447732925,0.04459584876894951,0.0003590119013097137,0.003593642730265856,-0.0009299900848418474,0.006932826247066259,0.0011089183390140533,0.0024409061297774315,0.2620218098163605,0.2579464614391327,0.12658478319644928,0.1289995312690735,0.0005013567279092968,0.0005739057087339461,0.039662882685661316,0.032477445900440216,0.03256777673959732,-0.0006537911831401289,0.04172653332352638,0.05023256689310074,0.02916804328560829,0.03996337950229645,-6.984919153490976e-12,-2.8908253568715736e-08,9.12696123123169e-08,-3.6060811225979705e-08,5.010515380377001e-08,2.8505455773597532e-08,-2.2351742678949904e-09,8.623115377304202e-08,6.705522803684971e-10,3.706663775915331e-08
00:00:01:50.849,61,4.951841958700243e-08,2.4605542492395216e-08,-3.3471732052703373e-08,1.2516975012033527e-08,-3.683380711549944e-08,0.01657438836991787,0.40340346097946167,-5.296431382362243e-08,-1.9334256862180155e-08,2.4475157900383238e-08,-3.143679450090531e-08,6.571411859113141e-08,0.016577402129769325,0.4036028981208801,0.010269654914736748,-0.0002907047455664724,0.027368344366550446,0.08074865490198135,0.0003396847750991583,0.272935688495636,0.009851954877376556,0.006664528977125883,8.1612728536129e-05,0.05554597079753876,0.05627967044711113,0.00046670378651469946,0.0004124468541704118,0.013551507145166397,0.012223567813634872,0.04369550570845604,0.05039171129465103,0.00030216603772714734,0.0033952307421714067,-0.0014540946576744318,0.008588718250393867,0.0011601920705288649,0.002497078850865364,0.2978496849536896,0.29321491718292236,0.14992013573646545,0.15313804149627686,0.0005602595047093928,0.0006206426187418401,0.03910163417458534,0.03656363487243652,0.036655209958553314,-0.0006822163704782724,0.03941956162452698,0.04747415706515312,0.030437100678682327,0.04293273016810417,3.6787242696512124e-10,-2.3636966162143835e-08,8.236617077272967e-08,-2.9876829898967117e-08,5.327165197854811e-08,2.7501956267883543e-08,-7.897615006413616e-09,8.279457830440151e-08,-5.438923977862942e-09,4.556029864488664e-08
00:00:01:52.866,61,4.630535954674997e-08,1.4547258508912364e-08,-2.508051721861193e-08,1.3727694536669333e-08,-3.581866536706002e-08,0.016142690554261208,0.4084327816963196,-5.031004590705379e-08,-2.3320318121022865e-08,1.225620493983115e-08,-2.643093388599027e-08,5.267560609922839e-08,0.016140824183821678,0.4086286127567291,0.010830708779394627,-0.0002895680081564933,0.030284352600574493,0.09493520110845566,-3.239959551137872e-05,0.31767457723617554,0.009740152396261692,0.0063239955343306065,7.141471724025905e-05,0.04542063549160957,0.04705224186182022,0.0005057215457782149,0.0003321120166219771,0.012700296938419342,0.01118490844964981,0.048287466168403625,0.05593894422054291,0.00018264159734826535,0.0034404543694108725,-0.0018783297855407,0.009890919551253319,0.001289013889618218,0.0026317881420254707,0.3311580717563629,0.32577744126319885,0.16867008805274963,0.17259854078292847,0.0006746923900209367,0.0007297858828678727,0.03953142464160919,0.04084453731775284,0.040931716561317444,-0.0006679339567199349,0.03862512484192848,0.04634048789739609,0.031099218875169754,0.04494328796863556,7.764902054674394e-10,-1.5310943624058382e-08,6.474554226088003e-08,-1.9632279801840014e-08,5.206093334209072e-08,2.3758039091603678e-08,-1.3969838619232178e-08,7.096677734352852e-08,-1.1660159060511432e-08,5.144626058495305e-08
00:00:01:52.883,61,4.500499883874909e-08,1.5889527915646795e-08,-2.563814582856594e-08,1.2816162353601612e-08,-3.463530617864308e-08,0.01646863855421543,0.3994094431400299,-4.876986992030652e-08,-2.1341257649964973e-08,1.4107208734515098e-08,-2.6352935833529045e-08,5.2932882965706085e-08,0.01645916886627674,0.39959481358528137,0.01293746568262577,-0.0003529464593157172,0.03336287662386894,0.11160044372081757,-0.00042618424049578607,0.33449995517730713,0.010135654360055923,0.005713931284844875,0.00019823176262434572,0.046356722712516785,0.04868238791823387,0.0007539269281551242,0.0005021556280553341,0.012131934054195881,0.01060403697192669,0.05095617473125458,0.05931801721453667,0.00022711291967425495,0.003331582061946392,-0.0019122507655993104,0.010439196601510048,0.0014210151275619864,0.0027007446624338627,0.3562077581882477,0.35107123851776123,0.18126226961612701,0.185592919588089,0.0006740174721926451,0.0007406581426039338,0.04933992400765419,0.05747666209936142,0.057570554316043854,-0.0006785084842704237,0.039297252893447876,0.0466378815472126,0.03206203505396843,0.04647667706012726,6.773916427782467e-10,-1.6365666155593317e-08,6.553367626338513e-08,-2.0877923390116848e-08,5.032168814977922e-08,2.3554749262189034e-08,-1.2376112579204346e-08,7.040507910005545e-08,-9.966315772658163e-09,4.8221554749261486e-08
00:00:01:53.899,61,4.874193137993643e-08,1.414446160197258e-08,-2.540531518491207e-08,1.4692777661196033e-08,-3.801192960395383e-08,0.01632300578057766,0.38822001218795776,-5.3115655873625656e-08,-2.517597685880446e-08,1.1124647869564797e-08,-2.7356437115599874e-08,5.4053963083333656e-08,0.016305482015013695,0.38838881254196167,0.016319474205374718,-0.00038721540477126837,0.0359870046377182,0.1291797161102295,-0.00071013777051121,0.33276641368865967,0.010864002630114555,0.004841957241296768,0.00027642559143714607,0.04956692084670067,0.052435826510190964,0.0007610066095367074,0.0004153285117354244,0.012239337898790836,0.010723140090703964,0.0538356751203537,0.06249334663152695,0.0001275908580282703,0.003114986466243863,-0.001833750051446259,0.010512216947972775,0.001651481376029551,0.00287869805470109,0.375599205493927,0.37096691131591797,0.18839699029922485,0.19293993711471558,0.0005253485287539661,0.0006053969264030457,0.060155950486660004,0.07346734404563904,0.07356122881174088,-0.0006814691587351263,0.03978227078914642,0.04672429710626602,0.032892365008592606,0.04743334278464317,8.799543316229119e-10,-1.5138647668777594e-08,6.63055104155319e-08,-1.9723083610756476e-08,5.5141281762871586e-08,2.4712061730269852e-08,-1.5636906880445167e-08,7.372233312707976e-08,-1.339707544900648e-08,5.5492854755812004e-08
00:00:01:55.916,61,4.2275061673535674e-08,1.8712599469949964e-08,-2.6748748993554727e-08,1.1169468017158124e-08,-3.1942619216351886e-08,0.016057413071393967,0.3787378966808319,-4.535424480422989e-08,-1.7888378778252445e-08,1.780223080061205e-08,-2.597313120134004e-08,5.35289288450258e-08,0.016039153560996056,0.3788957893848419,0.019395019859075546,-0.000420162221416831,0.037153273820877075,0.1444740742444992,-0.000740786490496248,0.3213667571544647,0.010242603719234467,0.004383724182844162,0.0002959386329166591,0.04640478640794754,0.04995759576559067,0.0007178536034189165,0.0004668775654863566,0.012646509334445,0.01116367056965828,0.057683657854795456,0.06616545468568802,1.2768087799486239e-05,0.0025881845504045486,-0.0017464662669226527,0.009823588654398918,0.0018368782475590706,0.0029842467047274113,0.3876650929450989,0.3835778534412384,0.18914465606212616,0.19380126893520355,0.0004342779575381428,0.0005290127592161298,0.07280394434928894,0.08929773420095444,0.08939263969659805,-0.0005831948947161436,0.03958669304847717,0.04602086544036865,0.03107113391160965,0.045033492147922516,4.313187584870093e-10,-1.8281861358104834e-08,6.753602121989388e-08,-2.3079337552189827e-08,4.642060957849026e-08,2.3040193752876803e-08,-8.763745285023106e-09,6.895977833210054e-08,-6.448244604939646e-09,4.168134282167557e-08
00:00:01:56.933,61,4.6333298087120056e-08,1.9348226132365198e-08,-2.8524082651415483e-08,1.2509990376941005e-08,-3.5152769584101407e-08,0.015155203640460968,0.3717530071735382,-4.969537314991612e-08,-2.0181760262971693e-08,1.807697103117789e-08,-2.8087525194564478e-08,5.7518480645057934e-08,0.015140362083911896,0.3719009757041931,0.02085258439183235,-0.00035646624746732414,0.03711726516485214,0.15315280854701996,-0.0007126951823011041,0.314604252576828,0.012237549759447575,0.0041429768316447735,0.00031491878326050937,0.03711221367120743,0.04084889590740204,0.0009733030456118286,0.0007943433010950685,0.012673746794462204,0.011161179281771183,0.06152430921792984,0.0697677806019783,-0.00025549446581862867,0.002294606529176235,-0.0016928997356444597,0.008523305878043175,0.002008965704590082,0.0030846423469483852,0.38889870047569275,0.38478901982307434,0.1821039915084839,0.18634842336177826,0.00019656367658171803,0.0002803518727887422,0.08692457526922226,0.10518959164619446,0.10528440773487091,-0.0006351621705107391,0.03854639455676079,0.04409892484545708,0.028106357902288437,0.04078228771686554,5.177571704706452e-10,-1.9189901223626293e-08,7.212627650687864e-08,-2.4316832991644333e-08,5.106441847146925e-08,2.4928594299922224e-08,-1.0207295453312781e-08,7.471069807252206e-08,-8.083880231879448e-09,4.664063624204573e-08
00:00:01:56.950,61,4.26877519998925e-08,2.293265488617635e-08,-2.988090130884302e-08,1.0387156912372575e-08,-3.1486852236639606e-08,0.013581178151071072,0.361867755651474,-4.538684095223289e-08,-1.555192241653458e-08,2.292217615718073e-08,-2.7614296627120893e-08,5.8014411052909054e-08,0.013560759834945202,0.3620157539844513,0.02203979715704918,-0.0003613519947975874,0.03664122149348259,0.15596763789653778,-0.0005201027379371226,0.3100632131099701,0.01489508617669344,0.00407177209854126,0.00034945120569318533,0.020725905895233154,0.02463320456445217,0.002838853979483247,0.0027167757507413626,0.012858283706009388,0.011337582021951675,0.06624236702919006,0.07433523237705231,-0.00046606731484644115,0.0021377848461270332,-0.0015993007691577077,0.007294177543371916,0.0022084929514676332,0.003218508092686534,0.3784825801849365,0.37432900071144104,0.168039932847023,0.17149606347084045,4.536749838734977e-05,0.00012518884614109993,0.10345638543367386,0.12352016568183899,0.12362030148506165,-0.0007148453732952476,0.03681950643658638,0.04125482589006424,0.023633047938346863,0.034687016159296036,2.2373569663614035e-10,-2.1749874790089052e-08,7.382943323364088e-08,-2.7301721772232668e-08,4.570931366743025e-08,2.417043987179568e-08,-5.7579017109787856e-09,7.260357648419813e-08,-3.4458935704861915e-09,3.824941785524061e-08
00:00:01:57.966,61,4.5810594428985496e-08,2.947868793512498e-08,-3.5732519165776466e-08,9.95583793184096e-09,-3.291992456411208e-08,0.01133890263736248,0.3395042419433594,-4.827859712008831e-08,-1.363689072775287e-08,3.0645168180853943e-08,-3.1436211855861984e-08,6.739981728287603e-08,0.0113119101151824,0.33964651823043823,0.021022893488407135,-0.0002974948729388416,0.03518323600292206,0.14023083448410034,-0.00036167065263725817,0.3086922764778137,0.021141109988093376,0.0039071920327842236,0.0003117007145192474,0.007999932393431664,0.011442411690950394,0.008462771773338318,0.008491357788443565,0.012596546672284603,0.011113626882433891,0.0688684731721878,0.0765843614935875,-0.0005000256933271885,0.0018711446318775415,-0.001114757265895605,0.0072266231290996075,0.0023195589892566204,0.0032655769027769566,0.33873340487480164,0.33430159091949463,0.1495073437690735,0.1517215520143509,-0.00010777830902952701,-5.2563475037459284e-05,0.12250899523496628,0.14192096889019012,0.14203466475009918,-0.0008222924079746008,0.03374064341187477,0.03700803592801094,0.0203306395560503,0.029845433309674263,-1.178705136967162e-11,-2.7345958386604252e-08,8.654780714323351e-08,-3.39723200681874e-08,4.7569628236487915e-08,2.7010100822622007e-08,-2.3632309442689348e-09,8.158385611523045e-08,1.7229467852430957e-10,3.577209994887198e-08
00:00:01:59.983,61,5.764479382719401e-08,3.1915259768311444e-08,-4.112138540790511e-08,1.3753306049579805e-08,-4.2301834923819115e-08,0.009540778584778309,0.30175772309303284,-6.16139743669919e-08,-2.0561273572639038e-08,3.2163224972237003e-08,-3.780267476827248e-08,7.953494929324734e-08,0.009507851675152779,0.30189263820648193,0.019947342574596405,-0.0002726013190113008,0.033319368958473206,0.11069304496049881,0.0003225881664548069,0.283631831407547,0.03305688500404358,0.004068297799676657,0.0002607863279990852,0.0038484486285597086,0.006097727455198765,0.014725116081535816,0.015183822251856327,0.012074977159500122,0.01063377596437931,0.06617243587970734,0.0734311044216156,-0.00033212953712791204,0.0017231666715815663,-0.0006247420096769929,0.006942688953131437,0.0021586287766695023,0.0029726908542215824,0.2655300199985504,0.26145127415657043,0.12323910742998123,0.12394815683364868,-0.0003338612732477486,-0.0002814709150698036,0.14326685667037964,0.15787453949451447,0.15801608562469482,-0.000753709813579917,0.03087364137172699,0.03280492499470711,0.01677546463906765,0.02411082573235035,2.4650945174009564e-10,-3.0347145241194085e-08,1.0080751877694638e-07,-3.7659191320926766e-08,6.055925183545696e-08,3.258945113771006e-08,-6.883638103971634e-09,9.857146920921878e-08,-3.8486906994705805e-09,5.0640664994716644e-08
00:00:02:00.000,61,7.336959129133902e-08,3.050081431865692e-08,-4.527624852812551e-08,1.9841827736399864e-08,-5.5511481633629955e-08,0.008852548897266388,0.24836212396621704,-7.968861837071017e-08,-3.229826717188189e-08,2.858229031232895e-08,-4.481291426827738e-08,9.127892752758271e-08,0.008813438005745411,0.24847856163978577,0.018404485657811165,-0.00034923196653835475,0.030540959909558296,0.07343526184558868,0.0024254166055470705,0.2084592580795288,0.06009629741311073,0.004434517119079828,0.00023598791449330747,0.006253242027014494,0.00700332410633564,0.01770607754588127,0.019188376143574715,0.010516265407204628,0.009256127290427685,0.049781955778598785,0.056066516786813736,-0.00045020371908321977,0.002001894637942314,-0.0004915674799121916,0.005843050312250853,0.0018007653998211026,0.0024497045669704676,0.16953405737876892,0.1665755659341812,0.08461005985736847,0.08380164206027985,-0.0006104445201344788,-0.00048546120524406433,0.1626034379005432,0.16976049542427063,0.1699358969926834,-0.000492339488118887,0.02914184145629406,0.029694853350520134,0.013386095874011517,0.01822814717888832,8.044298560605512e-10,-3.0808152473582595e-08,1.1291354695686096e-07,-3.811903326322863e-08,7.883179620193914e-08,3.889319444283501e-08,-1.609325472884393e-08,1.1776573671795632e-07,-1.2703240237499358e-08,7.493421350091012e-08
00:00:02:00.016,61,1.0596384214522914e-07,2.8642825000702032e-08,-5.4095870893888787e-08,3.237917667320289e-08,-8.283532082487e-08,0.009307031519711018,0.20776081085205078,-1.1694093871028599e-07,-5.655921953007237e-08,2.1730084398541294e-08,-5.937035751912845e-08,1.1627562201965702e-07,0.009270128794014454,0.20786453783512115,0.014946501702070236,-0.00042651750845834613,0.024811625480651855,0.04539825767278671,0.0049313390627503395,0.12262672185897827,0.08107499778270721,0.00450467225164175,0.000308990478515625,0.008962379768490791,0.009349589236080647,0.01678350754082203,0.01890287548303604,0.008598626591265202,0.007594658061861992,0.030951600521802902,0.035762205719947815,-0.0003583737416192889,0.00238408544100821,0.0006924697663635015,0.004938669502735138,0.001584877958521247,0.0021141215693205595,0.08167078346014023,0.07901701331138611,0.04642799496650696,0.04520026221871376,-0.001086672767996788,-0.0008994811796583235,0.18385344743728638,0.18075355887413025,0.18095804750919342,6.60792866256088e-05,0.026208477094769478,0.026118889451026917,0.011514557525515556,0.014119306579232216,1.941371063907127e-09,-3.1907109843132275e-08,1.391675255035807e-07,-3.97791168893491e-08,1.1740950611738299e-07,5.235881062048975e-08,-3.4894327427537064e-08,1.5808386422122567e-07,-3.047752983320606e-08,1.245806942051786e-07
00:00:02:01.033,61,1.135450986566866e-07,1.8109567179180885e-08,-4.8965446808324486e-08,3.764522205074172e-08,-9.082141616545414e-08,0.01024980191141367,0.16719265282154083,-1.2657022807616158e-07,-6.858026324607636e-08,7.848720784409124e-09,-5.927693536023071e-08,1.1181575132468424e-07,0.010227615013718605,0.16729503870010376,0.011585216969251633,-0.00044021353824064136,0.017825674265623093,0.02676711045205593,0.009832462295889854,0.06958950310945511,0.091114342212677,0.004073360003530979,0.0004028592666145414,0.011958825401961803,0.012936405837535858,0.010189797729253769,0.012203543446958065,0.006671544164419174,0.0060792602598667145,0.02096543274819851,0.024723131209611893,-0.00011703040217980742,0.0026455766055732965,0.0026248327922075987,0.004014925565570593,0.0016674483194947243,0.0020017868373543024,0.03693825751543045,0.03453611955046654,0.0242450088262558,0.023206744343042374,-0.0009686680277809501,-0.0007517609046772122,0.2025991976261139,0.19141826033592224,0.19163614511489868,0.0007282000733539462,0.02418871410191059,0.023983225226402283,0.012291022576391697,0.013239714317023754,2.7132045499200785e-09,-2.4258625330730865e-08,1.3021286804359988e-07,-3.068707954412275e-08,1.2887292655250349e-07,5.305628292262554e-08,-4.661502472913526e-08,1.5967292199547956e-07,-4.2663888422111995e-08,1.4632009026627202e-07
00:00:02:02.049,61,1.249226642130452e-07,1.8865103257326155e-08,-5.309004436071518e-08,4.1727325594820286e-08,-1.0005489770037457e-07,0.010061237029731274,0.13963384926319122,-1.3934622700162436e-07,-7.632770859800075e-08,7.213093233815471e-09,-6.485497294761444e-08,1.2193805787319434e-07,0.010048880241811275,0.13973399996757507,0.009686090052127838,-0.000446412741439417,0.012654597871005535,0.017622625455260277,0.013116244226694107,0.044820524752140045,0.0901559367775917,0.0037735828664153814,0.0003902028838638216,0.01334693469107151,0.01464564073830843,0.00369397085160017,0.005529650487005711,0.004867998883128166,0.004520812537521124,0.015384330414235592,0.017917413264513016,0.0005552826332859695,0.0031583926174789667,0.0047729481011629105,0.0036803537514060736,0.0017135798698291183,0.0019201497780159116,0.01864548586308956,0.016302557662129402,0.012813383713364601,0.011692177504301071,-0.0011254874989390373,-0.0008785524987615645,0.22593708336353302,0.20889481902122498,0.2091285139322281,0.001217217999510467,0.022057684138417244,0.02163940854370594,0.010125773958861828,0.010093476623296738,3.0457885102919136e-09,-2.568354773302417e-08,1.4137593495888723e-07,-3.25951248214551e-08,1.418858346369234e-07,5.805799574432058e-08,-5.2208779521834003e-08,1.747737456980758e-07,-4.767323957821645e-08,1.6232952759764885e-07
00:00:02:03.066,61,1.4384859525762295e-07,1.3629906092660349e-08,-5.521578572142971e-08,4.997826152930429e-08,-1.1661555276987201e-07,0.009435164742171764,0.12309850752353668,-1.6125385116083635e-07,-9.284354973715381e-08,-1.7927959117258752e-09,-7.182941885730543e-08,1.321872673543112e-07,0.009437400847673416,0.12319579720497131,0.007887208834290504,-0.0004065544926561415,0.008921271190047264,0.017142660915851593,0.018057553097605705,0.035347312688827515,0.08216574043035507,0.0036633096169680357,0.00033049879129976034,0.020616091787815094,0.02202276699244976,0.0005026522558182478,0.002153902081772685,0.0033878665417432785,0.003169549163430929,0.011703158728778362,0.012520150281488895,0.0011061925906687975,0.0037635702174156904,0.004876262973994017,0.002986463950946927,0.0017239797161892056,0.0018020900897681713,0.021459346637129784,0.018939081579446793,0.007096089888364077,0.005963454023003578,-0.0011716693406924605,-0.0009216065518558025,0.2459627091884613,0.22659888863563538,0.22684350609779358,0.0015684844693168998,0.02119925431907177,0.02048538252711296,0.007977578788995743,0.007354489527642727,3.920285873704188e-09,-2.3106112578830107e-08,1.508276881168058e-07,-2.9676593626959402e-08,1.653935726153577e-07,6.490590465091373e-08,-6.618444103878574e-08,1.9501662507082074e-07,-6.123911333588694e-08,1.9533560191575816e-07
00:00:02:05.083,61,1.5575555778468697e-07,4.8370565330912996e-09,-5.2460237043305824e-08,5.6452989838362555e-08,-1.2804055415926996e-07,0.0097648985683918,0.11652300506830215,-1.7550773634411598e-07,-1.067982537961143e-07,-1.4450633578633187e-08,-7.42173895673659e-08,1.3283629130000918e-07,0.009788473136723042,0.11659924685955048,0.005995702929794788,-0.0003596720052883029,0.007114469539374113,0.024160485714673996,0.024804318323731422,0.06065867468714714,0.08049112558364868,0.0038594165816903114,0.00027648848481476307,0.04158100485801697,0.04242991283535957,0.00022497805184684694,0.0016689779004082084,0.0024608445819467306,0.002359179314225912,0.01074196957051754,0.010524353943765163,0.00018902067677117884,0.004901051055639982,0.0022542099468410015,0.001952913822606206,0.0016606076387688518,0.0016724151792004704,0.06345994770526886,0.06084064394235611,0.006874144077301025,0.0056625292636454105,-0.0013440257171168923,-0.00112339376937598,0.2603764832019806,0.24450702965259552,0.24474407732486725,0.0017256304854527116,0.02299201674759388,0.022398337721824646,0.006237616762518883,0.005502078682184219,4.748144544208799e-09,-1.694425044718173e-08,1.4796154346186086e-07,-2.25484839688761e-08,1.8176389460222708e-07,6.791153595031574e-08,-7.931957668461109e-08,2.0343257745025767e-07,-7.410533697793653e-08,2.2175954939029907e-07
00:00:02:06.100,61,1.425587043968335e-07,3.904570000656804e-09,-4.7798966562595524e-08,5.1780371990162166e-08,-1.1734199034663106e-07,0.009025929495692253,0.12414948642253876,-1.605413899596897e-07,-9.795883926244642e-08,-1.3436656232101996e-08,-6.762566329143738e-08,1.2113247294109897e-07,0.009085720404982567,0.12420035153627396,0.005727836862206459,-3.755853686016053e-05,0.008296523243188858,0.06417260318994522,0.02285708114504814,0.13431471586227417,0.06688579171895981,0.004446564242243767,0.00017122775898315012,0.061043377965688705,0.06218603998422623,9.524136839900166e-05,0.0011766781099140644,0.0023001614026725292,0.0019400756573304534,0.015638886019587517,0.015144185163080692,0.0003180468047503382,0.006107463967055082,0.00010269701306242496,0.0011086687445640564,0.0014459595549851656,0.0014772656140848994,0.1528601497411728,0.15034352242946625,0.03800652176141739,0.03711448982357979,-0.0006626796093769372,-0.0005429054144769907,0.2707393169403076,0.2583810091018677,0.25859564542770386,0.001992205623537302,0.026470152661204338,0.026855265721678734,0.004202789627015591,0.0041615902446210384,4.373141404556691e-09,-1.4991965002764118e-08,1.350138347788743e-07,-2.040760627153304e-08,1.6673234881636745e-07,6.214715853047892e-08,-7.313443006751186e-08,1.8605787488468195e-07,-6.80424250276701e-08,2.0352192109385214e-07
00:00:02:07.116,61,1.2153934392244992e-07,1.0827789331813165e-08,-4.623667493319772e-08,4.229426764368327e-08,-9.862473149269135e-08,0.008140003308653831,0.14275623857975006,-1.3603188619981665e-07,-7.859198092319275e-08,-2.018641698242618e-09,-6.036221833483069e-08,1.1098687480171066e-07,0.008234817534685135,0.14279454946517944,0.00703856535255909,0.0001777725265128538,0.010746322572231293,0.10057329386472702,0.01626693084836006,0.17504581809043884,0.044652484357357025,0.00432157889008522,2.326843787159305e-05,0.0796474888920784,0.08246748149394989,8.014422201085836e-05,0.0005921000265516341,0.003935369197279215,0.003616374684497714,0.019703509286046028,0.018754811957478523,0.0004958710051141679,0.006999001372605562,-0.0003823658043984324,0.0004252107464708388,0.0007534133037552238,0.0008221811149269342,0.22470085322856903,0.22165687382221222,0.06685223430395126,0.06613156199455261,-0.0009633409790694714,-0.000855485035572201,0.279822438955307,0.26985716819763184,0.2700549066066742,0.001954098232090473,0.03190312162041664,0.03386219963431358,0.0024845674633979797,0.004129976499825716,3.345776322660754e-09,-1.8991995531791872e-08,1.2719537778593804e-07,-2.478715011022814e-08,1.403794129828384e-07,5.4894773171554334e-08,-5.629611976587512e-08,1.6462698226860084e-07,-5.1872337536451596e-08,1.6576144901137013e-07
00:00:02:07.133,61,1.1810101341325208e-07,2.2165476565305653e-08,-5.330890573418401e-08,3.839842932507054e-08,-9.387731836341118e-08,0.007799532264471054,0.15771867334842682,-1.30934637354585e-07,-6.893649384664968e-08,1.2330710674746115e-08,-6.273854324945205e-08,1.1965632040755736e-07,0.007903617806732655,0.1577639877796173,0.009186712093651295,0.00022809025540482253,0.013467581011354923,0.11572279036045074,0.011805955320596695,0.1924481987953186,0.032433055341243744,0.004020635969936848,-0.00016400113236159086,0.09220613539218903,0.09530865401029587,-0.0002244991046609357,2.427041545161046e-05,0.006164485588669777,0.0057800449430942535,0.021185042336583138,0.02011517807841301,0.00013697863323614,0.007334026042371988,2.8476715669967234e-05,0.0003642654337454587,0.00010151512833544984,0.0002545781317166984,0.25629299879074097,0.2521654963493347,0.082418292760849,0.08139442652463913,-0.0009840107522904873,-0.0008896338986232877,0.2852400243282318,0.27817073464393616,0.27835965156555176,0.001594821340404451,0.03739983215928078,0.03997831419110298,0.0025646009016782045,0.005431394558399916,2.647284391699145e-09,-2.7976930994100258e-08,1.4085323130075267e-07,-3.5427511591024086e-08,1.3334675941223395e-07,5.603535058185116e-08,-4.6230852035478165e-08,1.6872770913778368e-07,-4.1462481448206745e-08,1.48601827731909e-07
00:00:02:08.149,61,1.0546296635993713e-07,2.4735927084407194e-08,-5.120411472603337e-08,3.297813222502555e-08,-8.302740894805538e-08,0.00873587653040886,0.15664571523666382,-1.1650845266331089e-07,-5.856156448658112e-08,1.7248094508204304e-08,-5.788169943343746e-08,1.119263473015053e-07,0.008841197937726974,0.15670232474803925,0.011521738953888416,0.0002268097159685567,0.01597653329372406,0.11045870184898376,0.006133375223726034,0.18381363153457642,0.025051651522517204,0.004313701763749123,-0.00028074413421563804,0.10070929676294327,0.10330159962177277,-0.0003978681634180248,-7.67195233493112e-05,0.007615223526954651,0.007088799495249987,0.020456597208976746,0.018307464197278023,0.0003012704837601632,0.006581242196261883,0.00014971494965720922,0.0006368145113810897,-7.195323996711522e-05,0.00018431707576382905,0.2566392421722412,0.2523956596851349,0.09203919768333435,0.09100409597158432,-0.0008918261737562716,-0.0008053100318647921,0.2761957049369812,0.2729248106479645,0.27312105894088745,0.0011457579676061869,0.04160759970545769,0.044418059289455414,0.005355368833988905,0.008806869387626648,2.112938046749946e-09,-2.9057265038545665e-08,1.3347715821510064e-07,-3.647059187983359e-08,1.1758879026046998e-07,5.1143580037660286e-08,-3.725290298461914e-08,1.5452503987489763e-07,-3.291293992901956e-08,1.2800097692888812e-07
00:00:02:09.166,61,1.141801462267722e-07,1.4733522846199776e-08,-4.678964771187566e-08,3.8677825386912446e-08,-9.191222716253833e-08,0.008905486203730106,0.16331741213798523,-1.2727454645755643e-07,-7.107853861043623e-08,3.6880374310044317e-09,-5.837064165348238e-08,1.0890886414927081e-07,0.008989977650344372,0.16338275372982025,0.012852760963141918,0.0001359025336569175,0.016783006489276886,0.07309286296367645,0.006710994057357311,0.1468430906534195,0.028854699805378914,0.004565800074487925,-0.00024263747036457062,0.10482969135046005,0.10573658347129822,-0.00076990423258394,-0.00010896682942984626,0.00809488259255886,0.007456302642822266,0.01644844003021717,0.013534927740693092,0.00013527245027944446,0.005645137280225754,0.0002596601552795619,0.0010303040035068989,-0.00023234394029714167,0.00014783561346121132,0.18433265388011932,0.18020056188106537,0.0779874250292778,0.07622694969177246,-0.0008096852689050138,-0.000679143937304616,0.2684950530529022,0.2684154212474823,0.2686408758163452,0.000720309850294143,0.04461528733372688,0.047525133937597275,0.00934634916484356,0.012613227590918541,2.9033981885362437e-09,-2.166256329871885e-08,1.2600794718764519e-07,-2.7436762195520714e-08,1.3012439126214304e-07,5.237525257939524e-08,-4.969537314991612e-08,1.5775206918533513e-07,-4.533678321649859e-08,1.5094876459897932e-07
00:00:02:10.183,61,8.167698695160652e-08,-3.5576521728586386e-09,-2.305954716064207e-08,3.091991018777662e-08,-6.813556296947354e-08,0.010238146409392357,0.177256241440773,-9.234994990947598e-08,-5.953013726411882e-08,-1.5050172663677586e-08,-3.668945325330242e-08,6.321817380694483e-08,0.010303196497261524,0.17735671997070312,0.012776410207152367,-0.00024530277005396783,0.014989584684371948,0.04957108572125435,0.015899520367383957,0.10000219941139221,0.03185664117336273,0.004656381439417601,-0.0002244326169602573,0.10690212994813919,0.10550080239772797,-0.00025008738157339394,0.0005140232970006764,0.008898778818547726,0.008354061283171177,0.014770084992051125,0.011608255095779896,-0.0002254614228149876,0.0055221496149897575,0.00026952146436087787,0.0006903066532686353,-0.0002063540305243805,0.00019518870976753533,0.1246628686785698,0.12052483856678009,0.05355197563767433,0.051207855343818665,-0.0009449225617572665,-0.0007118511130101979,0.26121246814727783,0.2651613652706146,0.2654111981391907,0.0002748663246165961,0.04461384937167168,0.04765069857239723,0.009300336241722107,0.011805247515439987,2.7706845706632066e-09,-3.930181069478067e-09,6.889924719644114e-08,-6.05359673500061e-09,9.680167067926959e-08,3.4035181784020097e-08,-4.615634807692004e-08,1.0177027576219189e-07,-4.366040329273346e-08,1.225247956426756e-07
00:00:02:12.200,61,1.2104399615964212e-07,3.501772871672415e-09,-4.0559097413961354e-08,4.385598018075143e-08,-9.94745619209425e-08,0.010307622142136097,0.19648250937461853,-1.361127885957103e-07,-8.273869411823398e-08,-1.1269003508118658e-08,-5.746726117195067e-08,1.027435061473625e-07,0.010360297746956348,0.19661998748779297,0.01114677544683218,-0.0004719525168184191,0.011547412723302841,0.0346253402531147,0.019895972684025764,0.06544633954763412,0.04118616133928299,0.004657641984522343,-0.00011233281111344695,0.10553374886512756,0.10411876440048218,-0.0004821272159460932,0.00018266215920448303,0.00859250407665968,0.008292045444250107,0.010992193594574928,0.007568920962512493,0.0008488887688145041,0.005829989910125732,0.001784501364454627,0.001658478518947959,-0.00019568683637771755,0.00024427901371382177,0.09009882807731628,0.0856204405426979,0.04026607424020767,0.038421228528022766,-0.0009040010045282543,-0.0006185287493281066,0.25360530614852905,0.25886157155036926,0.25914114713668823,0.0002517573884688318,0.043908149003982544,0.04773082584142685,0.012794827111065388,0.015422043390572071,3.6717393570029344e-09,-1.3075768912074182e-08,1.1548399925231934e-07,-1.750886369222826e-08,1.4129095404769032e-07,5.270587166705809e-08,-6.170943578354127e-08,1.578591763973236e-07,-5.759298815632974e-08,1.7203390711983957e-07
00:00:02:13.216,61,1.2806616211946675e-07,1.1399388100130636e-08,-4.845671242037497e-08,4.461966440771903e-08,-1.0403804395764382e-07,0.009720049798488617,0.21515117585659027,-1.4327466146824008e-07,-8.292496289641349e-08,-2.533197429599454e-09,-6.34882582062346e-08,1.1652708309384252e-07,0.009762005880475044,0.21531623601913452,0.010377478785812855,-0.0005592334782704711,0.009098821319639683,0.025716200470924377,0.02046729251742363,0.05333883315324783,0.04869408532977104,0.0050353240221738815,-0.0001032968211802654,0.10190677642822266,0.10061079263687134,-0.00025006502983160317,0.0003829874040093273,0.00782761536538601,0.007600703276693821,0.009092023596167564,0.0058051301166415215,0.0019169040024280548,0.005694299470633268,0.0031503629870712757,0.0029615049716085196,-3.611739884945564e-05,0.00044540330418385565,0.07233414053916931,0.06739820539951324,0.0342058502137661,0.0326412059366703,-0.000714625115506351,-0.00039628148078918457,0.24977341294288635,0.25296086072921753,0.25324660539627075,0.00034483580384403467,0.04351925849914551,0.0481250062584877,0.01488011609762907,0.01759428344666958,3.5064295911269028e-09,-2.0116567966965704e-08,1.3364478945732117e-07,-2.6039778333597496e-08,1.4764256661692343e-07,5.765352284470282e-08,-5.96977756117667e-08,1.7304438415521872e-07,-5.507841649432521e-08,1.7434358312584664e-07
00:00:02:14.233,61,1.3057142211891914e-07,1.1436640967588119e-08,-4.9481169384080204e-08,4.548579468632852e-08,-1.0604038891415257e-07,0.008668211288750172,0.23359039425849915,-1.4613382859351987e-07,-8.467584677873674e-08,-2.5704502970569365e-09,-6.475485747614584e-08,1.1891126661112139e-07,0.008713006041944027,0.2337619811296463,0.009377858601510525,-0.000529104087036103,0.008128957822918892,0.021413421258330345,0.017566639930009842,0.06346453726291656,0.06581106781959534,0.005276927724480629,-3.824993837042712e-05,0.08914247155189514,0.08935555815696716,-0.0004164481069892645,0.0003925144555978477,0.006846402306109667,0.006646336521953344,0.0076862722635269165,0.005405870266258717,0.001603620476089418,0.005562680773437023,0.004219318740069866,0.003550515975803137,0.0001566234277561307,0.0006614932208321989,0.06824576109647751,0.06309502571821213,0.03371211513876915,0.03254241868853569,-0.0006410634377971292,-0.00030814469209872186,0.2445523887872696,0.24916929006576538,0.24946622550487518,0.0006910818628966808,0.04125872626900673,0.046184007078409195,0.016141386702656746,0.019428543746471405,3.5867560033153723e-09,-2.0656734989188408e-08,1.3614072713608039e-07,-2.6207416681245377e-08,1.5059485747315193e-07,5.882000664314546e-08,-6.083399028966596e-08,1.7654150497037335e-07,-5.602836594675864e-08,1.7769635007880424e-07
00:00:02:14.250,61,1.379661256351028e-07,1.575797803354817e-08,-5.492940502449528e-08,4.7180801487911594e-08,-1.1125579391091378e-07,0.0072698770090937614,0.24821661412715912,-1.5391036356504628e-07,-8.706003740144297e-08,1.6763805898989403e-09,-6.968620880343224e-08,1.2932345327953954e-07,0.0073170424439013,0.24838313460350037,0.008363446220755577,-0.0004428737738635391,0.007588065695017576,0.020911015570163727,0.015255441889166832,0.0847557857632637,0.08059369027614594,0.005311230197548866,7.10362583049573e-05,0.07530798017978668,0.07697656750679016,-0.0004132114409003407,0.000564520072657615,0.005286714527755976,0.005056816153228283,0.007414930034428835,0.005757544189691544,0.0008943013963289559,0.005297916010022163,0.004281048662960529,0.004322044085711241,0.0001514583855168894,0.0006750683533027768,0.07565783709287643,0.07035118341445923,0.03747282177209854,0.03677923604846001,-0.0006565558724105358,-0.00033497094409540296,0.24094665050506592,0.24534329771995544,0.24563685059547424,0.0009348925668746233,0.03779967129230499,0.04318581148982048,0.015356229618191719,0.01938345469534397,3.6088749766349792e-09,-2.4605542492395216e-08,1.4923513447229197e-07,-3.119930624961853e-08,1.5802680763954413e-07,6.297835852819844e-08,-6.128102825186943e-08,1.8918886723895412e-07,-5.63636426420544e-08,1.8376857724433648e-07
00:00:02:15.266,61,1.3592652692295815e-07,2.1420419216156006e-08,-5.83473607207452e-08,4.524365238012251e-08,-1.0870397204598703e-07,0.0058415913954377174,0.25751441717147827,-1.5114433438156993e-07,-8.210540158870572e-08,9.089708541409891e-09,-7.071532337477038e-08,1.3340265070382884e-07,0.00589451240375638,0.25767064094543457,0.007530465722084045,-0.00034084540675394237,0.007530952803790569,0.023062191903591156,0.013757617212831974,0.11199943721294403,0.08923982828855515,0.005271620117127895,9.086247882805765e-05,0.06577002257108688,0.06880597770214081,-0.0002456670918036252,0.0007292136433534324,0.004190904088318348,0.003962488379329443,0.007988696917891502,0.0069326721131801605,0.00047514139441773295,0.0052193533629179,0.003713717218488455,0.0049033137038350105,5.800388680654578e-05,0.0006041200249455869,0.0941743403673172,0.08881513774394989,0.04652668163180351,0.04639028385281563,-0.0007417380693368614,-0.00043495773570612073,0.2368723750114441,0.24369511008262634,0.24397312104701996,0.0010870215483009815,0.035223957151174545,0.041033171117305756,0.016489220783114433,0.02146373689174652,3.2642857306086626e-09,-2.896413242581275e-08,1.558102695753405e-07,-3.665685710529942e-08,1.5430151734108222e-07,6.347195835587627e-08,-5.604699282457659e-08,1.9101426573797653e-07,-5.092471866419146e-08,1.7505139737750142e-07
00:00:02:16.283,61,1.3240612872778001e-07,2.501532492260594e-08,-5.986541395941458e-08,4.308298073851802e-08,-1.0520219717591317e-07,0.004895791877061129,0.25908467173576355,-1.467764434437413e-07,-7.739290452946079e-08,1.400709148668966e-08,-7.035676219402376e-08,1.3422220490610925e-07,0.004954906180500984,0.2592238485813141,0.006949631031602621,-0.0001957032800419256,0.008072596974670887,0.0257272906601429,0.009491345845162868,0.13949395716190338,0.090087890625,0.0050772130489349365,0.0001711445365799591,0.0608939453959465,0.06492915749549866,-0.00026675371918827295,0.0007351037347689271,0.003834221977740526,0.00361184636130929,0.008462432771921158,0.00780395045876503,0.00028589190333150327,0.004817810840904713,0.0027094536926597357,0.006256659049540758,0.00016641915135551244,0.00076868268661201,0.11759872734546661,0.11222131550312042,0.06008964404463768,0.06028610095381737,-0.0009012853843159974,-0.0006349945324473083,0.23281371593475342,0.24111010134220123,0.24137777090072632,0.0011154541280120611,0.03402852267026901,0.04010004922747612,0.01825227402150631,0.024410750716924667,2.965098166995972e-09,-3.1739475048198074e-08,1.5800819141986722e-07,-3.9692967135351864e-08,1.4919787361122872e-07,6.280373554545804e-08,-5.155801829914708e-08,1.8925406664038746e-07,-4.647299789439785e-08,1.6648321832235524e-07
00:00:02:17.299,61,1.231487800623654e-07,1.7769634652609057e-08,-5.168840289115906e-08,4.138797393693494e-08,-9.88133237456168e-08,0.00386378588154912,0.2563905119895935,-1.3710931057175912e-07,-7.558614356639737e-08,6.0722231687293515e-09,-6.34277270705752e-08,1.1913478203950945e-07,0.003921893425285816,0.2565031349658966,0.006684445310384035,-0.00010213978384854272,0.00957127008587122,0.02812178060412407,0.005460820160806179,0.16007362306118011,0.08308055996894836,0.0045362673699855804,0.00013435224536806345,0.05888378992676735,0.06382475048303604,-0.0003393128572497517,0.0006217198097147048,0.003256720257923007,0.0030010947957634926,0.009887855499982834,0.009648740291595459,0.00010048151307273656,0.004000650253146887,0.002110147150233388,0.007475285325199366,0.00015793659258633852,0.000823558890260756,0.1392488330602646,0.13383427262306213,0.07180987298488617,0.07224753499031067,-0.0006951665855012834,-0.00047549366718158126,0.23091331124305725,0.2386600822210312,0.2389088273048401,0.0009918479481711984,0.0333092175424099,0.0396098792552948,0.020716967061161995,0.027637295424938202,3.052409658366173e-09,-2.468004822731018e-08,1.3854354108389089e-07,-3.132969084163051e-08,1.4042481666365347e-07,5.713198447665491e-08,-5.22285716897386e-08,1.7175450750528398e-07,-4.7516078183207355e-08,1.605600061793666e-07
00:00:02:18.316,61,1.3320706671038351e-07,2.4475157900383238e-08,-5.964189853102653e-08,4.341825743381378e-08,-1.0602175848362094e-07,0.003186858259141445,0.2577490210533142,-1.4782882828967558e-07,-7.83801112902438e-08,1.288950457478677e-08,-7.048714678603574e-08,1.3427808198684943e-07,0.0032498871441930532,0.2578636407852173,0.006470723543316126,-6.201345240697265e-05,0.010530172847211361,0.03432008624076843,0.002812616527080536,0.1825913041830063,0.07127602398395538,0.004541303496807814,-1.1250525858486071e-05,0.058889780193567276,0.06337468326091766,-0.00023391484864987433,0.0007285330211743712,0.0032543721608817577,0.003002271754667163,0.011274997144937515,0.011477581225335598,0.0002455225621815771,0.0035374974831938744,0.0010095381876453757,0.007316862232983112,0.00022635866480413824,0.0009324869606643915,0.16563403606414795,0.16004548966884613,0.0842394083738327,0.0844087228178978,-0.0007082080701366067,-0.0005011034081690013,0.22797904908657074,0.23734813928604126,0.2375989556312561,0.0008643838227726519,0.0348149836063385,0.04092247039079666,0.021124038845300674,0.028508566319942474,3.0396041239555416e-09,-3.088265643214072e-08,1.5767291472457146e-07,-3.9245932725862076e-08,1.503527187196596e-07,6.303424271436597e-08,-5.234032940393263e-08,1.8975697457790375e-07,-4.72553089991834e-08,1.6808509428756224e-07
00:00:02:20.333,61,1.3392418907187675e-07,2.259388587333433e-08,-5.852431073094522e-08,4.4098122486957436e-08,-1.0685995022186034e-07,0.002567600691691041,0.2576308846473694,-1.4876015086429106e-07,-8.011236474203542e-08,1.0617076995345087e-08,-7.019843906164169e-08,1.3291835898598947e-07,0.0026257801800966263,0.25775015354156494,0.006584943737834692,-5.6022741773631424e-05,0.013093428686261177,0.0423196516931057,0.0018207402899861336,0.1919618397951126,0.05269607529044151,0.004682968370616436,-0.00010591173486318439,0.05072425678372383,0.0541633740067482,-0.00028870225651189685,0.000625207438133657,0.003948269411921501,0.0035715692210942507,0.01672406867146492,0.01771702617406845,0.00012276142660994083,0.0032061932142823935,0.0002572505036368966,0.006238812580704689,0.0002745288365986198,0.0009485238115303218,0.18388964235782623,0.17828050255775452,0.08973833173513412,0.08954349160194397,-0.0006980538601055741,-0.0005126532632857561,0.23406189680099487,0.23330608010292053,0.2335527390241623,0.0005119998240843415,0.03535989299416542,0.04052024707198143,0.016741948202252388,0.023452850058674812,3.1490343666007448e-09,-2.9485672570217503e-08,1.5564262412226526e-07,-3.7625433435550804e-08,1.5171244172051956e-07,6.293412013747002e-08,-5.4202974553163585e-08,1.8919817534879257e-07,-4.9117954148414356e-08,1.7128884621797624e-07
00:00:02:21.350,61,1.246482099759305e-07,2.1904707381281696e-08,-5.5134297127779064e-08,4.0875747231439163e-08,-9.930692357329463e-08,0.002485115546733141,0.25721579790115356,-1.38394540272202e-07,-7.409602176267072e-08,1.098960655809833e-08,-6.558373399911943e-08,1.246482099759305e-07,0.002530838595703244,0.2573446035385132,0.007857986725866795,3.311358523205854e-05,0.015241604298353195,0.04693331569433212,0.001314292079769075,0.18759849667549133,0.04040052369236946,0.005096036940813065,-0.00020975239749532193,0.04676157981157303,0.049016982316970825,-0.00020322322961874306,0.0005419051740318537,0.004344073589891195,0.0036661892663687468,0.022214379161596298,0.023250164464116096,0.0002496032393537462,0.002897092141211033,3.501862374832854e-05,0.005595254246145487,0.0002512635837774724,0.0008838438079692423,0.18901988863945007,0.18405422568321228,0.09176788479089737,0.091193787753582,-0.000699779368005693,-0.0005781209329143167,0.24039126932621002,0.2288753092288971,0.2291129231452942,0.0004705727915279567,0.035903558135032654,0.040182918310165405,0.011953366920351982,0.018028194084763527,2.8836075749438805e-09,-2.81818213210272e-08,1.4610589005314978e-07,-3.566965389723009e-08,1.4103949297350482e-07,5.8845618156055934e-08,-4.980713086411015e-08,1.768022741543973e-07,-4.4964252765566926e-08,1.584365918461117e-07
00:00:02:22.366,61,1.1004507882717007e-07,1.4826655458932692e-08,-4.533678321649859e-08,3.71690838107952e-08,-8.848495980373627e-08,0.0017441068775951862,0.2617110013961792,-1.22748318176491e-07,-6.809830921383764e-08,4.228204453227136e-09,-5.6354327426788586e-08,1.0551885054610466e-07,0.0017790182027965784,0.2618486285209656,0.008956171572208405,3.485642446321435e-05,0.0172138512134552,0.04644212871789932,0.0015914797550067306,0.16092731058597565,0.03418966755270958,0.004988738801330328,-9.57940355874598e-05,0.046293411403894424,0.047931548207998276,-5.979776324238628e-05,0.0006860404973849654,0.0041977716609835625,0.0033137178979814053,0.025075750425457954,0.02576577663421631,1.711781987978611e-05,0.002493155188858509,-5.241796316113323e-05,0.004858850035816431,0.00023230575607158244,0.0007580603705719113,0.17338591814041138,0.16936030983924866,0.08247093111276627,0.08192487061023712,-0.0005218798178248107,-0.000413711677538231,0.24208278954029083,0.2263592928647995,0.22658123075962067,0.00017598815611563623,0.0341789536178112,0.03799661248922348,0.00971501786261797,0.014577462337911129,2.7706845706632066e-09,-2.1457672971791908e-08,1.2241304148119525e-07,-2.7026981541666828e-08,1.2569130092288106e-07,5.088979548872885e-08,-4.740432046901333e-08,1.527089636965684e-07,-4.315748824978982e-08,1.4480202992217528e-07
00:00:02:22.383,61,1.0986812526425638e-07,1.2703240237499358e-08,-4.380009954729758e-08,3.761611822028499e-08,-8.873641377249442e-08,0.0021719527430832386,0.2672383487224579,-1.2271105731542775e-07,-6.951391640086513e-08,1.5273690090467085e-09,-5.5488200700892776e-08,1.0307878284265826e-07,0.002198062837123871,0.26739001274108887,0.009474499151110649,-6.964758358662948e-05,0.01669696904718876,0.040751390159130096,0.0028917058371007442,0.12615476548671722,0.030790161341428757,0.005439263768494129,-4.5171836973167956e-05,0.047480031847953796,0.048316024243831635,-0.00010541632946114987,0.0005137796979397535,0.0043097445741295815,0.003348433878272772,0.026220761239528656,0.026199117302894592,0.0002837005304172635,0.002288511022925377,4.337057544034906e-05,0.0035122698172926903,0.00017966101586353034,0.0006899498403072357,0.14703971147537231,0.1430971920490265,0.06588207185268402,0.06507759541273117,-0.0008804452372714877,-0.0007702123839408159,0.24593521654605865,0.22347459197044373,0.2236974686384201,9.010918802232482e-06,0.03232031688094139,0.03594218194484711,0.005619926378130913,0.008905024267733097,2.8801150353530147e-09,-1.9632279801840014e-08,1.1879950534421369e-07,-2.4940819187690977e-08,1.2628734680220077e-07,5.0324015177238834e-08,-4.891306204513057e-08,1.5074387249569554e-07,-4.48524950513729e-08,1.4681369009394984e-07
00:00:02:23.399,61,1.0766088820446384e-07,1.588836262556015e-08,-4.5597552400522545e-08,3.603286913289594e-08,-8.632429171484546e-08,0.0024056837428361177,0.2731378376483917,-1.1986121251084114e-07,-6.597488777515537e-08,5.904585265170681e-09,-5.561392768527185e-08,1.044198896238413e-07,0.0024228605907410383,0.27330440282821655,0.009750482626259327,-0.00015118498413357884,0.01570124551653862,0.03388318046927452,0.0035946560092270374,0.1015998050570488,0.029195155948400497,0.005636534187942743,-0.0001672970101935789,0.04574950039386749,0.04637905955314636,-0.00011446163262007758,0.000581203552428633,0.004576994571834803,0.0036863237619400024,0.02490776591002941,0.024995815008878708,0.0005476126098074019,0.002230527577921748,0.0003520755562931299,0.0026083257980644703,8.256418368546292e-05,0.000586111971642822,0.12293493002653122,0.11910999566316605,0.05399606376886368,0.052650198340415955,-0.0009751868201419711,-0.0008397507481276989,0.24920520186424255,0.21970699727535248,0.21993860602378845,8.278077439172193e-05,0.03047166019678116,0.03358457237482071,0.0031488239765167236,0.005396234802901745,2.650776931290011e-09,-2.1904707381281696e-08,1.213513343145678e-07,-2.799555609556137e-08,1.2278556482669956e-07,5.010515380377001e-08,-4.533678321649859e-08,1.5039928769056132e-07,-4.120171226418279e-08,1.4007090953782608e-07
00:00:02:24.416,61,1.3229437456629967e-07,1.2386590420021548e-08,-5.0701199683089726e-08,4.5932829095818306e-08,-1.0741874234554416e-07,0.002604364650323987,0.2789340615272522,-1.4813616644460126e-07,-8.553266184208042e-08,-1.7881393032936899e-09,-6.586313361367502e-08,1.2122094972255582e-07,0.00260520214214921,0.2791181206703186,0.009051328524947166,-0.00028005935018882155,0.01417523343116045,0.02737388201057911,0.00467251380905509,0.07625727355480194,0.02889687567949295,0.006071716547012329,-0.00018732892931438982,0.0445241779088974,0.04480825364589691,-0.00026816531317308545,0.0006641058716922998,0.004590862896293402,0.0037086945958435535,0.023129276931285858,0.02277783304452896,0.0009292514878325164,0.002305186353623867,0.0005614261608570814,0.002286442555487156,-5.5778400565031916e-05,0.000434848596341908,0.09852214902639389,0.09429500252008438,0.04190438613295555,0.0403728149831295,-0.000922549981623888,-0.0007800424355082214,0.25413453578948975,0.22145146131515503,0.22170092165470123,8.950531628215685e-05,0.029018685221672058,0.031681451946496964,0.00202261027880013,0.003718433901667595,3.615859833772106e-09,-2.117827513359316e-08,1.3856217151442252e-07,-2.7269125624229673e-08,1.5271827180640685e-07,5.988404438994621e-08,-6.102025196241811e-08,1.7943791874586168e-07,-5.62891351307826e-08,1.7944722685570014e-07
00:00:02:25.433,61,1.2278556482669956e-07,2.3357570100301928e-08,-5.560927007763894e-08,3.990717090118778e-08,-9.754672447570556e-08,0.0022148985881358385,0.28332123160362244,-1.3615935756661202e-07,-7.19726074294158e-08,1.2908130564426301e-08,-6.523448803363863e-08,1.2436881036137493e-07,0.0022278742399066687,0.28351980447769165,0.008839767426252365,-0.00038668542401865125,0.011984164826571941,0.022076059132814407,0.007001818623393774,0.06097467243671417,0.03255976736545563,0.006520294584333897,-0.0002635038981679827,0.03958486020565033,0.039901457726955414,0.0001807478111004457,0.000990921282209456,0.0043541984632611275,0.00342493481002748,0.01992788538336754,0.018587008118629456,0.001943349838256836,0.0029640269931405783,0.0008407585555687547,0.001405975199304521,-0.00021133542759343982,0.00030542767490260303,0.08226576447486877,0.07801671326160431,0.032743919640779495,0.03136624023318291,-0.0010759211145341396,-0.0008561622817069292,0.26529282331466675,0.22486919164657593,0.22511626780033112,0.0004095845215488225,0.027941355481743813,0.03092474862933159,0.0009757658699527383,0.0023678087163716555,2.7555506765253313e-09,-2.911314389564268e-08,1.4610589005314978e-07,-3.665685710529942e-08,1.3850629443368234e-07,5.8307776384936005e-08,-4.759058214176548e-08,1.7539598218263563e-07,-4.295259614650604e-08,1.548603165701934e-07
00:00:02:27.450,61,1.2122094972255582e-07,1.5012920684398523e-08,-4.9248338740426334e-08,4.123896246710501e-08,-9.764917052734745e-08,0.0018878707196563482,0.28609499335289,-1.3522803499199654e-07,-7.575377480861789e-08,3.1478704087817277e-09,-6.163492827226946e-08,1.1485069961736372e-07,0.0018945878837257624,0.28629374504089355,0.007853268645703793,-0.000344736356055364,0.010134415701031685,0.01844225823879242,0.009115718305110931,0.051379185169935226,0.03798115625977516,0.006907819304615259,-0.00024037196999415755,0.04002268612384796,0.04015641286969185,0.00018622518109623343,0.0011526233283802867,0.00362746836617589,0.0027082101441919804,0.017183801159262657,0.01468249037861824,0.0023123326245695353,0.003244392341002822,0.0006818874389864504,0.0010638049570843577,-0.0002609328948892653,0.0002073132200166583,0.0720801055431366,0.06763415038585663,0.026169009506702423,0.02500786818563938,-0.0008525538723915815,-0.000628770561888814,0.2769887447357178,0.2306734323501587,0.23093831539154053,0.0005991326179355383,0.026462361216545105,0.029307212680578232,0.0005634325789287686,0.0022033858112990856,3.1129456790068843e-09,-2.257525899551638e-08,1.3273209731323732e-07,-2.866610948615289e-08,1.388415711289781e-07,5.571870076437335e-08,-5.3048132997446373e-08,1.6726554008528183e-07,-4.8317016165810855e-08,1.6041100536767772e-07
00:00:02:28.466,61,1.3998709391671582e-07,2.2966414547909153e-08,-6.082467507440015e-08,4.637055184275596e-08,-1.1198222438224548e-07,0.0021033501252532005,0.2879706025123596,-1.5584751622554904e-07,-8.434057008344098e-08,1.0114162840579866e-08,-7.31507299178702e-08,1.3835727941113873e-07,0.0021184480283409357,0.28817012906074524,0.007145734969526529,-0.00034021001192741096,0.009374624118208885,0.018564682453870773,0.01117145735770464,0.04855022951960564,0.03937936946749687,0.006453729700297117,-0.00021019017731305212,0.04633495211601257,0.046996135264635086,-0.00023353591677732766,0.0006310416501946747,0.0038476695772260427,0.0031290757469832897,0.016151947900652885,0.01427722442895174,0.002285898895934224,0.0037799321580678225,0.000975490955170244,0.0009385642479173839,-0.00035727719659917057,7.936894689919427e-05,0.0715826004743576,0.06719082593917847,0.022482557222247124,0.02145502157509327,-0.0010678541148081422,-0.0008447194122709334,0.28155234456062317,0.238923117518425,0.23920325934886932,0.00048551964573562145,0.027220463380217552,0.030630093067884445,0.0007358252769336104,0.0023896628990769386,3.3329705662055176e-09,-3.039836826701503e-08,1.6154722004557698e-07,-3.851950225453038e-08,1.5897676064469124e-07,6.564892629512542e-08,-5.742534980868186e-08,1.97431077708643e-07,-5.185604123880694e-08,1.8004328694587457e-07
00:00:02:29.483,61,1.2256205650373886e-07,1.240521640966108e-08,-4.762783589740138e-08,4.242174256319231e-08,-9.926036170782027e-08,0.002082890598103404,0.29112744331359863,-1.3689511035863688e-07,-7.836148085971217e-08,-5.9604643443123e-10,-6.127171303660361e-08,1.1321156989652081e-07,0.002123088575899601,0.29130780696868896,0.006596939172595739,-0.0002509055193513632,0.007914279587566853,0.018240876495838165,0.010896355845034122,0.05195927992463112,0.042907409369945526,0.006247913930565119,-0.0003626846009865403,0.05358118563890457,0.05513747036457062,-6.960921018617228e-05,0.0005440163658931851,0.003339138813316822,0.0026439169887453318,0.014200571924448013,0.011190873570740223,0.001938088797032833,0.003914006520062685,0.0011128807673230767,0.001032765256240964,-0.000335822842316702,0.00017772495630197227,0.0801791399717331,0.07566115260124207,0.025920219719409943,0.0252059418708086,-0.0009261274244636297,-0.000665327301248908,0.2834530770778656,0.24186572432518005,0.2421235293149948,0.0007731281802989542,0.026797961443662643,0.031445495784282684,0.001285055885091424,0.003917749505490065,3.28058380461016e-09,-2.0246952558977682e-08,1.3021752920394647e-07,-2.624467043688128e-08,1.4118850799604843e-07,5.566515071109279e-08,-5.5767596762734684e-08,1.6700477090125787e-07,-5.152076454351118e-08,1.6517937240223546e-07
00:00:02:29.500,61,1.2702308538337093e-07,1.5385449358973347e-08,-5.1166860970397465e-08,4.331581138217189e-08,-1.0235235237132656e-07,0.0030951721128076315,0.29061004519462585,-1.4158896988192282e-07,-7.949769553761143e-08,2.5704502970569365e-09,-6.435904964519068e-08,1.1987984294137277e-07,0.0031453294213861227,0.29079529643058777,0.007115453481674194,-0.000377102114725858,0.008413842879235744,0.02193271927535534,0.012629499658942223,0.0617295503616333,0.04209716618061066,0.006665416527539492,-0.00027139444136992097,0.06029795482754707,0.06252297013998032,-5.697667438653298e-05,0.0004931923467665911,0.00346638192422688,0.0028346776962280273,0.015734661370515823,0.012930176220834255,0.0014449449954554439,0.0044157677330076694,0.0015845635207369924,0.001379198394715786,-0.000313909025862813,0.00018308772996533662,0.09334926307201385,0.08868639916181564,0.029186779633164406,0.028502240777015686,-0.0006920766900293529,-0.0003851938236039132,0.28405433893203735,0.2425370067358017,0.24281738698482513,0.0006847708718851209,0.029173705726861954,0.03405666723847389,0.0016170335002243519,0.004417093470692635,3.2864044818836646e-09,-2.3264437487569012e-08,1.3887881777918665e-07,-2.959743206076837e-08,1.4565884498551895e-07,5.828216842473921e-08,-5.587935447692871e-08,1.7501413651643816e-07,-5.120411472603337e-08,1.6871840102794522e-07
00:00:02:30.516,61,1.095235333536948e-07,2.6300549293978293e-08,-5.347654052911821e-08,3.4309923790942776e-08,-8.600763834465397e-08,0.003492604475468397,0.2944006323814392,-1.2081116551598825e-07,-6.066635194201808e-08,1.8663705247945472e-08,-6.01867213845253e-08,1.1693686019498273e-07,0.0035549700260162354,0.29458412528038025,0.007566929329186678,-0.00029179983539506793,0.009283963590860367,0.025979986414313316,0.011354688555002213,0.08219398558139801,0.042985811829566956,0.006981016602367163,-0.00016571287414990366,0.06567756831645966,0.06790889799594879,-4.823982817470096e-05,0.0004288843192625791,0.0028748451732099056,0.002239258959889412,0.015585794113576412,0.013391239568591118,0.000745519413612783,0.004513988737016916,0.0015645666280761361,0.0023582479916512966,-0.00035271362867206335,0.00011657163850031793,0.11512363702058792,0.11067301779985428,0.03972518444061279,0.0391811802983284,-0.0007593858172185719,-0.00047753454418852925,0.2843267619609833,0.24131278693675995,0.24159350991249084,0.0006849430501461029,0.03191781044006348,0.037180326879024506,0.003242970211431384,0.006877652369439602,2.1723098875270352e-09,-3.060326037029881e-08,1.3878569404823793e-07,-3.83891176625184e-08,1.2231990353939182e-07,5.3287948276192765e-08,-3.853812913234833e-08,1.609418518455641e-07,-3.3844262503635036e-08,1.3187528224989364e-07
00:00:02:31.533,61,9.125098898721262e-08,2.0097941089147753e-08,-4.3194742005425724e-08,2.9001384405091812e-08,-7.195398410431153e-08,0.0037068419624119997,0.3016004264354706,-1.0082498391739136e-07,-5.1613895379887254e-08,1.30385160446167e-08,-4.936475406225327e-08,9.518116428353096e-08,0.0037813009694218636,0.30178943276405334,0.007983006536960602,-0.00020528995082713664,0.009519859217107296,0.03433278948068619,0.010438255965709686,0.10979589819908142,0.04126676172018051,0.007577536627650261,-0.0001653141953283921,0.07495535910129547,0.07622766494750977,0.00014477252261713147,0.0004937225603498518,0.0029016814660280943,0.0020733585115522146,0.015741616487503052,0.013611230999231339,0.0007720467401668429,0.004911952652037144,0.0008440898382104933,0.002134229987859726,-0.0006742359837517142,-0.00011942535638809204,0.15107540786266327,0.1463184356689453,0.05297994613647461,0.05217444896697998,-0.0005741429049521685,-0.0003460693405941129,0.2849885821342468,0.24039722979068756,0.24067367613315582,0.001120686181820929,0.034892547875642776,0.040543269366025925,0.00438877334818244,0.008689545094966888,1.9010621965520613e-09,-2.386048514324557e-08,1.1323020032705244e-07,-3.0007214490979095e-08,1.0235235237132656e-07,4.396773789494546e-08,-3.3490358930521325e-08,1.3248994434889028e-07,-2.991408010188934e-08,1.1153519352546937e-07
00:00:02:32.549,61,1.1312775427541055e-07,1.385808001685973e-08,-4.570931366743025e-08,3.849156371416029e-08,-9.112059728977329e-08,0.0037458050064742565,0.3142033517360687,-1.2618490075055888e-07,-7.065013107876439e-08,2.8684734587614003e-09,-5.741603814612972e-08,1.071207194058843e-07,0.0038243539165705442,0.31439802050590515,0.008241561241447926,-0.00014766021922696382,0.010807313956320286,0.049443550407886505,0.008184029720723629,0.13893061876296997,0.03472444415092468,0.007967252284288406,-0.00025590043514966965,0.08118410408496857,0.08212301135063171,-3.572761852410622e-05,0.0004788774240296334,0.0031197548378258944,0.002137131989002228,0.017994849011301994,0.01607142575085163,0.0006377443787641823,0.005146460607647896,0.0002600926090963185,0.002341055078431964,-0.0007194563513621688,-7.652967906324193e-05,0.19530807435512543,0.19014878571033478,0.07186148315668106,0.07109543681144714,-0.0007200276595540345,-0.00053281185682863,0.28934726119041443,0.23817108571529388,0.23844385147094727,0.0012436582474038005,0.039668139070272446,0.04544149711728096,0.005720166023820639,0.011214437894523144,2.9068905060825045e-09,-2.0917504173212365e-08,1.24350194141698e-07,-2.657994713217704e-08,1.2971460705557547e-07,5.201902197882191e-08,-4.960223876082637e-08,1.5607103875936446e-07,-4.5448540930692616e-08,1.500546886745724e-07
00:00:02:33.566,61,1.0517425863554308e-07,-3.1664967869993177e-10,-3.2726674703553726e-08,3.8892029152748364e-08,-8.689239905379509e-08,0.004824578296393156,0.32847949862480164,-1.1836178259727603e-07,-7.409602176267072e-08,-1.4081597221604625e-08,-4.864763525347371e-08,8.556991559771632e-08,0.0048990268260240555,0.32867881655693054,0.009605745784938335,-0.00020562007557600737,0.013377475552260876,0.07147615402936935,0.004445664118975401,0.17350421845912933,0.025337085127830505,0.007980862632393837,-0.0003696663770824671,0.08557460457086563,0.08618161827325821,-7.477938925148919e-05,0.0004947459674440324,0.0036868483293801546,0.0026162350550293922,0.020695144310593605,0.019445626065135002,0.00043156862375326455,0.0049368576146662235,-0.0003375443920958787,0.002886736998334527,-0.00046699889935553074,0.0002575254475232214,0.2530699670314789,0.24752773344516754,0.09737815707921982,0.09751541167497635,-0.0009647094993852079,-0.0008137249969877303,0.28674447536468506,0.23744842410087585,0.23770169913768768,0.0011250537354499102,0.04353538900613785,0.049627527594566345,0.007844990119338036,0.014935770072042942,3.390014269299968e-09,-8.493661773911754e-09,9.533017930607457e-08,-1.1865049387438376e-08,1.2421980954968603e-07,4.5178456531402844e-08,-5.619600429440652e-08,1.3464131143337e-07,-5.269423297704634e-08,1.530349322820257e-07
00:00:02:35.583,61,9.018927471515781e-08,9.965151370749936e-09,-3.546476534665999e-08,3.10130410241527e-08,-7.309019878221079e-08,0.006656001787632704,0.34449294209480286,-1.0063871513921185e-07,-5.7388096053045956e-08,8.19563861220729e-10,-4.5327468001232774e-08,8.415430841068883e-08,0.006737875752151012,0.3447052836418152,0.013448267243802547,-8.18065891508013e-05,0.017619561403989792,0.11258751153945923,0.0023857769556343555,0.1947900354862213,0.013595318421721458,0.008216270245611668,-0.00042796824709512293,0.08570397645235062,0.08819218724966049,7.60966504458338e-05,0.0003010262444149703,0.005463893990963697,0.004165734630078077,0.02994675002992153,0.0291451383382082,0.0002082312130369246,0.00518458615988493,-0.0008231723331846297,0.003163822228088975,-0.00044150903704576194,0.0003503063344396651,0.3219444751739502,0.31676656007766724,0.12116685509681702,0.12228502333164215,-0.0008606958435848355,-0.0007364368648268282,0.28655993938446045,0.23483391106128693,0.2350682020187378,0.0011533399811014533,0.04751429706811905,0.05360451713204384,0.007335829082876444,0.015720944851636887,2.3900066370430295e-09,-1.544132821607036e-08,9.730458572221323e-08,-2.0284206314613584e-08,1.043826358682054e-07,4.130881237074391e-08,-4.0363520525943386e-08,1.235492561590945e-07,-3.708526463697126e-08,1.210719347000122e-07
00:00:02:36.600,61,6.488524206815782e-08,7.860362138956134e-09,-2.5965272598682532e-08,2.2118911147117615e-08,-5.2498652536314694e-08,0.00881599634885788,0.35814812779426575,-7.212162245195941e-08,-4.086643556888703e-08,1.3411045607369942e-09,-3.269407855555073e-08,6.092712112604204e-08,0.008898495696485043,0.35838308930397034,0.019727099686861038,-7.724799070274457e-05,0.01953783445060253,0.1579461395740509,0.0013528343988582492,0.20196513831615448,0.005019152536988258,0.008394025266170502,-0.0003652503655757755,0.0840279757976532,0.08711182326078415,9.315609531768132e-06,6.553947605425492e-05,0.007367023266851902,0.005770883522927761,0.04494069889187813,0.044208426028490067,0.00033846974838525057,0.005594748072326183,-0.0007224774453788996,0.0026489635929465294,-0.00047254026867449284,0.00034190400037914515,0.38826727867126465,0.3827335238456726,0.13464520871639252,0.13673028349876404,-0.0007540213991887867,-0.0006493437103927135,0.288222998380661,0.2340482771396637,0.23425625264644623,0.001036451430991292,0.049782104790210724,0.05575672164559364,0.00706693297252059,0.015412871725857258,1.6833655580583695e-09,-1.145526784540607e-08,7.152557657263969e-08,-1.529231674624043e-08,7.562339021660591e-08,3.007007620681179e-08,-2.862885573051699e-08,8.950941321472783e-08,-2.60770320892334e-08,8.616596147703603e-08
00:00:02:37.616,61,5.641020806024244e-08,2.3655593039961786e-08,-3.471970444479666e-08,1.535750904224642e-08,-4.275701925848807e-08,0.009711924009025097,0.37072163820266724,-6.089918258567195e-08,-2.4791807717861047e-08,2.197921311619666e-08,-3.432389306112782e-08,7.003545476891304e-08,0.009793434292078018,0.3709745407104492,0.02947477623820305,-0.00013195216888561845,0.02283061109483242,0.18389549851417542,0.0011957603273913264,0.18724800646305084,0.0008342224173247814,0.00855113472789526,-0.00015458885172847658,0.08606498688459396,0.08932404220104218,0.00013195694191381335,0.00026926666032522917,0.011765453964471817,0.009927095845341682,0.062033504247665405,0.06149923428893089,-7.965802797116339e-05,0.005504684988409281,-0.00037921578041277826,0.0007898743497207761,-0.0007247044704854488,0.00010712668154155836,0.43126145005226135,0.425487220287323,0.1343080848455429,0.13691802322864532,-0.0006284940172918141,-0.000530028366483748,0.2921901047229767,0.22960975766181946,0.22981376945972443,0.0008836373453959823,0.04999364912509918,0.05562664195895195,0.003688646014779806,0.011196748353540897,6.216578363194003e-10,-2.3599714182864773e-08,8.752569868875071e-08,-2.959743206076837e-08,6.172805910864554e-08,3.02493567971851e-08,-1.2237578950191619e-08,9.077601248463907e-08,-9.38773148106975e-09,5.729496521666988e-08
00:00:02:37.633,61,6.616115655333488e-08,1.4062971231965093e-08,-3.0957163943412525e-08,2.1085142520860245e-08,-5.248934087376256e-08,0.009859745390713215,0.38516247272491455,-7.27362916563834e-08,-3.753229904646105e-08,8.828937581029095e-09,-3.547873461684503e-08,6.83963321534975e-08,0.009941206313669682,0.3854537904262543,0.03634490445256233,-0.0001643051946302876,0.02489924617111683,0.20384986698627472,0.0013504785019904375,0.17540180683135986,0.0006172878784127533,0.00898117758333683,-0.0003065634227823466,0.08803408592939377,0.09019147604703903,0.0001550598390167579,0.00018201708735432476,0.01765294373035431,0.015458542853593826,0.07621738314628601,0.07530661672353745,-0.00018119573360309005,0.006125016137957573,-0.0001459425693610683,-0.0002674706338439137,-0.000584068417083472,0.0002660513564478606,0.457661896944046,0.45145851373672485,0.1301897019147873,0.132827028632164,-0.0007872426649555564,-0.0007016778108663857,0.29153382778167725,0.22643713653087616,0.22664356231689453,0.0006983403582125902,0.049793537706136703,0.05481391400098801,0.0007290212670341134,0.00746877770870924,1.4121178670833956e-09,-1.704320240492052e-08,8.245930160910575e-08,-2.1588057563803886e-08,7.595866691190167e-08,3.232155165733275e-08,-2.4922192309873026e-08,9.621493290978833e-08,-2.197921311619666e-08,8.124857941993469e-08
00:00:02:38.649,61,7.499009058165029e-08,1.2386590420021548e-08,-3.240071322352378e-08,2.472661364549822e-08,-6.014481357397017e-08,0.011913900263607502,0.3993372321128845,-8.281320162950578e-08,-4.48897488070088e-08,5.401671110405459e-09,-3.8887375097829135e-08,7.355586006951853e-08,0.012003028765320778,0.3996371924877167,0.04171386733651161,-0.0001257409167010337,0.0263550765812397,0.2182159423828125,0.0013843408087268472,0.16788791120052338,9.29608904698398e-06,0.009543905034661293,-0.0003447814960964024,0.08579251915216446,0.08807256072759628,0.0002455890062265098,0.0003056588757317513,0.022451195865869522,0.020113904029130936,0.0887417420744896,0.08717548102140427,-0.00018770575115922838,0.006681023631244898,-0.0002557978150434792,-0.0009360580006614327,-0.0006699521327391267,0.0002332174772163853,0.4765499532222748,0.4698367416858673,0.12433307617902756,0.12719999253749847,-0.000566270959097892,-0.0004847872187383473,0.28991755843162537,0.2222309112548828,0.22242936491966248,0.0003915751585736871,0.04887961223721504,0.05400863662362099,-0.0010708202607929707,0.005082571413367987,1.7916318428845557e-09,-1.6205012443037958e-08,8.771196036150286e-08,-2.086162531611535e-08,8.696689945963954e-08,3.57418308283286e-08,-3.09757872685168e-08,1.0610558121015856e-07,-2.767890627808356e-08,9.551644097882672e-08
00:00:02:39.666,61,1.0458752797148918e-07,8.717178978656648e-09,-3.9041040622578294e-08,3.6396087921275466e-08,-8.51880770369462e-08,0.013364924117922783,0.41060662269592285,-1.164805141229408e-07,-6.780028627417778e-08,-2.94297941572097e-09,-5.124602608930218e-08,9.395181876925562e-08,0.013454919680953026,0.410939484834671,0.043982792645692825,-6.264477997319773e-05,0.02636936493217945,0.22064800560474396,0.0014118473045527935,0.1572992354631424,0.00023529946338385344,0.01021389476954937,-0.0004658389079850167,0.07924357056617737,0.08076459169387817,0.000134074391098693,0.00012976616562809795,0.025848688557744026,0.023344187065958977,0.09668153524398804,0.09437187016010284,-1.9705296381289372e-06,0.007222502026706934,-0.0003612166619859636,-0.0013990093721076846,-0.0005015921778976917,0.0004038246697746217,0.4769936501979828,0.4700351357460022,0.11380641907453537,0.1162557378411293,-0.0006601065397262573,-0.000618891732301563,0.28798216581344604,0.2167544960975647,0.21695640683174133,3.4873784898081794e-05,0.047140371054410934,0.05189526453614235,-0.0015951840905472636,0.0033406505826860666,2.9045623683998656e-09,-1.5832483768463135e-08,1.0937452543657855e-07,-2.0768492703382435e-08,1.2258067272341577e-07,4.7611539599756725e-08,-4.9397350210256263e-08,1.4133750880773732e-07,-4.548579468632852e-08,1.4208256970960065e-07
00:00:02:40.683,61,1.0272488282225822e-07,7.078051478259795e-09,-3.726221464717128e-08,3.621913435836177e-08,-8.386560068629478e-08,0.015693791210651398,0.41838759183883667,-1.1461786897370985e-07,-6.750226333451792e-08,-4.805624342907322e-09,-4.991888857830418e-08,9.076669726937325e-08,0.015795137733221054,0.418733686208725,0.04158470034599304,-0.00010863036004593596,0.025046171620488167,0.2089950442314148,0.0022136622574180365,0.1419229954481125,0.0008151763468049467,0.010594811290502548,-0.00039034392102621496,0.07360360771417618,0.07422249019145966,0.0002966463507618755,0.00034434915869496763,0.028593653813004494,0.02612440660595894,0.10086486488580704,0.0977848470211029,-0.0001567971776239574,0.008508189581334591,-0.00011486910079838708,-0.0016662607667967677,-0.0005752372671850026,0.0002671922848094255,0.43652766942977905,0.4294091761112213,0.09004804491996765,0.09157419204711914,-0.0007822078187018633,-0.0007330483058467507,0.2814977169036865,0.20873725414276123,0.20894171297550201,-0.00014344841474667192,0.043874431401491165,0.048866357654333115,-0.0014893733896315098,0.002071764087304473,2.9359943365392382e-09,-1.4100224099422576e-08,1.0548159679046876e-07,-1.8849968697054464e-08,1.2075528843524808e-07,4.641944428840361e-08,-4.962086563864432e-08,1.376122185092754e-07,-4.587694846236445e-08,1.4148652383028093e-07
00:00:02:42.700,61,9.190291194727251e-08,-3.613531696089467e-09,-2.6226043559063328e-08,3.472901966006248e-08,-7.673166635413509e-08,0.015755770727992058,0.4254223704338074,-1.035071903743301e-07,-6.662681784064262e-08,-1.624226619867386e-08,-4.122033558928706e-08,7.126480028318838e-08,0.01586098037660122,0.42579278349876404,0.03686923533678055,-0.0002372897433815524,0.022698314860463142,0.17733848094940186,0.0034911090042442083,0.10429351776838303,0.00045563012827187777,0.011151919141411781,-0.0003732197219505906,0.07446153461933136,0.07387100905179977,-0.00021285742695908993,0.0003423875605221838,0.032474666833877563,0.030076326802372932,0.10213521867990494,0.0974469929933548,-0.00039645552169531584,0.010214057750999928,9.661123476689681e-05,-0.000507531629409641,-0.00035119691165164113,0.0005146257462911308,0.34385064244270325,0.33661049604415894,0.04544617608189583,0.045589495450258255,-0.0005631268140859902,-0.0004601138934958726,0.27419185638427734,0.201304093003273,0.201524555683136,-0.0002484953438397497,0.03925938531756401,0.044494736939668655,-0.001569658052176237,0.0002389243309153244,3.1339004724628694e-09,-4.824250776636063e-09,7.98329722329072e-08,-7.3760748620088634e-09,1.1049210968394618e-07,3.920169433513365e-08,-5.1930545197365063e-08,1.1553056822322105e-07,-4.8764050575300644e-08,1.3653189512297104e-07
00:00:02:43.716,61,1.1524185339339965e-07,7.823109271498652e-09,-4.1676685214042664e-08,4.080124327288104e-08,-9.412877233216932e-08,0.01590467430651188,0.42508602142333984,-1.2884848388239334e-07,-7.618218944571709e-08,-5.662441182607836e-09,-5.6042335216943684e-08,1.0179356024764274e-07,0.01604270376265049,0.4254981279373169,0.0301091056317091,-1.9194632841390558e-05,0.012406032532453537,0.11454883217811584,0.07063528895378113,0.025118399411439896,0.0019912468269467354,0.012080766260623932,-0.00023840669018682092,0.07104740291833878,0.06718632578849792,0.0005969865596853197,0.0006387050379998982,0.03538687154650688,0.03342071920633316,0.10204849392175674,0.09219145029783249,0.014576508663594723,0.01929057203233242,-0.001248124404810369,0.0003233949828427285,0.0005232200492173433,0.0014824504032731056,0.20627601444721222,0.20065368711948395,0.0018158757593482733,0.0016059970948845148,-0.0002402508252998814,-0.00017968266911339015,0.26418790221214294,0.1943269520998001,0.19457224011421204,-0.0001734084653435275,0.036301515996456146,0.0421772301197052,-0.0015135217690840364,-0.0010347419884055853,3.3166724922040203e-09,-1.5795230012827233e-08,1.1729076732081012e-07,-2.0731240724103372e-08,1.3472512705448025e-07,5.173962591698e-08,-5.615875053877062e-08,1.5391036356504628e-07,-5.189329499444284e-08,1.5903263772543141e-07
00:00:02:44.733,61,1.738499832981688e-07,2.1699815277997914e-08,-7.059425399802421e-08,5.925074120227691e-08,-1.4030374018147995e-07,0.016929296776652336,0.4186052680015564,-1.9373372595055116e-07,-1.0859221077907932e-07,4.246830886955877e-09,-8.838251375209438e-08,1.645646960923841e-07,0.0170760340988636,0.4191046953201294,0.028588391840457916,0.0005065228906460106,0.003228498622775078,0.09189911186695099,0.09477677196264267,-0.0014897143701091409,0.00165434624068439,0.014410149306058884,-0.00014020987146068364,0.0735781267285347,0.06655833125114441,0.0005645794444717467,0.0004080361977685243,0.038796573877334595,0.03689507395029068,0.09493058919906616,0.0780097022652626,0.05058109760284424,0.030396513640880585,-0.0006267386488616467,0.0007228327449411154,0.0015658157644793391,0.0029010875150561333,0.14209260046482086,0.13356345891952515,0.00012814819638151675,0.0012241315562278032,-0.000466799276182428,-0.0006228479905985296,0.25621962547302246,0.18642784655094147,0.18670020997524261,0.0007535552722401917,0.03718346729874611,0.04344663769006729,-0.0015653863083571196,-0.0014133462682366371,4.486646609791478e-09,-3.235414780533574e-08,1.9211321955481253e-07,-4.118308538636484e-08,1.9986183019682358e-07,8.038477972149849e-08,-7.653608946611712e-08,2.40448855493014e-07,-6.99609543630686e-08,2.2925436837795132e-07
00:00:02:45.750,61,1.7759390402716235e-07,1.3820827149402248e-08,-6.60680257169588e-08,6.240792771450288e-08,-1.4464370678979321e-07,0.017591724172234535,0.41091567277908325,-1.9851140109494736e-07,-1.1602416805089888e-07,-6.034970301271869e-09,-8.725095312911435e-08,1.5949829901273915e-07,0.017742902040481567,0.4114360511302948,0.027035187929868698,0.0005107957404106855,0.0003346866287756711,0.08676093071699142,0.10064741224050522,-0.0008629155345261097,0.0010456228628754616,0.014924352057278156,-0.00014775546151213348,0.07409735769033432,0.0663335919380188,0.000306436704704538,7.735431427136064e-05,0.03900013864040375,0.03724082559347153,0.09116552025079727,0.07321564853191376,0.05704367533326149,0.033277593553066254,-0.0009152848506346345,0.0006512983236461878,0.0015431256033480167,0.002932695671916008,0.12614387273788452,0.11667077988386154,-0.00017981708515435457,0.0009338075178675354,-0.000796839885879308,-0.0009702116367407143,0.25477784872055054,0.18331791460514069,0.18359634280204773,0.0006541495095007122,0.03823954612016678,0.04463668167591095,-0.000994828063994646,-0.0011798315681517124,4.9953814418302045e-09,-2.6337803049614195e-08,1.8374994681380485e-07,-3.393739334001111e-08,2.0626931984679686e-07,8.011236474203542e-08,-8.445233135034869e-08,2.3923814751469763e-07,-7.798895040878051e-08,2.4281442279061594e-07
00:00:02:45.766,61,1.814402708077978e-07,-2.0489096530518225e-10,-5.7127326869022e-08,6.698071786104265e-08,-1.501757651567459e-07,0.018449418246746063,0.4073697626590729,-2.0419247448444366e-07,-1.272559160270248e-07,-2.3841858265427618e-08,-8.412636987031874e-08,1.4834105854788504e-07,0.018601739779114723,0.40789422392845154,0.026262342929840088,0.0005611500237137079,-0.0005627745413221419,0.08536608517169952,0.10120029747486115,-0.0010339111322537065,0.0014162457082420588,0.01507073175162077,-0.00012889663048554212,0.07127037644386292,0.06418229639530182,0.00031961529748514295,8.024677663343027e-05,0.038774315267801285,0.03703201189637184,0.08994234353303909,0.07167927920818329,0.0586995854973793,0.034578897058963776,-0.0007939673378132284,0.0009132903651334345,0.001724445028230548,0.003181422594934702,0.1237650141119957,0.1146300882101059,0.00011626302875811234,0.001536014024168253,-0.0006469729705713689,-0.0008280021138489246,0.25557494163513184,0.1810615509748459,0.18134595453739166,0.0007737539708614349,0.03856555372476578,0.04528653621673584,-0.0010619830572977662,-0.0007867008680477738,5.807960334891504e-09,-1.5497207073167374e-08,1.6646460210267833e-07,-2.101063678594528e-08,2.1433457675357204e-07,7.850816530208249e-08,-9.706243986329355e-08,2.3357570455573295e-07,-9.085982810574933e-08,2.628192419251718e-07
00:00:02:46.783,61,1.531280560129744e-07,-9.350478613612268e-09,-4.120171226418279e-08,5.876645303715122e-08,-1.2839213070492406e-07,0.018769443035125732,0.4101296365261078,-1.7316079947704566e-07,-1.1313706949067637e-07,-3.196299047658613e-08,-6.753950998472646e-08,1.1544674549668343e-07,0.018927056342363358,0.41064170002937317,0.025820601731538773,0.0005928330356255174,-0.0004441228520590812,0.08728887885808945,0.10267206281423569,-0.0004656657692976296,0.0019720864947885275,0.015053767710924149,-0.0002097323740599677,0.06167598068714142,0.05597700923681259,0.0004321092274039984,0.0002482181880623102,0.037979621440172195,0.03617655485868454,0.09227138757705688,0.07451063394546509,0.056130584329366684,0.03444676101207733,-0.0006477994611486793,0.001512085902504623,0.00164432090241462,0.003104926086962223,0.1241292953491211,0.11569064855575562,-0.0005234396667219698,0.0010730925714597106,-0.0006865912582725286,-0.0008987390901893377,0.2572891414165497,0.179581418633461,0.17985469102859497,0.0007522199884988368,0.037104908376932144,0.04380655661225319,-0.0008819341892376542,-0.0005002463003620505,5.369074518313255e-09,-5.662441182607836e-09,1.2680888517024869e-07,-8.828937581029095e-09,1.8358230136072962e-07,6.417976550210369e-08,-8.882954460887049e-08,1.9000843565208925e-07,-8.407980089941702e-08,2.3145229022247804e-07
00:00:02:47.799,61,1.6405246583417465e-07,-8.19563861220729e-10,-5.098059929764531e-08,6.078742131876425e-08,-1.3607554194550175e-07,0.01851027086377144,0.41546425223350525,-1.8479302354990068e-07,-1.1580064551708347e-07,-2.2500753260601414e-08,-7.574446669877943e-08,1.3329088233149378e-07,0.018659938126802444,0.4159616231918335,0.02447141334414482,0.00049358926480636,-0.0009855672251433134,0.08898364752531052,0.10269694030284882,0.00012715220509562641,0.0033329343423247337,0.01516224816441536,-0.00010860588372452185,0.04322367161512375,0.03932313993573189,0.00021123647456988692,0.00016765981854405254,0.035750724375247955,0.033948108553886414,0.09543392062187195,0.07910194247961044,0.05062281712889671,0.03393230587244034,-0.0007964710821397603,0.0011854632757604122,0.0012461370788514614,0.002648326102644205,0.1298685371875763,0.12280531972646713,-0.0017636152915656567,-0.0001364010531688109,-0.0008834667387418449,-0.001052448758855462,0.2608323097229004,0.18183359503746033,0.1821061372756958,0.0006528198719024658,0.037051454186439514,0.043665625154972076,-0.001058200839906931,-0.00036086945328861475,5.301553862580022e-09,-1.3317912994637027e-08,1.4945864279525267e-07,-1.829117479701381e-08,1.944228955608196e-07,7.096677734352852e-08,-8.823349872955077e-08,2.1070242439691356e-07,-8.281320162950578e-08,2.3875384158600355e-07
00:00:02:48.816,61,1.7384067518833035e-07,8.624047254102152e-09,-6.079673653403006e-08,6.216578185558319e-08,-1.4238059975468786e-07,0.01981300674378872,0.42174315452575684,-1.9483267976738716e-07,-1.165829601745827e-07,-1.2218952072373668e-08,-8.35489473161033e-08,1.509301341684477e-07,0.019992219284176826,0.4222545623779297,0.028444485738873482,0.0006284855189733207,-0.0011435025371611118,0.09768342971801758,0.10974045842885971,0.00010929107520496473,0.003992810845375061,0.015503456816077232,-0.00011456132051534951,0.028062783181667328,0.024953849613666534,0.00048130229697562754,0.00038114385097287595,0.038349699229002,0.0364995114505291,0.10115399956703186,0.08457253128290176,0.057647839188575745,0.03831200301647186,-0.00027270286227576435,0.0010017192689701915,0.001637047273106873,0.0031804759055376053,0.13384145498275757,0.12654466927051544,-0.00161316420417279,-0.00030822010012343526,-0.0009536355501040816,-0.0010820543393492699,0.2654052972793579,0.1893480271100998,0.1896483302116394,0.0008929071482270956,0.03772110119462013,0.04395125433802605,-0.0017103084828704596,-0.0010317775886505842,5.138572234386629e-09,-2.166256329871885e-08,1.7222016879259172e-07,-2.847984426068706e-08,2.0349398255348206e-07,7.731607354344305e-08,-8.633359982468392e-08,2.3027881468351552e-07,-8.024275643947476e-08,2.432242069971835e-07
00:00:02:50.833,61,1.851934996466298e-07,1.4659017111284811e-08,-6.886199344080524e-08,6.50901341714416e-08,-1.5092082605860924e-07,0.02179413102567196,0.43161430954933167,-2.071633957712038e-07,-1.2096018053853186e-07,-6.332993685020938e-09,-9.098090458792285e-08,1.6653910961395013e-07,0.021991360932588577,0.4321492910385132,0.03346875309944153,0.0007923591183498502,-0.0019237530650570989,0.10890504717826843,0.12209213525056839,-0.000464948418084532,0.0032873940654098988,0.016274528577923775,-8.962542051449418e-05,0.020460212603211403,0.017066843807697296,0.0009249099530279636,0.0006668336573056877,0.04293891787528992,0.04094047099351883,0.11035192757844925,0.09129150211811066,0.07214276492595673,0.04551108181476593,1.7440914234612137e-05,0.0009346847073175013,0.0021652502473443747,0.003923611715435982,0.13849635422229767,0.13004328310489655,-0.0013336378615349531,0.00025772154913283885,-0.0009119313908740878,-0.0010841703042387962,0.27063632011413574,0.1981194168329239,0.198423370718956,0.0011988909682258964,0.038148049265146255,0.04428622126579285,-0.0019910091068595648,-0.0015971731627359986,5.2002722128463574e-09,-2.7325004481326687e-08,1.91442666164221e-07,-3.552064242740016e-08,2.153217764089277e-07,8.368864712338109e-08,-8.800998330116272e-08,2.4961306621662516e-07,-8.111819482792271e-08,2.5331974029541016e-07
00:00:02:51.850,61,1.8995255857134907e-07,1.814216332718388e-08,-7.286667624839538e-08,6.596557966531691e-08,-1.5415251652939332e-07,0.023944616317749023,0.4441167414188385,-2.1208077782830514e-07,-1.2202188770515932e-07,-2.533197429599454e-09,-9.440351078637832e-08,1.7385929140800727e-07,0.02416246570646763,0.444680780172348,0.04015500098466873,0.0008638791041448712,-0.0024480712600052357,0.11837680637836456,0.13206300139427185,-0.0004797768488060683,0.002783824224025011,0.0170117300003767,-7.452545833075419e-05,0.016697412356734276,0.012717721052467823,0.0026672363746911287,0.002172416541725397,0.049500249326229095,0.04758826643228531,0.1180686205625534,0.0971231535077095,0.08756311237812042,0.054610785096883774,0.001043254160322249,0.0006968739908188581,0.003091522492468357,0.005062067415565252,0.14162379503250122,0.13202883303165436,-0.0013864380307495594,0.00038274587132036686,-0.0008011114550754428,-0.0009848320623859763,0.2749958038330078,0.20653408765792847,0.2068413943052292,0.0015384212601929903,0.03947274759411812,0.045693062245845795,-0.001850416068919003,-0.0015929240034893155,5.18397413884486e-09,-3.0789525595764644e-08,2.012029227671519e-07,-3.950670190988603e-08,2.2018328138528886e-07,8.65757456836036e-08,-8.791685246478664e-08,2.585165077562124e-07,-8.098781023591073e-08,2.565607530868874e-07
00:00:02:52.866,61,2.127140703578334e-07,1.3317912994637027e-08,-7.657334322175302e-08,7.550232083985975e-08,-1.738779218385389e-07,0.026784874498844147,0.4552856683731079,-2.381950565677471e-07,-1.409463550317014e-07,-1.1660159060511432e-08,-1.0331161348631213e-07,1.8775463672682235e-07,0.027033790946006775,0.45587289333343506,0.04838794842362404,0.001012534135952592,-0.003060994204133749,0.12517885863780975,0.13756221532821655,-0.00021695256873499602,0.0023626249749213457,0.017860479652881622,-2.7840715119964443e-05,0.017427323386073112,0.012940703891217709,0.003135398728772998,0.002504032338038087,0.056478824466466904,0.05478040874004364,0.12379180639982224,0.10135135799646378,0.1063595712184906,0.06484512239694595,0.0025638279039412737,7.618553809152218e-06,0.004236134700477123,0.006496143527328968,0.14218929409980774,0.13181538879871368,-0.001552822533994913,0.0004916870384477079,-0.0011047911830246449,-0.0012850963976234198,0.2779711186885834,0.21236377954483032,0.2126794010400772,0.0019401363097131252,0.04118308052420616,0.04784078150987625,-0.0023120588157325983,-0.0019716406241059303,6.146728903644316e-09,-2.911314389564268e-08,2.1507963765543536e-07,-3.729015674025504e-08,2.480484511124814e-07,9.529525613061196e-08,-1.036562053968737e-07,2.84295538222068e-07,-9.583309434901821e-08,2.9455870276251517e-07
00:00:02:52.883,61,2.1755695911451767e-07,1.750886369222826e-08,-8.117407901409024e-08,7.644295862974104e-08,-1.7714687317038624e-07,0.02860412560403347,0.4605022370815277,-2.432987002976006e-07,-1.417472930143049e-07,-6.854534273514901e-09,-1.071207194058843e-07,1.960992790372984e-07,0.0288727805018425,0.46110212802886963,0.05330079048871994,0.0010963288368657231,-0.0037523710634559393,0.12721282243728638,0.1376933604478836,-0.0001627612073207274,0.0018917006673291326,0.01839541643857956,-2.7210666303290054e-05,0.02534559741616249,0.02003110945224762,0.002506256103515625,0.0017234021797776222,0.06135743111371994,0.059846825897693634,0.1266288161277771,0.10309495776891708,0.1200597956776619,0.07180158793926239,0.003991937264800072,-0.000526776013430208,0.0050608087331056595,0.007546112406998873,0.14317773282527924,0.1320287585258484,-0.0017856857739388943,0.0003682339156512171,-0.0012435889802873135,-0.0014265626668930054,0.27775150537490845,0.21217289566993713,0.21248310804367065,0.002349118934944272,0.04265168309211731,0.04997570067644119,-0.0023754097055643797,-0.0020154588855803013,6.104819316732346e-09,-3.2838432417747754e-08,2.2584572434425354e-07,-4.222616567517434e-08,2.528913398691657e-07,9.840820069939582e-08,-1.0304152908702235e-07,2.9387882705123047e-07,-9.508803344715488e-08,2.9724091632488125e-07
00:00:02:53.899,61,2.0464882766191295e-07,1.0710209608078003e-08,-7.241964539161927e-08,7.319263772842532e-08,-1.6777775613263657e-07,0.030716940760612488,0.4600183963775635,-2.295337679925069e-07,-1.3699755641027878e-07,-1.3560057077199872e-08,-9.883195417614843e-08,1.7862767265341972e-07,0.030992569401860237,0.4606230556964874,0.05070623382925987,0.0012086413335055113,-0.004031037911772728,0.12762989103794098,0.13967856764793396,0.000922476639971137,0.0027240400668233633,0.018843447789549828,2.720988413784653e-05,0.04820554703474045,0.04075910523533821,0.0020557534880936146,0.0011149069759994745,0.060902148485183716,0.059128567576408386,0.12959153950214386,0.10486051440238953,0.11479741334915161,0.06823746860027313,0.0038798078894615173,-1.2455880096240435e-06,0.004829784855246544,0.007228674367070198,0.15317362546920776,0.14161649346351624,-0.0016203027917072177,0.00044602571870200336,-0.0017607960617169738,-0.0020482593681663275,0.2735377848148346,0.2099853903055191,0.2102769911289215,0.002475570421665907,0.044904135167598724,0.05268137902021408,-0.002029203111305833,-0.0018507885979488492,6.022164544816633e-09,-2.6337803049614195e-08,2.0431355096661719e-07,-3.4477562138590656e-08,2.3938716253724124e-07,9.131850475796455e-08,-1.012161376934273e-07,2.7229077659285394e-07,-9.397044919978725e-08,2.857670153844083e-07
00:00:02:54.916,61,1.8238090149225172e-07,2.607703164514419e-09,-5.925074120227691e-08,6.67944561882905e-08,-1.5071593395532545e-07,0.03160707652568817,0.4573170840740204,-2.0519830457033095e-07,-1.261569622101888e-07,-2.0787119581200386e-08,-8.550938446205691e-08,1.5189871760412643e-07,0.031884223222732544,0.4579158425331116,0.04369080439209938,0.0011338869808241725,-0.004421135876327753,0.12792803347110748,0.14250367879867554,0.0007735168910585344,0.002633867785334587,0.019019031897187233,-8.337945473613217e-05,0.07470841705799103,0.06605260074138641,0.0010415420401841402,0.00011230260133743286,0.056850653141736984,0.05469975620508194,0.13397905230522156,0.10974277555942535,0.0966731607913971,0.05961659550666809,0.0028699426911771297,0.00034519375185482204,0.0035738754086196423,0.005728971213102341,0.17096976935863495,0.16005448997020721,-0.0016896348679438233,7.073998131090775e-05,-0.0015704113757237792,-0.0019140279619023204,0.27082547545433044,0.20807643234729767,0.20835226774215698,0.0023691756650805473,0.04902910068631172,0.05748532712459564,-0.0020787548273801804,-0.0017998546827584505,5.7113358487015375e-09,-1.765787516205819e-08,1.7195939960856776e-07,-2.4009496613075498e-08,2.1552666851221147e-07,7.980968774745634e-08,-9.562820224573443e-08,2.3715197983165126e-07,-8.929520589617823e-08,2.616643826058862e-07
00:00:02:55.933,61,1.540314400472198e-07,-1.5087425753179673e-09,-4.7162174610093643e-08,5.729496521666988e-08,-1.2806616211946675e-07,0.02683068811893463,0.44876042008399963,-1.735519674639363e-07,-1.0894611790490671e-07,-2.227723605585652e-08,-7.086899245223321e-08,1.24350194141698e-07,0.027084987610578537,0.44934698939323425,0.03610862419009209,0.0009628441766835749,-0.004565067123621702,0.1261695921421051,0.1535104364156723,-0.003357299603521824,0.004018252715468407,0.0188886821269989,-0.00015747296856716275,0.09524889290332794,0.0844387412071228,0.0003527528024278581,-0.0010719459969550371,0.049206629395484924,0.04663847014307976,0.14526665210723877,0.12464972585439682,0.07460800558328629,0.05073387920856476,0.001137768616899848,-0.0009980526519939303,0.0018161158077418804,0.0035540948156267405,0.1915007084608078,0.183003231883049,-0.004320555832237005,-0.0038343118503689766,-6.765931902918965e-05,-0.0004147490835748613,0.2667905390262604,0.21172088384628296,0.21201542019844055,0.0019776064436882734,0.05748927593231201,0.06573393195867538,0.0004929607966914773,0.000997571973130107,5.007022796377214e-09,-1.1883676265256327e-08,1.3945624743882945e-07,-1.6503035382697817e-08,1.8311664007342188e-07,6.654765627445158e-08,-8.368864712338109e-08,1.9724480182503612e-07,-7.832422710407627e-08,2.251565405231304e-07
00:00:02:57.950,61,1.4616176713388995e-07,-1.2293458473422447e-09,-4.493631422519684e-08,5.4137782257157596e-08,-1.212488882629259e-07,0.022686593234539032,0.43840348720550537,-1.6454606566185248e-07,-1.0292976782011465e-07,-2.0768492703382435e-08,-6.728805601596832e-08,1.1814758238415379e-07,0.022891025990247726,0.43892189860343933,0.02767961099743843,1.4621503396483604e-05,-0.0012861882569268346,0.13403812050819397,0.11669868230819702,0.0636507123708725,0.008827690966427326,0.016267793253064156,-0.00027308508288115263,0.10132293403148651,0.09359005838632584,0.0017380975186824799,0.000601392996031791,0.038829702883958817,0.03649012744426727,0.1263100951910019,0.11416637152433395,0.030068693682551384,0.035257019102573395,0.001329534687101841,-0.00145230651833117,0.0001349890953861177,0.0014696263242512941,0.23288150131702423,0.22546041011810303,-0.0006790168699808419,-0.0018401650013402104,-0.000984179088845849,-0.0009982528863474727,0.2726387679576874,0.21220055222511292,0.21248143911361694,0.0010509883286431432,0.0662936419248581,0.0745280385017395,0.0021814440842717886,0.003548431908711791,4.727626290446096e-09,-1.1399388100130636e-08,1.3211742100338597e-07,-1.5851110646281086e-08,1.736544135155782e-07,6.308546574018692e-08,-7.895752673903189e-08,1.8707942217588425e-07,-7.409602176267072e-08,2.1319836207567278e-07
00:00:02:58.966,61,8.946284424382611e-08,7.80448328185912e-09,-3.3844262503635036e-08,3.113411395361254e-08,-7.27735454120193e-08,0.021236609667539597,0.424378901720047,-9.975396153549809e-08,-5.759298815632974e-08,-2.0489097085629737e-09,-4.4265760834605317e-08,8.111819482792271e-08,0.021411443129181862,0.4248304069042206,0.022628242149949074,-0.0004347094218246639,0.0036798780784010887,0.15210919082164764,0.052376385778188705,0.12137734144926071,0.003698381595313549,0.013768844306468964,-0.0003362276474945247,0.09201391041278839,0.08862205594778061,-1.9754468667088076e-05,-0.0004684522864408791,0.032148703932762146,0.029962897300720215,0.10794758051633835,0.10158048570156097,0.005333914887160063,0.02320133149623871,0.001038787537254393,-0.0023712303955107927,-0.0012784004211425781,-0.00026371554122306406,0.27838951349258423,0.2694780230522156,0.01792522892355919,0.016221027821302414,-0.0008570122881792486,-0.0006626361864618957,0.27852094173431396,0.21174469590187073,0.21201005578041077,0.0004416294686961919,0.062494006007909775,0.07045477628707886,0.0007209482719190419,0.002894654171541333,2.471497229095121e-09,-1.3951211741414227e-08,9.432434922018729e-08,-1.8384307409746725e-08,1.0460615129659345e-07,4.083616644834365e-08,-4.198402336896834e-08,1.2133270388403616e-07,-3.850087537671243e-08,1.2185424225208408e-07
00:00:02:59.983,61,6.094575155657367e-08,3.02121030415492e-08,-4.117377017109902e-08,1.5348195603337444e-08,-4.5299529460862686e-08,0.02309461683034897,0.40719956159591675,-6.53415952456271e-08,-2.3823231387609667e-08,2.9653310917865383e-08,-3.889668676038127e-08,8.089467939953465e-08,0.0232671070843935,0.40762725472450256,0.02396177500486374,-0.00048629683442413807,0.007399834226816893,0.1673532873392105,0.03907478600740433,0.14158104360103607,0.003636325942352414,0.012970108538866043,-0.0003884471661876887,0.08296175301074982,0.08037485927343369,0.00013608783774543554,-0.00014383257075678557,0.0298933032900095,0.02784828655421734,0.09654480218887329,0.09158344566822052,0.002156674861907959,0.020415354520082474,0.0008985426975414157,-0.002616788260638714,-0.0017383939120918512,-0.0007721582078374922,0.31649866700172424,0.30703750252723694,0.033297669142484665,0.031667254865169525,-0.0013921624049544334,-0.0011800057254731655,0.27974963188171387,0.2088460922241211,0.2090916782617569,0.00013179279631003737,0.06143710017204285,0.06891833245754242,0.002455089008435607,0.005072979722172022,4.2608008787858864e-10,-2.9411166835302538e-08,1.0158866814435896e-07,-3.6843122330765254e-08,6.52670877343553e-08,3.380933932817243e-08,-9.87201964619544e-09,1.0173302200655598e-07,-6.780028538599936e-09,5.7071446235568146e-08
00:00:03:00.000,61,2.3525208447949808e-08,3.8743017682918435e-08,-3.56044616012241e-08,-4.190951474747351e-10,-1.297332374861071e-08,0.02514604851603508,0.3829452395439148,-2.2491439821692438e-08,7.543713209656744e-09,4.5113264235396855e-08,-2.461485593130419e-08,5.891546450698115e-08,0.025309190154075623,0.38332298398017883,0.02419382892549038,-0.00045862115803174675,0.01131298765540123,0.16852733492851257,0.02609868533909321,0.14952223002910614,0.0025849633384495974,0.01153662707656622,-0.0004997766227461398,0.08311191201210022,0.0820726752281189,-8.962273568613455e-05,-1.2636184692382812e-05,0.02739718370139599,0.02547212690114975,0.08595144003629684,0.08104599267244339,0.0011909347958862782,0.017438942566514015,0.0006959504098631442,-0.002911048475652933,-0.0018398220418021083,-0.000849238014779985,0.3294302225112915,0.3204919397830963,0.04855499416589737,0.04737285524606705,-0.0012931704986840487,-0.0010731625370681286,0.26777440309524536,0.2082144170999527,0.2084297239780426,-0.00015210035780910403,0.062331195920705795,0.06954097747802734,0.005092842038720846,0.008498682640492916,-1.2025702655904524e-09,-3.2857059295565705e-08,8.020550268383886e-08,-4.0512531995773315e-08,1.8700957227224535e-08,1.9620637559114584e-08,1.67079274859816e-08,6.000511376669238e-08,1.87754629621395e-08,-5.401671110405459e-09
00:00:03:00.016,61,2.548098620991368e-08,2.8870999813079834e-08,-2.9187649630557644e-08,2.579763513921307e-09,-1.615844702484992e-08,0.023192396387457848,0.34807586669921875,-2.56951899757496e-08,7.450580430390374e-11,3.2857059295565705e-08,-2.2058374682387694e-08,5.060806884671365e-08,0.023312143981456757,0.34840506315231323,0.023707222193479538,-0.000358650169800967,0.015425758436322212,0.13915105164051056,0.018906204029917717,0.13696807622909546,0.0022336645051836967,0.010344280861318111,-0.0004529150319285691,0.08330616354942322,0.0817340686917305,-0.0004323670291341841,6.08474010732607e-06,0.023962507024407387,0.02192857302725315,0.07784995436668396,0.07286598533391953,0.0005692902486771345,0.01329184789210558,0.0003752693301066756,-0.0016757267294451594,-0.0014116689562797546,-0.00039295005262829363,0.2761877775192261,0.26910731196403503,0.05228488892316818,0.050767648965120316,-0.0010411989642307162,-0.0009037995478138328,0.25355473160743713,0.2082432359457016,0.20845931768417358,-0.0003571013221517205,0.059079691767692566,0.06527119874954224,0.004922145511955023,0.008297148160636425,-6.519257911286047e-10,-2.4940819187690977e-08,6.685033326903067e-08,-3.123656000525443e-08,2.3525208447949808e-08,1.8030405612989853e-08,8.326023426263873e-09,5.487352439104143e-08,1.018866857549483e-08,7.934868762049518e-09
00:00:03:01.033,61,7.225666109889062e-08,9.797513911280475e-09,-3.0072406786985084e-08,2.4307519552735357e-08,-5.809590319927338e-08,0.020159117877483368,0.30908313393592834,-8.026137976457903e-08,-4.446134127533696e-08,3.073364451822158e-09,-3.708526463697126e-08,6.938353180885315e-08,0.020249497145414352,0.30937886238098145,0.019672609865665436,-0.0003844274615403265,0.015246374532580376,0.09946554154157639,0.0289129838347435,0.10901649296283722,0.0024944625329226255,0.009195603430271149,-0.00047202856512740254,0.08430146425962448,0.08126711845397949,-0.00013567954010795802,8.234172855736688e-05,0.02095785364508629,0.019227953627705574,0.07069358974695206,0.0660233199596405,0.0009259057114832103,0.011229847557842731,0.00016662559937685728,-0.0002401930105406791,-0.0008767528343014419,7.405210635624826e-05,0.20580123364925385,0.20022240281105042,0.040485456585884094,0.038706328719854355,-0.000858212704770267,-0.0007230109185911715,0.24487698078155518,0.20753799378871918,0.2077666074037552,-0.0006078006117604673,0.0550931915640831,0.060493890196084976,0.0020526943262666464,0.005368951708078384,1.8102582766132969e-09,-1.383945313904178e-08,8.096918691080646e-08,-1.814216332718388e-08,8.306466270369128e-08,3.358465505698405e-08,-3.10130410241527e-08,1.0027084584862678e-07,-2.834945966867508e-08,9.514391763332242e-08
00:00:03:02.049,61,1.0913237957765887e-07,2.0787119581200386e-08,-4.960223876082637e-08,3.541819637575827e-08,-8.670613027561558e-08,0.018547439947724342,0.2827122211456299,-1.208204736258267e-07,-6.36279580135124e-08,1.1809170530341362e-08,-5.802605329563448e-08,1.1073425554286587e-07,0.018619554117321968,0.28299853205680847,0.016735631972551346,-0.0004574183258228004,0.013329331763088703,0.07680553942918777,0.037732988595962524,0.08647098392248154,0.004434032365679741,0.008444522507488728,-0.00047657889081165195,0.08339343965053558,0.0791286900639534,8.57758495840244e-05,-4.6069621021160856e-05,0.018076268956065178,0.01649818941950798,0.06250907480716705,0.05751173943281174,0.0011261713225394487,0.01033207681030035,-4.3829382775584236e-05,0.00019342958694323897,-0.00023603388399351388,0.0006649118149653077,0.1625513881444931,0.1576397866010666,0.03217731788754463,0.03017333894968033,-0.0011844811961054802,-0.0010552997700870037,0.2445938140153885,0.203296959400177,0.20354050397872925,-0.0004932426381856203,0.05176713317632675,0.05655273422598839,0.002381980186328292,0.004865999799221754,2.424931144773268e-09,-2.5853514884488504e-08,1.3034791379595845e-07,-3.278255533700758e-08,1.235771946994646e-07,5.1998068073544346e-08,-4.250556173701625e-08,1.5602446978846274e-07,-3.83146101512466e-08,1.3757497185906686e-07
00:00:03:03.066,61,1.2400559512570908e-07,1.3671815679572319e-08,-4.90620735149605e-08,4.2514876952282066e-08,-1.0017305385190411e-07,0.01683364436030388,0.26936495304107666,-1.383386489806071e-07,-7.864088047426776e-08,1.043081288010228e-09,-6.241723582434133e-08,1.1563301427486294e-07,0.01689247414469719,0.2696382999420166,0.015453917905688286,-0.0005128845805302262,0.013039488345384598,0.06226569786667824,0.03081059455871582,0.07917894423007965,0.00751267746090889,0.00790387112647295,-0.0005622517201118171,0.08545848727226257,0.080632284283638,-7.804214692441747e-05,-9.984433563658968e-05,0.015904637053608894,0.014442733488976955,0.05310986936092377,0.04880549758672714,0.0009171089623123407,0.008932188153266907,5.4424701374955475e-05,0.0002109409833792597,-3.710281089297496e-05,0.0008171420777216554,0.1440751999616623,0.1392420381307602,0.03378164395689964,0.031803540885448456,-0.0009875540854409337,-0.0008362655062228441,0.24752452969551086,0.19924026727676392,0.19949203729629517,-0.00042174055124633014,0.051104836165905,0.055676646530628204,0.003293836023658514,0.005750594194978476,3.2619573708814187e-09,-2.147629807325302e-08,1.333095127620254e-07,-2.7753412012998524e-08,1.4252960056637676e-07,5.662441182607836e-08,-5.554407778163295e-08,1.6966369287274574e-07,-5.1148234092579514e-08,1.6640871081108344e-07
00:00:03:05.083,61,1.0213814505277696e-07,7.916241884231567e-09,-3.799796033376879e-08,3.5744161408501895e-08,-8.313916310953573e-08,0.014762241393327713,0.265039324760437,-1.1414289247113629e-07,-6.660818741011099e-08,-3.1292437530083816e-09,-5.024951121868071e-08,9.192153527237679e-08,0.014817164279520512,0.2652888894081116,0.014071222394704819,-0.0004526897391770035,0.01332037802785635,0.05306847393512726,0.02204951085150242,0.09119585156440735,0.011508098803460598,0.007946952246129513,-0.0005943540600128472,0.08039352297782898,0.07604357600212097,-0.000326224573655054,-0.00011938124953303486,0.013827272690832615,0.012341017834842205,0.0456509105861187,0.042128175497055054,0.0008399409125559032,0.00795796699821949,0.0002917555102612823,0.0001593504857737571,-0.00017236158601008356,0.000597924692556262,0.13717080652713776,0.13277457654476166,0.0404866486787796,0.03843836858868599,-0.0007916683098301291,-0.0006443506572395563,0.24855895340442657,0.19295746088027954,0.1932104229927063,-0.00012763828271999955,0.04911403730511665,0.053403548896312714,0.003532254137098789,0.006129963789135218,2.8451905276227762e-09,-1.495704005094467e-08,1.0490417423625331e-07,-1.942738947491307e-08,1.1824071322052987e-07,4.5807102111439235e-08,-4.811212406252707e-08,1.3720244851356256e-07,-4.4647602948089116e-08,1.4055520125566545e-07
00:00:03:06.100,61,7.740221974472661e-08,1.1082738282652826e-08,-3.2540409478087895e-08,2.6002526354318434e-08,-6.199814350793531e-08,0.012499021366238594,0.26593074202537537,-8.60262687751856e-08,-4.777684736723131e-08,3.6880374310044317e-09,-3.9841978605181794e-08,7.480382890889814e-08,0.01255157683044672,0.26616543531417847,0.012958734296262264,-0.00037941805203445256,0.014382393099367619,0.050043851137161255,0.014876303263008595,0.1151229590177536,0.015039553865790367,0.007980923168361187,-0.0006151575362309813,0.07206781953573227,0.0687151551246643,-0.00040335411904379725,5.338720802683383e-05,0.01254209317266941,0.01113328617066145,0.04250727593898773,0.04038579761981964,0.0007488048286177218,0.006992858834564686,0.0004243931907694787,0.0003256133059039712,0.0001271194196306169,0.0008609803044237196,0.150776207447052,0.14661595225334167,0.05103180930018425,0.04931289702653885,-0.0007379293674603105,-0.0006235510227270424,0.2497023046016693,0.1914583444595337,0.19171828031539917,2.3718886950518936e-05,0.04747560992836952,0.051610276103019714,0.003197286743670702,0.006231712643057108,1.890584799824069e-09,-1.5553087706621227e-08,8.722767574909085e-08,-1.9613652924022063e-08,8.838251375209438e-08,3.594206532397948e-08,-3.259629011154175e-08,1.079961648997596e-07,-3.006309157171927e-08,1.0106712267088369e-07
00:00:03:07.116,61,8.316710875533317e-08,1.7080456160556423e-08,-3.868714060217826e-08,2.6710331724189018e-08,-6.572343380639722e-08,0.01077663991600275,0.2715599536895752,-9.21078040505563e-08,-4.790723195924329e-08,1.0468065525515158e-08,-4.4647602948089116e-08,8.571893062025993e-08,0.010822439566254616,0.27178025245666504,0.012366559356451035,-0.0002892578486353159,0.015888633206486702,0.05025630071759224,0.0070769344456493855,0.14882710576057434,0.01954498142004013,0.007693111896514893,-0.0004411691043060273,0.062480125576257706,0.060184840112924576,-0.00031609355937689543,0.0001791092799976468,0.011378279887139797,0.010193336755037308,0.041637372225522995,0.041293609887361526,0.0006923294276930392,0.006127195432782173,1.8683113012230024e-05,0.0013181695248931646,0.0001795846183085814,0.000871670083142817,0.1712428331375122,0.1667109727859497,0.0668940320611,0.06570836901664734,-0.0008339214255101979,-0.000760024762712419,0.25010454654693604,0.19324663281440735,0.19351154565811157,-1.7323121937806718e-05,0.04522572457790375,0.04921826347708702,0.0034867555368691683,0.007578013930469751,1.7974525201580605e-09,-2.08429984382974e-08,1.0136514561054355e-07,-2.624467043688128e-08,9.365379582959577e-08,3.982800933499675e-08,-3.140419835290231e-08,1.200009194235463e-07,-2.799555609556137e-08,1.0326504451541041e-07
00:00:03:07.133,61,9.777024700952097e-08,1.924112424944724e-08,-4.490837568482675e-08,3.162771378129037e-08,-7.748603536583687e-08,0.009223229251801968,0.27808478474617004,-1.0843388764669726e-07,-5.6885184562815994e-08,1.1399388100130636e-08,-5.220994481192065e-08,9.991228466788016e-08,0.009263809770345688,0.2782887816429138,0.012011840008199215,-0.00016516511095687747,0.01726977340877056,0.052451834082603455,0.004625327419489622,0.1759854108095169,0.02764207124710083,0.007686753291636705,-0.0004318584396969527,0.05063409358263016,0.04928340017795563,-0.00016401514585595578,0.00044457928743213415,0.00966495368629694,0.008332755416631699,0.041176214814186096,0.041557930409908295,0.00034057290758937597,0.005311769433319569,-0.00048347830306738615,0.00190265744458884,0.00016844473429955542,0.000893356220331043,0.19015030562877655,0.18544836342334747,0.08036021143198013,0.07968910038471222,-0.0005877991206943989,-0.0005399688961915672,0.25447461009025574,0.1967533528804779,0.1970110386610031,0.00012646637333091348,0.04396098107099533,0.048016950488090515,0.004022459965199232,0.009198512881994247,2.15135509407105e-09,-2.3841858265427618e-08,1.1811032862851789e-07,-3.036111451137913e-08,1.1041760217267438e-07,4.668254405260086e-08,-3.7644056760655076e-08,1.4050863228476373e-07,-3.354623956397518e-08,1.223012873197149e-07
00:00:03:08.149,61,1.1037104030720002e-07,2.3841858265427618e-08,-5.204230646427277e-08,3.51853657321044e-08,-8.724629907419512e-08,0.007937230169773102,0.28686314821243286,-1.221708885168482e-07,-6.284565046144053e-08,1.5087426419313488e-08,-5.957670623502054e-08,1.1483207629225944e-07,0.007976488210260868,0.2870696187019348,0.012275900691747665,-0.0001708050986053422,0.018649417906999588,0.0570848286151886,0.003091186285018921,0.19195415079593658,0.029514165595173836,0.007586553227156401,-0.0005766943213529885,0.04418454319238663,0.04305996373295784,-0.00010962248052237555,0.0007089808350428939,0.009075704030692577,0.007695502135902643,0.043019555509090424,0.044126395136117935,-0.00017621592269279063,0.004943988751620054,-0.0005524579901248217,0.0025015182327479124,0.0001389432727592066,0.0009025324252434075,0.20956121385097504,0.20449279248714447,0.09171479195356369,0.09084859490394592,-0.0006220960640348494,-0.0005685746436938643,0.261409729719162,0.1992282271385193,0.19949789345264435,8.986503235064447e-05,0.04387245327234268,0.04759692773222923,0.0030219329055398703,0.008687281981110573,2.335291293675823e-09,-2.8386711647954144e-08,1.360103425440684e-07,-3.583729224487797e-08,1.242011791191544e-07,5.3180848169631645e-08,-4.0847808691069076e-08,1.5995465219020844e-07,-3.6396087921275466e-08,1.3582408087131626e-07
00:00:03:09.166,61,1.0182149878801283e-07,2.466142134949223e-08,-4.985369628229819e-08,3.194436359876818e-08,-8.019618746857304e-08,0.007086130324751139,0.2955889403820038,-1.1248513942518912e-07,-5.654990786752023e-08,1.7136335017653437e-08,-5.579553530310477e-08,1.0842457243143144e-07,0.007123918738216162,0.2957955002784729,0.012875625863671303,-0.00012045905168633908,0.019296769052743912,0.06253610551357269,0.001921320566907525,0.19870653748512268,0.025644922628998756,0.0075283171609044075,-0.0006880047731101513,0.0388542115688324,0.03750118613243103,6.799727998441085e-05,0.0008263603085651994,0.00782591663300991,0.006290160585194826,0.046412717550992966,0.04773528873920441,-0.0002534538507461548,0.004493138752877712,-0.0007001715712249279,0.002689048647880554,-5.2136965678073466e-05,0.0007471017306670547,0.22833171486854553,0.22360488772392273,0.10219112038612366,0.10154833644628525,-0.0008111262577585876,-0.0007881605415605009,0.27274560928344727,0.20053979754447937,0.2007894665002823,0.00035007239785045385,0.04298169165849686,0.046802207827568054,0.0018020736752077937,0.008316508494317532,2.024462375516123e-09,-2.81445675653913e-08,1.293048228490079e-07,-3.561377681648992e-08,1.141801462267722e-07,4.9702357785008644e-08,-3.5893172878331825e-08,1.4958902738726465e-07,-3.1758098373302346e-08,1.226738106652192e-07
00:00:03:10.183,61,6.806105545820174e-08,1.4733522846199776e-08,-3.194436359876818e-08,2.1671876737627827e-08,-5.3886324735685776e-08,0.006096354685723782,0.3063458800315857,-7.526949019620588e-08,-3.866851372436031e-08,9.350478613612268e-09,-3.6698764915854554e-08,7.059425399802421e-08,0.006125445943325758,0.30657759308815,0.013297701254487038,-0.0001981225941563025,0.021024269983172417,0.06805311888456345,0.001005353289656341,0.20103664696216583,0.018104195594787598,0.008063012734055519,-0.00083046720828861,0.036684099584817886,0.03467324748635292,-4.224777057970641e-06,0.0009000569698400795,0.0077749090269207954,0.0060456423088908195,0.05066892132163048,0.05263419449329376,-0.00012617796892300248,0.004187689162790775,-0.0008587923366576433,0.0032719045411795378,-0.0002257494197692722,0.0006011860095895827,0.24867171049118042,0.2437525987625122,0.11036146432161331,0.10977712273597717,-0.00046284793643280864,-0.0004313570389058441,0.2831038534641266,0.20008057355880737,0.20034727454185486,0.0003448137722443789,0.04344164952635765,0.04688098281621933,0.0012257349444553256,0.007870269007980824,1.4260876923799515e-09,-1.7378479100216282e-08,8.435920051397261e-08,-2.2090970830390688e-08,7.698312742832059e-08,3.2952520712115074e-08,-2.5536865067010694e-08,9.889714647215442e-08,-2.246350128132235e-08,8.367001669284946e-08
00:00:03:12.200,61,6.058253632090782e-08,2.7939677238464355e-08,-3.91155481338501e-08,1.5851110646281086e-08,-4.537403697213449e-08,0.006356381345540285,0.31840190291404724,-6.550922648784763e-08,-2.5369226719362814e-08,2.6673077968553116e-08,-3.774650281229697e-08,7.770955789965228e-08,0.006396936252713203,0.31863105297088623,0.013881963677704334,-9.565427899360657e-05,0.022546935826539993,0.07803244888782501,0.0005231153918430209,0.2018810510635376,0.009639541618525982,0.008365564048290253,-0.0007213088101707399,0.033249009400606155,0.03197591006755829,0.0002413475449429825,0.00125577871222049,0.007504959125071764,0.005768768955022097,0.05570749193429947,0.058114562183618546,-0.00012487531057558954,0.003848291700705886,-0.0007918777992017567,0.0031282866839319468,-0.0004093781753908843,0.0003780434199143201,0.27088454365730286,0.2657879590988159,0.11580854654312134,0.1154780313372612,-0.00037747740861959755,-0.00036011100746691227,0.29367342591285706,0.19966651499271393,0.1999455690383911,0.0004023751534987241,0.04261023551225662,0.04608127474784851,0.0003084879426751286,0.0068941544741392136,5.180481599253994e-10,-2.7343631359144638e-08,9.737908612805768e-08,-3.3788381870181183e-08,6.480142644704756e-08,3.2868701538291134e-08,-1.145526784540607e-08,9.936280775946216e-08,-8.177011956433944e-09,5.89340913847991e-08
00:00:03:13.216,61,8.923932881543806e-08,3.121793312743648e-08,-5.064532260234955e-08,2.564862455756156e-08,-6.841495547860177e-08,0.0057256463915109634,0.3301996886730194,-9.760260866187309e-08,-4.3362380353073604e-08,2.7120114154399744e-08,-5.2307733255929634e-08,1.0488555091114904e-07,0.005763882305473089,0.3304312825202942,0.014676556922495365,-6.602748908335343e-05,0.023930812254548073,0.08477071672677994,0.00031022311304695904,0.19740886986255646,0.004454924259334803,0.008680930361151695,-0.0006322072586044669,0.033868659287691116,0.03215368837118149,0.0001175344004877843,0.001146881259046495,0.008274711668491364,0.00654407124966383,0.05993417277932167,0.06292527914047241,-0.00020172298536635935,0.003779689082875848,-0.0008655953570269048,0.0024501376319676638,-0.0005532074719667435,0.00021566376381088048,0.2889634370803833,0.2837251126766205,0.11968246102333069,0.11916719377040863,-0.0005431210738606751,-0.0005137348198331892,0.3004002869129181,0.20067287981510162,0.2009574919939041,0.00033341848757117987,0.04299211502075195,0.046261925250291824,0.00023796811001375318,0.006621174979954958,1.2863893283920902e-09,-3.263354386717765e-08,1.2872740740021982e-07,-4.045665136231946e-08,9.752810115060129e-08,4.608416759310785e-08,-2.4065375470172512e-08,1.3889744820971828e-07,-1.991167586368192e-08,9.711831694403372e-08
00:00:03:14.233,61,1.1547468403705352e-07,2.7976930994100258e-08,-5.651265411188433e-08,3.6126003521985695e-08,-9.088776664611942e-08,0.006809755694121122,0.3399111032485962,-1.2745150002047012e-07,-6.3776973036056e-08,1.955777406692505e-08,-6.335787361422263e-08,1.230463340107235e-07,0.006846282631158829,0.34015682339668274,0.015508067794144154,-0.00010135732736671343,0.02432597242295742,0.09148672223091125,0.0002611112722661346,0.1920836865901947,0.002016567625105381,0.00898688193410635,-0.0005900319665670395,0.043677181005477905,0.04076454043388367,0.0003329649625811726,0.0009926371276378632,0.009023299440741539,0.0071739312261343,0.06260186433792114,0.06522488594055176,-0.0002669757523108274,0.004157624207437038,-0.0006113460403867066,0.002069325651973486,-0.0005796107579953969,0.00014206468767952174,0.29952162504196167,0.29400089383125305,0.11836713552474976,0.11771389096975327,-0.0006713902694173157,-0.0006272125174291432,0.30073070526123047,0.20246410369873047,0.2027471959590912,0.0003714131307788193,0.042822495102882385,0.04607847332954407,-0.0003318017697893083,0.005826881621032953,2.291053569081214e-09,-3.233552092751779e-08,1.4798715142205765e-07,-4.025176281174936e-08,1.2939796079081134e-07,5.66081155284337e-08,-4.062428970996734e-08,1.7006881591896672e-07,-3.593042663396773e-08,1.3850629443368234e-07
00:00:03:14.250,61,1.2497417856138782e-07,1.879408983995745e-08,-5.2936375283252346e-08,4.170462375441275e-08,-1.0030343844391609e-07,0.007387819234281778,0.3498217761516571,-1.3894401718062e-07,-7.59027898311615e-08,6.854534273514901e-09,-6.449874234704112e-08,1.2151896555678832e-07,0.007421763613820076,0.35008132457733154,0.015931544825434685,-0.00013255055819172412,0.024104256182909012,0.09100764989852905,0.00034726501326076686,0.18167461454868317,0.0015269321156665683,0.009085455909371376,-0.0005660892929881811,0.057867005467414856,0.054077453911304474,0.00031793193193152547,0.0007164870039559901,0.00955805741250515,0.007624104619026184,0.0602816566824913,0.06188734993338585,-0.00013133346510585397,0.004220894072204828,-0.0006312901386991143,0.002132292604073882,-0.0004826642689295113,0.0002584153553470969,0.2946673333644867,0.28914347290992737,0.11746606975793839,0.11693800985813141,-0.0006799912662245333,-0.0006416320684365928,0.29906970262527466,0.20343966782093048,0.20371827483177185,0.00040309224277734756,0.04437348246574402,0.04808565974235535,0.0001993084733840078,0.006478037219494581,3.0675437745486533e-09,-2.5834888006670553e-08,1.4282763061146397e-07,-3.263354386717765e-08,1.4301389228421613e-07,5.85219837034856e-08,-5.250796775158051e-08,1.752003981891903e-07,-4.777684736723131e-08,1.616403437765257e-07
00:00:03:15.266,61,1.1414289247113629e-07,6.388872986207161e-09,-4.0559097413961354e-08,4.056841262922717e-08,-9.340234186083762e-08,0.008710729889571667,0.35663941502571106,-1.2778677671576588e-07,-7.592141315626577e-08,-7.00354574334483e-09,-5.507841649432521e-08,9.985640758713998e-08,0.0087401382625103,0.3569124639034271,0.016836171969771385,-0.00016925744421314448,0.02332673780620098,0.07897965610027313,0.0004285419126972556,0.1585106998682022,0.0019507360411807895,0.009481706656515598,-0.00045774952741339803,0.07674983888864517,0.07177700847387314,0.0002937914396170527,0.0006400833954103291,0.009918379597365856,0.007837099023163319,0.054695822298526764,0.05463525280356407,0.0003364133881404996,0.004386021289974451,-0.0005862883990630507,0.0024489618372172117,-0.0007216917001642287,8.484355930704623e-05,0.25045180320739746,0.245438352227211,0.10761488229036331,0.1068289577960968,-0.000611324911005795,-0.0005557018448598683,0.29442673921585083,0.2008274644613266,0.20111927390098572,0.00036889902548864484,0.04574888199567795,0.050120603293180466,0.0006383436848409474,0.0068305726163089275,3.3108518149305155e-09,-1.495704005094467e-08,1.1468306126971584e-07,-1.9446014576374182e-08,1.3336538984276558e-07,5.092937627182437e-08,-5.600973906894069e-08,1.5171244172051956e-07,-5.187466811662489e-08,1.5884637605267926e-07
00:00:03:16.283,61,9.083188956537924e-08,8.754432179181038e-10,-2.9169022752739693e-08,3.3276155164685406e-08,-7.509253663329218e-08,0.008439362980425358,0.3617427945137024,-1.021288369429385e-07,-6.314367340110039e-08,-1.0468065525515158e-08,-4.2347238604634185e-08,7.508322852345373e-08,0.00845257006585598,0.3620273470878601,0.01605939492583275,-0.00039552024099975824,0.02174399420619011,0.05043810233473778,0.0009115320281125605,0.1187685951590538,0.005397819448262453,0.009449601173400879,-0.0004824157804250717,0.09539443999528885,0.08871227502822876,-8.368752787646372e-06,0.0003227467823307961,0.010170488618314266,0.008185547776520252,0.04338894784450531,0.04241575300693512,0.00017063439008779824,0.0040367962792515755,-1.4941691915737465e-05,0.003085631411522627,-0.0009958924492821097,-0.0001145011920016259,0.1681085079908371,0.1633971780538559,0.08176088333129883,0.08004923909902573,-0.0005407551070675254,-0.0004096353077329695,0.28675377368927,0.1956297755241394,0.1959354281425476,4.704091770690866e-05,0.04831850901246071,0.053479455411434174,0.002721943659707904,0.008428219705820084,2.854503744487147e-09,-8.661300121559634e-09,8.491799263765643e-08,-1.1324882365215672e-08,1.0736286526480399e-07,3.949506321987428e-08,-4.8000366348333046e-08,1.1735595961681611e-07,-4.48524950513729e-08,1.3049691460764734e-07
00:00:03:17.299,61,8.43871390543427e-08,6.426125853664644e-09,-3.1422825230720264e-08,2.957880518295042e-08,-6.871297841826163e-08,0.009705602191388607,0.3640126883983612,-9.441748005656336e-08,-5.491077814667733e-08,-2.62632959824316e-09,-4.142988530020375e-08,7.571652815840935e-08,0.009706583805382252,0.36430880427360535,0.013970284722745419,-0.0006094881100580096,0.017735224217176437,0.02812935598194599,0.002477227943018079,0.07040493935346603,0.015150866471230984,0.008975534699857235,-0.0004118447832297534,0.10584892332553864,0.09903622418642044,-0.00021889865456614643,0.0002741494681686163,0.010321175679564476,0.008638070896267891,0.0295058935880661,0.027484601363539696,0.001383806113153696,0.003937766421586275,0.0021678346674889326,0.003785223001614213,-0.001223759027197957,-0.00025638742954470217,0.10349681228399277,0.09866612404584885,0.05680049955844879,0.054930176585912704,-0.0002849024604074657,-5.35981344000902e-05,0.2756959795951843,0.18903905153274536,0.18936149775981903,-7.520049985032529e-05,0.05073720961809158,0.05689426511526108,0.0057461499236524105,0.011019318364560604,2.376036700724171e-09,-1.2535601889851478e-08,8.72649223992994e-08,-1.6186385565220007e-08,9.819865454119281e-08,3.801192960395383e-08,-4.012137821973738e-08,1.1336058491906442e-07,-3.729015674025504e-08,1.1570751468070739e-07
00:00:03:18.316,61,8.145347152321847e-08,1.3951211741414227e-08,-3.583729224487797e-08,2.666376452964414e-08,-6.50901341714416e-08,0.0097726471722126,0.36410126090049744,-9.023584368605952e-08,-4.8317016165810855e-08,7.040798610802312e-09,-4.2747707595935935e-08,8.117407901409024e-08,0.009776195511221886,0.3643989562988281,0.012273102067410946,-0.0005795091274194419,0.015007449313998222,0.017858201637864113,0.004030613228678703,0.04807356745004654,0.025768768042325974,0.00921586249023676,-0.00042166688945144415,0.10936369746923447,0.10222894698381424,-0.00014533341163769364,0.00047944605466909707,0.00950113870203495,0.00798610970377922,0.019965030252933502,0.017626462504267693,0.002969113877043128,0.0040387967601418495,0.006330467294901609,0.00574126560240984,-0.0011475146748125553,-0.00020558193500619382,0.07370957732200623,0.06854982674121857,0.04503183811903,0.042767997831106186,-0.0004741690936498344,-0.0002291850687470287,0.2694242000579834,0.18501272797584534,0.18535809218883514,0.0001787868095561862,0.051680002361536026,0.057991690933704376,0.009656951762735844,0.01463661901652813,1.8812715829596982e-09,-1.8365680531928774e-08,9.594484851049856e-08,-2.3301691243204914e-08,9.275972701061619e-08,3.850087537671243e-08,-3.2726674703553726e-08,1.1538620725559667e-07,-2.9634684040047432e-08,1.0360032121070617e-07
00:00:03:20.333,61,1.017656146018453e-07,1.5366822481155396e-08,-4.3278561179249664e-08,3.394670855527693e-08,-8.163974030139798e-08,0.009988367557525635,0.3658505380153656,-1.1309050051977465e-07,-6.20260820483054e-08,5.811452652437765e-09,-5.26104138032224e-08,9.907409292964076e-08,0.009995249100029469,0.3661491274833679,0.011786567978560925,-0.0005833114846609533,0.013287165202200413,0.01269114576280117,0.004295986145734787,0.04566887021064758,0.04302032291889191,0.009043407626450062,-0.00033575587440282106,0.10426896810531616,0.09787910431623459,-0.00015546396025456488,0.0006287349970079958,0.008644990622997284,0.007244317326694727,0.013991701416671276,0.011429931037127972,0.0035094383638352156,0.004028717987239361,0.012088104151189327,0.009945545345544815,-0.0008022610563784838,0.00019201338000129908,0.060752131044864655,0.05552348122000694,0.042378198355436325,0.04009494185447693,-0.0007203395944088697,-0.0004672532668337226,0.2675987780094147,0.18284156918525696,0.18319332599639893,0.00043228224967606366,0.05315622314810753,0.05970726162195206,0.014222397468984127,0.019810836762189865,2.4773181284132306e-09,-2.115964825577521e-08,1.1609867556217068e-07,-2.6784837459103983e-08,1.1648982933820662e-07,4.7539359115944535e-08,-4.2598696126106006e-08,1.424923539161682e-07,-3.881752519419024e-08,1.319125289001022e-07
00:00:03:21.350,61,1.1464580751407993e-07,2.1085142520860245e-08,-5.1483510787875275e-08,3.738328757663112e-08,-9.13068660679528e-08,0.0093908766284585,0.35943618416786194,-1.270789624641111e-07,-6.744637914835039e-08,1.1343509243033623e-08,-6.061512891619714e-08,1.1570751468070739e-07,0.009402777999639511,0.3597165644168854,0.010971674695611,-0.0006171478307805955,0.012262835167348385,0.010657548904418945,0.0033712335862219334,0.061605893075466156,0.055817004293203354,0.008683278225362301,-0.00030475278617814183,0.0968858152627945,0.09212217479944229,-8.188717038137838e-05,0.000842536217533052,0.007285730913281441,0.0060039390809834,0.011646105907857418,0.008722163736820221,0.0025543279480189085,0.004016989842057228,0.01590561494231224,0.01508523803204298,-0.00032787767122499645,0.0007427079253830016,0.06687432527542114,0.061472002416849136,0.0504654161632061,0.04860704764723778,-0.0006790536572225392,-0.0004236888780724257,0.2649676203727722,0.1789165735244751,0.17924892902374268,0.0005927230231463909,0.05264357477426529,0.05973716825246811,0.015949614346027374,0.02290414087474346,2.608867344378041e-09,-2.68779700718369e-08,1.360848500553402e-07,-3.3825635625817085e-08,1.300312533203396e-07,5.442183592663241e-08,-4.5299529460862686e-08,1.6345641995485494e-07,-4.073605097687505e-08,1.4450401408794278e-07
00:00:03:22.366,61,1.1654570641894679e-07,2.4382025287650322e-08,-5.4519624370641395e-08,3.731809528062513e-08,-9.234994990947598e-08,0.008686428889632225,0.3492942750453949,-1.289322995035036e-07,-6.681307951339477e-08,1.527368986842248e-08,-6.26640428436076e-08,1.204758888206925e-07,0.008704888634383678,0.34955817461013794,0.010112855583429337,-0.0006129007088020444,0.012480664066970348,0.01373614277690649,0.002435101196169853,0.09240194410085678,0.0559910386800766,0.008940075524151325,-0.000343110179528594,0.08779025077819824,0.08349435776472092,-0.00014495968935079873,0.0008421671227551997,0.0058072651736438274,0.004530683159828186,0.01175773423165083,0.00923770759254694,0.0014946466544643044,0.0037622349336743355,0.010483010672032833,0.01299735065549612,-0.0003120456822216511,0.0007241845014505088,0.09560652077198029,0.08995147794485092,0.06255892664194107,0.06075725704431534,-0.0007405495853163302,-0.0004942345549352467,0.26132574677467346,0.17481335997581482,0.1751391440629959,0.0005090314662083983,0.05008378624916077,0.05656176432967186,0.012995886616408825,0.02009045146405697,2.5006010595518546e-09,-2.978369550987736e-08,1.4275312310019217e-07,-3.721564922898324e-08,1.3146549804332608e-07,5.597946994839731e-08,-4.366040329273346e-08,1.6837380201195629e-07,-3.900379041965607e-08,1.4416873739264702e-07
00:00:03:22.383,61,1.2060627341270447e-07,1.9520520311289147e-08,-5.202367958645482e-08,4.001893216809549e-08,-9.656884003561572e-08,0.008093549869954586,0.34209364652633667,-1.339614357220853e-07,-7.251277622799535e-08,8.307397436624342e-09,-6.27525125196371e-08,1.186318669965658e-07,0.008125551044940948,0.34233176708221436,0.010239798575639725,-0.0005077497917227447,0.012805345468223095,0.022746644914150238,0.0027657875325530767,0.13245713710784912,0.05403081327676773,0.008752427995204926,-0.000482729374198243,0.07780804485082626,0.07495559006929398,-5.4035783250583336e-05,0.0008968144538812339,0.005259898491203785,0.00401432765647769,0.013660555705428123,0.011707179248332977,3.5793633287539706e-05,0.003804748645052314,0.004690773785114288,0.010217827744781971,1.8092170648742467e-05,0.0010877359891310334,0.14435456693172455,0.13878436386585236,0.07594826817512512,0.07485655695199966,-0.000989094958640635,-0.0007401728653348982,0.26279112696647644,0.1742122322320938,0.17451810836791992,0.0005564295570366085,0.04862618446350098,0.054777514189481735,0.008536001667380333,0.01593966782093048,2.8789508554893928e-09,-2.5741755393937638e-08,1.391395869632106e-07,-3.2689420947917824e-08,1.3718381808303093e-07,5.652196577443647e-08,-4.969537314991612e-08,1.6974284733350942e-07,-4.490837568482675e-08,1.5504657824294554e-07
00:00:03:23.399,61,1.0874122580162293e-07,1.3336538984276558e-08,-4.379078788474544e-08,3.708526463697126e-08,-8.782372162841057e-08,0.007894457317888737,0.33892932534217834,-1.2136064242440625e-07,-6.828457088658979e-08,2.2351742678949904e-09,-5.516689327578206e-08,1.0272488282225822e-07,0.007932097651064396,0.339153528213501,0.010080124251544476,-0.00042304836097173393,0.015765514224767685,0.041766099631786346,0.0019359964644536376,0.16863243281841278,0.04420889541506767,0.00893442239612341,-0.0005329010891728103,0.06268005818128586,0.06038094684481621,-0.000141797965625301,0.0008978816913440824,0.0050550829619169235,0.0037685709539800882,0.019316403195261955,0.018791604787111282,3.813534931396134e-05,0.003937144298106432,0.0009304141858592629,0.007090970873832703,0.00027903568116016686,0.00129652617033571,0.18660159409046173,0.1810106337070465,0.09035874158143997,0.08953258395195007,-0.0008212298271246254,-0.0006023624446243048,0.26630303263664246,0.1733788698911667,0.17369605600833893,0.0006392561481334269,0.04725700244307518,0.05229149013757706,0.004175286740064621,0.011442534625530243,2.80560930043805e-09,-1.9483268332010084e-08,1.1883675909984959e-07,-2.533197474008375e-08,1.2487173250974593e-07,4.9977096239217644e-08,-4.803762010396895e-08,1.4970079575959971e-07,-4.41260645800412e-08,1.4487653743344708e-07
00:00:03:24.416,61,9.289942681789398e-08,3.090128330995867e-08,-5.176291040243086e-08,2.706423352094589e-08,-7.143243863083626e-08,0.008145177736878395,0.3382319509983063,-1.0169111419600085e-07,-4.5932829095818306e-08,2.6710331724189018e-08,-5.402136693533066e-08,1.0782852655211173e-07,0.008184874430298805,0.3384537100791931,0.010617979802191257,-0.00025015324354171753,0.018686283379793167,0.06538210064172745,0.00029061437817290425,0.18661527335643768,0.023800380527973175,0.009339839220046997,-0.0006472746026702225,0.04566369205713272,0.04346350580453873,-0.00012736856297124177,0.0010308882920071483,0.005289667285978794,0.0038487748242914677,0.029656285420060158,0.030469678342342377,0.0003323900746181607,0.0038056718185544014,-0.0005998731940053403,0.004137709271162748,0.0002688475651666522,0.0011294311843812466,0.23998643457889557,0.23441451787948608,0.10495321452617645,0.10434243828058243,-0.0005377188208512962,-0.00041101931128650904,0.2716902792453766,0.1726548969745636,0.1729656457901001,0.0006728738080710173,0.04604322463274002,0.049883466213941574,0.001030001207254827,0.00736092496663332,1.4167744755155809e-09,-3.2540409478087895e-08,1.3124197550951067e-07,-4.073605097687505e-08,1.0162592189999486e-07,4.744157067193555e-08,-2.576038227175559e-08,1.4318153773729136e-07,-2.1718442155815865e-08,1.0315329035393006e-07
00:00:03:25.433,61,6.19515745370336e-08,3.088265643214072e-08,-4.185363522424268e-08,1.5702099176451156e-08,-4.5979394514006344e-08,0.008178651332855225,0.3406754434108734,-6.67572024326546e-08,-2.4549663635298202e-08,3.036111451137913e-08,-3.9502047854966804e-08,8.203089407743391e-08,0.008229825645685196,0.3408927023410797,0.011886418797075748,-0.0001390854304190725,0.01992059499025345,0.08923201262950897,0.0001679235720075667,0.19130009412765503,0.011278515681624413,0.00945880264043808,-0.0005784273962490261,0.04190554469823837,0.04050423577427864,-0.0001373183768009767,0.0008499076939187944,0.005534184165298939,0.0038741452153772116,0.03818698227405548,0.038630250841379166,-1.7265081623918377e-05,0.0039157927967607975,-0.0007574614719487727,0.003626194316893816,0.0002846362767741084,0.0010852591367438436,0.2797057032585144,0.2744938135147095,0.1114719957113266,0.11154105514287949,-0.00018461942090652883,-9.009242057800293e-05,0.27277636528015137,0.17742709815502167,0.1777174025774002,0.0005078707472421229,0.043385520577430725,0.04715634509921074,3.0710099963471293e-05,0.005866867955774069,4.3190084841882026e-10,-2.989545322407139e-08,1.028552674142702e-07,-3.7159772148243064e-08,6.567686483549551e-08,3.417022398366498e-08,-9.70438129854756e-09,1.0341405953795402e-07,-6.556510889765832e-09,5.8636068445139244e-08
00:00:03:26.449,61,8.072704105188677e-08,1.1604279315235999e-08,-3.3807008747999134e-08,2.712942581695188e-08,-6.482936498741765e-08,0.00703330198302865,0.34566038846969604,-8.964911302200562e-08,-4.9397350210256263e-08,4.060566549668465e-09,-4.145316623294093e-08,7.800758083931214e-08,0.007079699542373419,0.345887690782547,0.014849773608148098,-8.239597264037002e-06,0.021861551329493523,0.11314565688371658,0.00029312490369193256,0.18476106226444244,0.003128195181488991,0.00937639269977808,-0.00046258801012299955,0.04953067749738693,0.04813702031970024,0.00023971006157808006,0.0007466170354746282,0.0070084864273667336,0.00519605865702033,0.050002846866846085,0.05077419802546501,-9.410858183400705e-05,0.0038304943591356277,-0.0005158212734386325,0.0023768048267811537,8.508645260008052e-05,0.0007928280392661691,0.3178515136241913,0.3128001391887665,0.11239717155694962,0.11260160803794861,-0.0004641878476832062,-0.00040011166129261255,0.27163881063461304,0.1847892701625824,0.18504957854747772,0.00029367118258960545,0.04253605008125305,0.046234797686338425,2.1013467630837113e-05,0.005300539545714855,1.996522724923011e-09,-1.5962868360475113e-08,9.154901192687248e-08,-2.0805746459018337e-08,9.281561119678372e-08,3.7739518177204445e-08,-3.4272670035306874e-08,1.1268071631320709e-07,-3.10875485354245e-08,1.0564923513811664e-07
00:00:03:28.466,61,9.316019600191794e-08,1.8570572635212557e-08,-4.293396926868809e-08,2.9988587613161144e-08,-7.401220614156045e-08,0.007202948443591595,0.3505021035671234,-1.0305084430228817e-07,-5.364417887676609e-08,1.1101365160470777e-08,-4.97885039862922e-08,9.549781765372245e-08,0.007254397962242365,0.35073134303092957,0.019242046400904655,4.635892764781602e-05,0.023040790110826492,0.12908971309661865,0.00039592920802533627,0.16757769882678986,0.0005846989224664867,0.009538780897855759,-0.0003963462950196117,0.06198539584875107,0.05979929864406586,4.901021748082712e-05,0.00032603053841739893,0.009157606400549412,0.007102546747773886,0.05827336758375168,0.05816678702831268,-0.00018419027037452906,0.004010782111436129,-0.00039641617331653833,0.0014477125369012356,-0.0002092929935315624,0.00045052848872728646,0.3448532223701477,0.3399134874343872,0.11062793433666229,0.11084659397602081,-0.0003541111946105957,-0.0002931714116130024,0.27690741419792175,0.18963077664375305,0.18988215923309326,0.0002849894517567009,0.04149353876709938,0.04510720074176788,-0.0010191871551796794,0.0036955391988158226,2.0477455286993518e-09,-2.2817403078079224e-08,1.1347233908054477e-07,-2.896413242581275e-08,1.0561198138248074e-07,4.4773333485181865e-08,-3.5557896183036064e-08,1.3412908117516054e-07,-3.17767252511203e-08,1.1608004513163905e-07
00:00:03:29.483,61,8.64639844166959e-08,2.0433217784443514e-08,-4.202127357189056e-08,2.7120114154399744e-08,-6.809830921383764e-08,0.007880082353949547,0.35100188851356506,-9.525567179480277e-08,-4.8000366348333046e-08,1.415610295651959e-08,-4.7241336176284676e-08,9.166076608835283e-08,0.007941031828522682,0.3512326776981354,0.022397629916667938,0.0001576110371388495,0.023544572293758392,0.13782963156700134,0.00042205333011224866,0.1543291211128235,-7.480382919311523e-05,0.00978185422718525,-0.000538861146196723,0.07357189804315567,0.07096340507268906,0.00023820556816644967,0.0004967246204614639,0.011947481893002987,0.009654553607106209,0.06489425897598267,0.06353330612182617,2.130568100255914e-05,0.004436061251908541,-0.00035281330929137766,0.0009633164736442268,-0.0005616810522042215,9.993076673708856e-05,0.35879576206207275,0.3538476526737213,0.10576692223548889,0.10569431632757187,-0.0002829909208230674,-0.0002945160958915949,0.283283531665802,0.19535188376903534,0.19557814300060272,0.0003030178777407855,0.04147614538669586,0.045131854712963104,-0.0014441098319366574,0.0026898542419075966,1.7462298274040222e-09,-2.373009877487675e-08,1.1004507882717007e-07,-2.9876829898967117e-08,9.735114758768759e-08,4.227040406590277e-08,-3.086402955432277e-08,1.2684613182045723e-07,-2.706423352094589e-08,1.0423362084566179e-07
00:00:03:29.500,61,5.925074120227691e-08,2.89455055479948e-08,-3.9730220890987766e-08,1.502223234695066e-08,-4.4098122486957436e-08,0.008640157990157604,0.3428657650947571,-6.361864279824658e-08,-2.3469329590852794e-08,2.8405338525772095e-08,-3.766268363847303e-08,7.813796543132412e-08,0.008712420240044594,0.3431006968021393,0.024868430569767952,0.0002033974596997723,0.023895518854260445,0.14066745340824127,0.0004986095591448247,0.13795234262943268,-0.0001827737723942846,0.009856585413217545,-0.0007547901477664709,0.08266397565603256,0.07917799800634384,0.00033736974000930786,0.0004739350115414709,0.014987184666097164,0.01256310474127531,0.06925956904888153,0.06735113263130188,-5.644559860229492e-05,0.005217107478529215,-0.0002603825996629894,0.0003909094666596502,-0.0006434540264308453,4.161521758305753e-07,0.3612469732761383,0.3565988838672638,0.09742526710033417,0.09691115468740463,-0.00033053100924007595,-0.00038918136851862073,0.2905217111110687,0.20048420131206512,0.20069195330142975,0.0002646600769367069,0.04000665619969368,0.04344906657934189,-0.0013903736835345626,0.0017704314086586237,4.330650005268666e-10,-2.8386711647954144e-08,9.803101619354493e-08,-3.481283883388642e-08,6.303191213419268e-08,3.259163250390884e-08,-9.834766778737958e-09,9.841285475431505e-08,-6.780028538599936e-09,5.599111219112274e-08
00:00:03:30.516,61,1.7546117447864162e-08,2.5536865067010694e-08,-2.4037435153445585e-08,5.681067838381182e-10,-1.0235234881861288e-08,0.009947194717824459,0.33201026916503906,-1.704320240492052e-08,3.5576521728586386e-09,2.9485672570217503e-08,-1.7052515843829497e-08,4.0326266770307484e-08,0.010020705871284008,0.3322521150112152,0.02776486799120903,0.00011141948198201135,0.023674802854657173,0.14456607401371002,0.0007791077950969338,0.12452888488769531,-0.0002126592444255948,0.009837649762630463,-0.0008716482552699745,0.08629312366247177,0.08206329494714737,0.00026482075918465853,0.0003319227835163474,0.01777627319097519,0.015313336625695229,0.07401097565889359,0.0714166909456253,-0.00013020932965446264,0.0060242642648518085,-0.0001757325226208195,0.00015323788102250546,-0.0005459470557980239,7.766880298731849e-05,0.36124515533447266,0.3566395044326782,0.08974453061819077,0.08871562778949738,-0.0007046276587061584,-0.0007557118078693748,0.29620984196662903,0.2064010202884674,0.206599622964859,3.170557465637103e-05,0.03919311612844467,0.04201408475637436,-0.0010368138318881392,0.0008109074551612139,-7.171183646903501e-10,-2.177432101291288e-08,5.4687262718289276e-08,-2.6710331724189018e-08,1.5050172663677586e-08,1.3853423297405243e-08,9.667128431090077e-09,4.2221508067541436e-08,1.1269003508118658e-08,-6.705522803684971e-10
00:00:03:31.533,61,2.961605716222948e-08,9.853392768377489e-09,-1.62888316168619e-08,8.698552989017116e-09,-2.2817403078079224e-08,0.01030963659286499,0.32924747467041016,-3.204680965041007e-08,-1.4714896856560244e-08,8.307397436624342e-09,-1.712702157874446e-08,3.4123658565476944e-08,0.010381655767560005,0.32949844002723694,0.03023238107562065,2.3114085706765763e-05,0.02488277480006218,0.15763887763023376,0.001020001363940537,0.11839368939399719,-0.00044996917131356895,0.009077148512005806,-0.0008294709259644151,0.0931069627404213,0.08763889223337173,6.60875448375009e-05,0.00022202044783625752,0.020473085343837738,0.018113164231181145,0.07692108303308487,0.07464393973350525,-0.0001392349658999592,0.0057414197362959385,-0.00048274800064973533,-6.780475086998194e-05,-0.0002347901463508606,0.0002977798576466739,0.37698042392730713,0.37286239862442017,0.08750051259994507,0.08646824210882187,-0.0007411483093164861,-0.0007853221613913774,0.29815220832824707,0.21437789499759674,0.2145608514547348,-8.82626700331457e-05,0.03948301449418068,0.04180954024195671,-0.0010542053496465087,0.00041641591815277934,4.6100467887555396e-10,-1.0244548320770264e-08,4.222616567517434e-08,-1.2908130564426301e-08,3.330409370505549e-08,1.5317928259150904e-08,-8.679926111199165e-09,4.56534330339764e-08,-6.891787140972383e-09,3.34158549719632e-08
00:00:03:32.549,61,2.2202730320941555e-08,1.5646218765041908e-09,-8.111819660427955e-09,7.739290985853131e-09,-1.7965213316983863e-08,0.01179861556738615,0.3215681314468384,-2.4465844461474262e-08,-1.4416873028721966e-08,-8.754432179181038e-10,-1.0691582730260052e-08,1.9613652924022063e-08,0.011875352822244167,0.3218247592449188,0.034473806619644165,1.1226497917959932e-05,0.025214221328496933,0.16886882483959198,0.000700433854945004,0.1103561595082283,-0.0009990626713261008,0.00954318605363369,-0.0007704517338424921,0.10277575254440308,0.09599621593952179,-0.0005803245585411787,-0.0003999766777269542,0.02290594018995762,0.020509591326117516,0.08157280087471008,0.07829476147890091,-5.2560269978130236e-05,0.0057738907635211945,-0.00038982927799224854,-0.00015038698620628566,-7.1214140007214155e-06,0.0004914251039735973,0.40417948365211487,0.40024271607398987,0.09385097771883011,0.09271970391273499,-0.00023112297640182078,-0.00032075762283056974,0.3058359920978546,0.22014683485031128,0.22033452987670898,-5.0819067837437615e-05,0.04326396435499191,0.04502284526824951,-0.00023408413107972592,0.0011506808223202825,6.263144447515856e-10,-3.0174851506359346e-09,2.3599714182864773e-08,-4.377215923057065e-09,2.6822089438383045e-08,1.0218936807859791e-08,-1.0635703873163038e-08,2.9900110831704296e-08,-9.797513911280475e-09,3.077089871794669e-08
00:00:03:33.566,61,-2.8824433950802586e-09,-2.849847025032659e-09,3.0919908855508993e-09,-4.097819306103645e-10,1.9650905347390335e-09,0.011296422220766544,0.31067800521850586,3.2689422280185454e-09,3.1664967869993177e-10,-3.2410025774254336e-09,2.5052577790063424e-09,-5.699694050065318e-09,0.011388221755623817,0.3109389543533325,0.0384942889213562,8.80123334354721e-05,0.025764739140868187,0.18159176409244537,0.0010462832869961858,0.10201730579137802,-0.0007182186818681657,0.009768176823854446,-0.0006496220594272017,0.11668621003627777,0.1097194254398346,-0.0008868688601069152,-0.0005511417984962463,0.026223622262477875,0.02379736118018627,0.0869758129119873,0.08238708227872849,-2.6921034077531658e-05,0.005646850913763046,-0.0005259471945464611,-0.0005452685290947556,-4.194475695840083e-05,0.0004093846946489066,0.4294983148574829,0.4262406527996063,0.0963769257068634,0.09563896059989929,2.256631887576077e-05,-0.00012630224227905273,0.3154561221599579,0.22647850215435028,0.2266809046268463,-0.0002479540416970849,0.045319825410842896,0.04711334407329559,1.763284126354847e-05,0.001037047477439046,5.820766091346741e-11,2.719461988931471e-09,-5.941838132628163e-09,2.8870998924901414e-09,-1.536682225911079e-09,-1.727603393675281e-09,-6.891787140972383e-10,-5.797482938163512e-09,-5.9604643443123e-10,-8.940696516468449e-10
00:00:03:35.583,61,1.6344711140092727e-09,-3.4458935260772705e-08,2.45124098796623e-08,8.689239550108141e-09,-7.040798610802312e-09,0.011544964276254177,0.302697092294693,-4.731118607992357e-09,-2.2314488035135582e-08,-4.302710365777784e-08,1.1534430299775522e-08,-3.413297378074276e-08,0.0116353128105402,0.30298054218292236,0.04495720565319061,-0.00011007934517692775,0.025695785880088806,0.20290441811084747,0.0038325136993080378,0.0906185731291771,-0.0013682979624718428,0.010105281136929989,-0.0006383609143085778,0.1308671534061432,0.12307412922382355,-0.0006905287737026811,-0.00010545313125476241,0.03032287210226059,0.028084855526685715,0.09726188331842422,0.09234834462404251,0.000886914727743715,0.0063347769901156425,-0.0005628493381664157,-0.0008489268948324025,-0.00015403435099869967,0.00018338092195335776,0.4682845175266266,0.46516504883766174,0.09967511892318726,0.09924717247486115,-0.00014022589311935008,-0.0002749323903117329,0.323588103055954,0.23459558188915253,0.23480620980262756,-0.0003349279868416488,0.048254333436489105,0.04964747279882431,0.0006366628222167492,0.0015821462729945779,1.7904676630209337e-09,2.7604400543168595e-08,-4.842877388000488e-08,3.278255533700758e-08,1.225620493983115e-08,-7.055932726984793e-09,-2.68779700718369e-08,-2.3874454413430612e-08,-2.7939677238464355e-08,3.799796033376879e-08
00:00:03:36.600,61,2.556480538373762e-08,-1.383945313904178e-08,2.0582229254273443e-09,1.2768432533505347e-08,-2.346001615194382e-08,0.011476901359856129,0.312989205121994,-2.9942022194973106e-08,-2.6840716316200997e-08,-2.0619481233552506e-08,-6.868503987789154e-09,6.388872986207161e-09,0.011570855043828487,0.3133067786693573,0.05656667798757553,-5.7425200793659315e-05,0.02650366723537445,0.24171318113803864,0.007378718350082636,0.0811474546790123,-0.0009764641290530562,0.010501560755074024,-0.0004552478203549981,0.14566150307655334,0.1383335143327713,0.0002530544879846275,0.000556302082259208,0.037443608045578,0.03490281105041504,0.11603884398937225,0.10947242379188538,0.00268220785073936,0.008104872889816761,-0.0002351811563130468,-0.0012003497686237097,0.000370198831660673,0.0008503278368152678,0.513110339641571,0.5101115703582764,0.10143056511878967,0.10220970213413239,-0.0005941915442235768,-0.0007582312682643533,0.3322083353996277,0.24587850272655487,0.24609363079071045,-0.00022671531769447029,0.050806015729904175,0.05254309996962547,7.679223926970735e-05,0.0014452118193730712,1.5285331889103304e-09,9.22009313342187e-09,3.501772871672415e-09,1.0523945270790591e-08,3.52226194877403e-08,8.085043745609255e-09,-2.434477153201442e-08,2.2514722530786457e-08,-2.3916364000342583e-08,5.1967798953000965e-08
00:00:03:37.616,61,4.579312928854051e-08,8.009374274919878e-10,-1.4966353489853645e-08,1.677311978198759e-08,-3.763474509810294e-08,0.011130910366773605,0.3338651955127716,-5.1166860970397465e-08,-3.172084817038012e-08,-4.731118607992357e-09,-2.1420419216156006e-08,3.811903326322863e-08,0.011243327520787716,0.33421942591667175,0.07127887010574341,-6.825238233432174e-05,0.028149403631687164,0.29298293590545654,0.004342688713222742,0.07645046710968018,-0.0005665519856847823,0.010304811410605907,-0.0003474740369711071,0.15544338524341583,0.1501617580652237,-0.0002814364561345428,-1.9782780782406917e-06,0.04653991758823395,0.0435650460422039,0.1381203979253769,0.13103444874286652,0.002485509030520916,0.00924464501440525,3.419846325414255e-05,-0.0010195780778303742,0.0005793829332105815,0.001198869664222002,0.5609275102615356,0.5577897429466248,0.10089254379272461,0.10332775115966797,-0.00047530769370496273,-0.0005955462111160159,0.3393368422985077,0.25775229930877686,0.25793954730033875,-0.0002619488805066794,0.050948869436979294,0.05350584164261818,0.00015821546548977494,0.0021444971207529306,1.4528631631094413e-09,-4.488974969518722e-09,4.3846668518199294e-08,-6.258487506016763e-09,5.531124713797908e-08,2.0381994758622568e-08,-2.3916364000342583e-08,6.003770636198169e-08,-2.2090970830390688e-08,6.575137234676731e-08
00:00:03:37.633,61,9.9791215291134e-08,1.588836262556015e-08,-4.297122302432399e-08,3.319699359849437e-08,-7.981434180237557e-08,0.011225908063352108,0.3570190668106079,-1.1062249427595816e-07,-6.010755981833427e-08,6.7241487933245025e-09,-5.1795506550433856e-08,9.792857014190304e-08,0.011329226195812225,0.3574274480342865,0.08676359057426453,-0.00013413242413662374,0.02867121435701847,0.3441627621650696,0.0017372480360791087,0.06903684139251709,-0.0006835878011770546,0.01113695465028286,-0.0001763109612511471,0.16454769670963287,0.16002674400806427,-0.000243733826209791,-0.00022212743351701647,0.05416343733668327,0.0504087395966053,0.16725467145442963,0.15822041034698486,0.000592942233197391,0.010055244900286198,0.0009997016750276089,-0.0009402430732734501,0.0008269349345937371,0.0016104450915008783,0.5979658365249634,0.5945746898651123,0.10062118619680405,0.1041339710354805,-0.001007424551062286,-0.001112777041271329,0.35687246918678284,0.2801928222179413,0.28039810061454773,-0.0004021682543680072,0.05275842174887657,0.05490570887923241,-0.00012719750520773232,0.0017029274022206664,2.4144537480452755e-09,-2.1122396276496147e-08,1.1568889135560312e-07,-2.7157366133678806e-08,1.151673529875552e-07,4.7234351541192154e-08,-4.142522769257084e-08,1.4093704692186293e-07,-3.738328757663112e-08,1.2816860817110864e-07
00:00:03:38.649,61,1.5972182154655457e-07,2.6207416681245377e-08,-6.936490848374888e-08,5.288980986506431e-08,-1.2771226920449408e-07,0.012652898207306862,0.3818386495113373,-1.7710030419948453e-07,-9.584240956428403e-08,1.2032687735086256e-08,-8.328584755190604e-08,1.5761703764383128e-07,0.012763142585754395,0.38229531049728394,0.09860577434301376,-0.00023534528736490756,0.029838673770427704,0.3918079733848572,0.000773055711761117,0.05602477863430977,-0.000139842028147541,0.01150188222527504,-0.0002167110360460356,0.1731497347354889,0.16933993995189667,-0.00029511406319215894,-0.00038116381620056927,0.06150319054722786,0.0570850744843483,0.1945776492357254,0.1850387006998062,0.0001348662335658446,0.011124994605779648,0.0003004610480275005,-0.0014597997069358826,0.0006509458180516958,0.0014940585242584348,0.6199002265930176,0.6160181164741516,0.09473953396081924,0.09896066784858704,-0.0010257780086249113,-0.0010707282926887274,0.3820509612560272,0.30431297421455383,0.3045194745063782,-0.0003946396755054593,0.05328547954559326,0.05543309077620506,-4.10354150517378e-05,0.0016576189082115889,3.819586869013847e-09,-3.463588527097272e-08,1.858174840663196e-07,-4.429370292768908e-08,1.8311664007342188e-07,7.561873616168668e-08,-6.560236442965106e-08,2.2593886228605697e-07,-5.921349099935469e-08,2.0414590551354195e-07
00:00:03:39.666,61,1.1641997588185404e-07,3.0156225960809024e-08,-5.8673322200775146e-08,3.5949049959072e-08,-9.127892752758271e-08,0.01309332624077797,0.3934613764286041,-1.2799165460819495e-07,-6.335787361422263e-08,2.2668391608249294e-08,-6.458256507357873e-08,1.2625940826183069e-07,0.013220096006989479,0.39396288990974426,0.10575747489929199,-7.721960719209164e-05,0.029223112389445305,0.42762160301208496,0.0005254128482192755,0.043973952531814575,-0.0007273435476236045,0.012060467153787613,-0.0002600035513751209,0.18397991359233856,0.18037696182727814,-0.00030085741309449077,-0.000581573520321399,0.06807932257652283,0.0630074292421341,0.21626056730747223,0.20511798560619354,0.0004328525101300329,0.012567992322146893,0.0005546194151975214,-0.0014623781898990273,0.0007597875664941967,0.0016936175525188446,0.6267057657241821,0.6226348280906677,0.084406778216362,0.08892913907766342,-0.00055885553592816,-0.0006856918334960938,0.40428420901298523,0.32559338212013245,0.3258010149002075,-3.845833271043375e-05,0.05259975045919418,0.054849255830049515,-0.000735980283934623,0.0006542956689372659,2.249143982169244e-09,-3.4077093147288906e-08,1.5206634884634695e-07,-4.300847677995989e-08,1.3138168242221582e-07,5.794456114927016e-08,-3.950670190988603e-08,1.7315615252755379e-07,-3.4291296913124825e-08,1.3764947937033867e-07
00:00:03:40.683,61,1.4837365824860171e-07,2.7138739255860855e-08,-6.640330241225456e-08,4.846137002800788e-08,-1.1819415135505551e-07,0.013315031304955482,0.3955422341823578,-1.642666802581516e-07,-8.753500679858917e-08,1.464039112164528e-08,-7.8305603778972e-08,1.492537506919689e-07,0.013456284068524837,0.39606180787086487,0.1126551628112793,-9.5714109193068e-05,0.02982761338353157,0.44555434584617615,0.000661797821521759,0.03361592814326286,-0.0005920672556385398,0.012325837276875973,-0.0002898715320043266,0.1938013881444931,0.1900540143251419,7.358282891800627e-05,-0.0004114805196877569,0.07513049244880676,0.06986940652132034,0.2332892268896103,0.2216777801513672,0.00047546744463033974,0.014015661552548409,0.0007635617512278259,-0.0019245425937697291,0.0007220655679702759,0.0017015429912135005,0.63472580909729,0.6304552555084229,0.07589087635278702,0.0806422233581543,-0.0005267036031000316,-0.0006044733454473317,0.4235280752182007,0.34474822878837585,0.3449722230434418,-0.0001390824472764507,0.05236942321062088,0.0546085461974144,-0.00096749427029863,0.00029492913745343685,3.431923634167333e-09,-3.4375116086948765e-08,1.7631799664741266e-07,-4.358589578146166e-08,1.6969629257346242e-07,7.08969309926033e-08,-5.885027221097516e-08,2.1177343967337947e-07,-5.2768736935604466e-08,1.873634687399317e-07
00:00:03:41.699,61,1.650443266498769e-07,2.2035091973293675e-08,-6.792135565092394e-08,5.5809504573289814e-08,-1.3291369782564288e-07,0.013586094602942467,0.37981948256492615,-1.835869625210762e-07,-1.0265969052625223e-07,6.016343867543128e-09,-8.429167763779333e-08,1.576356538635082e-07,0.013744962401688099,0.38032636046409607,0.11880303174257278,-6.685249536531046e-05,0.029921676963567734,0.4352657198905945,0.0011176115367561579,0.027156447991728783,-0.0004637253296095878,0.012589343823492527,-0.0002878572850022465,0.20501039922237396,0.20125339925289154,0.0001378345477860421,-0.00029719204758293927,0.0799584835767746,0.07492440193891525,0.2367061972618103,0.22394591569900513,0.00015846610767766833,0.015214578248560429,0.0011683535994961858,-0.0018381808185949922,0.0009925104677677155,0.002037676516920328,0.6399552822113037,0.6354861259460449,0.07205438613891602,0.07644214481115341,-0.0008327454561367631,-0.0009054666734300554,0.4368431866168976,0.3580883741378784,0.35833224654197693,-0.00028046630905009806,0.05275280773639679,0.054778460413217545,-0.0011505645234137774,-4.9646496336208656e-05,4.224712135680875e-09,-3.17767252511203e-08,1.8382445432507666e-07,-4.0447339699767326e-08,1.9055791256050725e-07,7.682596248059781e-08,-7.163733073412004e-08,2.2924970721760474e-07,-6.50901341714416e-08,2.1684914486286289e-07
00:00:03:43.716,61,1.3240612872778001e-07,2.3115426017739082e-08,-5.859881468950334e-08,4.3446199526897544e-08,-1.0576098929959699e-07,0.0140084158629179,0.35098403692245483,-1.469720132263319e-07,-7.88923344430259e-08,1.1529773580321034e-08,-6.964197041270381e-08,1.3215466765359452e-07,0.014188473112881184,0.35145702958106995,0.12327190488576889,-0.00021884344459977,0.030003149062395096,0.3759801387786865,0.0019126886036247015,0.024882830679416656,-0.0006010329816490412,0.012026621028780937,-0.00027141105965711176,0.21968837082386017,0.21607543528079987,0.00015241012442857027,-1.058384805219248e-05,0.08228515833616257,0.07843821495771408,0.21571189165115356,0.20286251604557037,-0.0003357577370479703,0.016784226521849632,0.0011329937260597944,-0.002153649926185608,0.001340548857115209,0.0024996690917760134,0.6345749497413635,0.630326509475708,0.07290974259376526,0.07569896429777145,-0.0009153605788014829,-0.00089257926447317,0.4469245970249176,0.3635413646697998,0.3637876808643341,-0.0005371637525968254,0.05535991117358208,0.05767473205924034,-0.0016582915559411049,4.793226617039181e-05,3.11643821859775e-09,-2.98675146837013e-08,1.5586614665608067e-07,-3.803521408940469e-08,1.515541185881375e-07,6.302841626393274e-08,-5.341134823311222e-08,1.8820166758359846e-07,-4.790723195924329e-08,1.68420370982858e-07
00:00:03:44.733,61,9.750481666515043e-08,1.3411044719191523e-08,-4.056841262922717e-08,3.2875686173383656e-08,-7.852911920736005e-08,0.013845814391970634,0.3094620108604431,-1.087971028823631e-07,-6.045215172889584e-08,4.3027101881421e-09,-5.012843828922087e-08,9.384006460777528e-08,0.014043995179235935,0.3098824918270111,0.11517665535211563,-0.00018945425108540803,0.02919880300760269,0.28883060812950134,0.004735283087939024,0.029214506968855858,-0.00045426012366078794,0.011198228225111961,-0.0002992692170664668,0.2305580973625183,0.22631774842739105,-0.00037260979297570884,-0.00024196147569455206,0.07853514701128006,0.07613764703273773,0.18036270141601562,0.16872809827327728,-0.00032753587584011257,0.017060257494449615,0.00114488007966429,-0.002613905118778348,0.0013748434139415622,0.002519849454984069,0.5985925793647766,0.5947972536087036,0.08123750984668732,0.08192349225282669,-0.0007062309887260199,-0.0006467056227847934,0.44946524500846863,0.3590897023677826,0.35934334993362427,-0.0005109762423671782,0.05884475260972977,0.06165313720703125,-0.001560532720759511,0.0006747287698090076,2.471497229095121e-09,-1.8989666727975418e-08,1.0978430253771876e-07,-2.4624169370213167e-08,1.1267140820336863e-07,4.5605702325701714e-08,-4.1965396491150386e-08,1.3585201941168634e-07,-3.818422555923462e-08,1.2811273109036847e-07
00:00:03:45.750,61,6.182875722515746e-08,2.5808112980030273e-08,-3.842928109065724e-08,1.6790581369718893e-08,-4.6780332496609844e-08,0.01396358385682106,0.2529858350753784,-6.753543857485056e-08,-2.785352926082396e-08,2.421555045373225e-08,-3.8027646809268845e-08,7.740163709968328e-08,0.014149985276162624,0.2533377707004547,0.09427444636821747,-0.00014146337343845516,0.02907610684633255,0.21967433393001556,0.0060262917540967464,0.03757121413946152,-0.0005425576819106936,0.009866796433925629,-0.0005851930472999811,0.2279263138771057,0.22191281616687775,-0.0005650476086884737,-0.00024098441645037383,0.06845352798700333,0.0670052245259285,0.144280344247818,0.13487112522125244,0.0013367959763854742,0.01607651822268963,0.0013437067391350865,-0.0027386576402932405,0.0015437665861099958,0.002553989179432392,0.5290423035621643,0.5264230966567993,0.0917210802435875,0.09038624167442322,-0.00043146751704625785,-0.00037935376167297363,0.43398207426071167,0.334786057472229,0.3350523114204407,9.549030801281333e-05,0.06171611696481705,0.06422508507966995,-0.0008616719278506935,0.0014576101675629616,6.976915711831566e-10,-2.597691484140796e-08,9.544309875764156e-08,-3.237859402815957e-08,6.71501041438205e-08,3.301334672300982e-08,-1.361826473811334e-08,9.946699464080666e-08,-1.0564690455794334e-08,6.37629966604436e-08
00:00:03:45.766,61,3.050197960874357e-08,2.184649972036823e-08,-2.5781337953389993e-08,6.0303135818173814e-09,-2.137268850788132e-08,0.014302906580269337,0.21150335669517517,-3.238907098079835e-08,-8.011702412602517e-09,2.3636966162143835e-08,-2.2157328416483324e-08,4.7851354878503116e-08,0.014468884095549583,0.21181181073188782,0.07801948487758636,-8.247826190199703e-05,0.029834775254130363,0.18335995078086853,0.005303859245032072,0.04382140561938286,-0.0010571073507890105,0.009617170318961143,-0.0007171594188548625,0.21671181917190552,0.20844881236553192,-0.0007507233531214297,-0.00012276851339265704,0.0616605170071125,0.060568057000637054,0.1256321370601654,0.11839992552995682,0.0035673240199685097,0.015591362491250038,0.0016346126794815063,-0.002690848195925355,0.0017242702888324857,0.002618815517053008,0.4796931743621826,0.4774307310581207,0.09702498465776443,0.09478408843278885,-0.00027538894210010767,-0.0002726153179537505,0.41821515560150146,0.3063146770000458,0.3065989911556244,0.0003615864843595773,0.06133263558149338,0.06275717169046402,-6.232317537069321e-05,0.0016829809173941612,-1.2441887797809414e-10,-2.0279548706980677e-08,6.134854402262135e-08,-2.5022309557698463e-08,3.091059497251081e-08,1.8518621303087457e-08,5.681067838381182e-10,5.630776200860055e-08,2.3026951456728284e-09,2.2207386152217623e-08
00:00:03:46.783,61,5.830195703993013e-08,1.443433550463169e-08,-2.8826180553664926e-08,1.8205028595730255e-08,-4.571571565747945e-08,0.012146971188485622,0.18775886297225952,-6.475195135635659e-08,-3.252294789035659e-08,1.0468065525515158e-08,-3.232067768976776e-08,6.269430485872363e-08,0.012285109609365463,0.1880401223897934,0.06305426359176636,8.376283221878111e-05,0.030068017542362213,0.15472210943698883,0.0034820078872144222,0.05097294971346855,-0.00044104031985625625,0.009502522647380829,-0.0009205014794133604,0.20282596349716187,0.19248142838478088,-0.0002801662194542587,0.0002119763958035037,0.053354449570178986,0.052358854562044144,0.11165697127580643,0.10698903352022171,0.001967586809769273,0.01232762262225151,0.0022970912978053093,-0.002604397479444742,0.0009966762736439705,0.0016476736636832356,0.44042909145355225,0.43867042660713196,0.10206330567598343,0.099222831428051,-0.0006105895154178143,-0.0007017454481683671,0.4025695323944092,0.28487324714660645,0.28517013788223267,0.00039964658208191395,0.06061169505119324,0.06126253306865692,0.00023307990340981632,0.001516551710665226,1.1426163348815521e-09,-1.6494887233875488e-08,7.543596325376711e-08,-2.0746375284375063e-08,6.52798917144537e-08,2.8636932825065742e-08,-2.0172446824062717e-08,8.62535642909279e-08,-1.762295198659558e-08,7.068040019930777e-08
00:00:03:47.799,61,5.4466070764647156e-08,3.138557147508436e-08,-3.998866304755211e-08,1.2789387326961332e-08,-3.96347594744384e-08,0.011098064482212067,0.16431502997875214,-5.880836440042003e-08,-1.932028759199511e-08,3.204680965041007e-08,-3.648572644010528e-08,7.682945835085775e-08,0.011215049773454666,0.16457556188106537,0.0527404360473156,3.959341120207682e-05,0.030256586149334908,0.1311231553554535,0.0007195444195531309,0.060728974640369415,-0.00044917091145180166,0.008333330973982811,-0.0010570068843662739,0.18689636886119843,0.17643234133720398,-0.00031789540662430227,3.0242652428569272e-05,0.04700641706585884,0.04622429981827736,0.1000264436006546,0.09804878383874893,0.0011895239586010575,0.011215251870453358,0.0012387799797579646,-0.002059527672827244,0.0011545841116458178,0.0017648324137553573,0.38518133759498596,0.3840123116970062,0.10212992876768112,0.0986950471997261,-0.0004964686813764274,-0.0005185927730053663,0.38186755776405334,0.26070690155029297,0.26098909974098206,0.0005219076410867274,0.057138215750455856,0.057680644094944,0.0003136942978017032,0.0016645332798361778,1.705484503622401e-10,-2.9634684040047432e-08,9.655952482034991e-08,-3.672204940130541e-08,5.6144781268585575e-08,3.092631217782582e-08,-5.103647726656391e-09,9.404961076597829e-08,-2.360902806586296e-09,4.7730281949043274e-08
00:00:03:48.816,61,3.368943168879923e-08,5.280948300878663e-08,-4.899455063878122e-08,7.392372824988058e-11,-1.8798164802547035e-08,0.009636066854000092,0.1471835821866989,-3.342633192460198e-08,8.456408906454271e-09,6.113666728424505e-08,-3.441644480517425e-08,8.181436328413838e-08,0.00973543431609869,0.14741578698158264,0.043384477496147156,0.0001958298817044124,0.029890280216932297,0.10877110809087753,0.00039050777559168637,0.07457749545574188,-0.0007133573526516557,0.007711978163570166,-0.0009364931029267609,0.1735174059867859,0.16246701776981354,-0.00019141707161907107,-3.1030642276164144e-05,0.0404651053249836,0.039701659232378006,0.0913536474108696,0.09104663878679276,0.0010395762510597706,0.009151543490588665,0.00016920577036216855,-0.0014636855339631438,0.0007895348826423287,0.0012267756974324584,0.3242424726486206,0.3239540755748749,0.10244239121675491,0.09862703084945679,-0.0002397049538558349,-0.0003235726908314973,0.35612910985946655,0.24252641201019287,0.24280929565429688,0.0004894061130471528,0.05732465907931328,0.057974111288785934,0.0005092989886179566,0.0023451894521713257,-1.5713158552088657e-09,-4.5024791006653686e-08,1.0924529902922586e-07,-5.487352439104143e-08,2.579763602739149e-08,2.6904308114694686e-08,2.208282268156836e-08,8.361297432202264e-08,2.481043281932216e-08,-4.444737022879508e-09
00:00:03:50.833,61,4.2534665567472985e-08,5.729962282430279e-08,-5.527399338234318e-08,2.3655593039961786e-09,-2.5402988157452455e-08,0.00791243091225624,0.13135866820812225,-4.3079488420971757e-08,5.161855387569858e-09,6.583519507330493e-08,-4.014640708760453e-08,9.390059574343468e-08,0.007997092790901661,0.13156040012836456,0.03486107289791107,0.0002732347638811916,0.02908679097890854,0.08326029032468796,1.0886183190450538e-05,0.08878470212221146,-0.00029566854937002063,0.006527730263769627,-0.0010185474529862404,0.15706054866313934,0.14583058655261993,2.4983566618175246e-05,-0.00010201941040577367,0.0343775749206543,0.033846415579319,0.08039920032024384,0.0824064239859581,0.0005251612747088075,0.007360770832747221,-0.00010010401456383988,-0.0007564229308627546,0.00040825470932759345,0.0006918616709299386,0.26305249333381653,0.2634212076663971,0.10388557612895966,0.09970071166753769,0.0006875947001390159,0.0005528574693016708,0.33089157938957214,0.22234496474266052,0.2226215898990631,0.0006475272821262479,0.05699651688337326,0.05806000530719757,0.0013200008543208241,0.003941321279853582,-1.5241675699328994e-09,-4.963949251646227e-08,1.2423842576936295e-07,-6.045447520364178e-08,3.516673885428645e-08,3.1801754118987446e-08,2.059154269318242e-08,9.865500061323473e-08,2.377666596942163e-08,3.6507845635469494e-09
00:00:03:51.850,61,4.469358927394751e-08,3.098626777386926e-08,-3.673019932648458e-08,9.273062318015945e-09,-3.176450391606522e-08,0.005776594392955303,0.11711465567350388,-4.790839724932994e-08,-1.2635719137676915e-08,3.27895399721001e-08,-3.1859961779900914e-08,6.86186822917989e-08,0.0058380067348480225,0.11727872490882874,0.02759462781250477,0.00026186040486209095,0.028831541538238525,0.0647781565785408,0.00014548028411809355,0.108866386115551,9.330328612122685e-05,0.005392991937696934,-0.000911631272174418,0.13245142996311188,0.12298137694597244,-4.734620233648457e-06,-0.0001254355302080512,0.027775753289461136,0.027308950200676918,0.06870842725038528,0.07306203991174698,-0.0002496141823939979,0.006075326818972826,-0.0002841227687895298,0.0009305450948886573,0.0002002792025450617,0.0004462208889890462,0.2060459852218628,0.20661821961402893,0.10302353650331497,0.09928648173809052,0.0031283078715205193,0.0030016512610018253,0.30302566289901733,0.2036580592393875,0.2039373815059662,0.0003938940935768187,0.054805222898721695,0.05600927025079727,0.003995173145085573,0.0077309198677539825,-1.350417694334638e-10,-2.881861327352908e-08,8.727307232447856e-08,-3.525405034565665e-08,4.442408751970106e-08,2.6497291472082907e-08,-4.2142345169082773e-10,8.129281781066311e-08,1.9662547146026554e-09,3.394670855527693e-08
00:00:03:52.866,61,5.812384173964347e-08,2.0023435354232788e-08,-3.286637451083152e-08,1.6745179465260662e-08,-4.468019909609211e-08,0.005376323591917753,0.1055973619222641,-6.396323470880816e-08,-2.8656796047243915e-08,1.735985222239833e-08,-3.4160912321112846e-08,6.831250942695988e-08,0.005413793493062258,0.10573521256446838,0.02308075875043869,9.915810369420797e-05,0.0276574045419693,0.05238093435764313,0.00016317203699145466,0.12249235063791275,0.0002839258231688291,0.004509043879806995,-0.0006161542842164636,0.11265932023525238,0.10412981361150742,-0.00011370747961336747,-0.0002738018229138106,0.02227816730737686,0.021813945844769478,0.06082642450928688,0.066861093044281,-0.00046444981126114726,0.005466735456138849,-0.000562605622690171,0.002600279403850436,0.0003447814960964024,0.0006057920982129872,0.1734936535358429,0.17435231804847717,0.10017307102680206,0.09722372889518738,0.008278991095721722,0.00825260579586029,0.2839947044849396,0.1885913908481598,0.18888139724731445,0.0001983431284315884,0.052321165800094604,0.05375668406486511,0.0063824583776295185,0.01112355012446642,8.515780858253663e-10,-2.1122396276496147e-08,8.272007079312971e-08,-2.6104972405960325e-08,6.296671983818669e-08,2.9586953331772747e-08,-1.565553198190628e-08,8.988194366565949e-08,-1.3159588085898122e-08,6.43543884848441e-08
00:00:03:52.883,61,4.3419422723900425e-08,1.812703054326903e-08,-2.69652815632071e-08,1.173175423474504e-08,-3.280292659724182e-08,0.005285484716296196,0.1011863499879837,-4.748464732529101e-08,-1.9401777962002598e-08,1.694075812963547e-08,-2.6636406857960537e-08,5.4221601430981536e-08,0.00532193249091506,0.1013069897890091,0.019697051495313644,8.400589285884053e-05,0.026297425851225853,0.045722030103206635,0.0005597998388111591,0.12905222177505493,0.0014508255990222096,0.003783248597756028,-0.0005285901133902371,0.09791892021894455,0.09074130654335022,-0.0001675526291364804,-0.00025155843468382955,0.01891648955643177,0.018459759652614594,0.055914536118507385,0.06268808990716934,-0.0005696493899449706,0.004650300368666649,-0.0005031931214034557,0.00424789497628808,0.0004996468196623027,0.0007581663667224348,0.15562975406646729,0.1560717225074768,0.09624437242746353,0.09387354552745819,0.009745643474161625,0.009747578762471676,0.26207637786865234,0.1730460226535797,0.1733279824256897,3.935604763682932e-05,0.05056207999587059,0.05242758244276047,0.00964006781578064,0.014855070039629936,4.698813560466419e-10,-1.824460937882577e-08,6.649177208828405e-08,-2.2652093534247797e-08,4.6059721370284024e-08,2.2807652655387756e-08,-9.202631545690565e-09,6.957154141673527e-08,-7.280614333637914e-09,4.494795646792227e-08
00:00:03:53.899,61,2.7386704459786415e-08,1.4032702999600133e-08,-1.882086486659773e-08,6.826594400877184e-09,-2.022483336361347e-08,0.004885324276983738,0.10109222680330276,-2.9824441583059524e-08,-1.0919757542637853e-08,1.377426084303579e-08,-1.7699203880283676e-08,3.672670700893832e-08,0.0049059949815273285,0.1012076586484909,0.01771419867873192,1.5101022654562257e-05,0.025880496948957443,0.0411461777985096,0.0005181748420000076,0.1350555419921875,0.004136235918849707,0.003187932074069977,-0.0004821222391910851,0.08515243232250214,0.07818058878183365,-0.00029268121579661965,-0.0002653288538567722,0.016600918024778366,0.016246015205979347,0.05280657857656479,0.06043563783168793,-0.0007840864127501845,0.004090213216841221,-0.0004003015055786818,0.0055797952227294445,0.000604371540248394,0.0008496614755131304,0.1447518914937973,0.14506031572818756,0.09278921037912369,0.09062793105840683,0.011628516018390656,0.011637641116976738,0.2458360344171524,0.1595555543899536,0.15983089804649353,-0.00022815671400167048,0.0484350360929966,0.05020812898874283,0.011610562913119793,0.017026187852025032,1.6822014614614744e-10,-1.3555400357745384e-08,4.5585910157797116e-08,-1.668464477688758e-08,2.834247503358256e-08,1.4874676601550618e-08,-3.834720541107117e-09,4.565692535152266e-08,-2.6379711748347745e-09,2.5900080302676542e-08
00:00:03:54.916,61,1.8208520913276516e-08,6.787013173692458e-09,-1.0753865353763103e-08,5.167093863889249e-09,-1.3752724292714902e-08,0.004688376560807228,0.10502918064594269,-2.023298328879264e-08,-8.910428839215001e-09,6.3213518863847185e-09,-1.0978838282937886e-08,2.2145686173757895e-08,0.004707911983132362,0.10514074563980103,0.016162049025297165,7.120219379430637e-05,0.02497313916683197,0.040355801582336426,0.0007355976267717779,0.13974644243717194,0.006989170331507921,0.002668990520760417,-0.00042803201358765364,0.07116089761257172,0.06518882513046265,-0.00024340965319424868,-0.00016736121324356645,0.01519305631518364,0.014856109395623207,0.05295572429895401,0.06103447824716568,-0.0007460701745003462,0.0035397305618971586,-0.00023940073151607066,0.006030285730957985,0.0008689312380738556,0.0011405260302126408,0.14039182662963867,0.14100979268550873,0.0897550955414772,0.08809095621109009,0.01457461342215538,0.014566099271178246,0.2312287837266922,0.14639705419540405,0.14665339887142181,-0.00023782206699252129,0.04608891159296036,0.048285700380802155,0.012525524012744427,0.017971500754356384,2.336310034323219e-10,-7.002381785525813e-09,2.6716152845551733e-08,-8.731149137020111e-09,1.946580674427878e-08,9.288051217026805e-09,-4.28757651604883e-09,2.8465874990502016e-08,-3.6298297700909643e-09,2.0284206314613584e-08
00:00:03:55.933,61,1.5192199498414993e-08,1.1147931466837235e-08,-1.2875534416423307e-08,2.9918738597700667e-09,-1.0614749079707053e-08,0.004516053944826126,0.11190751194953918,-1.6405246938688833e-08,-4.041940115939724e-09,1.1846423397798844e-08,-1.101638158473861e-08,2.3851171704336593e-08,0.004539369139820337,0.11201908439397812,0.014653650112450123,9.641269571147859e-05,0.023881807923316956,0.04198472201824188,0.0009137660963460803,0.1462201625108719,0.009552206844091415,0.002166836755350232,-0.0004017081228084862,0.05959276109933853,0.05472996085882187,-0.00025012504193000495,-5.5105629144236445e-05,0.013667554594576359,0.013371077366173267,0.05234558880329132,0.060482434928417206,-0.0006656819605268538,0.0032212405931204557,-0.0002294457663083449,0.0069950842298567295,0.000970049062743783,0.0012556863948702812,0.1454543173313141,0.14590100944042206,0.08929670602083206,0.08807193487882614,0.01304740458726883,0.013049406930804253,0.2122037261724472,0.13218089938163757,0.13241039216518402,-0.00018413522047922015,0.04322107136249542,0.045925673097372055,0.011323696002364159,0.017140744253993034,-8.352799008015666e-11,-1.0076909973122383e-08,3.0281952945188095e-08,-1.250766246130297e-08,1.4919788071665607e-08,8.983188415356835e-09,5.541369585415623e-10,2.7772038890816475e-08,1.2433156726388006e-09,1.1427328416857563e-08
00:00:03:56.949,61,5.6991122932004146e-09,4.8149377818162975e-09,-5.11354292243027e-09,1.00990293905312e-09,-3.855675334563102e-09,0.004488897044211626,0.11861176788806915,-6.0803722057301e-09,-1.2537930693667931e-09,5.171168382389624e-09,-4.266912601025297e-09,9.400537237524986e-09,0.004514414817094803,0.11871878802776337,0.013578460551798344,0.00018260670185554773,0.023200446739792824,0.04599335044622421,0.0009122623596340418,0.15168122947216034,0.010284727439284325,0.001705700415186584,-0.0003330731706228107,0.05087806284427643,0.04713570699095726,-0.00012386681919451803,4.0158665797207505e-05,0.012767803855240345,0.01246185414493084,0.052297793328762054,0.060533832758665085,-0.0006199469789862633,0.0029154724907130003,-0.000280000880593434,0.0068527208641171455,0.0011819511419162154,0.0014957439852878451,0.1551922857761383,0.15606656670570374,0.08989176154136658,0.08925706893205643,0.015081128105521202,0.015056358650326729,0.19472412765026093,0.11948713660240173,0.11969342082738876,-8.152528607752174e-05,0.04029585421085358,0.04336486756801605,0.00995008833706379,0.015749914571642876,-5.7189027818926874e-11,-4.196772263043158e-09,1.2185191522462446e-08,-5.2643009951225395e-09,5.414476422771486e-09,3.449676988509509e-09,6.949994468818943e-10,1.0695657692849636e-08,9.20845177887486e-10,4.020985322483739e-09
00:00:03:58.966,61,3.1071250017333796e-09,1.0381918436053184e-08,-8.390052208540055e-09,-1.266598714799727e-09,-7.904600307639953e-10,0.0043266587890684605,0.12489350140094757,-2.715969449340605e-09,4.1443852794031955e-09,1.2596137466402979e-08,-5.075707854018674e-09,1.3231765905175052e-08,0.0043532876297831535,0.12499723583459854,0.012876301072537899,0.00021811213809996843,0.02271369844675064,0.050054244697093964,0.0006128947716206312,0.15485213696956635,0.0102811548858881,0.0015284002292901278,-0.00036114457179792225,0.04624032601714134,0.042908310890197754,-5.9209298342466354e-05,0.00019701931159943342,0.01176502089947462,0.011503861285746098,0.05106808990240097,0.05910654366016388,-0.000534286315087229,0.0027102900203317404,-0.0005547611508518457,0.0063658421859145164,0.0010346868075430393,0.0013378540752455592,0.16629567742347717,0.1670849472284317,0.09174151718616486,0.09127848595380783,0.014987928792834282,0.014957045204937458,0.1781919300556183,0.10550381988286972,0.10569841414690018,-2.4439492335659452e-05,0.03857241943478584,0.04177619144320488,0.008431459777057171,0.014143269509077072,-4.2535247546382493e-10,-8.42614067408931e-09,1.8549616953578152e-08,-1.0370277081506174e-08,1.0360963198507989e-09,3.761379208100379e-09,6.1863101308290425e-09,1.1858064752345854e-08,6.486661874305355e-09,-5.424953819499478e-09
00:00:03:59.983,61,2.5960615879228044e-09,1.3012904531706226e-08,-1.0274816553135224e-08,-2.0361039521077373e-09,1.1175870645585562e-10,0.004841392859816551,0.13068124651908875,-1.921434789053933e-09,6.28642737865448e-09,1.5862751112649676e-08,-5.798065139117625e-09,1.5385449358973347e-08,0.0048635657876729965,0.13078588247299194,0.012292959727346897,0.00018457860278431326,0.022772464901208878,0.05692104995250702,0.0004894126323051751,0.15546439588069916,0.008928995579481125,0.0013978607021272182,-0.00043063407065346837,0.04557729884982109,0.0425107479095459,1.8581002223072574e-05,0.00033754465403035283,0.011402967385947704,0.01113591343164444,0.05084555968642235,0.05870593711733818,-0.0004274620150681585,0.0028000103775411844,-0.0006929283845238388,0.005674396641552448,0.0010015276493504643,0.0013046335661783814,0.17623582482337952,0.17715045809745789,0.09138819575309753,0.09101328253746033,0.016720591112971306,0.016697576269507408,0.16137070953845978,0.09274175763130188,0.09291452169418335,4.3714324419852346e-05,0.03734451159834862,0.04067626968026161,0.006314075086265802,0.011861917562782764,-5.80766934543675e-10,-1.0541407746700315e-08,2.209795724184005e-08,-1.291627960142705e-08,-1.2689270467713953e-10,4.19546264396331e-09,8.431961795452025e-09,1.333362931177362e-08,8.800998152480588e-09,-8.938368267763508e-09
00:00:04:00.000,61,3.3341347460691395e-09,1.717358877328934e-08,-1.3466924464466956e-08,-2.7660280732533238e-09,1.6763807009212428e-10,0.005192496348172426,0.1367078423500061,-2.2351742678949904e-09,8.046627364421965e-09,2.101063678594528e-08,-7.580966077114226e-09,2.037733715098966e-08,0.005216334946453571,0.13680499792099,0.01183693390339613,0.00022664859716314822,0.022840293124318123,0.0643785372376442,0.00041795879951678216,0.15528066456317902,0.007100291084498167,0.0012594446307048202,-0.0004138345248065889,0.04863468185067177,0.045716334134340286,-6.051309537724592e-05,9.619518823456019e-05,0.011109638027846813,0.010861344635486603,0.04977955296635628,0.05765313282608986,-0.00043660850496962667,0.002784807700663805,-0.0008817262714728713,0.004735403228551149,0.0010207812301814556,0.0013244225410744548,0.1884724497795105,0.18979042768478394,0.09121561795473099,0.0912255197763443,0.019635053351521492,0.01959886960685253,0.14626319706439972,0.07940725982189178,0.07956042885780334,0.00013441004557535052,0.0352930948138237,0.03892089053988457,0.0035535641945898533,0.008966468274593353,-7.648486843869762e-10,-1.3969838619232178e-08,2.8833746057443932e-08,-1.7136335017653437e-08,-3.3527614018424856e-10,5.5320561465066476e-09,1.128762949775819e-08,1.7471611712949198e-08,1.1883676265256327e-08,-1.2181699204916185e-08
00:00:04:00.016,61,1.2246891500922175e-08,5.9604645663569045e-09,-8.195638834251895e-09,3.0919908855508993e-09,-8.996575928676975e-09,0.00451575918123126,0.15010665357112885,-1.3178214075537653e-08,-4.880130077822287e-09,5.587935447692871e-09,-7.72066410803518e-09,1.6130506708122994e-08,0.00453144172206521,0.15021131932735443,0.0121424226090312,0.00019269764015916735,0.023159906268119812,0.07049133628606796,0.0004698008415289223,0.15168435871601105,0.004937705583870411,0.0015173953725025058,-0.00031586491968482733,0.05326613411307335,0.05001761019229889,-0.0001075844484148547,-2.8972030122531578e-05,0.010970995761454105,0.010681808926165104,0.05015011131763458,0.058290719985961914,-0.0005300930351950228,0.002841499401256442,-0.0009429443161934614,0.004164921119809151,0.0009907277999445796,0.0012938365107402205,0.1978396773338318,0.19925451278686523,0.0905216634273529,0.09084024280309677,0.017752181738615036,0.017716553062200546,0.14192430675029755,0.07432761043310165,0.07447412610054016,0.00010733265662565827,0.0344049371778965,0.03816815838217735,0.0022721178829669952,0.007643489167094231,8.265487599912191e-11,-5.904585265170681e-09,2.0489096641540527e-08,-7.208436514360983e-09,1.3001263177159217e-08,6.714835798504737e-09,-1.7136335683787252e-09,2.031214485498367e-08,-1.4901161415892261e-09,1.1883676265256327e-08
00:00:04:01.033,61,2.444721758365631e-08,4.190951585769653e-09,-1.0747462475535485e-08,8.065253354061497e-09,-1.9604339485113087e-08,0.004236479289829731,0.1621699184179306,-2.7120114154399744e-08,-1.4584511376369846e-08,2.0116568411054914e-09,-1.274049310495684e-08,2.421438694000244e-08,0.004249199293553829,0.162284716963768,0.012304873205721378,0.00015481506125070155,0.023188820108771324,0.0750320553779602,0.00044287563650868833,0.1486959606409073,0.004176932852715254,0.0018423843430355191,-0.0002589086361695081,0.060553863644599915,0.05696920305490494,-7.656320667592809e-05,-9.494148252997547e-05,0.010898537933826447,0.010524759069085121,0.04911131411790848,0.05677330121397972,-0.00047143935807980597,0.0028928816318511963,-0.0009295046329498291,0.003775276942178607,0.0009464475442655385,0.001261143945157528,0.2065330296754837,0.20790189504623413,0.09033338725566864,0.09088626503944397,0.01811908558011055,0.018089335411787033,0.14118485152721405,0.07188979536294937,0.07202795892953873,0.00018685165559872985,0.03403344750404358,0.038096651434898376,0.001152288750745356,0.00663751969113946,5.739275166227742e-10,-5.401671110405459e-09,2.9057265038545665e-08,-6.798654972328677e-09,2.816319444320925e-08,1.1611263950328521e-08,-9.87201964619544e-09,3.476627341569838e-08,-8.90344420412248e-09,3.140419835290231e-08
00:00:04:02.049,61,2.147629807325302e-08,1.0207295453312781e-08,-1.4230608691434554e-08,5.559995575055154e-09,-1.600943555501999e-08,0.004851328209042549,0.17435845732688904,-2.3255124048660036e-08,-8.791684713571613e-09,9.983778248567887e-09,-1.3569369627930428e-08,2.816319444320925e-08,0.004872509278357029,0.17447909712791443,0.012882394716143608,0.00016609180602245033,0.023065390065312386,0.07791851460933685,0.0004601675318554044,0.1451193392276764,0.0030428674072027206,0.0019880386535078287,-0.0002658795565366745,0.06733009219169617,0.06369077414274216,-1.5200823327177204e-05,-0.00022640124370809644,0.011569392867386341,0.011213894933462143,0.048918381333351135,0.056397341191768646,-0.00035149574978277087,0.002998455660417676,-0.0009648815030232072,0.003293077927082777,0.0007998223882168531,0.001116820378229022,0.21327903866767883,0.21463783085346222,0.09074634313583374,0.09139332175254822,0.019017035141587257,0.018981803208589554,0.13976697623729706,0.06944513320922852,0.06957575678825378,0.00016814269474707544,0.0342559814453125,0.03886449709534645,0.0009313366026617587,0.0063584172166883945,1.781154390645412e-10,-1.0058283983482852e-08,3.561377681648992e-08,-1.272186622713889e-08,2.2985041425727104e-08,1.1774245578521914e-08,-3.743916732190655e-09,3.5595149938671966e-08,-2.6635824657006424e-09,2.0563602376455492e-08
00:00:04:03.066,61,7.925555323140543e-09,1.1809170530341362e-08,-1.1045485415195344e-08,1.490116086078075e-10,-4.488974969518722e-09,0.005169491749256849,0.18614314496517181,-7.664784362759747e-09,1.7136335683787252e-09,1.3411044719191523e-08,-7.776543853310613e-09,1.862645149230957e-08,0.0051931715570390224,0.18626506626605988,0.013286713510751724,0.00016722195141483098,0.023305006325244904,0.08523749560117722,0.000517103064339608,0.1405959129333496,0.001867626211605966,0.0020785320084542036,-0.00022690306650474668,0.07356734573841095,0.06967754662036896,5.8831275964621454e-05,-0.0002150891668861732,0.012107981368899345,0.011732766404747963,0.04800385609269142,0.05527098476886749,-0.00042322397348470986,0.003093657549470663,-0.0008959303959272802,0.0029755523428320885,0.0009503024630248547,0.001265647355467081,0.22478371858596802,0.22585952281951904,0.08979111909866333,0.09040223807096481,0.019748320803046227,0.01972091570496559,0.137150377035141,0.06628524512052536,0.0664113312959671,0.00022203089611139148,0.033767443150281906,0.03838055953383446,0.00032878012279979885,0.005125901196151972,-3.376044444003412e-10,-1.0244548320770264e-08,2.5369226719362814e-08,-1.2516975012033527e-08,6.705522359595761e-09,6.326008605839206e-09,4.507601403247463e-09,1.9334256862180155e-08,5.271285630215061e-09,-7.450580707946131e-10
00:00:04:04.083,61,1.4286488436709988e-08,5.941838132628163e-09,-9.145587398506905e-09,3.809109472285854e-09,-1.075677591444446e-08,0.005428507458418608,0.19802166521549225,-1.537613592006437e-08,-5.923211698899422e-09,6.109476036186834e-09,-8.735805856474599e-09,1.8049030714450964e-08,0.005452639888972044,0.19814565777778625,0.013832165859639645,0.00017246633069589734,0.023985374718904495,0.09769899398088455,0.0006722488906234503,0.13641904294490814,0.001067084027454257,0.002237524837255478,-0.00027663324726745486,0.07981512695550919,0.07532788068056107,9.250044968212023e-05,-0.0001849815307650715,0.012856402434408665,0.012446649372577667,0.04774985462427139,0.054871026426553726,-0.0005090576596558094,0.003126227529719472,-0.0008492772467434406,0.0021777471993118525,0.0010249890619888902,0.0013384897029027343,0.2447676658630371,0.24567767977714539,0.08920927345752716,0.08980569243431091,0.01895584724843502,0.01891517825424671,0.13761016726493835,0.06538540124893188,0.0655079111456871,0.00025054707657545805,0.033038679510354996,0.037507496774196625,-0.000308946066070348,0.003957806155085564,1.396983917434369e-10,-6.314367251292197e-09,2.2836029955897175e-08,-7.80448328185912e-09,1.5832483768463135e-08,7.78585640404117e-09,-2.8684734587614003e-09,2.3366883539210903e-08,-2.067536142291715e-09,1.4230608691434554e-08
00:00:04:05.099,61,1.9352883739998106e-08,3.7625431659193964e-09,-8.791684713571613e-09,6.314367251292197e-09,-1.5385449358973347e-08,0.005445482209324837,0.20970405638217926,-2.1252780868508125e-08,-1.1101365160470777e-08,2.0116568411054914e-09,-1.0151415708037348e-08,1.9501895209828035e-08,0.005470516625791788,0.20983479917049408,0.015476987697184086,0.00014544397708959877,0.025003066286444664,0.11457511782646179,0.0007490357966162264,0.1319788694381714,0.0006060641026124358,0.0025503328070044518,-0.00035853273584507406,0.08666189014911652,0.08155909180641174,0.00020952880731783807,-5.362305819289759e-05,0.014397840946912766,0.013908603228628635,0.04895894229412079,0.055735327303409576,-0.0006417715339921415,0.0034403835888952017,-0.0008142737788148224,0.0011901786783710122,0.0009884765604510903,0.0012982566840946674,0.27138522267341614,0.27206259965896606,0.08920715004205704,0.08982320129871368,0.015125533565878868,0.015070877969264984,0.13750308752059937,0.06267690658569336,0.06278541684150696,0.0003288898733444512,0.032614994794130325,0.036912061274051666,-0.0007978113717399538,0.002906395820900798,4.2724423998663497e-10,-4.582107138162428e-09,2.4139881205087477e-08,-5.792826218709024e-09,2.246350128132235e-08,9.397044919978725e-09,-7.599592066753758e-09,2.786517150354939e-08,-6.9476664421586065e-09,2.4139881205087477e-08
00:00:04:06.116,61,2.1839515085275707e-08,2.793967834868738e-10,-7.096677911988536e-09,7.925555323140543e-09,-1.8030405612989853e-08,0.005657996982336044,0.2194746732711792,-2.4158508082905428e-08,-1.4770775713657258e-08,-2.2351742678949904e-09,-1.0067597422391827e-08,1.799315185735395e-08,0.005688968114554882,0.21961261332035065,0.017362551763653755,0.0001594076311448589,0.025702351704239845,0.1290472000837326,0.0007847219821996987,0.12878790497779846,0.00026009752764366567,0.0026807007379829884,-0.0004429889377206564,0.09322107583284378,0.08808077126741409,0.00021323795954231173,-2.603754364827182e-05,0.01660478301346302,0.01613752916455269,0.05182560533285141,0.058381952345371246,-0.0005317378090694547,0.003749712137505412,-0.0006774580688215792,0.0006695705815218389,0.0010084063978865743,0.0013320583384484053,0.2973509728908539,0.2979118227958679,0.09075693041086197,0.09162654727697372,0.01761338859796524,0.017557168379426003,0.13914085924625397,0.06343639642000198,0.06353320926427841,0.0004042334039695561,0.0334518663585186,0.03797515854239464,-0.0009457150008529425,0.0029078018851578236,6.821938014489604e-10,-1.9185244504171806e-09,2.1532178706706873e-08,-2.9243529819922287e-09,2.6505439620905236e-08,9.690411140184096e-09,-1.1567026447778517e-08,2.8423965403590046e-08,-1.0766089353353436e-08,3.106892165760655e-08
00:00:04:07.133,61,2.771616003371946e-08,3.81842246710562e-09,-1.1529773580321034e-08,9.397044919978725e-09,-2.2314488035135582e-08,0.005796975456178188,0.2266504317522049,-3.045424890046888e-08,-1.6745179465260662e-08,1.1175871339474952e-09,-1.4011748206144148e-08,2.641230878452916e-08,0.00583284255117178,0.2267947793006897,0.018662534654140472,0.00016847942606545985,0.02615359239280224,0.1363455355167389,0.0004301613662391901,0.12396411597728729,0.0001410749537171796,0.0030831461772322655,-0.00047136005014181137,0.10211779922246933,0.0964522734284401,0.00012242257071193308,-9.65674189501442e-05,0.018687784671783447,0.01820617914199829,0.053524699062108994,0.05978112295269966,-0.00047080754302442074,0.004231393802911043,-0.0005486042937263846,0.0004079675709363073,0.0008314868900924921,0.0011852033203467727,0.3158363401889801,0.3159903585910797,0.0918247252702713,0.09267354011535645,0.017493071034550667,0.01743372529745102,0.1420573890209198,0.06414004415273666,0.06424147635698318,0.0004292037046980113,0.03457150608301163,0.0391637422144413,-0.0009434742969460785,0.002946476684883237,6.984919309616089e-10,-5.4202975441342005e-09,3.211200194641606e-08,-7.133930779446018e-09,3.26521707449956e-08,1.3126991937895127e-08,-1.210719347000122e-08,3.8761644560736386e-08,-1.0933726812822897e-08,3.617256894017373e-08
00:00:04:09.150,61,4.5597552400522545e-08,9.480864093802666e-09,-2.1215528889229063e-08,1.464039112164528e-08,-3.6163257277621597e-08,0.005822137463837862,0.2315172553062439,-5.005858838558197e-08,-2.5834888006670553e-08,5.9604645663569045e-09,-2.4284236843641338e-08,4.692003230388764e-08,0.005859024357050657,0.23167268931865692,0.018735015764832497,0.00019503862131386995,0.025808630511164665,0.13671796023845673,0.00025624065892770886,0.11756940931081772,0.0001258742850041017,0.003517423290759325,-0.0005326999817043543,0.10976742953062057,0.10319356620311737,0.00016425758076366037,-8.919030369725078e-05,0.020179981365799904,0.019643137231469154,0.053794216364622116,0.05943281576037407,-0.00039710759301669896,0.004629556555300951,-0.0005335074383765459,0.0002536193933337927,0.000751033250708133,0.0011306994128972292,0.3248944580554962,0.32461631298065186,0.09205383062362671,0.09266520291566849,0.022022735327482224,0.02194451168179512,0.14222556352615356,0.06490122526884079,0.06500602513551712,0.00044464017264544964,0.03509301692247391,0.03979847580194473,-0.001111960387788713,0.0027921313885599375,9.87201875801702e-10,-1.1473893835045601e-08,5.684793080718009e-08,-1.4826655458932692e-08,5.2433460240308705e-08,2.219341688203258e-08,-1.7303973365301317e-08,6.607733382679726e-08,-1.51060515207746e-08,5.617737741658857e-08
00:00:04:10.166,61,4.9667434609546035e-08,1.3280660127179544e-08,-2.5089830657520906e-08,1.5199184133507515e-08,-3.894790978620222e-08,0.005742278881371021,0.23768989741802216,-5.425885163390376e-08,-2.656132025435909e-08,9.983778248567887e-09,-2.7432106364244646e-08,5.3867697857867824e-08,0.0057937754318118095,0.23785993456840515,0.018687326461076736,0.00031818851130083203,0.025179656222462654,0.127045139670372,0.0002664445200935006,0.10756458342075348,1.7708540326566435e-05,0.003952850587666035,-0.0006722563994117081,0.11890775710344315,0.11179664731025696,0.00024248927365988493,-9.50843095779419e-05,0.021670518442988396,0.021052861586213112,0.05306849628686905,0.05773280933499336,-0.00033738731872290373,0.004900638945400715,-0.0007816010038368404,0.00019404203339945525,0.00045221488107927144,0.0008317286265082657,0.31350988149642944,0.3133898973464966,0.09186950325965881,0.0920327752828598,0.02196606434881687,0.021817808970808983,0.13943639397621155,0.0654292032122612,0.06553500890731812,0.0004652492643799633,0.03569096326828003,0.04081982746720314,-0.0009225258254446089,0.003160333028063178,9.243376619672006e-10,-1.4863908326390174e-08,6.571411859113141e-08,-1.847744002247964e-08,5.606561970239454e-08,2.4796463549137115e-08,-1.6484410281236705e-08,7.41612140586767e-08,-1.4360994171624952e-08,5.811453007709133e-08
00:00:04:11.183,61,4.712492085445774e-08,1.240521640966108e-08,-2.3804604509791716e-08,1.4416873028721966e-08,-3.700144546314732e-08,0.005379389971494675,0.2399575412273407,-5.174428352461291e-08,-2.544373245427778e-08,9.164214276324856e-09,-2.5965272598682532e-08,5.098059929764531e-08,0.0054341997019946575,0.24014200270175934,0.018611574545502663,0.0003853352682199329,0.02390405721962452,0.09558849036693573,0.0005405289120972157,0.09041807055473328,6.192743603605777e-05,0.00431377487257123,-0.0007443332578986883,0.12435596436262131,0.11640922725200653,0.00038867146940901875,-5.458355008158833e-05,0.022217145189642906,0.02158089354634285,0.050884757190942764,0.054901789873838425,-6.085157292545773e-05,0.004873417783528566,-0.0008509999024681747,0.0006519581656903028,4.767693462781608e-05,0.00044686152250505984,0.24909164011478424,0.24947261810302734,0.08502082526683807,0.0841546282172203,0.02284650318324566,0.02269151620566845,0.13881541788578033,0.07022585719823837,0.0703594982624054,0.00042300819768570364,0.03591534495353699,0.04138663411140442,-0.0005430340534076095,0.0035462761297822,8.894130432146596e-10,-1.400709148668966e-08,6.228685123232935e-08,-1.750886369222826e-08,5.317851758945835e-08,2.3432075835216892e-08,-1.6000122116111015e-08,7.019378500672246e-08,-1.383945313904178e-08,5.565583549582698e-08
00:00:04:12.200,61,3.054737973684496e-08,1.0393559790600193e-08,-1.7322600243119268e-08,8.745119295383574e-09,-2.339482385593783e-08,0.004462684504687786,0.2410568743944168,-3.322958974649737e-08,-1.4845281448572223e-08,9.275972878697303e-09,-1.7704442356603067e-08,3.565102701941214e-08,0.004514503758400679,0.2412523478269577,0.01691529154777527,0.00016108676209114492,0.02116433158516884,0.06259918212890625,0.0008060425752773881,0.06916633248329163,-0.00021675109746865928,0.004241602960973978,-0.0007762241293676198,0.12406459450721741,0.11535841971635818,0.000271591852651909,-0.00022417127911467105,0.021698052063584328,0.021262694150209427,0.046315375715494156,0.050342217087745667,-4.565596464090049e-05,0.004836909472942352,-0.0003641186631284654,0.0007864463259465992,-0.00038144527934491634,7.227734022308141e-05,0.16720478236675262,0.1673160046339035,0.06407828629016876,0.06227308139204979,0.02338309772312641,0.023333916440606117,0.13688524067401886,0.07270269095897675,0.07285314798355103,0.0001059079950209707,0.03718753159046173,0.04323909804224968,0.00043544231448322535,0.003954081330448389,4.493631300395151e-10,-1.1213123762843225e-08,4.4479964600441235e-08,-1.3820827149402248e-08,3.388151625927094e-08,1.584179720737211e-08,-8.344650304081824e-09,4.7516078183207355e-08,-6.929040008429865e-09,3.356486644179313e-08
00:00:04:13.216,61,1.62888316168619e-08,5.923211698899422e-09,-9.38773148106975e-09,4.665926311986368e-09,-1.250766246130297e-08,0.004133780021220446,0.2420796900987625,-1.767650203987614e-08,-7.972121629507e-09,4.917383389368979e-09,-9.406358358887701e-09,1.896172818760533e-08,0.00417304178699851,0.24227502942085266,0.01379578560590744,-8.983045700006187e-05,0.017371032387018204,0.03786896541714668,0.0022355758119374514,0.0449591688811779,-0.0004208400787319988,0.003990894183516502,-0.0006845837342552841,0.11758728325366974,0.1091431975364685,0.00014960512635298073,-0.0003582118370104581,0.020144127309322357,0.019920524209737778,0.04040205106139183,0.04418134316802025,5.400776717578992e-05,0.004898651037365198,4.881598215433769e-05,0.0007850141846574843,-0.00045759775093756616,5.647450598189607e-05,0.10252387821674347,0.10192989557981491,0.03967983275651932,0.03748098388314247,0.020718611776828766,0.020758723840117455,0.13372552394866943,0.06987687200307846,0.07003790140151978,-0.0002960462006740272,0.036494575440883636,0.04283541813492775,0.00199334928765893,0.004490518476814032,2.1769665237147962e-10,-5.941838132628163e-09,2.4326146430553308e-08,-7.63684493421124e-09,1.8235295939916796e-08,8.558854069917743e-09,-4.5448542707049455e-09,2.5499611311374792e-08,-3.743916732190655e-09,1.7881394143159923e-08
00:00:04:14.233,61,2.2631137852613392e-08,4.2095780194983945e-09,-1.0393559790600193e-08,7.32019556082264e-09,-1.805834415335994e-08,0.002629013266414404,0.24551236629486084,-2.512708263679997e-08,-1.3150274646989146e-08,2.495944562141972e-09,-1.1934898402898853e-08,2.2836029955897175e-08,0.002656518016010523,0.2457343488931656,0.011618516407907009,-0.00024259694328065962,0.012832372449338436,0.02426375448703766,0.005227725487202406,0.0171310156583786,0.0009956795256584883,0.004028376657515764,-0.000592170050367713,0.10908868908882141,0.10141697525978088,0.00030056157265789807,-7.634356734342873e-05,0.018624313175678253,0.01853536069393158,0.034559063613414764,0.03744148090481758,0.0010723656741902232,0.0043304250575602055,0.000833581667393446,0.0002105140738422051,-0.00016163926920853555,0.0003834579256363213,0.06372768431901932,0.0624128058552742,0.018561292439699173,0.016438646242022514,0.015309070236980915,0.015406549908220768,0.13213646411895752,0.06373193114995956,0.0639004111289978,-0.0003385050513315946,0.035464536398649216,0.04182242229580879,0.001856904593296349,0.0032483667600899935,4.982576018441875e-10,-5.513429712777906e-09,2.803280985119727e-08,-7.078051478259795e-09,2.624467043688128e-08,1.0966322960825892e-08,-9.089708541409891e-09,3.263354386717765e-08,-8.083880231879448e-09,2.8535723117784073e-08
00:00:04:14.250,61,2.576038227175559e-08,-2.3469328702674375e-09,-6.426125853664644e-09,9.993090799298443e-09,-2.1690503615445778e-08,0.0015256137121468782,0.24748490750789642,-2.913177077346063e-08,-1.9539147189107098e-08,-6.034970301271869e-09,-1.1017545986646837e-08,1.847744002247964e-08,0.001553641865029931,0.2477320432662964,0.009700548835098743,-0.00018138163432013243,0.008492983877658844,0.019284656271338463,0.012720845639705658,0.004678558092564344,0.002249208278954029,0.004416115116328001,-0.0005390095175243914,0.0950540080666542,0.08874647319316864,0.0003174057637806982,1.762241117830854e-05,0.017112817615270615,0.017081519588828087,0.030583571642637253,0.03230883553624153,0.004034643992781639,0.004415260162204504,0.001249217428267002,-0.00033202499616891146,0.00014237263530958444,0.0007101775845512748,0.043242789804935455,0.04091853275895119,0.004839720670133829,0.00334906461648643,0.006066107656806707,0.006168563850224018,0.13594143092632294,0.06598588824272156,0.06616052985191345,-0.00011433165491325781,0.03218322619795799,0.038408778607845306,0.000839555577840656,0.0014425921253859997,9.255017863196713e-10,-3.3527614018424856e-10,2.0880252193933302e-08,-8.009374274919878e-10,3.149732918927839e-08,1.068459809516753e-08,-1.5627593441536192e-08,3.132037917907837e-08,-1.480802858111474e-08,3.9860605482999745e-08
00:00:04:15.266,61,2.6226043559063328e-08,1.4528631631094413e-09,-9.369105491430219e-09,9.331852623972736e-09,-2.1355226920150017e-08,0.0014729637186974287,0.24851664900779724,-2.934597453929655e-08,-1.734122712093722e-08,-1.3411045607369942e-09,-1.2731179666047865e-08,2.3022293405006167e-08,0.0015134799759835005,0.24877959489822388,0.008382400497794151,8.124828309519216e-05,0.005106981843709946,0.018860558047890663,0.020198972895741463,0.001428396673873067,0.003909972961992025,0.005139113869518042,-0.00039318660856224597,0.07690928131341934,0.0724368542432785,0.0002892285119742155,6.423138256650418e-05,0.015952717512845993,0.01585140824317932,0.029974455013871193,0.030056733638048172,0.009050466120243073,0.005899002775549889,0.0008100272971205413,-0.0003438733401708305,0.00037761448766104877,0.0009370120824314654,0.033742353320121765,0.03126808628439903,0.0015444139717146754,0.0008719026809558272,0.0013435131404548883,0.0014106613816693425,0.14619050920009613,0.07732339203357697,0.07751075178384781,0.00018820051627699286,0.029148312285542488,0.03496003523468971,2.2351890947902575e-05,0.0002988189517054707,7.660128087394469e-10,-3.5390257391298974e-09,2.7325004481326687e-08,-4.786997909178581e-09,3.0938537065594574e-08,1.182546860434286e-08,-1.2665987370041876e-08,3.503635426227447e-08,-1.1958182000171291e-08,3.628432665436776e-08
00:00:04:16.283,61,3.660097647184557e-08,6.090849602458093e-09,-1.5944243259014e-08,1.2051313724725787e-08,-2.913177077346063e-08,0.0016519207274541259,0.249221533536911,-4.0475278240137413e-08,-2.2016465095475724e-08,2.756714856388953e-09,-1.903157631488739e-08,3.6042184348161754e-08,0.00169844226911664,0.24951177835464478,0.007798491511493921,0.00022491753043141216,0.002657588804140687,0.020690936595201492,0.026244087144732475,-4.318118226365186e-05,0.004767544101923704,0.006094553042203188,-0.0002885223657358438,0.0681401938199997,0.06386164575815201,0.0003578464675229043,0.00017654344264883548,0.015796268358826637,0.015573675744235516,0.029262885451316833,0.02796133980154991,0.012876424938440323,0.0075827836990356445,0.00046478226431645453,-0.00030265958048403263,0.0005667194491252303,0.001109410892240703,0.03016798570752144,0.026912031695246696,0.0004928997368551791,0.00014583826123271137,-0.00021660626225639135,-0.00017305315122939646,0.1588074266910553,0.08619995415210724,0.08640272915363312,0.0004730406799353659,0.02747994475066662,0.032697372138500214,-7.821634062565863e-05,-0.0002069342153845355,8.789357019978183e-10,-8.046627364421965e-09,4.3064357413413745e-08,-1.0300428066045697e-08,4.202127357189056e-08,1.7290004095116274e-08,-1.5012920684398523e-08,5.172565664679496e-08,-1.3597309944657354e-08,4.675239395623976e-08
00:00:04:17.299,61,4.812143572507921e-08,7.413327729466346e-09,-2.052635039717643e-08,1.6046687534299053e-08,-3.8528813917082516e-08,0.0020062418188899755,0.24995264410972595,-5.352310950001993e-08,-2.9355287978205524e-08,2.8684734587614003e-09,-2.4950132626599952e-08,4.7013163140263714e-08,0.0020563164725899696,0.25025326013565063,0.0072827572003006935,0.00027990355738438666,0.0012315557105466723,0.023480970412492752,0.031534284353256226,-0.0004598558007273823,0.006375734694302082,0.006816459819674492,-0.0002630405069794506,0.06104028597474098,0.05697471275925636,0.00040687271393835545,0.0003053898981306702,0.01549468282610178,0.015115074813365936,0.03046063706278801,0.02789018116891384,0.015128416940569878,0.008709057234227657,0.00030094580142758787,-0.00026158333639614284,0.0005477079539559782,0.0011234516277909279,0.031226633116602898,0.02761368826031685,-4.3643711251206696e-05,-6.133288115961477e-05,-0.0004294145037420094,-0.0004096966877114028,0.17554894089698792,0.0964764803647995,0.09669172018766403,0.0006619292544201016,0.02617819979786873,0.031045272946357727,-0.00024240765196736902,-0.0005559215205721557,1.179287223429526e-09,-1.0039657105664901e-08,5.565583549582698e-08,-1.2814998839871805e-08,5.526468171979104e-08,2.2633466656429846e-08,-2.039596402880761e-08,6.76699016821658e-08,-1.8272549695552698e-08,6.251037376614477e-08
00:00:04:18.316,61,6.657094075990244e-08,1.5459954427754496e-09,-2.219341688203258e-08,2.4205073501093466e-08,-5.47990204324833e-08,0.001962814247235656,0.25238242745399475,-7.494352871617593e-08,-4.5932829095818306e-08,-6.631016624680797e-09,-3.15392405525472e-08,5.63636426420544e-08,0.002015228383243084,0.2526797652244568,0.006815618369728327,0.00025067158276215196,0.0009181523346342146,0.026247994974255562,0.03493403643369675,-0.00017047465371433645,0.00840083695948124,0.007097966503351927,-0.00033943651942536235,0.05985703319311142,0.05602733790874481,0.0003646361001301557,0.00035038069472648203,0.014811258763074875,0.014401277527213097,0.032642658799886703,0.02986195869743824,0.01546596921980381,0.00892610102891922,0.00043959839968010783,-0.0003293834161013365,0.0003628804988693446,0.0009534311830066144,0.03837316483259201,0.034855712205171585,-0.000386201951187104,-0.00015244365204125643,-0.0005038941162638366,-0.00047365904902108014,0.1906736195087433,0.10948950052261353,0.10971011966466904,0.0007061088108457625,0.025505797937512398,0.030389394611120224,-0.00044426144449971616,-0.0005227068322710693,2.0535662059728566e-09,-6.9476664421586065e-09,6.364658133861667e-08,-9.462237215984715e-09,7.8305603778972e-08,2.916203811764717e-08,-3.4291296913124825e-08,8.688308383852927e-08,-3.203749798785793e-08,9.536743306171047e-08
00:00:04:19.333,61,5.954876414193677e-08,-3.408640703028709e-09,-1.639127766850379e-08,2.2733583904255283e-08,-4.97885039862922e-08,0.0019144564867019653,0.2539556622505188,-6.746500957888202e-08,-4.395842623239332e-08,-1.1734664795426397e-08,-2.6565976085635157e-08,4.5616179278340496e-08,0.001976005034521222,0.25421860814094543,0.006775330752134323,0.00013597190263681114,0.0009331938344985247,0.03142422065138817,0.03951972350478172,0.006244749296456575,0.013552227057516575,0.006844246294349432,-0.0004027659888379276,0.06386752426624298,0.06045673415064812,0.00020079971000086516,0.00019780799630098045,0.014024043455719948,0.013695158995687962,0.037250399589538574,0.035346705466508865,0.011968711391091347,0.009233967401087284,0.0006664922111667693,-0.0005689003155566752,-4.1601881093811244e-05,0.0005171838565729558,0.060874562710523605,0.05844666436314583,-0.0001573005283717066,0.00043829382047988474,-0.0005524099105969071,-0.0004864990769419819,0.2074471116065979,0.1260361522436142,0.12626363337039948,0.0005433535552583635,0.026276111602783203,0.03162523731589317,-0.00016594916814938188,0.00022279888798948377,2.062879422837227e-09,-2.421438605182402e-09,4.999339608957598e-08,-3.743916732190655e-09,7.130205403882428e-08,2.4919863506056572e-08,-3.425404315748892e-08,7.396563717065874e-08,-3.25776632337238e-08,9.026378222642961e-08
00:00:04:20.349,61,4.6482309556949986e-08,3.967434381024759e-09,-1.742504451840432e-08,1.6214325881946934e-08,-3.774650281229697e-08,0.0018661310896277428,0.25339940190315247,-5.2135437300648846e-08,-3.0156225960809024e-08,-9.685754420729609e-10,-2.305954716064207e-08,4.2263419430810245e-08,0.0019465696532279253,0.2536200284957886,0.007047389633953571,3.4280568797839805e-05,0.0020342417992651463,0.044576458632946014,0.04190552234649658,0.0590047724545002,0.013761027716100216,0.006901090033352375,-0.0004385121283121407,0.07061609625816345,0.06658570468425751,5.4977386753307655e-05,-0.0001839452306739986,0.01360222790390253,0.013307702727615833,0.04590371996164322,0.04644976556301117,0.0064283935353159904,0.009514141827821732,0.0011841696687042713,-0.0012187263928353786,-0.0001244840386789292,0.0004152687033638358,0.11894401907920837,0.11712179332971573,0.0012361344415694475,0.0016430398682132363,-0.0006195729947648942,-0.000537819869350642,0.2253447026014328,0.14491614699363708,0.1451433300971985,0.0003363843134138733,0.030755244195461273,0.03656234219670296,0.0004229226615279913,0.0010803531622514129,1.2898817569606535e-09,-7.0594250445310536e-09,4.8633665983288665e-08,-9.033828796134458e-09,5.39980824498798e-08,2.0982698245575193e-08,-2.1699815277997914e-08,6.266869689852683e-08,-2.0246952558977682e-08,6.347895009639615e-08
00:00:04:21.366,61,5.507841649432521e-08,7.450580596923828e-09,-2.265907816934032e-08,1.856125919630358e-08,-4.428438771242327e-08,0.001705544302240014,0.24906092882156372,-6.148591324972585e-08,-3.386288938145299e-08,2.086162576020456e-09,-2.8293579035221228e-08,5.282461756905832e-08,0.0017809361452236772,0.24924859404563904,0.00809987261891365,-6.271123857004568e-05,0.007413309067487717,0.07249771803617477,0.019571689888834953,0.12038934975862503,0.013263718225061893,0.006265181116759777,-0.0005486697191372514,0.07953663915395737,0.07688066363334656,-2.8995573302381672e-05,-0.00014540896518155932,0.01323864795267582,0.012761292047798634,0.04856811463832855,0.051656950265169144,0.0016147511778399348,0.00864776037633419,0.0004906521644443274,-0.001015272457152605,-0.0005160316941328347,5.330592466634698e-05,0.1820497065782547,0.18000087141990662,0.04299082234501839,0.043732862919569016,-0.0005236238357611,-0.0003943592309951782,0.24424640834331512,0.16200312972068787,0.16224335134029388,0.0005927230231463909,0.036870647221803665,0.04287094622850418,-7.568359433207661e-05,0.0029096060898154974,1.3853422853316033e-09,-1.0579824127887605e-08,6.157905119152929e-08,-1.3504177331924438e-08,6.314367340110039e-08,2.55042689190077e-08,-2.3804604509791716e-08,7.643364341447523e-08,-2.1588057563803886e-08,7.245689914725517e-08
00:00:04:22.383,61,7.623806652645726e-08,1.4696269978742293e-08,-3.4607946730602634e-08,2.4735927084407194e-08,-6.060115964601209e-08,0.0022694724611938,0.24312932789325714,-8.450820843108886e-08,-4.410743770222325e-08,8.419156038996789e-09,-4.0614978047415207e-08,7.763505038838048e-08,0.0023417980410158634,0.24328304827213287,0.011600447818636894,-8.078254722931888e-06,0.015461534261703491,0.09305240958929062,0.006816270761191845,0.16502460837364197,0.0057427287101745605,0.005571827758103609,-0.0006003511953167617,0.09261710196733475,0.09126114845275879,1.3172626722735004e-07,-0.0002758386835921556,0.013012616895139217,0.012452051974833012,0.04970270022749901,0.05454724282026291,-7.684230513405055e-05,0.007524712476879358,-0.00016530125867575407,-0.00012419253471307456,-0.0006836064858362079,-0.00013731778017245233,0.26337361335754395,0.2614041864871979,0.09612935036420822,0.09725315868854523,-0.0005422651884146035,-0.00044274688116274774,0.2582911550998688,0.17600728571414948,0.17624962329864502,0.0007079521310515702,0.04228902980685234,0.04801047965884209,0.00020850717555731535,0.005943685304373503,1.685693806763311e-09,-1.832842855264971e-08,9.194016570290842e-08,-2.3152679773374985e-08,8.616596147703603e-08,3.6335549680188706e-08,-2.9411166835302538e-08,1.0921619519876913e-07,-2.659857223363815e-08,9.551644097882672e-08
00:00:04:24.400,61,9.096227415739122e-08,2.337619697811988e-08,-4.548579468632852e-08,2.807937526938531e-08,-7.135793822499181e-08,0.003101612441241741,0.2397409826517105,-1.0019168428243574e-07,-4.90248197593246e-08,1.687556583362948e-08,-5.045439976925081e-08,9.851530080595694e-08,0.0031666636932641268,0.23988299071788788,0.01616990566253662,2.815041625581216e-05,0.0216551274061203,0.10813869535923004,0.0013340747682377696,0.1888623833656311,0.0016474038129672408,0.005087737925350666,-0.000596666126511991,0.10334041714668274,0.10232376307249069,5.62816858291626e-05,-0.00026688457001000643,0.013701244257390499,0.0130090257152915,0.054385337978601456,0.06021362915635109,-0.0002712553832679987,0.006657385732978582,-0.0005029451567679644,0.0011214748956263065,-0.0010435128351673484,-0.00047904648818075657,0.31348368525505066,0.31160473823547363,0.1322428584098816,0.13366153836250305,-0.0007434022263623774,-0.0006502628093585372,0.27074360847473145,0.18900641798973083,0.18925586342811584,0.0007262038998305798,0.04689795523881912,0.052327822893857956,0.0018662852235138416,0.01000626664608717,1.7345882508124078e-09,-2.6468187641626173e-08,1.1805445154777772e-07,-3.3043324521031536e-08,1.012906452046991e-07,4.472211045936092e-08,-3.099441414633475e-08,1.3470649662394862e-07,-2.7175993011496757e-08,1.0803341865539551e-07
00:00:04:25.416,61,9.866431582850055e-08,1.607462785102598e-08,-4.2645261544294044e-08,3.263354386717765e-08,-7.890164965829172e-08,0.0039793760515749454,0.23763465881347656,-1.0965391794570678e-07,-5.906447597681108e-08,6.854534273514901e-09,-5.14276337071351e-08,9.72114477804098e-08,0.004031287040561438,0.2377738505601883,0.020357511937618256,-8.682683073857334e-06,0.025900397449731827,0.11663785576820374,0.0005311721470206976,0.19459369778633118,0.0005529123591259122,0.004996295087039471,-0.0004425395163707435,0.11344139277935028,0.11235633492469788,-6.466954800998792e-05,-0.00033974379766732454,0.014453711919486523,0.013744616881012917,0.05957954749464989,0.06611326336860657,-0.00030119300936348736,0.00606198376044631,-0.0010485618840903044,0.001981711247935891,-0.0011882245307788253,-0.0006448253989219666,0.34061405062675476,0.33887526392936707,0.15219157934188843,0.15358658134937286,-0.0008130669593811035,-0.0007191479089669883,0.27953216433525085,0.20137162506580353,0.20163817703723907,0.0007857616292312741,0.05096041038632393,0.05595722049474716,0.005118291359394789,0.014440800063312054,2.337619653403067e-09,-2.134591348124104e-08,1.1406839206529185e-07,-2.6859343194018948e-08,1.1213123940478908e-07,4.63472673573051e-08,-4.040077428157929e-08,1.3899523310101358e-07,-3.67872416973114e-08,1.2677162430918543e-07
00:00:04:26.433,61,9.127892752758271e-08,1.719221387475045e-08,-4.1164458508546886e-08,2.969987633605342e-08,-7.258728373926715e-08,0.004330158233642578,0.23448678851127625,-1.0123476101853157e-07,-5.3420663448378036e-08,9.23872001123982e-09,-4.839152012436898e-08,9.238719655968453e-08,0.004379050340503454,0.2346264272928238,0.023407159373164177,2.8547681722557172e-05,0.028744902461767197,0.116813525557518,0.00036349205765873194,0.19165030121803284,0.00044411004637368023,0.004737414885312319,-0.00039751798612996936,0.12387949228286743,0.12214458733797073,6.204962846823037e-05,-0.0002973517694044858,0.01512136496603489,0.014351592399179935,0.0639205351471901,0.07066468149423599,-0.00020604401652235538,0.005488093011081219,-0.0014337538741528988,0.003111835801973939,-0.0011501603294163942,-0.0006327842129394412,0.34995338320732117,0.3487296402454376,0.16602180898189545,0.16725599765777588,-0.0007557964418083429,-0.0006861042929813266,0.28600940108299255,0.21356460452079773,0.21383705735206604,0.0007315322873182595,0.05431170389056206,0.059331875294446945,0.011805739253759384,0.021974122151732445,2.060551285154588e-09,-2.1606684441621837e-08,1.0896474123001099e-07,-2.7082860398763842e-08,1.0324642119030614e-07,4.3422915041446686e-08,-3.565102701941214e-08,1.3052485314801743e-07,-3.214925570205196e-08,1.1507421504575177e-07
00:00:04:27.450,61,8.908100568305599e-08,1.844018626684374e-08,-4.140660081475289e-08,2.8619542291608013e-08,-7.059425399802421e-08,0.0040397681295871735,0.22843584418296814,-9.876676188014244e-08,-5.1334499318045346e-08,1.1213123762843225e-08,-4.782807039305226e-08,9.182840443600071e-08,0.0040843854658305645,0.22857089340686798,0.025870881974697113,0.00016705885354895145,0.03157766908407211,0.11314893513917923,0.00020128309552092105,0.17957620322704315,-7.759988511679694e-05,0.004451395478099585,-0.00037919028545729816,0.13232679665088654,0.1292315125465393,0.00026796714519150555,-0.00018534228729549795,0.01636192947626114,0.015582057647407055,0.06815250217914581,0.0752028301358223,-0.0002895382058341056,0.004945033695548773,-0.0017133834771811962,0.003533966140821576,-0.0009103714837692678,-0.00043736727093346417,0.3436706066131592,0.34326767921447754,0.16600947082042694,0.16630546748638153,-0.0006151890847831964,-0.0005997276166453958,0.29111719131469727,0.223556250333786,0.2238321751356125,0.0005942071438767016,0.0546436682343483,0.059347495436668396,0.01368735358119011,0.023618655279278755,1.925509529598912e-09,-2.2333114912953533e-08,1.087225953710913e-07,-2.799555609556137e-08,1.0022893803807165e-07,4.273839238067012e-08,-3.356486644179313e-08,1.2854114572746766e-07,-3.0007214490979095e-08,1.1049210968394618e-07
00:00:04:28.466,61,9.10926587494032e-08,1.1567026447778517e-08,-3.702938400351741e-08,3.0938537065594574e-08,-7.330439899533303e-08,0.0030706406105309725,0.22209644317626953,-1.0160729146946323e-07,-5.668029245953221e-08,2.495944562141972e-09,-4.639383277549314e-08,8.66502531948754e-08,0.003107256954535842,0.222244992852211,0.026453794911503792,1.7539634427521378e-05,0.031727418303489685,0.10955028235912323,0.00015009433263912797,0.16292136907577515,-0.0004058647027704865,0.004159427247941494,-0.00038662596489302814,0.1388487070798874,0.134457066655159,0.00027271435828879476,-0.00012931495439261198,0.01798151060938835,0.017405033111572266,0.07062415033578873,0.07804597169160843,-0.00020428479183465242,0.004807721823453903,-0.0016953807789832354,0.003018345218151808,-0.0008144500898197293,-0.0003738498780876398,0.33527854084968567,0.3352961838245392,0.15529188513755798,0.15495319664478302,-0.000744965102057904,-0.0006982314516790211,0.30061331391334534,0.22982428967952728,0.2301034778356552,0.0004837809829041362,0.054370153695344925,0.058882880955934525,0.010924152098596096,0.020048165693879128,2.331798976129562e-09,-1.7080456160556423e-08,1.0065734556974348e-07,-2.1904707381281696e-08,1.044571433794772e-07,4.2023604152063854e-08,-3.974884776880572e-08,1.258775625956332e-07,-3.6396087921275466e-08,1.206994113545079e-07
00:00:04:29.483,61,8.529052308858809e-08,1.4342367293807001e-08,-3.725290298461914e-08,2.81818213210272e-08,-6.819144005021371e-08,0.0028201204258948565,0.21785257756710052,-9.481794904786511e-08,-5.122274160385132e-08,6.742775227053244e-09,-4.4670887433539974e-08,8.458271594236066e-08,0.0028682018164545298,0.21802139282226562,0.026959087699651718,7.739670400042087e-05,0.030916495248675346,0.1115373969078064,0.00018263995298184454,0.15472616255283356,5.071699706604704e-05,0.0038037621416151524,-0.0005279817269183695,0.13956233859062195,0.13491207361221313,0.00015814378275536,-0.00036702846409752965,0.01902797818183899,0.018479304388165474,0.07272765785455704,0.08061657100915909,-0.00011896670184796676,0.00419801939278841,-0.0013158150250092149,0.002877321559935808,-0.000757735047955066,-0.0003511961840558797,0.3362431228160858,0.336631178855896,0.1479349434375763,0.1474030613899231,-0.0005849921726621687,-0.000561566324904561,0.3108929693698883,0.2370334416627884,0.23730266094207764,0.0004210979968775064,0.05420553311705589,0.05882588028907776,0.0066828299313783646,0.015209493227303028,2.0058359417873817e-09,-1.8887222452690366e-08,9.946525381110405e-08,-2.373009877487675e-08,9.708106318839782e-08,4.021218202865384e-08,-3.470107756697871e-08,1.2056902676249592e-07,-3.131106396381256e-08,1.095980408649666e-07
00:00:04:29.500,61,9.778887033462524e-08,7.692724679486673e-09,-3.648921875765154e-08,3.425404315748892e-08,-7.955357261835161e-08,0.002401326783001423,0.21764720976352692,-1.0965391794570678e-07,-6.3776973036056e-08,-2.9802322831784522e-09,-4.820991250653606e-08,8.82893829157183e-08,0.002440449083223939,0.21781766414642334,0.028070412576198578,-3.42156727128895e-06,0.02999984659254551,0.133589968085289,0.0001739203871693462,0.15324680507183075,4.537701533990912e-05,0.0035058644134551287,-0.0005303017096593976,0.13255716860294342,0.12876488268375397,-0.00012821004202123731,-0.000491337152197957,0.020443109795451164,0.019992079585790634,0.07545603811740875,0.08342517167329788,8.257209992734715e-05,0.004579260479658842,-0.0010955804027616978,0.001931429491378367,-0.0005335350870154798,-0.0002035310899373144,0.357203871011734,0.35735657811164856,0.13784988224506378,0.1374858319759369,-0.0008128822082653642,-0.0007569158333353698,0.3199065327644348,0.24332600831985474,0.2435874491930008,0.00044869064004160464,0.052219439297914505,0.0560641773045063,0.0027685922104865313,0.01037080492824316,2.7311033434784804e-09,-1.4677643989102762e-08,1.0108575310141532e-07,-1.9017607044702345e-08,1.1330470783832425e-07,4.407018394658735e-08,-4.6063213687830284e-08,1.3167039014660986e-07,-4.2580069248288055e-08,1.344829740901332e-07
00:00:04:30.516,61,1.0262243677061633e-07,2.115964825577521e-08,-4.7646462775219334e-08,3.293156680683751e-08,-8.112751004318852e-08,0.0027643966022878885,0.2251727432012558,-1.1377036912563199e-07,-5.8971345140435005e-08,1.2777745972414323e-08,-5.5087731709591026e-08,1.0564923513811664e-07,0.0028169238939881325,0.22534336149692535,0.03236980363726616,8.692123083164915e-05,0.02918388321995735,0.15896567702293396,0.0006462937453761697,0.15198692679405212,0.00027052999939769506,0.003127643372863531,-0.0004657082899939269,0.1211756244301796,0.11922373622655869,-4.333525794208981e-05,-0.00041472911834716797,0.02253665216267109,0.022124242037534714,0.08008386939764023,0.08777754008769989,8.356750186067075e-05,0.004641120322048664,-0.0007913408917374909,0.00054775713942945,-0.00023290891840588301,0.00013270374620333314,0.3805886507034302,0.3800811767578125,0.1248631700873375,0.12511759996414185,-0.0006526333163492382,-0.0005727892857976258,0.33027413487434387,0.2497606873512268,0.250013530254364,0.0004254550440236926,0.04934411123394966,0.05317874252796173,-0.000527783646248281,0.005802357569336891,2.2177117919852662e-09,-2.5704503414658575e-08,1.2522563963557332e-07,-3.2410024886075917e-08,1.1570751468070739e-07,4.9343796604262025e-08,-3.851950225453038e-08,1.4814548876529443e-07,-3.4607946730602634e-08,1.2714416186554445e-07
00:00:04:31.533,61,9.256415012259822e-08,2.831220591303918e-08,-4.962086563864432e-08,2.7557835124980556e-08,-7.176771532613202e-08,0.0025643170811235905,0.2357136756181717,-1.0169111419600085e-07,-4.747882442757145e-08,2.3022293405006167e-08,-5.28478985017955e-08,1.0473653588860543e-07,0.002627446549013257,0.23590117692947388,0.03604370728135109,6.241523078642786e-05,0.028480064123868942,0.17912811040878296,0.0007451461278833449,0.14448657631874084,0.0006440949509851635,0.003598880721256137,-0.00026184943271800876,0.11261600255966187,0.11136018484830856,0.00012958527076989412,-0.00019605369016062468,0.02528957650065422,0.02473246492445469,0.08475968986749649,0.0910259261727333,-5.769669951405376e-05,0.005371751729398966,-0.0006770903128199279,-0.0005168035859242082,-0.0001332914107479155,0.0002655535936355591,0.3915158808231354,0.38981232047080994,0.1023031622171402,0.10295500606298447,-0.0007958114147186279,-0.0007100892253220081,0.3416435122489929,0.25555160641670227,0.25579002499580383,0.00016042716742958874,0.04546920955181122,0.049185000360012054,-0.0014622729504480958,0.0029299617744982243,1.5494879823663155e-09,-3.0491502656104785e-08,1.2684613182045723e-07,-3.818422555923462e-08,1.0231509861569066e-07,4.675472098369937e-08,-2.7939677238464355e-08,1.4079734000915778e-07,-2.3823231387609667e-08,1.0535121219845678e-07
00:00:04:32.549,61,1.1234543961791132e-07,2.0470469763722576e-08,-5.0198288192859764e-08,3.668479564566951e-08,-8.95280365398321e-08,0.0019688464235514402,0.2419866919517517,-1.2466684040646214e-07,-6.621703363407505e-08,1.0598451005705556e-08,-5.9269368080094864e-08,1.128017927953806e-07,0.0020398092456161976,0.2421809434890747,0.03753895312547684,6.615076563321054e-05,0.026867609471082687,0.18365752696990967,0.0013199555687606335,0.12416134029626846,0.0009903502650558949,0.004036546219140291,-0.00012801091361325234,0.11088290810585022,0.10963995009660721,0.00013285786553751677,-0.00013611406029667705,0.028865346685051918,0.028203660622239113,0.08841857314109802,0.09293147921562195,-0.00018898725102189928,0.006822249852120876,-0.0004207886813674122,-0.0007318258285522461,-2.5967732653953135e-05,0.00040271758916787803,0.36631545424461365,0.3636481761932373,0.06989406794309616,0.07043721526861191,-0.0007890555425547063,-0.0006977870943956077,0.3506728410720825,0.25718051195144653,0.2574167251586914,-6.093136835261248e-05,0.04105043411254883,0.04470263421535492,-0.0014178615529090166,0.001131316414102912,2.5704502970569365e-09,-2.5965272598682532e-08,1.3312325108927325e-07,-3.278255533700758e-08,1.27684330664124e-07,5.337875208510923e-08,-4.4498591478259186e-08,1.6009434489205887e-07,-4.0046870708465576e-08,1.42194323871081e-07
00:00:04:33.566,61,1.021940292389445e-07,2.386048514324557e-08,-4.957430022045628e-08,3.213062882423401e-08,-8.055940270423889e-08,0.0019408416701480746,0.24143777787685394,-1.1303462343903448e-07,-5.7071446235568146e-08,1.6316771933588825e-08,-5.586072759911076e-08,1.0810792616666731e-07,0.0020141375716775656,0.2416493445634842,0.03541509807109833,-7.854126306483522e-05,0.02270209975540638,0.14725302159786224,0.011089086532592773,0.08233489841222763,0.0010867160744965076,0.004534048493951559,-1.9924733351217583e-05,0.11081453412771225,0.10800609737634659,6.749197928002104e-05,9.409487574885134e-06,0.03149280697107315,0.030951719731092453,0.09265987575054169,0.09559046477079391,0.00012367010640446097,0.00882131140679121,-8.338108455063775e-05,-0.0007389226811937988,-0.00023373674775939435,0.00021744058176409453,0.2828388214111328,0.2797223925590515,0.029829945415258408,0.02949363738298416,-0.0009104031487368047,-0.0007870724657550454,0.35607200860977173,0.25373926758766174,0.25400397181510925,-0.00034794554812833667,0.037718623876571655,0.04163099825382233,-0.0007956200861372054,-4.609227107721381e-05,2.0780135390197074e-09,-2.7921050360646404e-08,1.2891366907297197e-07,-3.499910405935225e-08,1.1473893835045601e-07,4.9823430714468486e-08,-3.673136106385755e-08,1.4974735051964672e-07,-3.194436359876818e-08,1.2379139491258684e-07
00:00:04:34.583,61,1.091137562525546e-07,1.8905847554151478e-08,-4.790723195924329e-08,3.5874546000513874e-08,-8.709728405165151e-08,0.003440051106736064,0.23431149125099182,-1.2138858096477634e-07,-6.495043436416381e-08,9.126961408867373e-09,-5.727633833885193e-08,1.0849907994270325e-07,0.003527898108586669,0.23454448580741882,0.029466329142451286,-0.000197056753677316,0.015504114329814911,0.09711647033691406,0.04317746311426163,0.028869299218058586,0.0018288338324055076,0.005213820841163397,-5.680037793354131e-05,0.11346303671598434,0.10836366564035416,0.00032848268165253103,0.00011497050581965595,0.03260450065135956,0.03229474648833275,0.09158924221992493,0.09188186377286911,0.0037015897687524557,0.012728964909911156,0.00014895119238644838,-0.0003307397710159421,-0.00020665019110310823,0.00022094369342084974,0.17640331387519836,0.17378848791122437,0.0032528445590287447,0.0024431273341178894,-0.0008333006408065557,-0.0006740811513736844,0.3534015715122223,0.24802619218826294,0.24832268059253693,-0.0002772547595668584,0.036861054599285126,0.04097755253314972,-0.0007837599259801209,-0.0007360097952187061,2.5425106464638247e-09,-2.453103675748025e-08,1.2766570023359236e-07,-3.0621887248116764e-08,1.2371688740131503e-07,5.1537064393869514e-08,-4.4014303313133496e-08,1.546554244669096e-07,-3.978610152444162e-08,1.391395869632106e-07
00:00:04:35.599,61,1.3940967846792773e-07,1.939013571927717e-08,-5.79282648516255e-08,4.689209021080387e-08,-1.1205673189351728e-07,0.004220830742269754,0.22319570183753967,-1.55558808501155e-07,-8.605420731555569e-08,6.146728903644316e-09,-7.169321492028757e-08,1.3440848078971612e-07,0.004317332990467548,0.2234928458929062,0.02512185648083687,-0.00012152492854511365,0.00794591661542654,0.06953560560941696,0.06716270744800568,0.002170872176066041,0.0018048465717583895,0.006694719195365906,-0.0002845283888746053,0.11899246275424957,0.11022453010082245,0.00040140151395462453,-0.00016310811042785645,0.03253829479217529,0.03215878829360008,0.08774362504482269,0.08366458863019943,0.019989443942904472,0.01806078851222992,-0.00030109056388027966,-0.00031884878990240395,-2.053834577964153e-05,0.0005316018359735608,0.12097824364900589,0.11696897447109222,0.0014284121571108699,0.0010828364174813032,-0.0008997416589409113,-0.0008148056222125888,0.3484540581703186,0.23945719003677368,0.23976032435894012,2.5486424419796094e-05,0.03761469945311546,0.04200323671102524,-0.0006296419887803495,-0.0008829769212752581,3.504101231399659e-09,-2.7492642828974567e-08,1.5627593086264824e-07,-3.488734279244454e-08,1.590140215057545e-07,6.468733459996656e-08,-5.96977756117667e-08,1.9411555740589392e-07,-5.424022830879949e-08,1.8287450131992955e-07
00:00:04:36.616,61,1.516565646397794e-07,1.7900019244621035e-08,-6.072222902275826e-08,5.185604123880694e-08,-1.2248754899246705e-07,0.003920972812920809,0.21644797921180725,-1.69472770039647e-07,-9.547918722319082e-08,2.6822091214739885e-09,-7.682014313559193e-08,1.4275312310019217e-07,0.004008590709418058,0.2167755663394928,0.022571615874767303,-0.0001361151080345735,0.00538161164149642,0.05965236574411392,0.06915353238582611,0.0018230712739750743,0.001919792266562581,0.007619971409440041,-0.0001917345798574388,0.12395210564136505,0.11381006240844727,0.00029690892552025616,-0.0004142260586377233,0.03153037652373314,0.031099939718842506,0.08283241093158722,0.07757829874753952,0.02570556476712227,0.018955493345856667,-0.00013265677262097597,-0.0004618442908395082,-0.00017561249842401594,0.000416304828831926,0.09898103773593903,0.09414611756801605,0.0007624113350175321,0.0006895741680637002,-0.0011230778181925416,-0.0010649418691173196,0.34310418367385864,0.2337375283241272,0.234063059091568,0.00011447850556578487,0.04037182778120041,0.0447038859128952,-0.0006052750395610929,-0.0007094120956026018,3.948807503206808e-09,-2.7325004481326687e-08,1.649186032182115e-07,-3.468245424187444e-08,1.7382204475779872e-07,6.955815479159355e-08,-6.718560996432643e-08,2.0863488714439882e-07,-6.165355159737373e-08,2.020597520413503e-07
00:00:04:37.633,61,1.6461126506328583e-07,1.2684613359681407e-08,-6.094575155657367e-08,5.7769938166529755e-08,-1.3404525134319556e-07,0.004213301464915276,0.21172992885112762,-1.8471851603862888e-07,-1.0779127279647582e-07,-5.513429712777906e-09,-8.101109472136159e-08,1.4800578185258928e-07,0.00429389625787735,0.2120719850063324,0.02168174274265766,-0.00013031937123741955,0.0045770276337862015,0.05338812991976738,0.06673799455165863,0.0015797293744981289,0.002317180624231696,0.007723022252321243,-0.0002781542716547847,0.12879206240177155,0.11739128082990646,0.0002845612179953605,-0.0004933553864248097,0.030475972220301628,0.02991892769932747,0.07923171669244766,0.07412596046924591,0.026649072766304016,0.018788207322359085,0.0003862716257572174,-0.0009398495312780142,-0.00015769641322549433,0.0004484528908506036,0.09056727588176727,0.08572690933942795,0.0004959508660249412,0.0001925626420415938,-0.001141086220741272,-0.0010977566707879305,0.33854278922080994,0.22728517651557922,0.2276136428117752,0.00014700897736474872,0.04406525939702988,0.048453398048877716,-0.0004665119922719896,-0.0006444805767387152,4.625180682893415e-09,-2.4288892674917406e-08,1.6920267853492987e-07,-3.131106396381256e-08,1.902692048361132e-07,7.387483691445595e-08,-7.806345792005231e-08,2.212263581213847e-07,-7.253139955309962e-08,2.2601335558647406e-07
00:00:04:39.650,61,1.213513343145678e-07,1.210719347000122e-08,-4.7031790018081665e-08,4.189088897987858e-08,-9.837560099867915e-08,0.004583596717566252,0.20984910428524017,-1.3587064984221797e-07,-7.774681165528818e-08,-6.332993573998635e-10,-6.071757496783903e-08,1.120008548127771e-07,0.004655471537262201,0.21017001569271088,0.020419368520379066,-0.00022200748207978904,0.005842261482030153,0.048723794519901276,0.05977531522512436,0.005778199527412653,0.0029487537685781717,0.007030623033642769,-0.0003285252023488283,0.13011141121387482,0.1188647672533989,0.0004345780471339822,-0.000376728770788759,0.028814705088734627,0.028238167986273766,0.07546010613441467,0.07240109145641327,0.019674720242619514,0.01697005331516266,0.0007084288517944515,-0.0014589425409212708,-0.00026862049708142877,0.00029601872665807605,0.0910150408744812,0.08721249550580978,0.0013477737084031105,0.0005769303534179926,-0.0009101280593313277,-0.0008359175990335643,0.3326650857925415,0.22220462560653687,0.22253498435020447,7.358454240602441e-06,0.047713279724121094,0.05207130312919617,-2.9698610887862742e-05,9.587407112121582e-05,3.2642857306086626e-09,-2.0116567966965704e-08,1.2904405366498395e-07,-2.5741755393937638e-08,1.395680016003098e-07,5.506677425159978e-08,-5.528330859760899e-08,1.6514212575202691e-07,-5.096197241982736e-08,1.6395001978253276e-07
00:00:04:40.666,61,7.305294502657489e-08,1.51060515207746e-08,-3.390014313708889e-08,2.3432075835216892e-08,-5.7872384218171646e-08,0.00381274102255702,0.21103040874004364,-8.11461333682928e-08,-4.190951585769653e-08,9.164214276324856e-09,-3.926455960368003e-08,7.538125146311359e-08,0.0038698920980095863,0.21129566431045532,0.018624568358063698,-0.0004291819059289992,0.010135403834283352,0.04898207634687424,0.0390322245657444,0.06619372963905334,0.00790674239397049,0.005288193002343178,-0.00031337563996203244,0.11053123325109482,0.10224726051092148,0.00041810079710558057,-0.00041092425817623734,0.02515971101820469,0.024687880650162697,0.0713123083114624,0.07425175607204437,0.005303497426211834,0.012947995215654373,0.0008859026711434126,-0.0014316345332190394,-0.0003683303657453507,0.00012488439097069204,0.10411207377910614,0.10161563754081726,0.010748662054538727,0.009040959179401398,-0.0007905024103820324,-0.0006219482165761292,0.32361891865730286,0.2194148302078247,0.21973785758018494,-0.00020157836843281984,0.04944867640733719,0.05369464308023453,0.00028443991323001683,0.0013490684796124697,1.572771024527242e-09,-1.830980167483176e-08,8.944422091872184e-08,-2.291053569081214e-08,8.204951740253819e-08,3.502471201954904e-08,-2.73808833384237e-08,1.0543502781956704e-07,-2.466142134949223e-08,9.097158937265704e-08
00:00:04:41.683,61,5.8952718262617054e-08,2.259388587333433e-08,-3.501772738445652e-08,1.654028913833372e-08,-4.49270025626447e-08,0.003216250566765666,0.21119247376918793,-6.45406572630236e-08,-2.771616003371946e-08,2.0489096641540527e-08,-3.5362319295018096e-08,7.146969238647216e-08,0.003268358064815402,0.2114204466342926,0.0172700397670269,-0.00026430876459926367,0.013600139878690243,0.05103594809770584,0.01783512532711029,0.13171085715293884,0.016920961439609528,0.004778754897415638,-0.00037678025546483696,0.08037237077951431,0.07565155625343323,0.00015422329306602478,-0.00022117748449090868,0.021218884736299515,0.020642321556806564,0.06700968742370605,0.07318855077028275,0.001150316558778286,0.010133078321814537,0.00018742174142971635,-3.191158248228021e-05,-0.00027580148889683187,0.00016137227066792548,0.1315193623304367,0.12900035083293915,0.04664062336087227,0.04508817568421364,-0.0010094547178596258,-0.000859332678373903,0.31021538376808167,0.21343719959259033,0.21375949680805206,0.00013326443149708211,0.04846596717834473,0.05234486982226372,-0.00011318832548568025,0.0029232685919851065,7.508788035792691e-10,-2.309679913992113e-08,8.739530699131137e-08,-2.8572976873419975e-08,6.353482717713632e-08,3.06684526663048e-08,-1.4137476966880058e-08,9.301118808480169e-08,-1.1660159060511432e-08,6.284565046144053e-08
00:00:04:42.700,61,8.126720985046632e-08,2.2221357198759506e-08,-4.183500834642473e-08,2.476386740113412e-08,-6.346031966586452e-08,0.0026656524278223515,0.21160155534744263,-8.976086718348597e-08,-4.3362380353073604e-08,1.6950071568544445e-08,-4.5574271467785366e-08,8.951872842999364e-08,0.0027128488291054964,0.2118026316165924,0.016620241105556488,-0.0001441442291252315,0.01578637585043907,0.05060439184308052,0.009284964762628078,0.160682812333107,0.02941320091485977,0.004536766558885574,-0.0003554638533387333,0.05267549678683281,0.050568532198667526,-3.490835297270678e-05,8.291155245387927e-05,0.018331358209252357,0.017687348648905754,0.06394852697849274,0.07110477238893509,0.00035707594361156225,0.008158124051988125,-0.0003257295466028154,0.0008037585066631436,-0.0004957374767400324,-0.00010618075612001121,0.1397315412759781,0.13709904253482819,0.06432659924030304,0.06325358152389526,-0.0010062087094411254,-0.0008790314313955605,0.297322154045105,0.20723576843738556,0.20754298567771912,0.00036324840039014816,0.044961974024772644,0.04860600456595421,-0.00017090946494136006,0.004256141372025013,1.4749821364290483e-09,-2.5071203779702955e-08,1.0721385734768774e-07,-3.084540267650482e-08,8.98167513696535e-08,4.020519384084764e-08,-2.6375055028893257e-08,1.215003493371114e-07,-2.305954716064207e-08,9.555369473446262e-08
00:00:04:43.716,61,8.712522969744896e-08,2.0619481233552506e-08,-4.231929651155042e-08,2.7436762195520714e-08,-6.866641655278727e-08,0.0026623758021742105,0.21494007110595703,-9.646639398397383e-08,-4.874542369748269e-08,1.4193355823977072e-08,-4.771165507122532e-08,9.257346533786404e-08,0.0027029174380004406,0.2151167243719101,0.01592688076198101,-7.074981840560213e-05,0.016982611268758774,0.047733381390571594,0.005700713023543358,0.18080486357212067,0.041429854929447174,0.004016901832073927,-0.0002784042153507471,0.03289565071463585,0.03278457000851631,2.874821439036168e-05,0.00031044811476022005,0.01580030284821987,0.015172741375863552,0.06108127534389496,0.06888429820537567,3.6401746910996735e-05,0.006982541177421808,-0.0005935182562097907,0.0019279924454167485,-0.0005376886110752821,-0.00011610589717747644,0.14151601493358612,0.13894426822662354,0.07261835783720016,0.07202553004026413,-0.001018382259644568,-0.0009084409684874117,0.2890755832195282,0.2022036761045456,0.20249494910240173,0.000435018097050488,0.04193096235394478,0.045670829713344574,0.0009134795982390642,0.006323121953755617,1.748558187131266e-09,-2.3953615979621645e-08,1.0997057131589827e-07,-2.976506863205941e-08,9.72859552916816e-08,4.232162709172371e-08,-3.091991018777662e-08,1.2774020774486416e-07,-2.7436762195520714e-08,1.059472580777765e-07
00:00:04:44.733,61,8.2058832617804e-08,1.4994293806580572e-08,-3.656372271620967e-08,2.6840716316200997e-08,-6.532296481509547e-08,0.001697481027804315,0.2211001068353653,-9.135342793342716e-08,-4.8615039105470714e-08,7.63684493421124e-09,-4.337634962325865e-08,8.253380912037755e-08,0.001727995928376913,0.22126342356204987,0.01545574888586998,-0.00012380938278511167,0.01812347210943699,0.04437613859772682,0.004323940258473158,0.19486317038536072,0.055383287370204926,0.0035134635400027037,-0.00012996180157642812,0.015299073420464993,0.0166410431265831,-4.167124643572606e-05,0.00038740725722163916,0.01348239928483963,0.012847316451370716,0.061327915638685226,0.06995385885238647,-9.897351264953613e-05,0.005723072215914726,-0.00048321933718398213,0.00388088496401906,-0.0005674181738868356,-9.453170059714466e-05,0.13682390749454498,0.1339500993490219,0.07545577734708786,0.0754193365573883,-0.0009577625896781683,-0.0008332806755788624,0.282027930021286,0.2000911384820938,0.20038051903247833,0.00041069387225434184,0.03834426403045654,0.0423438735306263,0.0030983900651335716,0.009461252950131893,1.8812715829596982e-09,-1.896172818760533e-08,9.700656278255337e-08,-2.3823231387609667e-08,9.268521949934438e-08,3.878260201872763e-08,-3.2521782600269944e-08,1.1681579081823656e-07,-2.928078224329056e-08,1.043453821125695e-07
00:00:04:45.750,61,8.087604896900302e-08,1.449137965181535e-08,-3.5911799756149776e-08,2.6458874202717197e-08,-6.440095745574581e-08,0.0004606500151567161,0.22786790132522583,-8.998438971730138e-08,-4.8261135532357e-08,7.338821994551381e-09,-4.2640603936661137e-08,8.106231774718253e-08,0.0004854276776313782,0.22803281247615814,0.014653627760708332,-0.00015932373935356736,0.01835194043815136,0.04127819836139679,0.0037376030813902617,0.20155075192451477,0.06863506138324738,0.0033822825644165277,-6.942040636204183e-05,0.006432645954191685,0.008237559348344803,0.0008484040154144168,0.0013536919141188264,0.011968350037932396,0.011359089985489845,0.061890240758657455,0.07121545821428299,-9.895458788378164e-05,0.0048197596333920956,2.6918351068161428e-05,0.005064459051936865,-0.0004195221117697656,7.361881580436602e-05,0.13087913393974304,0.1278502643108368,0.07289788126945496,0.07296392321586609,-0.0007941382937133312,-0.0006548583623953164,0.27787548303604126,0.1983863115310669,0.19867733120918274,0.0005666388315148652,0.034427300095558167,0.03849441185593605,0.003219692036509514,0.009913562797009945,1.8579885407987717e-09,-1.8421561165382627e-08,9.52743022253344e-08,-2.3283064365386963e-08,9.123235855668099e-08,3.812369087086154e-08,-3.211200194641606e-08,1.148786381577338e-07,-2.89827593036307e-08,1.0307878284265826e-07
00:00:04:45.766,61,1.033674905670523e-07,4.693865740534875e-09,-3.5911799756149776e-08,3.7010760678413135e-08,-8.459203115762648e-08,0.0002847308060154319,0.23696191608905792,-1.1624768347928693e-07,-6.977468558488908e-08,-7.823109271498652e-09,-4.9690715542283215e-08,8.951872842999364e-08,0.0003008881176356226,0.23713113367557526,0.014222903177142143,-0.00010787252540467307,0.01854836381971836,0.03839550167322159,0.003137921681627631,0.19808849692344666,0.07855560630559921,0.003417521482333541,4.080154758412391e-05,0.002057273406535387,0.003982584923505783,0.0017673992551863194,0.0025054900906980038,0.01104268990457058,0.010386249981820583,0.06378668546676636,0.07333040982484818,5.31506520928815e-05,0.0039967019110918045,0.00038401095662266016,0.005646247882395983,-4.2642728658393025e-05,0.00043433488463051617,0.12401524186134338,0.12081751227378845,0.0682545080780983,0.0684284195303917,-0.0008875429630279541,-0.0007777440478093922,0.2726198434829712,0.20051485300064087,0.2008190155029297,0.0005948029574938118,0.031351327896118164,0.03514780104160309,0.0031563579104840755,0.009516872465610504,3.055902197957039e-09,-1.274049310495684e-08,1.0086223767302727e-07,-1.637265079068584e-08,1.2021511963666853e-07,4.5441556295600094e-08,-5.140900682931715e-08,1.3615935756661202e-07,-4.7814101122867214e-08,1.4536082915128645e-07
00:00:04:46.783,61,1.1550262257742361e-07,8.251517691348909e-09,-4.2263419430810245e-08,4.070810888379128e-08,-9.397044919978725e-08,0.0003279760421719402,0.24196581542491913,-1.295562839231934e-07,-7.629394360719743e-08,-4.786997909178581e-09,-5.650799650425142e-08,1.0302290576191808e-07,0.0003432288649491966,0.24213995039463043,0.01407543383538723,-3.739189196494408e-05,0.017921365797519684,0.03701961785554886,0.00361888506449759,0.190013125538826,0.07589919865131378,0.0033514443784952164,1.0614749044179916e-05,0.0005272913258522749,0.0026390361599624157,0.0028628441505134106,0.003632746869698167,0.010176985524594784,0.009445502422749996,0.06538958847522736,0.07475533336400986,0.00017441093223169446,0.0036605196073651314,0.0006866198964416981,0.005405317060649395,6.620422209380195e-05,0.000516281696036458,0.1180257722735405,0.1147705465555191,0.06334920972585678,0.0634506568312645,-0.0009658074122853577,-0.0008703100611455739,0.267450213432312,0.201130673289299,0.20142105221748352,0.0007113618194125593,0.029255567118525505,0.033080339431762695,0.002121028956025839,0.008077648468315601,3.2840761221564208e-09,-1.6484410281236705e-08,1.1680647560297075e-07,-2.1215528889229063e-08,1.3362615902678954e-07,5.146255688259771e-08,-5.509704337214316e-08,1.543061785014288e-07,-5.125999535948722e-08,1.5933066777051863e-07
00:00:04:47.799,61,1.112651091261796e-07,-1.3783574281944766e-09,-3.3974647095647015e-08,4.1378662274382805e-08,-9.216368113129647e-08,0.0005622327444143593,0.24479171633720398,-1.2578442465382977e-07,-7.938593427070373e-08,-1.624226619867386e-08,-5.119945711840046e-08,8.97049901027458e-08,0.000575959391426295,0.24495849013328552,0.013300497084856033,-7.497780188714387e-06,0.01731032505631447,0.035526979714632034,0.003790774615481496,0.17685841023921967,0.06791573762893677,0.0031622019596397877,2.4756602670095162e-06,4.307687413529493e-05,0.0022088419646024704,0.002916882047429681,0.003688869532197714,0.009821443818509579,0.00906586553901434,0.06699445843696594,0.07622483372688293,0.0004114523471798748,0.0035037994384765625,0.0008130241767503321,0.004703460726886988,0.00018678173364605755,0.0006243093521334231,0.11206279695034027,0.10916872322559357,0.056363821029663086,0.056469183415174484,-0.0008719551842659712,-0.0007949781138449907,0.2673148214817047,0.2008313536643982,0.20110486447811127,0.0006159417098388076,0.027102118358016014,0.03099517896771431,0.0007301425794139504,0.00599039439111948,3.634486267500847e-09,-8.27014456916686e-09,9.88133237456168e-08,-1.1473893835045601e-08,1.3127923637057393e-07,4.7455543494834274e-08,-6.010755981833427e-08,1.4157966177208436e-07,-5.662441182607836e-08,1.6335397390321305e-07
00:00:04:48.816,61,8.942559048819021e-08,6.780028538599936e-09,-3.3024697643213585e-08,3.13948831376365e-08,-7.276423019675349e-08,0.00043630151776596904,0.24802166223526,-1.0017305385190411e-07,-5.8822333670605076e-08,-3.2410025774254336e-09,-4.397705311021127e-08,8.02800030896833e-08,0.000455929635791108,0.24819236993789673,0.012753410264849663,-0.00011088036262663081,0.015666984021663666,0.036989856511354446,0.00507516460493207,0.16868530213832855,0.06043664366006851,0.0034749654587358236,2.0414404389157426e-06,0.0006015117396600544,0.0023285693023353815,0.002267803531140089,0.003058601636439562,0.009367450140416622,0.008572106249630451,0.06721776723861694,0.07612264901399612,0.00047143935807980597,0.0033957762643694878,0.0008965446031652391,0.003777917241677642,1.9100345525657758e-05,0.0004181558033451438,0.11222433298826218,0.10921531915664673,0.04877662658691406,0.04892554134130478,-0.0006913507240824401,-0.0005889916210435331,0.26906895637512207,0.20346742868423462,0.2037445455789566,0.0006955881253816187,0.025528578087687492,0.02916727028787136,-0.0005943721625953913,0.0037221121601760387,2.516899355597957e-09,-1.3094395789892133e-08,9.160488900761266e-08,-1.6912817812908543e-08,1.0352582080486172e-07,4.006782461374314e-08,-4.2412430900640175e-08,1.1998228899301466e-07,-3.917142876730395e-08,1.2319534903326712e-07
00:00:04:49.833,61,1.2196601062441914e-07,7.357448428280122e-09,-4.358589578146166e-08,4.331581138217189e-08,-9.96887692394921e-08,0.0003146141825709492,0.2505989670753479,-1.3682060284736508e-07,-8.119270233919451e-08,-6.966292875887348e-09,-5.932524871354872e-08,1.0766088820446384e-07,0.0003328314342070371,0.2507590353488922,0.012485736981034279,-1.2609362784132827e-05,0.015298490412533283,0.04113292694091797,0.0046531124971807,0.16909103095531464,0.051869574934244156,0.003317813854664564,-1.8709926735027693e-05,0.0002986398758366704,0.002413462847471237,0.004265287891030312,0.004993547685444355,0.008791853673756123,0.008065024390816689,0.06754106283187866,0.07620273530483246,0.0005386775592342019,0.0032493560574948788,0.0007321462035179138,0.003075498854741454,0.00011806115799117833,0.000539165164809674,0.12360958009958267,0.12086360901594162,0.0483814962208271,0.04860464110970497,-0.000884931068867445,-0.0007858896278776228,0.2731250524520874,0.20762749016284943,0.20789341628551483,0.000674328941386193,0.023574018850922585,0.027316927909851074,-0.001252632704563439,0.002873324090614915,3.5308767021291487e-09,-1.6111879830305043e-08,1.2209639521643112e-07,-2.117827513359316e-08,1.4180317009504506e-07,5.420763216079649e-08,-5.925074120227691e-08,1.6221775922531378e-07,-5.528330859760899e-08,1.6991049278658465e-07
00:00:04:50.849,61,1.2188218079245416e-07,1.3466924464466956e-08,-4.820525489890315e-08,4.174187751004865e-08,-9.846873894048258e-08,0.0003908687795046717,0.25284332036972046,-1.3622455696804536e-07,-7.716938910107274e-08,8.19563861220729e-10,-6.138812835843055e-08,1.1386349996200806e-07,0.0004138836229685694,0.25299960374832153,0.012109268456697464,-8.069426257861778e-06,0.015215587802231312,0.062485627830028534,0.004881314001977444,0.17858871817588806,0.039269231259822845,0.0034898901358246803,-0.00010426512017147616,0.0012974314158782363,0.0037069625686854124,0.0022165679838508368,0.002626195549964905,0.008299539797008038,0.007541639730334282,0.06904861330986023,0.0776420533657074,0.0005070102051831782,0.003474903292953968,0.0001251733337994665,0.0022174064069986343,4.95111926284153e-05,0.00041559056262485683,0.16190414130687714,0.1592542827129364,0.053338948637247086,0.053928475826978683,-0.000856616476085037,-0.0007848798995837569,0.27577751874923706,0.21238547563552856,0.21265116333961487,0.000714039197191596,0.022177679464221,0.025498514994978905,-0.0015906700864434242,0.002091637346893549,3.2223761436966925e-09,-2.1215528889229063e-08,1.3085082173347473e-07,-2.7157366133678806e-08,1.4007090953782608e-07,5.562789695545689e-08,-5.463138208483542e-08,1.6673467939654074e-07,-5.0365926540507644e-08,1.6335397390321305e-07
00:00:04:51.866,61,1.3312325108927325e-07,2.0340085171710598e-08,-5.6568534745338184e-08,4.4396145426617295e-08,-1.0685064211202189e-07,0.0010995174525305629,0.254114031791687,-1.4825724292677478e-07,-8.098781023591073e-08,7.674097801668722e-09,-6.896909354736636e-08,1.2999400667013106e-07,0.0011512633645907044,0.2542676031589508,0.014297764748334885,6.682961975457147e-05,0.01650506816804409,0.1198655292391777,0.005362284369766712,0.21084049344062805,0.03209076449275017,0.003982189577072859,-0.00033396854996681213,0.0008751641144044697,0.004129515495151281,0.0030034815426915884,0.0031765613239258528,0.008732021786272526,0.007692995015531778,0.07126156985759735,0.07834833860397339,7.967114652274176e-05,0.0045734732411801815,-0.0004467231046874076,0.0013825803762301803,0.0001967247953871265,0.0005328672123141587,0.24054817855358124,0.23769977688789368,0.07167942821979523,0.07349655032157898,-0.0010774672264233232,-0.0010152995819225907,0.28303033113479614,0.21335893869400024,0.21358954906463623,0.0009023132734000683,0.02293505147099495,0.02645699307322502,-0.0015857672551646829,0.0020660790614783764,3.2479874345625603e-09,-2.7567148563889532e-08,1.514516725364956e-07,-3.485008903680864e-08,1.5199184133507515e-07,6.217975112576823e-08,-5.5767596762734684e-08,1.86590483508553e-07,-5.083158782781538e-08,1.7248093797661568e-07
00:00:04:52.883,61,1.3339332838313567e-07,2.071261384628542e-08,-5.699694227701002e-08,4.436820688624721e-08,-1.0681338835638599e-07,0.0017146304016932845,0.25222766399383545,-1.484062579493184e-07,-8.080154856315858e-08,8.27014456916686e-09,-6.921589346120527e-08,1.3042240709637554e-07,0.0017849048599600792,0.25237777829170227,0.019646955654025078,2.8105825549573638e-05,0.01871436834335327,0.16256964206695557,0.005563524551689625,0.22584514319896698,0.026944994926452637,0.004519919864833355,-0.0002750265412032604,0.001663197297602892,0.005356799345463514,0.0018176701851189137,0.0017722550546750426,0.010324166156351566,0.009201431646943092,0.07204125076532364,0.0781397745013237,-0.00023613095982000232,0.005877783987671137,-0.00029515265487134457,0.00037927896482869983,0.0001895198947750032,0.0004722602607216686,0.3006533980369568,0.29714977741241455,0.08377816528081894,0.08625919371843338,-0.0010586094576865435,-0.0009556460427120328,0.2903628647327423,0.21279340982437134,0.21300502121448517,0.0009558229357935488,0.025022635236382484,0.028290245682001114,-0.0016482692444697022,0.001827538711950183,3.2386742176981898e-09,-2.803280985119727e-08,1.5266239472566667e-07,-3.550201554958221e-08,1.522339942994222e-07,6.244052030979219e-08,-5.537643943398507e-08,1.8732622208972316e-07,-5.0216911517964036e-08,1.7203390711983957e-07
00:00:04:54.900,61,1.363363111295257e-07,9.87201964619544e-09,-4.999339608957598e-08,4.8000366348333046e-08,-1.1123717058580951e-07,0.0027784230187535286,0.24985113739967346,-1.5272759412710002e-07,-8.961185926636972e-08,-5.550682580235389e-09,-6.670597940683365e-08,1.2170522722954047e-07,0.0028598227072507143,0.2499985694885254,0.023562662303447723,3.751963276954484e-06,0.02114059031009674,0.17871323227882385,0.005204686429351568,0.21767649054527283,0.018499426543712616,0.004687396809458733,-0.00022346459445543587,0.013399820774793625,0.01693865843117237,0.00039201052277348936,0.00025367795024067163,0.013334984891116619,0.012290352955460548,0.07340960949659348,0.0789828896522522,-0.00031400800799019635,0.006783506367355585,5.983531445963308e-05,-0.000526163203176111,5.422681715572253e-05,0.0003903381584677845,0.3306504487991333,0.32717210054397583,0.08906511962413788,0.091799296438694,-0.0011027127038687468,-0.0009752106852829456,0.2961594760417938,0.20992667973041534,0.21012447774410248,0.0008506165468133986,0.0280085988342762,0.03153184428811073,-0.001916740438900888,0.0018552702385932207,3.8743017682918435e-09,-1.959502782256095e-08,1.3936310949702602e-07,-2.546235933209573e-08,1.5852972978791513e-07,6.122747464587519e-08,-6.52670877343553e-08,1.8282793234902783e-07,-6.040558275799413e-08,1.8775463672682235e-07
00:00:04:55.916,61,1.1661089871495278e-07,4.377215923057065e-09,-3.967434025753391e-08,4.200264669407261e-08,-9.583309434901821e-08,0.003085917327553034,0.24968643486499786,-1.3106502194659697e-07,-7.934868051506783e-08,-9.797513911280475e-09,-5.567446237364493e-08,9.994953842351606e-08,0.0031639542430639267,0.2498268187046051,0.026097172871232033,-1.84945765795419e-05,0.023337919265031815,0.1793958842754364,0.0037320523988455534,0.20184089243412018,0.008443244732916355,0.004685317166149616,-0.00022423498739954084,0.03052951581776142,0.033752862364053726,0.0006920259911566973,0.00040020287269726396,0.015147900208830833,0.014023635536432266,0.07662603259086609,0.08153308928012848,-0.00020753860007971525,0.007217309903353453,0.00018439412815496325,-0.0008833309984765947,-0.0002886397414840758,9.392686479259282e-05,0.3449651598930359,0.34200507402420044,0.09154848009347916,0.09432357549667358,-0.0010079764761030674,-0.0008778893970884383,0.2993089258670807,0.20467974245548248,0.20486322045326233,0.0005735416198149323,0.029319221153855324,0.033232394605875015,-0.00208232831209898,0.0020695661660283804,3.525056024855644e-09,-1.337379185173404e-08,1.1317431614088491e-07,-1.7695128917694092e-08,1.3682991095720354e-07,5.144626058495305e-08,-5.89340913847991e-08,1.5320256352424622e-07,-5.487352439104143e-08,1.6473234154545935e-07
00:00:04:56.933,61,9.002164347293728e-08,-5.457550411591683e-09,-2.436339840983237e-08,3.44216815051368e-08,-7.545575186895803e-08,0.0027095251716673374,0.24997684359550476,-1.019798219203949e-07,-6.636604865661866e-08,-1.832842855264971e-08,-3.9921143724086505e-08,6.834044796732996e-08,0.0027817380614578724,0.25012320280075073,0.02660531923174858,6.663985550403595e-05,0.02480214647948742,0.159158855676651,0.0024852838832885027,0.18280616402626038,0.003425316186621785,0.004992838948965073,-0.00025316220126114786,0.04218865931034088,0.04414643347263336,0.0005474126082845032,0.0003084272029809654,0.016125230118632317,0.014760766178369522,0.08009641617536545,0.08398710936307907,-0.00019741058349609375,0.00709027424454689,9.863421291811392e-05,-0.0008902496192604303,-0.0005937805981375277,-0.0002529297780711204,0.3302914798259735,0.32796522974967957,0.08937984704971313,0.0915941596031189,-0.0008879417437128723,-0.000802871014457196,0.29680535197257996,0.1976328343153,0.19781698286533356,0.00021915211982559413,0.030141614377498627,0.03403101861476898,-0.0022306402679532766,0.0017870647134259343,3.1606759431923592e-09,-3.4458935704861915e-09,7.472932139762634e-08,-5.457550411591683e-09,1.0782852655211173e-07,3.766268363847303e-08,-5.224719501484287e-08,1.1158175539094373e-07,-4.915520435133658e-08,1.3612211091640347e-07
00:00:04:57.950,61,6.518326500781768e-08,-1.9371508841459217e-09,-1.8971041626514307e-08,2.453103675748025e-08,-5.43799245633636e-08,0.003242726903408766,0.2493240386247635,-7.36769294462647e-08,-4.680827103697993e-08,-1.0915100823183366e-08,-2.9606745499677345e-08,5.155801829914708e-08,0.0032991161569952965,0.2494811862707138,0.02598482556641102,0.00011226236529182643,0.025951147079467773,0.12775523960590363,0.0017306135268881917,0.160186767578125,0.0020786013919860125,0.005255918018519878,-0.00021892883523833007,0.04809058830142021,0.04811597242951393,0.0005587607738561928,0.0005501481937244534,0.01708998717367649,0.015709834173321724,0.08260390907526016,0.0867714136838913,-0.00037088841781951487,0.00700683007016778,-0.0002476429508533329,-0.0006265360279940069,-0.0006737744552083313,-0.0003790741029661149,0.2828591465950012,0.28122004866600037,0.0799320638179779,0.08071628212928772,-0.0008181399316526949,-0.0007785767083987594,0.29148992896080017,0.18808479607105255,0.1882874071598053,0.00010224331344943494,0.029519064351916313,0.03278078883886337,-0.002054357435554266,0.001178127247840166,2.181623104391406e-09,-4.060566549668465e-09,5.701556915482797e-08,-5.587935447692871e-09,7.769092746912065e-08,2.7744100350446388e-08,-3.624707289873186e-08,8.218921720981598e-08,-3.419816607674875e-08,9.693205527128157e-08
00:00:04:58.966,61,7.828697334844037e-08,-2.2538007016237316e-09,-2.292916256863009e-08,2.944842059093844e-08,-6.521120354818777e-08,0.00387967168353498,0.24912215769290924,-8.856877542484654e-08,-5.63263888864185e-08,-1.3411044719191523e-08,-3.5557896183036064e-08,6.191432788682505e-08,0.003924165852367878,0.24929939210414886,0.024349527433514595,7.844992069294676e-05,0.02524292655289173,0.11105703562498093,0.00210134987719357,0.13671863079071045,0.0006137221935205162,0.005637034308165312,-0.00022362387971952558,0.05588897690176964,0.05412382632493973,0.0005965459276922047,0.0005599973956122994,0.01759214513003826,0.016299519687891006,0.08259354531764984,0.08695600181818008,-0.0004485425306484103,0.0068246591836214066,-0.000296269659884274,-0.0003218885976821184,-0.0008381650550290942,-0.0006198464543558657,0.24854600429534912,0.24700118601322174,0.06963273882865906,0.06942497938871384,-0.0009125006035901606,-0.000903570675291121,0.28231510519981384,0.1790093630552292,0.17923544347286224,4.6852233026584145e-06,0.030275316908955574,0.03324120119214058,-0.0015057451091706753,0.0008598191197961569,2.6135240638325286e-09,-4.991889124283944e-09,6.850808631497785e-08,-6.742775227053244e-09,9.329989580919573e-08,3.3364631946142254e-08,-4.347413806726763e-08,9.891576979725869e-08,-4.0996820160899006e-08,1.1619180639854676e-07
00:00:04:59.983,61,1.0455958232569174e-07,4.4703482582342247e-10,-3.314577057267343e-08,3.8510187039264565e-08,-8.637085358031982e-08,0.004691023379564285,0.2474997192621231,-1.1787749798486402e-07,-7.325783712985867e-08,-1.3299286116819076e-08,-4.8736112034930557e-08,8.631497649957964e-08,0.004732036963105202,0.247696653008461,0.023244237527251244,6.201281939866021e-05,0.02440505288541317,0.09890223294496536,0.0028429285157471895,0.11793027818202972,6.534039857797325e-05,0.005711081437766552,-0.0002719374024309218,0.06656061112880707,0.06301876902580261,0.000612557225394994,0.00044676929246634245,0.0188802070915699,0.01767522282898426,0.08211216330528259,0.08645511418581009,-0.0005911660264246166,0.007436902727931738,-0.0001439884363207966,-0.0004724001919385046,-0.0009097077418118715,-0.0007508848793804646,0.22456306219100952,0.22324317693710327,0.06035701185464859,0.05933254212141037,-0.0010307366028428078,-0.001037990441545844,0.27327412366867065,0.1698530912399292,0.17007693648338318,-6.176102760946378e-05,0.029339225962758064,0.032176751643419266,-0.0010836865985766053,0.000588737428188324,3.32249339152213e-09,-9.22009313342187e-09,9.618699436941824e-08,-1.2535601889851478e-08,1.2326985654453892e-07,4.521105267940584e-08,-5.537643943398507e-08,1.3469718851411017e-07,-5.207955666719499e-08,1.516565646397794e-07
00:00:05:00.000,61,1.1040829406283592e-07,1.0617077217389692e-09,-3.558583472340615e-08,4.05404705361434e-08,-9.121373523157672e-08,0.005245777778327465,0.23886020481586456,-1.2436881036137493e-07,-7.703900450906076e-08,-1.3224780381904111e-08,-5.157198756933212e-08,9.149312774070495e-08,0.005282467231154442,0.2390642911195755,0.022330285981297493,-9.904176113195717e-05,0.022929377853870392,0.09136427193880081,0.007147708907723427,0.10227964073419571,3.065824421355501e-05,0.005661231931298971,-0.00026863583480007946,0.07261788100004196,0.06824126094579697,0.0006101420731283724,0.0003172656870447099,0.01973230205476284,0.018641121685504913,0.08338041603565216,0.08730024099349976,-0.0005029380554333329,0.00810589175671339,-0.00018774524505715817,-0.00047775820712558925,-0.000785289506893605,-0.0006330907344818115,0.20796027779579163,0.20671722292900085,0.05085482448339462,0.04966967552900314,-0.0011312640272080898,-0.0010913837468251586,0.2665145993232727,0.1619560420513153,0.16217811405658722,-0.00024939634022302926,0.029609009623527527,0.03269898146390915,-0.0010278311092406511,0.0002690967812668532,3.483146437943674e-09,-1.0170042585855299e-08,1.0246410653280691e-07,-1.3597309944657354e-08,1.301057608316114e-07,4.7879293418873203e-08,-5.826354154692126e-08,1.4265067704855028e-07,-5.442648998155164e-08,1.596659444658144e-07
00:00:05:00.016,61,1.1586584491851681e-07,-5.047768425470167e-09,-3.286637451083152e-08,4.400499165058136e-08,-9.66619708719918e-08,0.006788932252675295,0.23032565414905548,-1.3101845297569525e-07,-8.482486180128035e-08,-2.1532178706706873e-08,-5.192123353481293e-08,8.979812093912187e-08,0.006830903235822916,0.2305382490158081,0.021493755280971527,-0.00021998085139784962,0.020738201215863228,0.08776788413524628,0.014045799151062965,0.08708163350820541,4.5365095502347685e-06,0.0057858629152178764,-0.0002494102227501571,0.07721038907766342,0.07222941517829895,0.0005228650406934321,0.00012668967247009277,0.020877379924058914,0.01988242194056511,0.08402092754840851,0.08701801300048828,-5.772709755547112e-06,0.009259499609470367,-0.00013742558076046407,-0.0005712450365535915,-0.000704979756847024,-0.0005380963557399809,0.19665729999542236,0.1951659619808197,0.04011624678969383,0.03883525729179382,-0.001491424161940813,-0.0014161524595692754,0.2630712687969208,0.15776033699512482,0.15797440707683563,-0.00034009874798357487,0.03084406815469265,0.03425775095820427,-0.0010710173519328237,-0.00015149191312957555,3.9616132596620446e-09,-5.867332397713199e-09,9.864568539796892e-08,-8.568167508826718e-09,1.3815238730785495e-07,4.8866496626942535e-08,-6.543472608200318e-08,1.4518387558837276e-07,-6.204471247883703e-08,1.735985222239833e-07
00:00:05:01.033,61,1.2096018053853186e-07,-3.6694109972756905e-09,-3.5390257835388184e-08,4.5578925522704594e-08,-1.0068528411011357e-07,0.008248819038271904,0.2245982140302658,-1.365877722037112e-07,-8.7413937421843e-08,-2.0600856132091394e-08,-5.474779740666236e-08,9.505077969151898e-08,0.008308980613946915,0.22481732070446014,0.020913908258080482,-0.00024003122234717011,0.017375990748405457,0.0865413174033165,0.021951880306005478,0.06814034283161163,0.00013763486640527844,0.006027683150023222,-0.00022733744117431343,0.08150213956832886,0.07645747065544128,0.0005177673883736134,-7.252275827340782e-05,0.022652097046375275,0.021847020834684372,0.08519813418388367,0.08677272498607635,0.0007173085468821228,0.010458625853061676,6.213814049260691e-05,-0.0007828708039596677,-0.0005160626606084406,-0.0003215963370166719,0.18543986976146698,0.18357700109481812,0.023046325892210007,0.021706771105527878,-0.0015236928593367338,-0.0014240876771509647,0.2654895782470703,0.15481145679950714,0.15502552688121796,-0.0003259702061768621,0.03235340118408203,0.03610167279839516,-0.0009833407821133733,-0.000718690745998174,4.0535814704867335e-09,-7.264316259636416e-09,1.0538846595409268e-07,-1.0468065525515158e-08,1.4396384528936323e-07,5.143694536968724e-08,-6.714835620869053e-08,1.527555326674701e-07,-6.334855839895681e-08,1.797080102505788e-07
00:00:05:02.049,61,1.0068528411011357e-07,-3.0361115843646758e-09,-2.942979371312049e-08,3.7942083253028613e-08,-8.385628547102897e-08,0.009933237917721272,0.22255943715572357,-1.1370516972419864e-07,-7.264316082000732e-08,-1.717358877328934e-08,-4.55463293747016e-08,7.90692880059396e-08,0.010018914937973022,0.22278337180614471,0.020823001861572266,-0.00017666399071458727,0.014375572092831135,0.08944354206323624,0.03940422087907791,0.050424955785274506,0.0006084471824578941,0.006082180887460709,-0.00036536878906190395,0.07929050177335739,0.07493744790554047,0.0008085784502327442,0.00018429219198878855,0.02413138933479786,0.023478517308831215,0.08843184262514114,0.0886751189827919,0.0017082631820812821,0.012450727634131908,7.7902375778649e-05,-0.0004507492412813008,-0.000156377034727484,1.695774517429527e-05,0.18127849698066711,0.17996402084827423,0.007609336171299219,0.006221477873623371,-0.0012325677089393139,-0.0011167413322255015,0.26790833473205566,0.1529221087694168,0.15312792360782623,-9.124573261942714e-05,0.03150126338005066,0.03550051152706146,-0.0009124672506004572,-0.0010060083586722612,3.365566936253117e-09,-5.941838132628163e-09,8.765608328076269e-08,-8.642673243741683e-09,1.1986121251084114e-07,4.285248067503744e-08,-5.602836594675864e-08,1.270789624641111e-07,-5.282461756905832e-08,1.498311803516117e-07
00:00:05:03.066,61,1.1183321646512923e-07,1.1269003508118658e-08,-4.33251265974377e-08,3.872439435781416e-08,-9.063631267736127e-08,0.01082408893853426,0.22684144973754883,-1.25030055642128e-07,-7.186085326793545e-08,-7.078051478259795e-10,-5.580019291073768e-08,1.0291114449501038e-07,0.010938858613371849,0.22707802057266235,0.021824223920702934,-0.0001402786438120529,0.010989305563271046,0.0989689826965332,0.06052611768245697,0.032856326550245285,0.0023266333155333996,0.006477530114352703,-0.00046459975419566035,0.06679907441139221,0.06372421234846115,0.0008860654197633266,0.00014704152999911457,0.026734182611107826,0.026126956567168236,0.0914423018693924,0.08890724182128906,0.005418659653514624,0.016125228255987167,-0.000555001781322062,0.0003950016980525106,9.181289351545274e-05,0.0004059156635776162,0.17233993113040924,0.17109033465385437,0.0013310492504388094,0.0005093526560813189,-0.001084849238395691,-0.0009536647703498602,0.2721042037010193,0.14908409118652344,0.14930222928524017,0.0001902560907183215,0.029397297650575638,0.03354181721806526,-0.000726247439160943,-0.0012079221196472645,3.01166447336243e-09,-1.8384307409746725e-08,1.1868775118273334e-07,-2.3748725652694702e-08,1.292303153377361e-07,5.100388023038249e-08,-5.124136848166927e-08,1.5242025597217435e-07,-4.7162174610093643e-08,1.5094876459897932e-07
00:00:05:04.083,61,1.064967349861945e-07,-1.6577541561701992e-09,-3.214925570205196e-08,3.982335172736384e-08,-8.847564458847046e-08,0.010468044318258762,0.23668266832828522,-1.200195356432232e-07,-7.588416650605723e-08,-1.5981495238293064e-08,-4.866160452365875e-08,8.523463890242056e-08,0.01064123772084713,0.23697826266288757,0.025400282815098763,0.00023955799406394362,0.004380770493298769,0.10735902935266495,0.09973812848329544,0.005452246870845556,0.00289705628529191,0.009027012623846531,-0.0004944147076457739,0.0533197782933712,0.0491957888007164,0.0007601588731631637,6.390124326571822e-05,0.032521430402994156,0.03182102367281914,0.0973956510424614,0.0882808119058609,0.028701143339276314,0.02690541185438633,-0.000810398836620152,0.0009224456734955311,0.0008812770829536021,0.0014667096547782421,0.16196271777153015,0.15925633907318115,-0.00017321109771728516,8.111715578706935e-05,-0.0010579621884971857,-0.0010539442300796509,0.2745770215988159,0.14908677339553833,0.14931462705135345,0.0006667471607215703,0.031227249652147293,0.03556384891271591,-0.001156012760475278,-0.0018005523597821593,3.4924596548080444e-09,-7.63684493421124e-09,9.510666387768651e-08,-1.0635703873163038e-08,1.2641773139421275e-07,4.5711640694889866e-08,-5.790963797380755e-08,1.3583340319200943e-07,-5.47990204324833e-08,1.5631317751285678e-07
00:00:05:05.099,61,1.6786158596460155e-07,9.313225746154785e-10,-5.358830179602592e-08,6.180256661991734e-08,-1.3871118653696612e-07,0.014016414061188698,0.25626587867736816,-1.8912368204837549e-07,-1.1734664440155029e-07,-2.071261384628542e-08,-7.822178105243438e-08,1.3837590984167036e-07,0.01422792673110962,0.25660741329193115,0.030864525586366653,0.0004312088422011584,0.00029420136706903577,0.1221756860613823,0.13260090351104736,0.0010000515030696988,0.004903135355561972,0.010562176816165447,-0.0002965379972010851,0.04039394482970238,0.036792732775211334,0.000692345027346164,-0.00027880340348929167,0.03892377018928528,0.03821875527501106,0.10313030332326889,0.08838222175836563,0.05224055424332619,0.03919244930148125,-0.001379918772727251,0.0014188825152814388,0.0015028381021693349,0.0024657673202455044,0.15493902564048767,0.15079054236412048,-0.0009714770130813122,0.0004582035471685231,-0.0010447800159454346,-0.0010799742303788662,0.28545674681663513,0.15717990696430206,0.15740755200386047,0.0010187651496380568,0.03438707813620567,0.03956541419029236,-0.001936064101755619,-0.0019847778603434563,5.332986052763999e-09,-1.527368986842248e-08,1.5549362331057637e-07,-2.0451842885904625e-08,1.9790604710578918e-07,7.280148395238939e-08,-8.866190626122261e-08,2.169236523741347e-07,-8.320435540554172e-08,2.4259091446765524e-07
00:00:05:06.116,61,1.890398522164105e-07,-1.4342367293807001e-09,-5.8338045505479386e-08,7.025897730272845e-08,-1.5666708463868417e-07,0.01542072556912899,0.2690508961677551,-2.132169925062044e-07,-1.3375654361880152e-07,-2.6784837459103983e-08,-8.71624763476575e-08,1.5318393309371459e-07,0.01565004512667656,0.2694094479084015,0.03574541583657265,0.0004456118622329086,-0.0012523216428235173,0.13649716973304749,0.15077251195907593,0.0019835967104882,0.007437780033797026,0.011361765675246716,-0.00016972265439108014,0.029946275055408478,0.02700217440724373,0.0014509927714243531,0.00044681280269287527,0.04281960427761078,0.0420665442943573,0.11002042889595032,0.09247712790966034,0.06559604406356812,0.047339607030153275,-0.0014037431683391333,0.002339544240385294,0.0018808911554515362,0.0031104276422411203,0.1566143035888672,0.15187668800354004,-0.0012667345581576228,0.0008828616118989885,-0.0008674895507283509,-0.0008815026376396418,0.3007647693157196,0.1699669063091278,0.17019858956336975,0.0012986341025680304,0.03670668974518776,0.04230685159564018,-0.0024310436565428972,-0.0017851400189101696,6.130430829642819e-09,-1.495704005094467e-08,1.7091632287247194e-07,-2.0340085171710598e-08,2.235546645579234e-07,8.138594864703919e-08,-1.0186806065348719e-07,2.422463012408116e-07,-9.588897142975839e-08,2.7552246706363803e-07
00:00:05:07.133,61,2.2126361898244795e-07,3.594905040316121e-09,-7.215887620759531e-08,8.105300253191672e-08,-1.8244608668283036e-07,0.017735807225108147,0.27712252736091614,-2.488586972049234e-07,-1.5340745562753e-07,-2.4735927084407194e-08,-1.0382384374452158e-07,1.8456950101608527e-07,0.017983026802539825,0.2774849832057953,0.04050353914499283,0.00045780412619933486,-0.0020504952408373356,0.15015779435634613,0.16482685506343842,0.0034241629764437675,0.009544878266751766,0.011874757707118988,-9.706167475087568e-05,0.024826111271977425,0.02212304063141346,0.0030579043086618185,0.0020346876699477434,0.0465729758143425,0.04578006640076637,0.11808115243911743,0.09872467070817947,0.07405024766921997,0.0538814440369606,-0.000822079018689692,0.0025844736956059933,0.0020611071959137917,0.0034874742850661278,0.16345548629760742,0.15861229598522186,-0.0016239077085629106,0.0010628974996507168,-0.0013851202093064785,-0.0013925981475040317,0.31693899631500244,0.18003715574741364,0.18026599287986755,0.001495565753430128,0.03914200887084007,0.04508101940155029,-0.0029665129259228706,-0.0017682057805359364,6.911577532520141e-09,-2.177432101291288e-08,2.0733102701342432e-07,-2.8852372935261883e-08,2.600625066406792e-07,9.643379428325716e-08,-1.1537223798541163e-07,2.873595690289221e-07,-1.078844036328519e-07,3.1720847459837387e-07
00:00:05:09.150,61,2.1423213070193015e-07,9.275972878697303e-09,-7.396563717065874e-08,7.711351202033256e-08,-1.7584301303941174e-07,0.019907284528017044,0.28326311707496643,-2.406258090559277e-07,-1.4506279910619924e-07,-1.6763806343078613e-08,-1.026038063400847e-07,1.8484890063064086e-07,0.02017761953175068,0.2836255133152008,0.043616991490125656,0.0003147759416606277,-0.002619145903736353,0.16519340872764587,0.17813444137573242,0.004558345768600702,0.011023231782019138,0.012125002220273018,-0.0001338822185061872,0.02553698979318142,0.023364758118987083,0.0022924512159079313,0.0011400777148082852,0.05019321292638779,0.04946182295680046,0.12769877910614014,0.10807009041309357,0.07524319738149643,0.058659497648477554,-0.0007073372835293412,0.0030918121337890625,0.0018786973087117076,0.003392338054254651,0.17956098914146423,0.17553532123565674,-0.0023142648860812187,0.0006725764251314104,-0.0017891163006424904,-0.0017145931487903,0.3305736780166626,0.185066357254982,0.18530182540416718,0.0014396569458767772,0.040852371603250504,0.04737260192632675,-0.0035146833397448063,-0.0018055683467537165,6.398185981026927e-09,-2.5592743924107708e-08,2.0932405675466725e-07,-3.34158549719632e-08,2.505816496523039e-07,9.480397977768007e-08,-1.0741874234554416e-07,2.827681555572781e-07,-9.983777715660835e-08,3.0118971494630387e-07
00:00:05:10.166,61,1.7050653866590437e-07,1.3243407259722062e-08,-6.325542756258073e-08,5.993060625542057e-08,-1.390185246918918e-07,0.022997086867690086,0.2902054488658905,-1.909676967670748e-07,-1.1170283187311725e-07,-6.2957408175634555e-09,-8.37212397186704e-08,1.5309080936276587e-07,0.02327464148402214,0.29056137800216675,0.04395323246717453,-2.3117512682802044e-05,-0.001668022247031331,0.18200424313545227,0.18759284913539886,0.01516050472855568,0.015233741141855717,0.011811763979494572,-0.00016047887038439512,0.03236353397369385,0.030226876959204674,0.0014248770894482732,0.00011871993774548173,0.050600022077560425,0.04974053427577019,0.13624286651611328,0.11805878579616547,0.061938926577568054,0.05659721419215202,-0.0006222361116670072,0.004762844182550907,0.001379688736051321,0.0027542347088456154,0.20629018545150757,0.20315776765346527,-0.0026315164286643267,0.00023312449047807604,-0.001673653139732778,-0.0015023750020191073,0.342652291059494,0.1931573450565338,0.1933935135602951,0.0011099496623501182,0.04356227070093155,0.05034923553466797,-0.0032683545723557472,-0.001363657764159143,4.7928185864520856e-09,-2.512708263679997e-08,1.7594545909105364e-07,-3.250315927516567e-08,1.9833446174288838e-07,7.701338944343661e-08,-8.113682525845434e-08,2.297572763154676e-07,-7.52136131154657e-08,2.3365021206700476e-07
00:00:05:11.183,61,1.3320706671038351e-07,6.705522803684971e-10,-4.217028504172049e-08,4.900619288150665e-08,-1.1034310176682993e-07,0.024243276566267014,0.30089375376701355,-1.4997087305346213e-07,-9.313225746154785e-08,-1.6763806343078613e-08,-6.186775891592333e-08,1.095235333536948e-07,0.024517366662621498,0.3012468218803406,0.04492943733930588,-0.0003227118286304176,0.0010573291219770908,0.21722662448883057,0.17298607528209686,0.05596034973859787,0.01799222268164158,0.011121988296508789,-7.197845843620598e-05,0.045013051480054855,0.04295497015118599,0.0018558955052867532,0.0005853301263414323,0.05083296820521355,0.04974288493394852,0.1376883089542389,0.12328403443098068,0.0400642491877079,0.05038755387067795,-0.00017061069956980646,0.006741384044289589,0.0008274693973362446,0.001965788658708334,0.2516140043735504,0.24907219409942627,-0.0003164482186548412,0.0023544025607407093,-0.001750833704136312,-0.001474466873332858,0.3523654043674469,0.20065563917160034,0.20090559124946594,0.0008597510168328881,0.04562355577945709,0.052463192492723465,-0.002714121248573065,-0.0004779434239026159,4.236353490227884e-09,-1.1809170530341362e-08,1.2319534903326712e-07,-1.605600097320803e-08,1.5789642304753215e-07,5.793292245925841e-08,-7.083639275151654e-08,1.7185695355692587e-07,-6.638467198172293e-08,1.9203871204354073e-07
00:00:05:12.200,61,1.4132820069789886e-07,-2.197921178392903e-09,-4.2747707595935935e-08,5.274079839523438e-08,-1.1741183669755628e-07,0.024230649694800377,0.3175901472568512,-1.591164675573964e-07,-1.0067596889484776e-07,-2.1196902011411112e-08,-6.460118839868301e-08,1.1319294657141654e-07,0.024464834481477737,0.31794068217277527,0.049333591014146805,-0.0007355089765042067,0.007139941677451134,0.26744765043258667,0.09435471892356873,0.1133088693022728,0.010499642230570316,0.0098551195114851,-8.252542465925217e-05,0.05795220285654068,0.05816890299320221,0.0019774935208261013,0.00130563136190176,0.04903890937566757,0.04762642830610275,0.133071169257164,0.12535876035690308,0.013614675961434841,0.03722940757870674,0.00017437875794712454,0.005072806496173143,7.601309334859252e-05,0.0010019408073276281,0.3313656747341156,0.3269350528717041,0.002288211602717638,0.004995767027139664,-0.0017548511968925595,-0.0012985293287783861,0.36001908779144287,0.21092435717582703,0.21116897463798523,0.0004004623624496162,0.043176595121622086,0.05028519034385681,-0.0029016213957220316,-0.000475460896268487,4.625180682893415e-09,-1.0281801188227746e-08,1.2673437765897688e-07,-1.4379620161264484e-08,1.684017547631811e-07,6.075948277839416e-08,-7.733702744872062e-08,1.8009916402661474e-07,-7.243826871672354e-08,2.0645558151954901e-07
00:00:05:13.216,61,1.4445744511704106e-07,-1.0840595088268401e-08,-3.7392602791896934e-08,5.584210072129281e-08,-1.214444580455165e-07,0.024645568802952766,0.3338949680328369,-1.632422197417327e-07,-1.0814517992230321e-07,-3.267079762281355e-08,-6.294343535273583e-08,1.0687858065239197e-07,0.02484552375972271,0.33425140380859375,0.06506815552711487,-0.0006436681724153459,0.013448690064251423,0.32251212000846863,0.037653010338544846,0.12183380126953125,0.002589099109172821,0.009113304316997528,-0.00013349921209737659,0.08196179568767548,0.08306340873241425,0.0006863957387395203,3.109276349277934e-06,0.05141593888401985,0.04942584037780762,0.1364678144454956,0.13184967637062073,0.0020676790736615658,0.02687346190214157,0.0004982381942681968,0.0010349754011258483,-3.209527494618669e-05,0.0008003507391549647,0.4494585394859314,0.4433939456939697,0.011104540899395943,0.014569207094609737,-0.0012706416891887784,-0.0008839863585308194,0.35918548703193665,0.22359801828861237,0.2238069474697113,0.00014778197510167956,0.04025249555706978,0.04646007716655731,-0.0029267885256558657,-0.0012469375506043434,5.178153461571355e-09,-3.6694109972756905e-09,1.166574676858545e-07,-6.444752287393385e-09,1.7454847522913042e-07,6.012618314343854e-08,-8.542090768060007e-08,1.7749145797552046e-07,-8.06711639711466e-08,2.2005289679327689e-07
00:00:05:14.233,61,1.7211772274094983e-07,8.624047254102152e-09,-6.047077505400011e-08,6.14766051398874e-08,-1.4100223211244156e-07,0.025381334125995636,0.3459494113922119,-1.9261614170318353e-07,-1.1529773757956718e-07,-1.162290530487553e-08,-8.274335527858057e-08,1.4986842700182024e-07,0.02555721253156662,0.34633323550224304,0.08249156177043915,-0.0005387531709857285,0.019268250092864037,0.38002970814704895,0.015851439908146858,0.095082588493824,0.000714463007170707,0.00905251782387495,-0.0003063390322495252,0.10315723717212677,0.10359519720077515,0.0005558374687097967,-0.0002617165446281433,0.058449678122997284,0.05549588054418564,0.16853439807891846,0.16425670683383942,0.0006806516903452575,0.022297605872154236,0.0007176119252108037,-0.0012070530792698264,-4.5765191316604614e-06,0.0008194711990654469,0.5275781154632568,0.5215476751327515,0.027913972735404968,0.032831404358148575,-0.0012681675143539906,-0.0009737312793731689,0.3581863045692444,0.23505301773548126,0.23523364961147308,-3.729388117790222e-05,0.03974711894989014,0.04495740309357643,-0.00264374609105289,-0.0015362435951828957,5.079200615654145e-09,-2.1848826747827843e-08,1.714006003794566e-07,-2.8833746057443932e-08,2.0194798366901523e-07,7.676426605485176e-08,-8.545816143623597e-08,2.2826250756224908e-07,-7.905065757540797e-08,2.3998319420570624e-07
00:00:05:14.250,61,2.1827872842550278e-07,1.7303973365301317e-08,-8.127651796030477e-08,7.66292203024932e-08,-1.777801656999145e-07,0.025484886020421982,0.3513610064983368,-2.438016224459716e-07,-1.4238059975468786e-07,-6.929040008429865e-09,-1.0717660359205183e-07,1.965276936743976e-07,0.02564213052392006,0.3517708480358124,0.09258124232292175,-0.0003946319338865578,0.024160146713256836,0.42182305455207825,0.006138418335467577,0.08127497881650925,-6.979882891755551e-05,0.009166819974780083,-0.0005318114999681711,0.11508774012327194,0.11517775803804398,0.0005840182420797646,-0.0001481723738834262,0.0639132559299469,0.06006542220711708,0.1971891224384308,0.19272097945213318,0.0003331518091727048,0.01921999081969261,0.0010262263240292668,-0.002052521100267768,-3.184657543897629e-05,0.0007964646792970598,0.5623935461044312,0.556807279586792,0.0464593805372715,0.052268315106630325,-0.001453723874874413,-0.0012441850267350674,0.3556937277317047,0.24505752325057983,0.2452336549758911,-9.421907452633604e-05,0.03980749472975731,0.043921008706092834,-0.002237148815765977,-0.0013639760436490178,6.143236586098055e-09,-3.2726674703553726e-08,2.2608786309774587e-07,-4.222616567517434e-08,2.5404617076674185e-07,9.868526973377811e-08,-1.0339542910742239e-07,2.942001344763412e-07,-9.534880263117884e-08,2.980232238769531e-07
00:00:05:15.266,61,2.2794586129748495e-07,2.4903565432055075e-08,-8.986331323512786e-08,7.848721139680492e-08,-1.8456950101608527e-07,0.025516478344798088,0.35150256752967834,-2.542324466503487e-07,-1.4465302911048639e-07,1.4901161415892261e-09,-1.1442694614061111e-07,2.1230430036212056e-07,0.025659436360001564,0.35192275047302246,0.09980113804340363,-0.00037193202297203243,0.02745199203491211,0.44928520917892456,0.003097354667261243,0.07507425546646118,-0.0006472832174040377,0.00906207226216793,-0.0006683008978143334,0.11218612641096115,0.11266613006591797,0.000735501351300627,-6.965726788621396e-05,0.06659792363643646,0.0621626190841198,0.2185530811548233,0.21435433626174927,0.00018630028353072703,0.017476746812462807,0.0012505698250606656,-0.00225615780800581,-0.00011389546125428751,0.0006995612639002502,0.5798899531364441,0.5751310586929321,0.05914822593331337,0.06557107716798782,-0.0014388954732567072,-0.0012607455719262362,0.3511184751987457,0.2513152062892914,0.25149017572402954,-0.0001964084804058075,0.038768913596868515,0.042097363620996475,-0.001894789980724454,-0.0010564703261479735,6.0757154862756124e-09,-3.9543955665521935e-08,2.4655832930875476e-07,-5.0850211152919655e-08,2.636667204569676e-07,1.0471325140315457e-07,-1.028552674142702e-07,3.126403385067533e-07,-9.421259505870694e-08,3.0439346687671787e-07
00:00:05:16.283,61,2.3675616489526874e-07,3.229826717188189e-08,-9.80123857630133e-08,7.994472639438754e-08,-1.906417281816175e-07,0.025852801278233528,0.34958717226982117,-2.633687188335898e-07,-1.463480288066421e-07,9.294598868336834e-09,-1.2107892644053209e-07,2.2701918567236135e-07,0.025986438617110252,0.3500167727470398,0.10548339784145355,-0.0003360614937264472,0.029649609699845314,0.47096580266952515,0.0018591147381812334,0.07266263663768768,-0.0010714494856074452,0.009085569530725479,-0.000792431237641722,0.10514876991510391,0.10586527734994888,0.0009158038883469999,-2.9459595680236816e-05,0.06820167601108551,0.06321880966424942,0.23576579988002777,0.2316262125968933,-5.32507874595467e-06,0.016305720433592796,0.0011901062680408359,-0.0023872971069067717,-0.00017604570894036442,0.0006048612995073199,0.5918676853179932,0.588015615940094,0.06813463568687439,0.07508645206689835,-0.00146102427970618,-0.0013112605083733797,0.3461550176143646,0.25605759024620056,0.2562248706817627,-0.00032469205325469375,0.037490297108888626,0.04017665237188339,-0.0014839208452031016,-0.0008136898395605385,5.9814193598128895e-09,-4.6314671209302105e-08,2.6550142706582847e-07,-5.8989972018252956e-08,2.7218834475206677e-07,1.1023832513501475e-07,-1.0207295275677097e-07,3.2962299201244605e-07,-9.29459957887957e-08,3.0957161811784317e-07
00:00:05:17.299,61,2.443184996536729e-07,3.358349331961108e-08,-1.0131858374506919e-07,8.24732708792908e-08,-1.9663944783587795e-07,0.02704344317317009,0.3433856666088104,-2.717506220051291e-07,-1.5094876459897932e-07,9.797513911280475e-09,-1.249997865215846e-07,2.3443251961907663e-07,0.027175117284059525,0.3438149690628052,0.10905589908361435,-0.00026806944515556097,0.03129466623067856,0.4852542579174042,0.001432894729077816,0.07403852790594101,-0.0010967445559799671,0.008905173279345036,-0.0008636813145130873,0.09059200435876846,0.09202811866998672,0.0011325085069984198,9.993612911785021e-05,0.06868404895067215,0.0633951872587204,0.24884909391403198,0.24511094391345978,5.443096233648248e-05,0.015426146797835827,0.001064739772118628,-0.0024878301192075014,-0.00027185986982658505,0.0004333717515692115,0.5972287654876709,0.5941435098648071,0.07581677287817001,0.08303570002317429,-0.0015537822619080544,-0.0014340734342113137,0.34349068999290466,0.25968897342681885,0.25984853506088257,-0.0004063393862452358,0.03594106808304787,0.03794943168759346,-0.0014464110136032104,-0.0009808981558308005,6.179325495736521e-09,-4.779547424504926e-08,2.739764681791712e-07,-6.085261361477023e-08,2.8065406354471634e-07,1.1374708464018113e-07,-1.0536983552356105e-07,3.401748926989967e-07,-9.587034810465411e-08,3.1916425768940826e-07
00:00:05:18.316,61,2.6785767204273725e-07,3.3657997278169205e-08,-1.0881572620746738e-07,9.115319699048996e-08,-2.1611340628169273e-07,0.027070222422480583,0.3391137719154358,-2.982467321999138e-07,-1.673959246772938e-07,6.798654972328677e-09,-1.359870651640449e-07,2.539623551456316e-07,0.02719765342772007,0.33953857421875,0.11119003593921661,-0.00021694944007322192,0.03245988115668297,0.4910984933376312,0.0013043166836723685,0.08038341253995895,-0.0008392620366066694,0.008767577819526196,-0.0009004140156321228,0.07134454697370529,0.07359084486961365,0.0012079417938366532,8.636951679363847e-05,0.06793882697820663,0.06254196912050247,0.25498926639556885,0.25203245878219604,0.0001788306253729388,0.014792704954743385,0.0011076665250584483,-0.0025186517741531134,-0.00015851869829930365,0.0004943454405292869,0.5982040762901306,0.5956212282180786,0.08141714334487915,0.08870992064476013,-0.0015745186246931553,-0.0014662373578175902,0.34307724237442017,0.2632189989089966,0.26337146759033203,-0.00045210079406388104,0.034316886216402054,0.03552699461579323,-0.0012355586513876915,-0.001037670997902751,6.91972656952089e-09,-5.0067900048134106e-08,2.9563904035967425e-07,-6.379559636116028e-08,3.082584498770302e-07,1.2391247139476036e-07,-1.1770054442195033e-07,3.7048943113404675e-07,-1.0753050361245187e-07,3.5312027080180997e-07
00:00:05:19.333,61,2.7431642024566827e-07,2.7436762195520714e-08,-1.0624528101743635e-07,9.497161812532795e-08,-2.225302182523592e-07,0.0264328271150589,0.3248352110385895,-3.0618161872553173e-07,-1.759082124408451e-07,-1.8998980166884394e-09,-1.3682060284736508e-07,2.5269574166486564e-07,0.02655373141169548,0.3252441883087158,0.1114439070224762,-0.00015001989959273487,0.033190686255693436,0.48868781328201294,0.0013929809210821986,0.09359216690063477,-0.0006391692440956831,0.008418806828558445,-0.0009004067396745086,0.04704003781080246,0.0505513995885849,0.0013391935499385,0.0002304202353116125,0.06544691324234009,0.06008678302168846,0.2532379925251007,0.2511107325553894,0.00016818047151900828,0.01407032459974289,0.0011021936079487205,-0.002471612300723791,-7.733486563665792e-05,0.0005256566219031811,0.5903878808021545,0.588411808013916,0.08626257628202438,0.09346066415309906,-0.001580278854817152,-0.0014773202128708363,0.34160926938056946,0.2666999399662018,0.2668526768684387,-0.00047158062807284296,0.033008553087711334,0.03332854062318802,-0.0012699216604232788,-0.0012470507062971592,7.4435955177420965e-09,-4.5644117818710583e-08,2.918206121194089e-07,-5.856156448658112e-08,3.17525120863138e-07,1.2519768688434851e-07,-1.2574717800362123e-07,3.7399121310954797e-07,-1.1565163759996722e-07,3.687851233280526e-07
00:00:05:20.349,61,2.6112888917850796e-07,2.322718550828995e-08,-9.917653898128265e-08,9.114388177522414e-08,-2.1238811598323082e-07,0.025780262425541878,0.29786285758018494,-2.920068880030158e-07,-1.6942620106874529e-07,-5.1967798953000965e-09,-1.2930017589951603e-07,2.3774802571097098e-07,0.02590106800198555,0.29824352264404297,0.1089310571551323,-7.274567906279117e-05,0.03353193774819374,0.47431981563568115,0.0019091191934421659,0.11707597970962524,-0.0003072971012443304,0.008001060225069523,-0.0008576083346270025,0.020177016034722328,0.0255120899528265,0.0021019333507865667,0.0011291366536170244,0.06098778173327446,0.05586058646440506,0.2424796223640442,0.24122612178325653,-6.15310636931099e-05,0.013455471023917198,0.0010676485253497958,-0.0024701347574591637,1.4005824596097227e-05,0.000584415509365499,0.5782085657119751,0.5766758918762207,0.09008666127920151,0.09716562181711197,-0.0014112174976617098,-0.0013115155743435025,0.3427940309047699,0.2694568932056427,0.2696046531200409,-0.000594385783188045,0.032931335270404816,0.03268468752503395,-0.001158017199486494,-0.0011709678219631314,7.221242270816219e-09,-4.1043385579087044e-08,2.736225610533438e-07,-5.2936375283252346e-08,3.0312688181766134e-07,1.185340821052705e-07,-1.2204050392483623e-07,3.539863939749921e-07,-1.1231750107754124e-07,3.5434962342151266e-07
00:00:05:21.366,61,2.2581778580388345e-07,2.5816261128852602e-08,-8.996575928676975e-08,7.744412755528174e-08,-1.8260442402606714e-07,0.024677524343132973,0.2756705582141876,-2.518575570320536e-07,-1.4265998515838874e-07,2.8684734587614003e-09,-1.1378433839581703e-07,2.1132640881660336e-07,0.024788999930024147,0.27602362632751465,0.10581231862306595,-9.25634813029319e-05,0.03470335155725479,0.4515800476074219,0.001973764505237341,0.14771787822246552,0.0009557014564052224,0.0076714265160262585,-0.0007577940123155713,0.005789091810584068,0.011880951002240181,0.008684329688549042,0.00807948037981987,0.055709004402160645,0.050863370299339294,0.2245708853006363,0.22398428618907928,-0.00028642534743994474,0.012711849063634872,0.0007810181123204529,-0.002429773798212409,6.376970850396901e-05,0.0006280856323428452,0.5585269331932068,0.557034432888031,0.09699743241071701,0.1036737859249115,-0.0013319530989974737,-0.0012351423501968384,0.3470885455608368,0.275058776140213,0.2752223610877991,-0.0007435077568516135,0.035057470202445984,0.034092310816049576,-0.0013916962780058384,-0.0014974677469581366,5.952315529356156e-09,-4.006549758628353e-08,2.450309750656743e-07,-5.13903799514992e-08,2.605933673294203e-07,1.0379124404380491e-07,-1.0093673807887171e-07,3.1035858683026163e-07,-9.240582699021616e-08,3.003329140938149e-07
00:00:05:22.383,61,2.0922627186337195e-07,3.609806142890193e-08,-9.18563429763708e-08,6.891787052154541e-08,-1.6706064798199804e-07,0.024887556210160255,0.26466816663742065,-2.3222528966471145e-07,-1.2475997834826558e-07,1.7397105978034233e-08,-1.0965857910605337e-07,2.0816922585709108e-07,0.024995148181915283,0.2649729251861572,0.10222844779491425,-0.00010804809426190332,0.03561778739094734,0.4266730546951294,0.003688195953145623,0.18751278519630432,0.007097433786839247,0.006962026935070753,-0.0007064344827085733,0.0005713504506275058,0.0068215918727219105,0.042590443044900894,0.04216194152832031,0.04927413910627365,0.04484393447637558,0.20675687491893768,0.20694583654403687,-0.000732285960111767,0.012088073417544365,0.0006778085371479392,-0.002575803315266967,0.00012455022078938782,0.0006489853840321302,0.5352639555931091,0.5335546731948853,0.09977903217077255,0.10577859729528427,-0.001330868573859334,-0.0012273568427190185,0.3566703796386719,0.28059446811676025,0.2807495594024658,-0.0009651899454183877,0.03544843569397926,0.03414251282811165,-0.0009276598575524986,-0.0014043390983715653,4.903413231005516e-09,-4.675239395623976e-08,2.44397682536146e-07,-5.906447597681108e-08,2.3812054905647528e-07,9.889831176224106e-08,-8.439645426960851e-08,2.965983014746598e-07,-7.612630525954955e-08,2.6598573299452255e-07
00:00:05:24.400,61,1.9948464569097268e-07,3.485008903680864e-08,-8.794479100515673e-08,6.562098775475533e-08,-1.5933066777051863e-07,0.025599658489227295,0.2624467611312866,-2.2141263400499156e-07,-1.189857741223932e-07,1.6950071568544445e-08,-1.0466202837733363e-07,1.9881873924987303e-07,0.025700341910123825,0.26272499561309814,0.09881555289030075,-0.0001122957473853603,0.03589913621544838,0.4038132131099701,0.005851747468113899,0.22055573761463165,0.013723254203796387,0.0062455786392092705,-0.0006079378072172403,-0.0016877907328307629,0.004286292940378189,0.07024100422859192,0.06989976018667221,0.044211357831954956,0.04008589684963226,0.19559814035892487,0.19646236300468445,-0.0008562707807868719,0.011845957487821579,0.0005340695497579873,-0.0021476668771356344,0.0002586495247669518,0.0007403178024105728,0.5115175843238831,0.5092878937721252,0.10179400444030762,0.1070638969540596,-0.0014087846502661705,-0.001313820481300354,0.36550843715667725,0.2863602042198181,0.2865070104598999,-0.0010384139604866505,0.03548576682806015,0.033993110060691833,-0.0006995642324909568,-0.0012678283965215087,4.6601051906236535e-09,-4.470348358154297e-08,2.3344531996372098e-07,-5.669891933735016e-08,2.2673980026866047e-07,9.430106473473643e-08,-8.029863352021493e-08,2.828892320394516e-07,-7.234513788034747e-08,2.5354324861837085e-07
00:00:05:25.416,61,1.9235535830830486e-07,3.512948865136423e-08,-8.614733815193176e-08,6.276182773490291e-08,-1.5329570146604965e-07,0.0252960417419672,0.26725536584854126,-2.1331011623715312e-07,-1.1360273077798411e-07,1.8812716717775402e-08,-1.0159332219927819e-07,1.93547464277799e-07,0.025391289964318275,0.26751795411109924,0.09417268633842468,-0.00013089813000988215,0.036049600690603256,0.3762543201446533,0.00682457908987999,0.24085155129432678,0.017544351518154144,0.005769981071352959,-0.0004848730459343642,-0.0017819326603785157,0.003863394260406494,0.08459638804197311,0.08437112718820572,0.040334902703762054,0.03663847967982292,0.1844862550497055,0.18625278770923615,-0.0008891499019227922,0.011577608995139599,0.0002943262516055256,-0.0017921472899615765,0.0003047342470381409,0.0007422275375574827,0.4898119270801544,0.4870135486125946,0.10217951983213425,0.10689163208007812,-0.0014115822268649936,-0.0013156664790585637,0.37617409229278564,0.29029229283332825,0.29043838381767273,-0.001055071596056223,0.0346641018986702,0.03333979472517967,-0.0009285193518735468,-0.0011587233748286963,4.401663478148521e-09,-4.466622982590707e-08,2.2776424657422467e-07,-5.63636426420544e-08,2.1801329808113223e-07,9.132781997323036e-08,-7.584691275042132e-08,2.741022058216913e-07,-6.821006337531799e-08,2.4259091446765524e-07
00:00:05:26.433,61,1.6000122116111015e-07,3.473833132261461e-08,-7.540919000348367e-08,5.09712840823795e-08,-1.2665987014770508e-07,0.024782024323940277,0.274262934923172,-1.7691404252673237e-07,-9.099021269776131e-08,2.225860917803857e-08,-8.640345328103649e-08,1.663714641608749e-07,0.024870596826076508,0.2745252847671509,0.0871875062584877,-0.000122894489322789,0.03585866838693619,0.33291304111480713,0.006610833574086428,0.24817457795143127,0.017634950578212738,0.00548771396279335,-0.00031180225778371096,-0.0011089342879131436,0.003984720911830664,0.08060663938522339,0.08053261041641235,0.03701096400618553,0.03380291536450386,0.16827292740345,0.17103683948516846,-0.0009022927260957658,0.011413779109716415,2.4304688849952072e-05,-0.0012963764602318406,0.0003541115438565612,0.0007923513185232878,0.463714599609375,0.46034523844718933,0.10318896919488907,0.10706660896539688,-0.0013593483017757535,-0.0012889039935544133,0.3847001791000366,0.2925015389919281,0.29266273975372314,-0.0008797792252153158,0.034439798444509506,0.03341896831989288,-0.0012726268032565713,-0.000827905663754791,3.388850089436346e-09,-4.136934705911699e-08,1.9742175538794982e-07,-5.21540641784668e-08,1.802574871589968e-07,7.72299273421595e-08,-5.921349099935469e-08,2.3204367494145117e-07,-5.280599069124037e-08,1.960247715260266e-07
00:00:05:27.450,61,1.15856529703251e-07,2.3469329590852794e-08,-5.3467228866566074e-08,3.7224964444249053e-08,-9.191222716253833e-08,0.024365967139601707,0.27426913380622864,-1.282803765434437e-07,-6.67944561882905e-08,1.4211982701795023e-08,-6.197485902248445e-08,1.1887401285548549e-07,0.024454884231090546,0.27453678846359253,0.0777590200304985,-6.081946048652753e-05,0.035454586148262024,0.27779054641723633,0.005407100543379784,0.2394149750471115,0.012951311655342579,0.0053498102352023125,-0.0001560770469950512,-0.0012780011165887117,0.0031514728907495737,0.060720086097717285,0.06093483790755272,0.0347883477807045,0.032152656465768814,0.15263329446315765,0.15660075843334198,-0.0006254297331906855,0.011016884818673134,-0.00016633332415949553,-0.0007856653537601233,0.0004047173133585602,0.0008136689430102706,0.4207465648651123,0.4172581434249878,0.10088948905467987,0.10381808876991272,-0.0011279105674475431,-0.00108702655415982,0.38879966735839844,0.2924475073814392,0.29262885451316833,-0.0006988578243181109,0.03248243033885956,0.032119836658239365,-0.0013097513001412153,-0.00028732986538670957,2.5308690698722103e-09,-2.866610948615289e-08,1.407228467087407e-07,-3.6507845635469494e-08,1.3095326778511662e-07,5.55627046594509e-08,-4.3995679988029224e-08,1.666694942059621e-07,-3.900379041965607e-08,1.434236764907837e-07
00:00:05:28.466,61,9.012408241915182e-08,2.387911024470668e-08,-4.573725220780034e-08,2.759508710425962e-08,-7.04452389754806e-08,0.021800022572278976,0.26244017481803894,-9.935349254419634e-08,-4.8484654513458736e-08,1.7900019244621035e-08,-5.02448536110478e-08,9.827315494703726e-08,0.021880999207496643,0.2627013325691223,0.06683514267206192,6.827637662354391e-06,0.03396828472614288,0.22734327614307404,0.003975492436438799,0.22380435466766357,0.008134286850690842,0.00500304764136672,-8.758748299442232e-05,-0.00042627216316759586,0.003092746715992689,0.03185856342315674,0.03215942531824112,0.032577745616436005,0.030446510761976242,0.13815252482891083,0.1435154676437378,-0.0004439491021912545,0.010246176272630692,-0.00011892199836438522,-0.00045840031816624105,0.00045767781557515264,0.0008203503675758839,0.37498509883880615,0.37170445919036865,0.09760329127311707,0.09956573694944382,-0.0009311700123362243,-0.0008888649754226208,0.3917893171310425,0.29160216450691223,0.29180389642715454,-0.00044254041858948767,0.0314241386950016,0.0315253883600235,-0.0012610220583155751,4.452586290426552e-05,1.6798731294898062e-09,-2.6691704846371067e-08,1.1797994403650591e-07,-3.3844262503635036e-08,1.004524534664597e-07,4.454748747662052e-08,-2.996996073534319e-08,1.339381583420618e-07,-2.5909393741585518e-08,1.0561198138248074e-07
00:00:05:29.483,61,9.059905892172537e-08,3.099441414633475e-08,-5.0868838030737606e-08,2.616085126305734e-08,-6.97094932888831e-08,0.020139960572123528,0.24864478409290314,-9.94745619209425e-08,-4.475936421499682e-08,2.689659517329801e-08,-5.297362903888825e-08,1.0602175848362094e-07,0.020213337615132332,0.2488892674446106,0.05763445049524307,3.507822839310393e-05,0.03400666266679764,0.19793280959129333,0.0026649769861251116,0.210362508893013,0.0051493458449840546,0.004897603765130043,-7.774843106744811e-05,8.449792949249968e-05,0.003131986828520894,0.008121030405163765,0.008463099598884583,0.03070949949324131,0.028797432780265808,0.12946709990501404,0.13593155145645142,-0.00044913709280081093,0.009355185553431511,-0.00029547541635110974,-0.00010610647586872801,0.0005037462105974555,0.0008275143918581307,0.34294357895851135,0.34006035327911377,0.09378406405448914,0.09520334005355835,-0.0010479140328243375,-0.0010208082385361195,0.39260032773017883,0.292667031288147,0.2928902804851532,-0.00024519278667867184,0.031206583604216576,0.03140988573431969,-0.0012637176550924778,0.0002071639901259914,1.346925238010499e-09,-3.233552092751779e-08,1.288577919922318e-07,-4.069879722123915e-08,9.914860044091256e-08,4.643574413876195e-08,-2.4884938554237124e-08,1.4012680082942097e-07,-2.069398696846747e-08,9.942800005546815e-08
00:00:05:29.500,61,8.292496289641349e-08,3.501772738445652e-08,-5.153939142132913e-08,2.236105522968046e-08,-6.267801211379265e-08,0.018806157633662224,0.23499596118927002,-9.042210535881168e-08,-3.67127341860396e-08,3.293156680683751e-08,-5.0826930220182476e-08,1.0382384374452158e-07,0.018870268017053604,0.23521895706653595,0.05012611299753189,2.951115311589092e-05,0.032600924372673035,0.17379963397979736,0.002798511413857341,0.19767409563064575,0.004143573809415102,0.004629143979400396,-7.176291546784341e-05,0.004969247616827488,0.007749461103230715,0.0021303987596184015,0.002346211113035679,0.028529806062579155,0.02685347944498062,0.12056295573711395,0.12788482010364532,-0.0007497620536014438,0.009315921925008297,-0.00033965721377171576,9.946338832378387e-05,0.00034170516300946474,0.0006706336280331016,0.3120550513267517,0.3092506527900696,0.08848875015974045,0.0894494280219078,-0.001077811699360609,-0.0010294461390003562,0.3982057571411133,0.2937133014202118,0.2939506769180298,-9.398072870681062e-05,0.032445382326841354,0.03279196843504906,-0.0016475245356559753,4.190758045297116e-05,9.057112282384594e-10,-3.5110861773546276e-08,1.2809410065983684e-07,-4.364177641491551e-08,8.90530671426859e-08,4.410743770222325e-08,-1.7862767265341972e-08,1.3350509675547073e-07,-1.369044166921185e-08,8.411705465505293e-08
00:00:05:30.516,61,9.27317884702461e-08,3.5073608017910374e-08,-5.442648998155164e-08,2.60770320892334e-08,-7.087364650715244e-08,0.017682647332549095,0.2244470715522766,-1.0150484541782134e-07,-4.3865291843303567e-08,3.114342561616468e-08,-5.529262026016113e-08,1.1175870895385742e-07,0.01774270460009575,0.2246551513671875,0.042780447751283646,8.802562661003321e-06,0.03165322169661522,0.14835616946220398,0.003134429221972823,0.1859881728887558,0.0031034587882459164,0.004560830537229776,-8.021607936825603e-05,0.02430771104991436,0.026328682899475098,0.0007346783531829715,0.0007679453701712191,0.026452917605638504,0.025029130280017853,0.11104364693164825,0.11870963871479034,-0.0006758570671081543,0.008938143961131573,-8.79124563653022e-05,-5.6725144531810656e-05,0.0002495251828804612,0.0005401346716098487,0.28133609890937805,0.2787773907184601,0.08519861847162247,0.0854790210723877,-0.0010916388127952814,-0.00101183180231601,0.4005977213382721,0.29618382453918457,0.29643455147743225,5.7212972023990005e-05,0.03414472937583923,0.03482978790998459,-0.00155614223331213,0.00044488415005616844,1.2083910538862597e-09,-3.6042184348161754e-08,1.3656914177317958e-07,-4.4628976070271165e-08,1.005269609777315e-07,4.827045074762282e-08,-2.3189931752654047e-08,1.459196141695429e-07,-1.8849968697054464e-08,9.916723087144419e-08
00:00:05:31.533,61,7.775611976512664e-08,3.211200194641606e-08,-4.770234340867319e-08,2.1150334816866234e-08,-5.8822333670605076e-08,0.015289726667106152,0.2168297916650772,-8.502975390456413e-08,-3.483146571170437e-08,2.9653310917865383e-08,-4.74927936977565e-08,9.668990941236189e-08,0.015349567867815495,0.21702753007411957,0.0367741622030735,3.352843123138882e-05,0.03004598617553711,0.12048898637294769,0.0030066799372434616,0.17178592085838318,0.002392447553575039,0.004486997611820698,-0.00011115969391539693,0.04699975624680519,0.04746084660291672,0.00018699109205044806,7.425069634336978e-05,0.024385489523410797,0.023125190287828445,0.10098766535520554,0.10885503888130188,-0.0005826473352499306,0.00846853107213974,-0.00016666769806761295,0.00017884977569337934,-0.00011535401426954195,0.00010235443915007636,0.243596613407135,0.24118755757808685,0.08277229964733124,0.08224672079086304,-0.0013071894645690918,-0.0012245750986039639,0.40101924538612366,0.29728370904922485,0.29755812883377075,0.00020998776017222553,0.037445466965436935,0.03872981294989586,-0.0016835022252053022,0.0007056795293465257,8.661300010537332e-10,-3.246590551952977e-08,1.189857741223932e-07,-4.023313593393141e-08,8.33719937531896e-08,4.111789309035885e-08,-1.7080456160556423e-08,1.245550862449818e-07,-1.3299286116819076e-08,7.98702259885431e-08
00:00:05:32.549,61,6.394461138370389e-08,2.0638108111370457e-08,-3.51853657321044e-08,1.872889754395146e-08,-4.922971186260838e-08,0.014587934128940105,0.21322204172611237,-7.055700024238831e-08,-3.2223759660610085e-08,1.7732382673329994e-08,-3.705732609660117e-08,7.368624466153051e-08,0.014655418694019318,0.21341323852539062,0.03204527497291565,9.597260213922709e-05,0.028379516676068306,0.09726663678884506,0.002648581750690937,0.15914028882980347,0.003011691616848111,0.0038549015298485756,-0.00010629071039147675,0.06322634965181351,0.06346051394939423,0.0003667432174552232,0.00033056378015317023,0.022268349304795265,0.02121652662754059,0.09124831110239029,0.09872856736183167,-0.0006072270916774869,0.007563840132206678,-0.0002836267522070557,0.0007572774775326252,-0.00010155163909075782,0.00014883175026625395,0.2118741273880005,0.2097695767879486,0.08053889870643616,0.07948362827301025,-0.0009217846672981977,-0.0008171200752258301,0.4031326174736023,0.29783591628074646,0.2981356680393219,0.00018719602667260915,0.04036747291684151,0.042542628943920135,-0.001305607263930142,0.0013807265786454082,1.0011718121205604e-09,-2.225860917803857e-08,8.918345173469788e-08,-2.7511269706792518e-08,6.99982081187045e-08,3.2468232546989384e-08,-1.829117479701381e-08,9.80868932742851e-08,-1.5534460828803276e-08,7.148832281700379e-08
00:00:05:33.566,61,7.536262103258196e-08,2.991408010188934e-08,-4.5411287175056714e-08,2.077780614229141e-08,-5.726702667629979e-08,0.013238604180514812,0.21143101155757904,-8.263625517201945e-08,-3.455206609714878e-08,2.7082860398763842e-08,-4.556495625251955e-08,9.238719655968453e-08,0.013305434957146645,0.2116136997938156,0.028484292328357697,6.979457975830883e-05,0.026776663959026337,0.0772261917591095,0.002694245893508196,0.14404577016830444,0.003714389866217971,0.0030428131576627493,-0.00023440146469511092,0.07674134522676468,0.07637325674295425,0.0002739352057687938,0.0001005464800982736,0.02039806917309761,0.019445540383458138,0.08325470238924026,0.09029333293437958,-0.0003647994890343398,0.006760472431778908,-0.0002190038503613323,0.0012539033778011799,-0.00039611427928321064,-0.00010058015323011205,0.1842195689678192,0.18225395679473877,0.07661781460046768,0.07521170377731323,-0.0008127820328809321,-0.0006850540521554649,0.4031638205051422,0.2990812063217163,0.2993760108947754,0.00017091885092668235,0.04266437888145447,0.04604930803179741,-0.001113040721975267,0.002296985359862447,9.08039532454552e-10,-3.037974138919708e-08,1.1309981573504047e-07,-3.7495045290825146e-08,8.091330272463892e-08,3.945082482914586e-08,-1.750886369222826e-08,1.1974015023952234e-07,-1.432374130416747e-08,7.912516508667977e-08
00:00:05:34.583,61,6.081536696456169e-08,3.1106175413242454e-08,-4.183500834642473e-08,1.5133991837501526e-08,-4.4964252765566926e-08,0.012684175744652748,0.20757244527339935,-6.59562644500511e-08,-2.356246042722887e-08,3.084540267650482e-08,-3.942288628877577e-08,8.206814783306982e-08,0.012739190831780434,0.20775236189365387,0.025891123339533806,-0.0001788574445527047,0.024885881692171097,0.06356625258922577,0.003702446585521102,0.12267307192087173,0.004508724436163902,0.0029124135617166758,-0.00016175262862816453,0.0898367315530777,0.08813690394163132,0.0002819420478772372,-4.652679126593284e-05,0.01906883902847767,0.018340792506933212,0.07748677581548691,0.08418259769678116,-0.0002102902508340776,0.006470269989222288,-6.301604298641905e-05,0.001059109577909112,-0.0006791052292101085,-0.0003351490304339677,0.160814568400383,0.1588192582130432,0.06667633354663849,0.06533671170473099,-0.0008302605128847063,-0.0006472122622653842,0.40435338020324707,0.2969450354576111,0.2972497045993805,-9.692124876892194e-05,0.045402634888887405,0.049389295279979706,-0.0007480818312615156,0.002751399530097842,3.573950302371287e-10,-3.0491502656104785e-08,1.0222196777931458e-07,-3.721564922898324e-08,6.331131174874827e-08,3.34833742954288e-08,-8.773058723932081e-09,1.0214746026804278e-07,-5.774199784980283e-09,5.64008963976903e-08
00:00:05:35.599,61,7.116236133697385e-08,3.2372771130440015e-08,-4.602595993219438e-08,1.856125919630358e-08,-5.31971444672763e-08,0.011807609349489212,0.2052665650844574,-7.741153495999242e-08,-2.995133385752524e-08,3.1106175413242454e-08,-4.4587068259716034e-08,9.169801984398873e-08,0.011857661418616772,0.20543882250785828,0.02319677546620369,-0.0003219369682483375,0.02215457521378994,0.04878177121281624,0.0047958423383533955,0.1004190742969513,0.0064244079403579235,0.002854651305824518,-9.193297591991723e-05,0.10260044038295746,0.10018564015626907,0.00018966957577504218,-0.00023261904425453395,0.01790454424917698,0.01743226684629917,0.07100644707679749,0.07725361734628677,-4.0060280298348516e-05,0.00628336425870657,0.0002882438129745424,0.0009184730006381869,-0.0011503080604597926,-0.0007731190416961908,0.1339867264032364,0.1318163424730301,0.054923105984926224,0.053704824298620224,-0.0008715212461538613,-0.0006604910013265908,0.40819671750068665,0.2961234748363495,0.29643863439559937,-0.0003282465331722051,0.04834742844104767,0.052848391234874725,6.863295857328922e-05,0.003907326143234968,6.402842700481415e-10,-3.229826717188189e-08,1.1328607740779262e-07,-3.9394944195692005e-08,7.51391056041939e-08,3.817491389668248e-08,-1.3224780381904111e-08,1.1634081431566301e-07,-1.0039657105664901e-08,7.007270852454894e-08
00:00:05:36.616,61,1.0108167458611206e-07,3.306195139884949e-08,-5.5866550496830314e-08,2.9551447511266815e-08,-7.799476975378639e-08,0.010265856049954891,0.2178286761045456,-1.1120690146526613e-07,-5.080946863245117e-08,2.79536465086494e-08,-5.874724706700363e-08,1.1691008694469929e-07,0.010308321565389633,0.21801722049713135,0.020004266873002052,-0.0004332328971941024,0.018453069031238556,0.03446858376264572,0.008486702106893063,0.07144886255264282,0.015217683278024197,0.002876287093386054,-8.046243601711467e-05,0.1121603325009346,0.11010373383760452,-5.4048192396294326e-05,-0.00026451380108483136,0.01673649251461029,0.016457248479127884,0.0596606619656086,0.06435047090053558,0.0007800416788086295,0.0057987552136182785,0.0018388571916148067,0.0012003638548776507,-0.0013691972708329558,-0.0009164278162643313,0.10597946494817734,0.10341288894414902,0.04214487969875336,0.0412348136305809,-0.001154186436906457,-0.0009174814913421869,0.3997914791107178,0.287783682346344,0.2881051301956177,-0.0003214824537280947,0.050833407789468765,0.05629736930131912,0.0009540279279462993,0.005213814787566662,1.5614932680207971e-09,-3.528897707383294e-08,1.4097196299189818e-07,-4.3644103442375126e-08,1.1034892111183581e-07,5.1135138789959456e-08,-2.8832582543714125e-08,1.5506171280321723e-07,-2.4632317519035496e-08,1.1370516972419864e-07
00:00:05:37.633,61,1.1172843983331404e-07,2.7904752286644907e-08,-5.538109704161798e-08,3.473251197760874e-08,-8.772244086685532e-08,0.010722553357481956,0.2312244027853012,-1.2363540236037807e-07,-6.15138588955233e-08,1.9879079715678927e-08,-6.184040302059657e-08,1.2009171257432172e-07,0.010771641507744789,0.23142677545547485,0.01797693409025669,-0.0005248159286566079,0.015482163056731224,0.025073785334825516,0.011645251885056496,0.05359014496207237,0.024551406502723694,0.0029301822651177645,1.9885208530467935e-05,0.11481717228889465,0.1128869354724884,-0.00021465476311277598,-0.0002239497407572344,0.015046276152133942,0.014913026243448257,0.04997960478067398,0.053906794637441635,0.002193189924582839,0.005225008353590965,0.005826724227517843,0.00254435115493834,-0.001166057656519115,-0.0006814673542976379,0.08413971960544586,0.08131135255098343,0.03272382542490959,0.031875692307949066,-0.0011010338785126805,-0.0008075106306932867,0.38779520988464355,0.2795118987560272,0.27983954548835754,-5.4159572755452245e-06,0.052221864461898804,0.058515116572380066,0.0036441499833017588,0.008079352788627148,2.174638247254279e-09,-3.193970599113527e-08,1.429952618536845e-07,-3.981171303735209e-08,1.2409174132699263e-07,5.4473638044783e-08,-3.828667161087651e-08,1.6462639962355752e-07,-3.4081750754921813e-08,1.3427808198684943e-07
00:00:05:39.650,61,1.008168339922122e-07,4.3514884140449794e-08,-6.329384660830328e-08,2.7039787298122064e-08,-7.604889162848849e-08,0.01036902703344822,0.2517580986022949,-1.0980409825833704e-07,-4.4102780094590344e-08,4.0745362639427185e-08,-6.228219717741013e-08,1.2726290776754468e-07,0.010425729677081108,0.25198572874069214,0.015692656859755516,-0.0005039098323322833,0.012453288771212101,0.02061712183058262,0.01317950151860714,0.04754262790083885,0.035415202379226685,0.0037887566722929478,-1.2091676580894273e-05,0.11063572019338608,0.1088184267282486,-0.0001726199989207089,-2.944983498309739e-05,0.014060684479773045,0.013851200230419636,0.043235354125499725,0.04554099962115288,0.003509795991703868,0.005363243632018566,0.005694198422133923,0.0026523107662796974,-0.001007824786938727,-0.00042649416718631983,0.0754944309592247,0.07198067009449005,0.026239460334181786,0.025826377794146538,-0.0012250404106453061,-0.0009054264519363642,0.38079097867012024,0.27146390080451965,0.2717970013618469,0.00022567999258171767,0.052057236433029175,0.05895069241523743,0.004417771007865667,0.008725928142666817,1.0420626583851345e-09,-4.351953819536902e-08,1.562829083923134e-07,-5.367212096984986e-08,1.0740128431052653e-07,5.349327736325904e-08,-2.105254637285725e-08,1.6263686575257452e-07,-1.6225968124672363e-08,1.0222429125406052e-07
00:00:05:40.666,61,9.311363413644358e-08,5.0389207473244824e-08,-6.593297996460024e-08,2.2656749365523865e-08,-6.855232470570627e-08,0.007924838922917843,0.2725927233695984,-1.0050134591210735e-07,-3.4500843071327836e-08,5.017966131504181e-08,-6.11005788186958e-08,1.2794974679763982e-07,0.007987532764673233,0.2728281021118164,0.014826714992523193,-0.0006055578123778105,0.010499176569283009,0.020004624500870705,0.01215322408825159,0.07009925693273544,0.05775589868426323,0.004047111142426729,2.9439330319291912e-05,0.09325466305017471,0.09313086420297623,9.144831710727885e-05,0.0003156957682222128,0.011865360662341118,0.01167334709316492,0.038271039724349976,0.040223922580480576,0.002521730726584792,0.006086908746510744,0.007267413195222616,0.005344122648239136,-0.0008377876947633922,-0.00012302651884965599,0.0804385244846344,0.07631812244653702,0.032673656940460205,0.032498568296432495,-0.0010592627804726362,-0.0006806642049923539,0.3752560317516327,0.26370224356651306,0.2640315294265747,0.0007410614052787423,0.05126242712140083,0.05887485668063164,0.007664637640118599,0.013293267227709293,4.388857610670982e-10,-4.8568473687282676e-08,1.597590681967631e-07,-5.914829515063502e-08,9.640120168796784e-08,5.1805400858029316e-08,-1.1762604223974904e-08,1.5802913821971742e-07,-6.956979436978372e-09,8.378177795975716e-08
00:00:05:41.683,61,1.1660042531502768e-07,4.7256470736556366e-08,-7.105874999524531e-08,3.201654052986669e-08,-8.845352539310625e-08,0.006958874873816967,0.29843670129776,-1.2705743301921757e-07,-5.275825998296568e-08,4.323432278852124e-08,-7.09033329826525e-08,1.440499914906468e-07,0.007026259321719408,0.2986752390861511,0.014058909378945827,-0.0004984235274605453,0.00985090620815754,0.023058857768774033,0.01113611739128828,0.10980787128210068,0.08403192460536957,0.004351714160293341,0.0001002102144411765,0.0719200149178505,0.07409689575433731,0.0003623310476541519,0.0008304092916660011,0.009714964777231216,0.009304093196988106,0.035479165613651276,0.03745090588927269,0.001244578161276877,0.006410892121493816,0.006813716143369675,0.008765649981796741,-0.000496144755743444,0.0003351884661242366,0.09806220978498459,0.09322581440210342,0.04989445582032204,0.050299275666475296,-0.0010518968338146806,-0.0006882500019855797,0.36378493905067444,0.2598980963230133,0.26020675897598267,0.0012106968788430095,0.04926285892724991,0.057463113218545914,0.010485603474080563,0.018059076741337776,1.3458338887772925e-09,-4.8130750940345024e-08,1.7633777815717622e-07,-5.910289502253363e-08,1.2494507473093108e-07,6.11980794928968e-08,-2.6619527915272556e-08,1.8580699645553977e-07,-2.1107261716224457e-08,1.20643520062913e-07
00:00:05:42.700,61,1.0390882465571849e-07,4.652654794767841e-08,-6.645684891282144e-08,2.7538044733432798e-08,-7.803551937968223e-08,0.006121814716607332,0.31875497102737427,-1.1283671597084322e-07,-4.4312329805507034e-08,4.3991022380396316e-08,-6.466812862981897e-08,1.3275537469326082e-07,0.006198377814143896,0.318987101316452,0.013188814744353294,-0.0004347465292084962,0.00996600091457367,0.027103347703814507,0.009842905215919018,0.15381988883018494,0.1091047003865242,0.004853165242820978,0.00014406706031877548,0.056942254304885864,0.06132626160979271,0.00016868591774255037,0.001008643303066492,0.007944035343825817,0.007338183932006359,0.03333955258131027,0.03530998155474663,0.0005350481951609254,0.006412187125533819,0.007174652069807053,0.01299577672034502,-0.000435840425780043,0.0004837595042772591,0.11878275126218796,0.11307617276906967,0.07105480879545212,0.07231864333152771,-0.0008533753571100533,-0.0005028776940889657,0.3520785868167877,0.2555716633796692,0.2558809518814087,0.0017506869044154882,0.04718991369009018,0.056051112711429596,0.01440951693803072,0.024456219747662544,9.83854997471667e-10,-4.622619442784526e-08,1.6362406540793017e-07,-5.689915383300104e-08,1.104245868077669e-07,5.560141147498143e-08,-2.0458829297353986e-08,1.6896287036161084e-07,-1.5352853210970352e-08,1.031672596241151e-07
00:00:05:43.716,61,1.1566618951519558e-07,4.381290708010965e-08,-6.802845575748506e-08,3.2536917160541634e-08,-8.821196217922989e-08,0.004120016470551491,0.3343576192855835,-1.2632983725779923e-07,-5.436129768554565e-08,3.901077505474859e-08,-6.910908467716581e-08,1.3953423660950648e-07,0.004195302724838257,0.3345857560634613,0.012796854600310326,-0.0004205662407912314,0.01018198486417532,0.0297923032194376,0.007754113525152206,0.2046775370836258,0.12384584546089172,0.005076796282082796,0.00024244486121460795,0.058519911020994186,0.06417512148618698,-0.00014985553571023047,0.0008120423299260437,0.006495456211268902,0.005843517370522022,0.02943434566259384,0.03169931098818779,0.0003296620852779597,0.006352828815579414,0.008072204887866974,0.017948679625988007,-0.00042513065272942185,0.0006751646287739277,0.14327043294906616,0.13627131283283234,0.097612664103508,0.0995841771364212,-0.0007770092925056815,-0.0004081012448295951,0.3406897783279419,0.246915802359581,0.24722914397716522,0.0021182342898100615,0.04757554084062576,0.0573418028652668,0.022588906809687614,0.035591550171375275,1.4973920992034095e-09,-4.481291426827738e-08,1.7010839314934856e-07,-5.557434690217633e-08,1.2500909463142307e-07,5.999216057261947e-08,-2.8844224786439554e-08,1.8188089256909734e-07,-2.35205508403169e-08,1.2325588727435388e-07
00:00:05:44.733,61,1.244014100620916e-07,3.846362162107653e-08,-6.685964848429649e-08,3.7075952974419124e-08,-9.644310949852297e-08,0.003144355956465006,0.34585341811180115,-1.3667158782482147e-07,-6.36652117691483e-08,3.123656000525443e-08,-7.128110013354672e-08,1.4132820069789886e-07,0.003211917355656624,0.34607556462287903,0.011636292561888695,-0.0005030393367633224,0.010771389119327068,0.032774925231933594,0.0065301526337862015,0.24774952232837677,0.11980543285608292,0.004995980300009251,0.000512690981850028,0.07333538681268692,0.07975973933935165,-0.00014967560127843171,0.0004250958445481956,0.005035915412008762,0.004425972234457731,0.02736249752342701,0.029690466821193695,0.0003875720431096852,0.006135088857263327,0.009388596750795841,0.023682773113250732,-0.00025046750670298934,0.0010214444482699037,0.16961821913719177,0.16160929203033447,0.12387220561504364,0.12666286528110504,-0.000743269338272512,-0.0003415435494389385,0.3241078555583954,0.23772425949573517,0.23803187906742096,0.0019910114351660013,0.05045132711529732,0.06149071827530861,0.03566013276576996,0.05133218318223953,2.0570587455637224e-09,-4.1360035396564854e-08,1.7022713905134879e-07,-5.1381064736233384e-08,1.368671718182668e-07,6.256159679196571e-08,-3.75881796799149e-08,1.8909572929715068e-07,-3.2139940486786145e-08,1.4128163172699715e-07
00:00:05:45.750,61,1.2881064037628676e-07,3.253808245062828e-08,-6.418500220206624e-08,4.001252662533261e-08,-1.0100134772983438e-07,0.002255605533719063,0.35413384437561035,-1.4210061749508895e-07,-7.03975118199196e-08,2.3588071940139343e-08,-7.127702872367081e-08,1.3906624474202545e-07,0.0023176870308816433,0.35435840487480164,0.011409652419388294,-0.00047110914601944387,0.01194734126329422,0.03578050434589386,0.005589695181697607,0.2732299864292145,0.10574419051408768,0.004737551789730787,0.0006137099699117243,0.09215068072080612,0.09881169348955154,-1.1047851330658887e-05,0.0003028234059456736,0.004371988587081432,0.003785639302805066,0.025395547971129417,0.027901919558644295,0.00047147952136583626,0.006052291952073574,0.011103203520178795,0.028887227177619934,-7.606950384797528e-05,0.0013159370282664895,0.19338762760162354,0.18512237071990967,0.14867334067821503,0.15203244984149933,-0.0006823361036367714,-0.00028089305851608515,0.31208598613739014,0.2291959822177887,0.22949138283729553,0.001795058255083859,0.05633915960788727,0.0684739425778389,0.049416352063417435,0.067509226500988,2.494125572738426e-09,-3.7114368467427994e-08,1.6579055284182687e-07,-4.65719480757798e-08,1.4365301126417762e-07,6.315545419965929e-08,-4.4178449343235116e-08,1.904592465962196e-07,-3.8841971417014065e-08,1.5364959438102233e-07
00:00:05:45.766,61,1.3599928649909998e-07,2.7867500307365844e-08,-6.303773147919856e-08,4.3720937981106545e-08,-1.078739302329268e-07,0.001729306997731328,0.35983097553253174,-1.5062163072343537e-07,-7.827998871334785e-08,1.6891863907630977e-08,-7.2998226130494e-08,1.402432161512479e-07,0.0017841861117631197,0.360050767660141,0.011474371887743473,-0.0004852286074310541,0.013694238848984241,0.039168257266283035,0.004035178571939468,0.27681416273117065,0.08302059024572372,0.004812329076230526,0.0006681376835331321,0.1139129251241684,0.12021266669034958,0.00013391076936386526,0.00023813880397938192,0.003707446390762925,0.00316788861528039,0.022546889260411263,0.024857182055711746,0.0007756322156637907,0.005727312993258238,0.011794324032962322,0.03212194889783859,3.539835233823396e-05,0.001512786140665412,0.21673400700092316,0.20867809653282166,0.17069751024246216,0.17444786429405212,-0.0008642065804451704,-0.0004531154118012637,0.3027954399585724,0.22308170795440674,0.22336894273757935,0.0014882556861266494,0.0646863579750061,0.07762904465198517,0.06163400784134865,0.08141341805458069,2.9509827914608877e-09,-3.403751236419339e-08,1.6569858019011008e-07,-4.281755394686115e-08,1.5337019476646674e-07,6.520363626805192e-08,-5.15277491786037e-08,1.9623082891939703e-07,-4.616100213183927e-08,1.6873701724762213e-07
00:00:05:46.783,61,1.3143989008312928e-07,2.741580829024315e-08,-6.12123400856035e-08,4.212371962353245e-08,-1.0416086126951996e-07,0.0017350725829601288,0.3617842495441437,-1.455674691897002e-07,-7.534166712730439e-08,1.6893027421360785e-08,-7.064998186478988e-08,1.3584271130184788e-07,0.001778632402420044,0.36201244592666626,0.01133618876338005,-0.0005594141548499465,0.015352759510278702,0.04177006706595421,0.0031557672191411257,0.2573980391025543,0.0581861287355423,0.004919895436614752,0.0007294525275938213,0.13973931968212128,0.14481087028980255,0.00010843781637959182,-6.774421763111604e-06,0.0034641996026039124,0.0029914232436567545,0.018597055226564407,0.020383257418870926,0.0008302100468426943,0.0055192578583955765,0.011224789544939995,0.032230671495199203,0.00038497906643897295,0.001912579289637506,0.23664167523384094,0.22908176481723785,0.17915146052837372,0.18273040652275085,-0.0009528985829092562,-0.000535480328835547,0.29289519786834717,0.21941551566123962,0.21968932449817657,0.0010350587544962764,0.07409217208623886,0.08739566802978516,0.06953425705432892,0.08949991315603256,2.823216993519395e-09,-3.33087513126884e-08,1.6076373299256375e-07,-4.180125046104877e-08,1.4811753601406963e-07,6.312184552825784e-08,-4.9385707967530834e-08,1.9001191731149447e-07,-4.420406085614559e-08,1.6225735066655034e-07
00:00:05:47.799,61,1.0604271949432587e-07,1.7196871482383358e-08,-4.576286372071081e-08,3.5130650388737195e-08,-8.493196190784147e-08,0.0028889020904898643,0.362840473651886,-1.178332595941356e-07,-6.378162709097523e-08,7.441267158014853e-09,-5.523907020688057e-08,1.0445248221913062e-07,0.002927057445049286,0.3630836009979248,0.01178030576556921,-0.0005539439152926207,0.018178589642047882,0.04584429785609245,0.002504809992387891,0.2267579287290573,0.03421587124466896,0.004947596229612827,0.0004685603198595345,0.16444841027259827,0.16682368516921997,0.0001339699374511838,-0.00023745320504531264,0.004272174090147018,0.0038025432731956244,0.01509431004524231,0.017198769375681877,0.0008462902042083442,0.004712230060249567,0.008186720311641693,0.02792152389883995,0.0008111475617624819,0.0023257744032889605,0.2546139657497406,0.24802404642105103,0.17776422202587128,0.18095332384109497,-0.0007972600869834423,-0.000438420771388337,0.2836519777774811,0.2161700278520584,0.21642151474952698,0.0006048373179510236,0.08096753060817719,0.09426778554916382,0.07177791744470596,0.0903146043419838,2.5326152286453407e-09,-2.2714957026437332e-08,1.2229196499902173e-07,-2.888031325198881e-08,1.2099276602839382e-07,4.9791413658795136e-08,-4.3637118807282604e-08,1.494796038059576e-07,-3.948342097714885e-08,1.3603363413494662e-07
00:00:05:48.816,61,1.0245334181036014e-07,1.563923390790478e-08,-4.3440959274221314e-08,3.416003835354786e-08,-8.220143854487105e-08,0.002857846673578024,0.36630454659461975,-1.1411029987584698e-07,-6.227055848739838e-08,5.918554979444934e-09,-5.3014662881878394e-08,9.977258486060236e-08,0.002884484129026532,0.36656033992767334,0.011944282799959183,-0.0005334554007276893,0.01947467401623726,0.04974718019366264,0.0018233833834528923,0.19894900918006897,0.017725996673107147,0.005551783833652735,0.00024228577967733145,0.1850842535495758,0.1846274882555008,-0.00025803715107031167,-0.0005650857929140329,0.005399549379944801,0.004885017406195402,0.012394467368721962,0.014621884562075138,0.0005750628770329058,0.004473573993891478,0.005655643995851278,0.023526711389422417,0.000879685627296567,0.002284660004079342,0.27039220929145813,0.2639272212982178,0.1750214546918869,0.17694228887557983,-0.0009646641556173563,-0.0006535003194585443,0.27914899587631226,0.21678279340267181,0.217026486992836,0.00031146686524152756,0.08730261027812958,0.09949047863483429,0.07038156688213348,0.08718818426132202,2.498127260608385e-09,-2.1152663620682688e-08,1.1665048305076198e-07,-2.7017668102757852e-08,1.1719064474391416e-07,4.7914944900639966e-08,-4.287110755285539e-08,1.4365039646691002e-07,-3.8958386738841e-08,1.3253070108021348e-07
00:00:05:49.833,61,1.1756026907505657e-07,1.4423858551992907e-08,-4.7489301380210236e-08,4.0010199597873e-08,-9.475275675185912e-08,0.0018200662452727556,0.3663484454154968,-1.3116397212797892e-07,-7.351860631388263e-08,2.7730129303904505e-09,-5.963229199323905e-08,1.1103576724735831e-07,0.0018321090610697865,0.3666136562824249,0.012720701284706593,-0.00042513952939771116,0.02153528295457363,0.05642663314938545,0.001465673791244626,0.16702741384506226,0.006387402303516865,0.006044939626008272,8.515539229847491e-05,0.20065157115459442,0.19679205119609833,-4.874750811723061e-05,-0.0004177923547104001,0.007031193934381008,0.0063986461609601974,0.010867309756577015,0.013341478072106838,0.0006571810226887465,0.0040935492143034935,0.0023684443440288305,0.01728161610662937,0.0009052179520949721,0.002172456355765462,0.28809478878974915,0.28201228380203247,0.16733592748641968,0.16777776181697845,-0.0007884314400143921,-0.0005709023680537939,0.2817142903804779,0.22011838853359222,0.2203717976808548,0.0003354789223521948,0.08771440386772156,0.09812740981578827,0.06269209831953049,0.07660254091024399,3.044697161058707e-09,-2.1562446050893413e-08,1.2867386089965294e-07,-2.758344663789103e-08,1.3514771524114622e-07,5.416644910383184e-08,-5.1907264264627884e-08,1.6221719079112518e-07,-4.751142057557445e-08,1.5551923127077316e-07
00:00:05:50.849,61,1.342591673392235e-07,1.9646249072025057e-08,-5.647773093642172e-08,4.49595987106477e-08,-1.0772666314551316e-07,0.0011991793289780617,0.36774665117263794,-1.495593409117646e-07,-8.197850576152632e-08,7.116468747625504e-09,-6.921560213868361e-08,1.3011216992708796e-07,0.0012018370907753706,0.3680417239665985,0.014580106362700462,-0.00038252517697401345,0.023648088797926903,0.058495715260505676,0.0008662384934723377,0.12981490790843964,0.002560748951509595,0.006787254009395838,-6.36587938060984e-05,0.21522483229637146,0.20708002150058746,-3.710987948579714e-05,-0.00044078181963413954,0.010251547209918499,0.009546004235744476,0.011667447164654732,0.014396772719919682,0.0007153412443585694,0.003931769635528326,0.0012202152283862233,0.011774493381381035,0.0010208910098299384,0.0021322201937437057,0.29181191325187683,0.2860470414161682,0.14911383390426636,0.14750680327415466,-0.0006500708987005055,-0.000493125815410167,0.28976762294769287,0.22940319776535034,0.22966645658016205,0.00025647965958341956,0.087791807949543,0.09635286033153534,0.05219113454222679,0.0629839301109314,3.3039395663791993e-09,-2.735876414305949e-08,1.5174620671132288e-07,-3.455672370478169e-08,1.5351164961430186e-07,6.25965910217019e-08,-5.6640711676436695e-08,1.8770923304600728e-07,-5.167326833088737e-08,1.742912019153664e-07
00:00:05:51.866,61,1.3763084893980704e-07,2.5592743924107708e-08,-6.189569745629342e-08,4.480592963318486e-08,-1.0957010232459652e-07,5.087077443022281e-05,0.36586976051330566,-1.5272759412710002e-07,-8.065253354061497e-08,1.3895332884317213e-08,-7.292256043456291e-08,1.389905861515217e-07,4.5126082113711163e-05,0.3661966621875763,0.01694660075008869,-0.0003587974642869085,0.024757111445069313,0.05529400333762169,0.0006606954266317189,0.09432673454284668,0.0012777996016666293,0.0074994005262851715,-0.00020725507056340575,0.2243531346321106,0.21249189972877502,6.292194302659482e-05,-0.00040221645031124353,0.014222584664821625,0.01338006928563118,0.01658903807401657,0.01891489326953888,0.0008260956383310258,0.003866962855681777,0.0006117020384408534,0.006923698354512453,0.000956369040068239,0.0019463453209027648,0.2751200497150421,0.2697697579860687,0.12275677919387817,0.11923575401306152,-0.0005881523829884827,-0.00048563361633569,0.30416619777679443,0.2417161613702774,0.2419842928647995,0.0001194149226648733,0.08569447696208954,0.09260470420122147,0.038543689996004105,0.045820750296115875,3.10130410241527e-09,-3.2410024886075917e-08,1.6363337351776863e-07,-4.088506244670498e-08,1.5571713163353706e-07,6.539514174619399e-08,-5.3904951613503727e-08,1.9646249427296425e-07,-4.881992765604082e-08,1.7289072218318324e-07
00:00:05:52.883,61,1.277774543950727e-07,3.118067937180058e-08,-6.277114295016872e-08,3.9879232360817696e-08,-1.0048039200682979e-07,2.4469494746881537e-05,0.36390236020088196,-1.4122575464625697e-07,-7.068738483440029e-08,2.1699815277997914e-08,-7.029623105836436e-08,1.3655051134264795e-07,9.3740227384842e-06,0.36425286531448364,0.01957009546458721,-0.00046034101978875697,0.026275284588336945,0.05146846920251846,0.0007419681642204523,0.08320632576942444,0.0010951441945508122,0.007746945600956678,-0.0002931079070549458,0.22087405622005463,0.20716263353824615,0.000141919546877034,-0.00036985694896429777,0.017746765166521072,0.01676235720515251,0.027170076966285706,0.029825735837221146,0.0010004565119743347,0.004097864497452974,0.00036414043279364705,0.0053691379725933075,0.0008009668672457337,0.0017468556761741638,0.25417840480804443,0.24877098202705383,0.10880011320114136,0.10444927215576172,-0.0005634427070617676,-0.0004602706467267126,0.3316074311733246,0.2633048892021179,0.2635921835899353,-0.00013519242929760367,0.08320564031600952,0.08912710845470428,0.030192317441105843,0.0359218455851078,2.5297048900085883e-09,-3.5911799756149776e-08,1.62515789270401e-07,-4.472211045936092e-08,1.4279038396125543e-07,6.245332428989059e-08,-4.455447211171304e-08,1.8795486766975955e-07,-3.946945170696381e-08,1.5310942558244278e-07
00:00:05:54.900,61,1.39493494089038e-07,3.676861481949345e-08,-7.055700024238831e-08,4.28687769726821e-08,-1.0916963333329477e-07,-0.0003422143927309662,0.3625182807445526,-1.537613627533574e-07,-7.532536727694605e-08,2.739951021624165e-08,-7.772818122475655e-08,1.5189871760412643e-07,-0.0003594005247578025,0.3628919720649719,0.021547546610236168,-0.00043703094706870615,0.026750702410936356,0.04759664461016655,0.0006641334039159119,0.0749736875295639,0.0009673279710114002,0.008012574166059494,-0.000398941250750795,0.21252024173736572,0.19766557216644287,0.00010394066339358687,-0.00039289623964577913,0.020844146609306335,0.019709238782525063,0.0385596863925457,0.04152967780828476,0.0013323036255314946,0.0042929924093186855,0.00039807826397009194,0.003985874354839325,0.0006653769523836672,0.0015193172730505466,0.23411323130130768,0.2284846156835556,0.09473290294408798,0.08968240022659302,-0.0005799603532068431,-0.0005239724996499717,0.3610585033893585,0.28573107719421387,0.28603196144104004,-0.00029785826336592436,0.07942359149456024,0.08436216413974762,0.0214671827852726,0.025568194687366486,2.6158522015151675e-09,-4.149973520384265e-08,1.8170103999182174e-07,-5.153939142132913e-08,1.5484168613966176e-07,6.876653202425587e-08,-4.64543710165799e-08,2.0729378036321577e-07,-4.108995099727508e-08,1.644715723614354e-07
00:00:05:55.916,61,1.2313947195252695e-07,3.974884776880572e-08,-6.764195603636836e-08,3.618188060272587e-08,-9.51718561736925e-08,-0.0006513574626296759,0.36078184843063354,-1.352652958530598e-07,-6.197020496756522e-08,3.296882056247341e-08,-7.117633060715889e-08,1.4130026215752878e-07,-0.0006670449511148036,0.36118075251579285,0.022381100803613663,-0.00047667071339674294,0.026619695127010345,0.04412742704153061,0.0006225541001185775,0.07088486850261688,5.887985389563255e-05,0.008205563761293888,-0.0004664067237172276,0.20158477127552032,0.18583407998085022,-1.077502929547336e-05,-0.000565001682844013,0.022925199940800667,0.02171999402344227,0.04954236000776291,0.05349734425544739,0.0019108318956568837,0.004809270612895489,0.0005598143325187266,0.002927361521869898,0.0004606785951182246,0.0012399100232869387,0.21505779027938843,0.2091616839170456,0.08356853574514389,0.07792706042528152,-0.000540033564902842,-0.00047643305151723325,0.39373883605003357,0.31125909090042114,0.31158098578453064,-0.00038007981493137777,0.07575337588787079,0.07978927344083786,0.013959863223135471,0.01692858152091503,1.956941497738285e-09,-4.2412430900640175e-08,1.7128884621797624e-07,-5.237758315956853e-08,1.3494863537744095e-07,6.247312001050886e-08,-3.563240014159419e-08,1.8861145179016603e-07,-3.060326037029881e-08,1.3783574104309082e-07
00:00:05:56.933,61,1.1195428584187539e-07,3.729015674025504e-08,-6.226822790722508e-08,3.263354386717765e-08,-8.627772274394374e-08,-0.0010774125112220645,0.3615066111087799,-1.2291594941871153e-07,-5.571171612928083e-08,3.151595606709634e-08,-6.516464168271341e-08,1.2975186791663873e-07,-0.0010962010128423572,0.36192306876182556,0.023153355345129967,-0.0006041758460924029,0.02569659799337387,0.03934270516037941,0.001725494279526174,0.06538698822259903,-5.236267952568596e-06,0.008185536600649357,-0.000509563076775521,0.191863015294075,0.175943985581398,-5.730390512326267e-06,-0.0006255412008613348,0.024355638772249222,0.02306326851248741,0.05954371392726898,0.06376215070486069,0.002647271379828453,0.005182002205401659,0.0009943130426108837,0.0019609297160059214,0.0001618525420781225,0.000920349673833698,0.1858331263065338,0.17958742380142212,0.07044665515422821,0.06484690308570862,-0.0006792068597860634,-0.0005792021984234452,0.4185412526130676,0.33034002780914307,0.33067938685417175,-0.0004561610403470695,0.07336785644292831,0.07723960280418396,0.009720849804580212,0.011887610889971256,1.7229467852430957e-09,-3.945082482914586e-08,1.5735626845980732e-07,-4.887580828949467e-08,1.2235716440045508e-07,5.7076103843201054e-08,-3.134831771944846e-08,1.7241575278603705e-07,-2.6933848928933912e-08,1.242011791191544e-07
00:00:05:57.950,61,1.2286007233797136e-07,3.5911799756149776e-08,-6.482004977215183e-08,3.6843122330765254e-08,-9.550713286898826e-08,-0.0009884191676974297,0.3646449148654938,-1.353677419047017e-07,-6.414949638156031e-08,2.8610228852699038e-08,-6.979331601542071e-08,1.3748183391726343e-07,-0.0010085788089782,0.36507514119148254,0.02308146469295025,-0.0007222566055133939,0.023420240730047226,0.03361224755644798,0.005847268272191286,0.05054715648293495,0.0004969316651113331,0.008287961594760418,-0.0004372783878352493,0.18495339155197144,0.16898761689662933,3.555476723704487e-05,-0.0005227029323577881,0.024672962725162506,0.023307757452130318,0.06505879014730453,0.06859204173088074,0.00438166968524456,0.005525382701307535,0.002028785180300474,0.0011903163976967335,-3.205709072062746e-05,0.0007504450040869415,0.1544487029314041,0.1476844847202301,0.054286498576402664,0.049138136208057404,-0.0008857154753059149,-0.0007510030409321189,0.4347507059574127,0.34305548667907715,0.34341317415237427,-0.0004835542640648782,0.0730222687125206,0.07701041549444199,0.00881545152515173,0.01051283162087202,2.1245796233415604e-09,-3.933906711495183e-08,1.6547738823646796e-07,-4.8968942678584426e-08,1.3530254250326834e-07,6.145565123460983e-08,-3.816559868141667e-08,1.854635769404922e-07,-3.313645891012129e-08,1.4118850799604843e-07
00:00:05:58.966,61,1.3838521795150882e-07,3.4477562138590656e-08,-6.856397050114538e-08,4.299916156469408e-08,-1.0854564891360496e-07,-0.0012124140048399568,0.3667496144771576,-1.529324862303838e-07,-7.608905150391365e-08,2.466142134949223e-08,-7.646158195484531e-08,1.4863908859297226e-07,-0.0012302618706598878,0.36720502376556396,0.022286497056484222,-0.0007382108015008271,0.01982942596077919,0.028623003512620926,0.013351313769817352,0.03362869843840599,0.001469871960580349,0.00886166375130415,-0.0003715140337590128,0.18077589571475983,0.16430538892745972,2.8464943170547485e-05,-0.00040858477586880326,0.024076204746961594,0.022659188136458397,0.06509872525930405,0.06697221100330353,0.008773562498390675,0.006586296018213034,0.003979991190135479,0.0011850892333313823,-0.00035258952993899584,0.0004306771734263748,0.13082438707351685,0.12342269718647003,0.04079718142747879,0.036115121096372604,-0.0009464669274166226,-0.0008465290302410722,0.4434155225753784,0.347210168838501,0.347586989402771,-0.00040968693792819977,0.07322001457214355,0.0773860439658165,0.00820617564022541,0.00946524366736412,2.692686296157376e-09,-3.943219795132791e-08,1.7717481171075633e-07,-4.932284269898446e-08,1.5387311691483774e-07,6.76699016821658e-08,-4.7534705061025306e-08,2.0401552092152997e-07,-4.1965396491150386e-08,1.653656340749876e-07
00:00:05:59.983,61,1.56108285409573e-07,3.183260588457415e-08,-7.208436869632351e-08,5.0151719221958047e-08,-1.2368894886094495e-07,-0.0012378641404211521,0.3663569986820221,-1.7317012179773883e-07,-9.026378222642961e-08,1.907348590179936e-08,-8.379574722994221e-08,1.6048551287894952e-07,-0.0012544654309749603,0.366830438375473,0.021225886419415474,-0.0006653674063272774,0.01686137728393078,0.026869984343647957,0.020026937127113342,0.02526026964187622,0.002679224591702223,0.009473945945501328,-0.00037755907396785915,0.17768244445323944,0.16035708785057068,-1.9646733562694862e-05,-0.0004850992700085044,0.02323417365550995,0.02167128585278988,0.062015827745199203,0.0625390037894249,0.012168646790087223,0.008020487613976002,0.0051182471215724945,0.0008648394141346216,-0.0003714971535373479,0.00039160429150797427,0.1177724078297615,0.10989339649677277,0.0299703236669302,0.025381656363606453,-0.0007571220630779862,-0.0007103109383024275,0.44697752594947815,0.3465462625026703,0.34692707657814026,-0.0001748966460581869,0.07359075546264648,0.07757816463708878,0.008023906499147415,0.00857566762715578,3.3969991264370947e-09,-3.885477894982614e-08,1.8922611388916266e-07,-4.8652292861106616e-08,1.7536804364226555e-07,7.464782925126201e-08,-5.8952718262617054e-08,2.24756078637256e-07,-5.2936375283252346e-08,1.940503722153153e-07
00:00:06:00.000,61,1.5292316390969063e-07,2.5033950024067053e-08,-6.626360260497677e-08,5.0552188213259797e-08,-1.2221745748774993e-07,-0.0013132839230820537,0.3597896695137024,-1.7032958510299068e-07,-9.194016570290842e-08,1.1213123762843225e-08,-7.994938755473413e-08,1.5096739502951095e-07,-0.0013252678327262402,0.3602624237537384,0.020273422822356224,-0.000636792799923569,0.01497403159737587,0.027825593948364258,0.026740407571196556,0.03124309331178665,0.004726901184767485,0.009835525415837765,-0.0003622951335273683,0.17552408576011658,0.1577761024236679,-0.00012036159751005471,-0.0005807146662846208,0.022152097895741463,0.020491909235715866,0.056098755449056625,0.05555069074034691,0.012958979234099388,0.00945101398974657,0.0052536530420184135,0.0006825070013292134,-0.0005312831490300596,0.00027812912594527006,0.11787772178649902,0.11000867933034897,0.025876769796013832,0.021286118775606155,-0.0008574604871682823,-0.0008297431631945074,0.4440769553184509,0.341064453125,0.34144333004951477,-0.00018597602320369333,0.07664754241704941,0.08055201172828674,0.00973303709179163,0.0103014400228858,3.632158129818208e-09,-3.321096286867942e-08,1.7609447411359724e-07,-4.1928142735514484e-08,1.7361715265451494e-07,7.165828463939761e-08,-6.247312001050886e-08,2.153962839201995e-07,-5.6587158070442456e-08,1.960247715260266e-07
00:00:06:00.016,61,1.7060898471754626e-07,2.1997839994014612e-08,-6.971880850414891e-08,5.786307255561951e-08,-1.3747252580742497e-07,-0.0006838452536612749,0.35134178400039673,-1.9033439002669184e-07,-1.059100043221406e-07,4.991889124283944e-09,-8.709262999673228e-08,1.6249715883986937e-07,-0.00067821831908077,0.35178428888320923,0.019659439101815224,-0.00044175147195346653,0.014031495898962021,0.033143796026706696,0.031468190252780914,0.06004507467150688,0.008680760860443115,0.009638478979468346,-0.00039095780812203884,0.1710958033800125,0.15501749515533447,-8.93950436875457e-06,-0.0007035247981548309,0.021168794482946396,0.019525550305843353,0.051975708454847336,0.051476310938596725,0.011949595995247364,0.011126356199383736,0.003704908536747098,0.0003474664699751884,-0.00046347390161827207,0.0003982368216384202,0.14118069410324097,0.13388603925704956,0.03497820720076561,0.03045046515762806,-0.0010215425863862038,-0.0009829378686845303,0.4400354027748108,0.3312710225582123,0.33163946866989136,0.00016951978614088148,0.07908143848180771,0.08337951451539993,0.013412279076874256,0.014920923858880997,4.345784176962297e-09,-3.2242386538428036e-08,1.8805265256105486e-07,-4.105270079435286e-08,1.950748327317342e-07,7.857102701791518e-08,-7.420778302957842e-08,2.3587607245190156e-07,-6.809830921383764e-08,2.2474677052741754e-07
00:00:06:01.033,61,1.50753180605534e-07,2.3953615979621645e-08,-6.486661874305355e-08,5.008652692595206e-08,-1.2071802757418482e-07,-0.0007047958788461983,0.3420145511627197,-1.6778707845332974e-07,-9.095296604755276e-08,1.0095536850940334e-08,-7.857102701791518e-08,1.4819204352534143e-07,-0.0007030328852124512,0.3424030542373657,0.018945908173918724,-0.0005330195417627692,0.017156757414340973,0.04498772695660591,0.019547393545508385,0.11996427178382874,0.012401924468576908,0.008614777587354183,-0.0002472011256031692,0.15800951421260834,0.14615316689014435,-0.00023072227486409247,-0.0007631142507307231,0.01826029270887375,0.01678767055273056,0.04685790836811066,0.0494951494038105,0.0037100808694958687,0.009592129848897457,0.0013268771581351757,0.00258880783803761,-0.000954321410972625,-0.00011359259224263951,0.17711201310157776,0.17086710035800934,0.0735962837934494,0.06981237232685089,-0.0010572326136752963,-0.0008964634034782648,0.4284932017326355,0.31829583644866943,0.31866511702537537,0.0002492839121259749,0.07945463061332703,0.08428969979286194,0.018668964505195618,0.023548150435090065,3.61818819349935e-09,-3.216788257986991e-08,1.7298386012498668e-07,-4.0661543465603245e-08,1.7123296913723607e-07,7.04848233112898e-08,-6.236135874360116e-08,2.1204351696724189e-07,-5.669891933735016e-08,1.9423663388806744e-07
00:00:06:02.049,61,1.4560296790477878e-07,3.771856427192688e-08,-7.332302942586466e-08,4.49270025626447e-08,-1.1409633060566193e-07,-0.00042731850408017635,0.33609339594841003,-1.6050412909862644e-07,-7.860362671863186e-08,2.801418297337932e-08,-8.096918691080646e-08,1.5817582266208774e-07,-0.0004241555870976299,0.33646300435066223,0.019290488213300705,-0.0004347075882833451,0.02124667912721634,0.0568048320710659,0.007867720909416676,0.15908712148666382,0.009767099283635616,0.008444475941359997,-0.00034178420901298523,0.14870283007621765,0.13903315365314484,-0.00019981310470029712,-0.0004986408166587353,0.016631029546260834,0.014957058243453503,0.043898820877075195,0.04760955646634102,0.0009685608674772084,0.008537538349628448,0.00011812329466920346,0.004521250259131193,-0.0012458780547603965,-0.0004203797143418342,0.2262813150882721,0.21987242996692657,0.11765995621681213,0.11433742195367813,-0.0012031793594360352,-0.001028199214488268,0.4190170168876648,0.30610543489456177,0.3064643442630768,0.00030623565544374287,0.0796070396900177,0.08436652272939682,0.022099783644080162,0.02969144843518734,2.7508939570708435e-09,-4.2896719065765865e-08,1.8909572929715068e-07,-5.347654052911821e-08,1.6177072836853768e-07,7.161172277392325e-08,-4.8968942678584426e-08,2.1611340628169273e-07,-4.312023449415392e-08,1.7210841463111137e-07
00:00:06:03.066,61,1.2166798057933192e-07,3.0640514125934715e-08,-6.04987135943702e-08,3.783032198612091e-08,-9.552575619409254e-08,-0.00027983917971141636,0.3277069926261902,-1.3435258949812123e-07,-6.649643324863064e-08,2.2053718851111626e-08,-6.725545631525165e-08,1.3094395967527817e-07,-0.0002695794391911477,0.328035444021225,0.020005058497190475,-0.00041728143696673214,0.0242379829287529,0.06463435292243958,0.0027155077550560236,0.1823575347661972,0.008186878636479378,0.007533760275691748,-0.0002638505829963833,0.14234565198421478,0.13542789220809937,-8.592702215537429e-05,-0.00030319608049467206,0.015145358629524708,0.013536930084228516,0.042757391929626465,0.04713499918580055,-2.88128853753733e-06,0.007577565964311361,-0.0004249314952176064,0.006292521953582764,-0.0014978168765082955,-0.0006820998387411237,0.25315627455711365,0.24751083552837372,0.1386643350124359,0.13638271391391754,-0.0012665665708482265,-0.0011122417636215687,0.40643802285194397,0.29731911420822144,0.2976517975330353,0.00022432122204918414,0.0772385522723198,0.08275797963142395,0.02311687543988228,0.03218575939536095,2.353917727404564e-09,-3.4961850303716346e-08,1.5672296171942435e-07,-4.345551118944968e-08,1.355633116872923e-07,5.961162941048315e-08,-4.1760504387866604e-08,1.7986633338296087e-07,-3.693625316714133e-08,1.454725833127668e-07
00:00:06:04.083,61,1.1947936684464366e-07,4.105270079435286e-08,-6.733462498687004e-08,3.4458935260772705e-08,-9.190291194727251e-08,7.721751899225637e-05,0.3193243741989136,-1.3079494465273456e-07,-5.8617441567321293e-08,3.5278500121194156e-08,-6.988644685179679e-08,1.39996416237409e-07,9.031862282427028e-05,0.3196316957473755,0.02020254358649254,-0.00042061295243911445,0.026653414592146873,0.06711854040622711,0.0011657107388600707,0.19229379296302795,0.006877328734844923,0.006888809613883495,-0.00025523206568323076,0.1385924369096756,0.13271836936473846,-5.060791954747401e-05,-0.0003831583308055997,0.014199454337358475,0.012744232080876827,0.04244337975978851,0.047256093472242355,-0.00017003655375447124,0.006750347558408976,-0.00043543404899537563,0.0075432611629366875,-0.0014088678872212768,-0.0005555801326408982,0.26029399037361145,0.2552695870399475,0.14731603860855103,0.14570769667625427,-0.000999205163680017,-0.0008501064730808139,0.40109923481941223,0.28973084688186646,0.2900504171848297,0.00015294294280465692,0.07525643706321716,0.08103952556848526,0.02427133172750473,0.03451618552207947,1.7520506156998295e-09,-4.308298073851802e-08,1.7005950780912826e-07,-5.345791720401394e-08,1.3023614542362338e-07,6.112968264915253e-08,-3.274530158137168e-08,1.8493273046260583e-07,-2.752989480825363e-08,1.3101845297569525e-07
00:00:06:05.099,61,1.127645390397447e-07,3.945082482914586e-08,-6.396323470880816e-08,3.241934010134173e-08,-8.66875069505113e-08,-0.0004379910242278129,0.3080345690250397,-1.2353062572856288e-07,-5.504116273868931e-08,3.4160912321112846e-08,-6.616115655333488e-08,1.325830822906937e-07,-0.00042400986421853304,0.3083208203315735,0.021364562213420868,-0.0004329964576754719,0.02808288112282753,0.06608153879642487,0.0007641291595064104,0.18699325621128082,0.005268669221550226,0.006691163405776024,-0.00021840614499524236,0.13760258257389069,0.1318024843931198,1.3899207260692492e-05,-0.0003936254943255335,0.014214648865163326,0.012930743396282196,0.046346329152584076,0.05160071700811386,-0.0002325855166418478,0.006193718407303095,-0.0003796467208303511,0.007676378358155489,-0.0012020639842376113,-0.0004013953439425677,0.2530398964881897,0.24876445531845093,0.1435719132423401,0.14177361130714417,-0.0007746267365291715,-0.0006097674486227334,0.39611855149269104,0.2872362732887268,0.2875644564628601,9.317271178588271e-05,0.071485236287117,0.0771980807185173,0.0220503993332386,0.032009053975343704,1.6298145055770874e-09,-4.110857787509303e-08,1.612678204310214e-07,-5.096197241982736e-08,1.226738106652192e-07,5.779788025961352e-08,-3.052875285902701e-08,1.7498619797606807e-07,-2.562999767974361e-08,1.2330710319474747e-07
00:00:06:06.116,61,1.2936069992974808e-07,4.293396926868809e-08,-7.163733073412004e-08,3.7709252609374744e-08,-9.96887692394921e-08,-0.0006679687066935003,0.2842947244644165,-1.4200806219832884e-07,-6.459653434376378e-08,3.6209822695809635e-08,-7.513445154927467e-08,1.4986842700182024e-07,-0.0006495496490970254,0.28456342220306396,0.02204607054591179,-0.000530554330907762,0.029190830886363983,0.06314937770366669,0.0005965782911516726,0.17948631942272186,0.005013079848140478,0.0066647958010435104,-0.0002764085365924984,0.13500124216079712,0.1287650167942047,-5.5955053539946675e-05,-0.00041436284664087,0.014942717738449574,0.013915636576712132,0.04923597350716591,0.05527445301413536,-0.0001337522262474522,0.005639044567942619,-0.00044349796371534467,0.007225967012345791,-0.0012569704558700323,-0.00045805147965438664,0.24341413378715515,0.23955658078193665,0.13819293677806854,0.1363832950592041,-0.0010079980129376054,-0.0007995665073394775,0.3972608149051666,0.28960755467414856,0.2899504601955414,-3.9329341234406456e-05,0.06838208436965942,0.07387034595012665,0.01840788684785366,0.028134746477007866,1.9860453281950186e-09,-4.5597552400522545e-08,1.816079020500183e-07,-5.6270508252964646e-08,1.411698775655168e-07,6.572808786131645e-08,-3.665685710529942e-08,1.989305076222081e-07,-3.121793312743648e-08,1.436471990245991e-07
00:00:06:07.133,61,1.1136755517782149e-07,3.75881796799149e-08,-6.221235082648491e-08,3.2288951956616074e-08,-8.571893062025993e-08,-0.0008257010485976934,0.2381288856267929,-1.2218021083754138e-07,-5.5301935475426944e-08,3.203749798785793e-08,-6.49550955245104e-08,1.2964009954430367e-07,-0.0008199417497962713,0.23834645748138428,0.021157855167984962,-0.0005155086400918663,0.02940196916460991,0.06081194803118706,0.001623840187676251,0.17605619132518768,0.004267096985131502,0.005908156745135784,-0.0002817152417264879,0.12886548042297363,0.12261932343244553,-0.00023328587121795863,-0.0005612088716588914,0.014318146742880344,0.013415024615824223,0.053590502589941025,0.060522034764289856,-0.0002865140850190073,0.005300832446664572,-0.00042837002547457814,0.005973204504698515,-0.0009820308769121766,-0.0002707273524720222,0.23737724125385284,0.23445186018943787,0.1300518661737442,0.1279192864894867,-0.000832405115943402,-0.0006735026836395264,0.40235576033592224,0.290502667427063,0.29083576798439026,-8.525871089659631e-05,0.06560946255922318,0.06965532898902893,0.013993488624691963,0.022319702431559563,1.6682315528981917e-09,-3.9841978605181794e-08,1.5694648425323976e-07,-4.917383122915453e-08,1.209974271887404e-07,5.668029245953221e-08,-3.10130410241527e-08,1.7170793853438227e-07,-2.61142858448693e-08,1.229718264994517e-07
00:00:06:09.150,61,1.1113472453416762e-07,2.9988587613161144e-08,-5.6587158070442456e-08,3.4039839391653004e-08,-8.67899530021532e-08,-0.0007969129364937544,0.18604591488838196,-1.2272968774595938e-07,-5.97722831230385e-08,2.2631137852613392e-08,-6.223562820650841e-08,1.2181699560187553e-07,-0.0007962328381836414,0.18622982501983643,0.020865116268396378,-0.00034721288830041885,0.030224014073610306,0.06036067008972168,0.0008855679770931602,0.17644764482975006,0.0034365991596132517,0.0055157397873699665,-0.0005160275613889098,0.11916958540678024,0.11282063275575638,-0.00020644150208681822,-0.0002251259284093976,0.01438986323773861,0.0134691521525383,0.056138020008802414,0.06307908892631531,-0.0002996704715769738,0.004582426976412535,-0.0006560759502463043,0.004906264133751392,-0.0009170472039841115,-0.00028378667775541544,0.24219803512096405,0.2402113676071167,0.12823021411895752,0.12580709159374237,-0.0008628922514617443,-0.0007655107765458524,0.4143069386482239,0.2937127947807312,0.2940482497215271,-0.00010823171760421246,0.06131267920136452,0.0637485682964325,0.007214241195470095,0.014798608608543873,2.044252989108486e-09,-3.360212019742903e-08,1.4560296790477878e-07,-4.183500834642473e-08,1.2258067272341577e-07,5.4757109069214494e-08,-3.643333812419769e-08,1.6560778703933465e-07,-3.200024423222203e-08,1.307576837916713e-07
00:00:06:10.166,61,1.4096498546223302e-07,2.704560841948478e-08,-6.391666573790644e-08,4.570931366743025e-08,-1.119263473015053e-07,-0.0013431524857878685,0.15849974751472473,-1.567602225804876e-07,-8.245930160910575e-08,1.5012920684398523e-08,-7.509253663329218e-08,1.4340504606025206e-07,-0.001352129620499909,0.15867146849632263,0.020687125623226166,-0.00036136136623099446,0.030907826498150826,0.06276089698076248,0.0003179013729095459,0.17965131998062134,0.002477500820532441,0.0056619285605847836,-0.0005446012946777046,0.10436790436506271,0.0979994609951973,-0.00027562453760765493,-0.00017865658446680754,0.014764278195798397,0.013722346164286137,0.06305906921625137,0.07025869190692902,-0.00029978781822137535,0.004399259574711323,-0.0009075384004972875,0.0034681828692555428,-0.0008399080252274871,-0.0002990223583765328,0.24942664802074432,0.24788230657577515,0.12434707581996918,0.12202205508947372,-0.0008913204073905945,-0.000843139598146081,0.4299618899822235,0.2952837646007538,0.29560959339141846,-0.00012339960085228086,0.05683854594826698,0.05787171050906181,0.0016593689797446132,0.008046864531934261,3.144377869190862e-09,-3.373250478944101e-08,1.6875564767815376e-07,-4.2412430900640175e-08,1.583620843348399e-07,6.701564103650526e-08,-5.461275520701747e-08,2.019573059897084e-07,-4.917383122915453e-08,1.768022741543973e-07
00:00:06:11.183,61,1.290068070147754e-07,2.996996073534319e-08,-6.235204352833534e-08,4.063360492523316e-08,-1.0155141438872306e-07,-0.001492687501013279,0.14351938664913177,-1.4310703022601956e-07,-7.225200704397139e-08,2.0340085171710598e-08,-7.060356210786267e-08,1.367181567957232e-07,-0.0014962225686758757,0.14367635548114777,0.020952925086021423,-0.00022063888900447637,0.031513113528490067,0.06784572452306747,6.69074070174247e-05,0.18769130110740662,0.002388089895248413,0.004949545953422785,-0.0006104917265474796,0.08787571638822556,0.08207318931818008,2.9431879738694988e-05,0.0002130296779796481,0.013945302926003933,0.012956185266375542,0.06798041611909866,0.07581377774477005,-0.000304853921988979,0.004352772608399391,-0.0009230106952600181,0.0029725907370448112,-0.0007589325541630387,-0.00040251092286780477,0.25725647807121277,0.25631996989250183,0.12476461380720139,0.12225010246038437,-0.0008423292892985046,-0.0007837641169317067,0.4329259991645813,0.2919740080833435,0.2922884225845337,-9.65847066254355e-05,0.052238430827856064,0.05235855281352997,-4.473924491321668e-06,0.005654722917824984,2.607703164514419e-09,-3.531575032411638e-08,1.621432659248967e-07,-4.377216100692749e-08,1.4359130773300421e-07,6.257788953689669e-08,-4.5895575340182404e-08,1.8879771346291818e-07,-4.090368577180925e-08,1.566857150692158e-07
00:00:06:12.200,61,1.1960044332681719e-07,2.514570951461792e-08,-5.575828154746887e-08,3.824010619268847e-08,-9.462237215984715e-08,-0.0016064017545431852,0.14455188810825348,-1.3285315958455612e-07,-6.861984758188555e-08,1.5497207073167374e-08,-6.449408829212189e-08,1.2388453285439027e-07,-0.0016070231795310974,0.14470626413822174,0.021294748410582542,-0.00013457801833283156,0.032227084040641785,0.07052350789308548,-6.59888974041678e-05,0.19270211458206177,0.0022800203878432512,0.00482487166300416,-0.0004751750093419105,0.07289448380470276,0.06776522099971771,0.00019576415070332587,0.00034519971814006567,0.014112145639955997,0.013115408830344677,0.07258797436952591,0.08067566156387329,-0.0002972480724565685,0.004354429431259632,-0.00098563136998564,0.0025625017005950212,-0.0007547515560872853,-0.00048677006270736456,0.26081645488739014,0.25994643568992615,0.12448467314243317,0.12223175913095474,-0.0008992713410407305,-0.0008731120615266263,0.4337387979030609,0.2871622145175934,0.2874818742275238,-0.00024420273257419467,0.04965301603078842,0.04923679679632187,-0.0006472797831520438,0.0046410937793552876,2.5576445406017e-09,-3.036111451137913e-08,1.464225363179139e-07,-3.799796033376879e-08,1.3371929696859297e-07,5.737645381032053e-08,-4.4647602948089116e-08,1.7293729115408496e-07,-4.038214740376134e-08,1.482293043864047e-07
00:00:06:13.216,61,1.0753050361245187e-07,2.3134052895557033e-08,-5.0468369039435856e-08,3.4356489209130814e-08,-8.49738697183966e-08,-0.0014061253750696778,0.15043318271636963,-1.1951662770570692e-07,-6.12996515769737e-08,1.449137965181535e-08,-5.82030033058345e-08,1.1187047022076513e-07,-0.0014093220233917236,0.15060190856456757,0.02166770026087761,-9.805143054109067e-05,0.031915970146656036,0.07128395885229111,-0.00011846781126223505,0.19094908237457275,0.0024146116338670254,0.004754230380058289,-0.00046401977306231856,0.05686042457818985,0.05194149911403656,0.00023229479847941548,0.000508359691593796,0.013588986359536648,0.012455122545361519,0.07640337944030762,0.084035724401474,-0.0002848207950592041,0.00433371402323246,-0.0010269987396895885,0.0022195589262992144,-0.0007385659264400601,-0.0005182435852475464,0.25301593542099,0.251803994178772,0.11862144619226456,0.11639060080051422,-0.0005189561634324491,-0.0005054682260379195,0.4322625696659088,0.2829659581184387,0.28327658772468567,-0.00029049819568172097,0.0471343994140625,0.04658407345414162,-0.000982569414190948,0.0037503670901060104,2.2805761723532214e-09,-2.7604400543168595e-08,1.3241543683761847e-07,-3.466382736405649e-08,1.2015924255592836e-07,5.170702976897701e-08,-3.982335172736384e-08,1.5583820811571059e-07,-3.578141161142412e-08,1.3280660482450912e-07
00:00:06:14.233,61,8.245930160910575e-08,1.3448297586649005e-08,-3.5725534530683944e-08,2.73808833384237e-08,-6.588175693877929e-08,-0.0016232788329944015,0.15132206678390503,-9.208917362002467e-08,-4.950910792445029e-08,6.034970301271869e-09,-4.320405366797786e-08,8.162110987086635e-08,-0.0016381925670430064,0.15148648619651794,0.022212786599993706,-4.658579928218387e-05,0.03149212896823883,0.06919635832309723,0.0003943890333175659,0.16943946480751038,0.004210513085126877,0.004375392105430365,-0.0003021605662070215,0.03513650596141815,0.031085647642612457,0.000254624494118616,0.0007363414624705911,0.013328611850738525,0.011924280785024166,0.08231189101934433,0.08924627304077148,-7.98255205154419e-05,0.00397000415250659,-0.0008262277115136385,0.0014590630307793617,-0.000512912345584482,-0.0002360960643272847,0.2051553726196289,0.20404203236103058,0.08248342573642731,0.08011262863874435,-0.00040550826815888286,-0.00039782762178219855,0.4333234429359436,0.28141993284225464,0.281727135181427,-0.00034389778738841414,0.04307065159082413,0.04209868982434273,-0.0009482094901613891,0.0023629390634596348,1.954613360055646e-09,-1.7881394143159923e-08,9.525567179480277e-08,-2.261251275115228e-08,9.326264205355983e-08,3.8647559819082744e-08,-3.3676624155987156e-08,1.1629890650510788e-07,-3.077089871794669e-08,1.0620802726180045e-07
00:00:06:14.250,61,7.799826562404633e-08,1.432374130416747e-08,-3.4840777374256504e-08,2.548098620991368e-08,-6.211921288468147e-08,-0.0015413331566378474,0.15531276166439056,-8.710659926691733e-08,-4.615634807692004e-08,7.543713209656744e-09,-4.140660081475289e-08,7.865950379937203e-08,-0.0015661036595702171,0.15548905730247498,0.020562918856739998,-0.00016632121696602553,0.02696117013692856,0.05851660668849945,0.007959483191370964,0.11435103416442871,0.01285526156425476,0.004274195060133934,-5.392909224610776e-05,0.018133271485567093,0.015015104785561562,0.00012247204722370952,0.0008549612830393016,0.01289820671081543,0.011560149490833282,0.08263042569160461,0.08866895735263824,-0.00029698401340283453,0.004080812446773052,-5.265407162369229e-05,0.00038029177812859416,-0.00031096619204618037,-6.627764378208667e-05,0.1409270167350769,0.139515683054924,0.037605170160532,0.03521512448787689,-0.0006018650601617992,-0.0005217873840592802,0.4382753074169159,0.28195568919181824,0.2822858393192291,-0.00035815464798361063,0.038919370621442795,0.037541188299655914,-0.00035411061253398657,0.0010135069023817778,1.7799902662929412e-09,-1.8067657592268915e-08,9.21823115618281e-08,-2.2556632117698427e-08,8.775852933240458e-08,3.687571847876825e-08,-3.082677579868687e-08,1.110881555632659e-07,-2.7939677238464355e-08,9.935349254419634e-08
00:00:06:15.266,61,1.0780524206666087e-07,2.389773712252463e-08,-5.144626058495305e-08,3.41795391989308e-08,-8.50483772296684e-08,-0.0012645882088690996,0.16184841096401215,-1.1962838186718727e-07,-6.102025196241811e-08,1.575797803354817e-08,-5.86919490785931e-08,1.1309981573504047e-07,-0.0012828984763473272,0.16205435991287231,0.01917547918856144,-0.000304920511553064,0.020321965217590332,0.04784884303808212,0.024689750745892525,0.0557524673640728,0.023210560902953148,0.004354127682745457,6.556948937941343e-05,0.009036535397171974,0.007268593180924654,0.0010218631941825151,0.0017389773856848478,0.012427760288119316,0.011251878924667835,0.07934466004371643,0.08337913453578949,0.0006984585779719055,0.005355691537261009,0.00034889078233391047,-0.0005414545303210616,-2.1675825337297283e-05,0.00019147142302244902,0.09179496020078659,0.09056013077497482,0.010947956703603268,0.009330661036074162,-0.0006529279635287821,-0.0004937337362207472,0.4415331780910492,0.2834838926792145,0.2838107943534851,3.006555198226124e-05,0.03535575792193413,0.03418801352381706,-0.0003430297947488725,-0.00029550568433478475,2.240994945168495e-09,-2.8610228852699038e-08,1.3375654361880152e-07,-3.5706907652865993e-08,1.2026168860757025e-07,5.202367958645482e-08,-3.9245932725862076e-08,1.569371619325466e-07,-3.512948865136423e-08,1.3239682061794156e-07
00:00:06:16.283,61,1.3397075804277847e-07,2.7753412012998524e-08,-6.230548166286098e-08,4.3045730535595794e-08,-1.0601245037378249e-07,-0.001136302249506116,0.17094700038433075,-1.4881602794503124e-07,-7.720664285670864e-08,1.6782433220896564e-08,-7.218215358761881e-08,1.3845041735294217e-07,-0.0011435666820034385,0.17117935419082642,0.017476635053753853,-0.0003519424353726208,0.014109338633716106,0.04178830608725548,0.0363752506673336,0.024821557104587555,0.02833843231201172,0.004330696538090706,0.0001594128116266802,0.0043813432566821575,0.00422134343534708,0.002550742356106639,0.0032828461844474077,0.012027326039969921,0.011138497851788998,0.07489203661680222,0.07692810893058777,0.00288394745439291,0.006784647703170776,0.00023666411289013922,-0.00044816790614277124,7.521681254729629e-05,0.00021125808416400105,0.06771400570869446,0.06615981459617615,0.0032350807450711727,0.002546289237216115,-0.0008040153770707548,-0.0005986177711747587,0.4457795023918152,0.28381580114364624,0.2841535210609436,0.0004759298753924668,0.030833711847662926,0.0301628690212965,-0.0006139323231764138,-0.0008568399935029447,2.8882640723537634e-09,-3.36207435225333e-08,1.6307458849951217e-07,-4.218891191953844e-08,1.5003607245489547e-07,6.413320363662933e-08,-5.027279215141789e-08,1.9332860290433018e-07,-4.5131891113214806e-08,1.6648321832235524e-07
00:00:06:17.299,61,1.4902092004831502e-07,2.564862455756156e-08,-6.567686483549551e-08,4.904344663714255e-08,-1.1882744388458377e-07,-0.0011185052571818233,0.17958827316761017,-1.659430495237757e-07,-8.901581338705e-08,1.2293457807288632e-08,-7.844530358624979e-08,1.4869496567371243e-07,-0.001115482416935265,0.17985165119171143,0.016441112384200096,-0.00018139899475499988,0.010158462449908257,0.03963189944624901,0.04336811974644661,0.012953286990523338,0.029276369139552116,0.005143941845744848,0.00019903994689229876,0.0018979492597281933,0.0021308318246155977,0.004431600216776133,0.005182104650884867,0.011888265609741211,0.01099479477852583,0.0723356083035469,0.07259879261255264,0.007048591505736113,0.008367323316633701,0.0002144430618500337,-0.00045776338083669543,0.0001505492691649124,0.00025116204051300883,0.057089414447546005,0.05533715337514877,0.0012045198818668723,0.0010390764800831676,-0.000864915840793401,-0.0007115280604921281,0.44786444306373596,0.28387030959129333,0.2842128872871399,0.001007540849968791,0.028220437467098236,0.02781108394265175,-0.0006534996791742742,-0.0009751447942107916,3.4726690412156813e-09,-3.3508985808339276e-08,1.7339363012069953e-07,-4.1928142735514484e-08,1.6830861682137765e-07,7.00983235901731e-08,-5.982816020377868e-08,2.1100044023114606e-07,-5.410984016407383e-08,1.9017606689430977e-07
00:00:06:18.316,61,1.5421770171997196e-07,2.2798776200261273e-08,-6.495974957942963e-08,5.172565664679496e-08,-1.2378208680274838e-07,-0.0009382252465002239,0.1885024458169937,-1.7216429171185155e-07,-9.469687967111895e-08,7.78585640404117e-09,-7.980503369253711e-08,1.4977530327087152e-07,-0.0009218592895194888,0.1887834370136261,0.01585932821035385,-4.424780490808189e-05,0.007639644667506218,0.04007992893457413,0.04867883771657944,0.0076677678152918816,0.027908140793442726,0.005808603018522263,0.00019220850663259625,0.0008382544037885964,0.0013154870830476284,0.006266406271606684,0.007024632766842842,0.011959705501794815,0.011041741818189621,0.07104920595884323,0.06979868561029434,0.011215615086257458,0.00997277069836855,0.0001499314676038921,-0.00022539973724633455,0.0002777157351374626,0.00038319596205838025,0.05417732149362564,0.05200507119297981,0.0005032747867517173,0.0007057797629386187,-0.0008671331452205777,-0.0007357203867286444,0.45230644941329956,0.28588008880615234,0.2862292230129242,0.0013844789937138557,0.0263475701212883,0.02620149590075016,-0.0006209468701854348,-0.00104745093267411,3.816094107378376e-09,-3.136694459726641e-08,1.7408281394182268e-07,-3.950670190988603e-08,1.7527490570046211e-07,7.163034609902752e-08,-6.506219563107152e-08,2.1542888362091617e-07,-5.936250246918462e-08,2.0086764607185614e-07
00:00:06:19.333,61,1.6315840412062244e-07,1.9613652924022063e-08,-6.57793108871374e-08,5.5683777588910743e-08,-1.3160519074517651e-07,-0.0009263670654036105,0.20034830272197723,-1.8252059419410216e-07,-1.0251999071897444e-07,2.94297941572097e-09,-8.292030884149426e-08,1.542083936101335e-07,-0.0009019140852615237,0.2006407231092453,0.015665151178836823,5.809068534290418e-05,0.006367059424519539,0.04245802015066147,0.05376444756984711,0.006363655440509319,0.029254939407110214,0.006426649168133736,0.0001891500869533047,7.062554232106777e-06,0.0005976894753985107,0.008694264106452465,0.009514880366623402,0.012025434523820877,0.011027377098798752,0.07126227021217346,0.06886326521635056,0.013817944563925266,0.011304019950330257,6.971970287850127e-05,-0.00013330667570699006,0.0003232662857044488,0.0004408308886922896,0.05599481612443924,0.0535375215113163,0.00031870187376625836,0.0007931870059110224,-0.0008493423229083419,-0.0007493615266866982,0.45794305205345154,0.2892214059829712,0.28957074880599976,0.0016488069668412209,0.02514815889298916,0.02517622895538807,-0.0005745717789977789,-0.0010777482530102134,4.2328611726816234e-09,-2.995133385752524e-08,1.7765908921774098e-07,-3.7793071783198684e-08,1.863390224343675e-07,7.47526058830772e-08,-7.182359951229955e-08,2.246070636147124e-07,-6.60307719613229e-08,2.1696091323519795e-07
00:00:06:20.349,61,1.6944483149927692e-07,1.6801060098714515e-08,-6.561167253948952e-08,5.864538366040506e-08,-1.3733283310557454e-07,-0.0005835905903950334,0.21436841785907745,-1.8975697457790375e-07,-1.0864809496524686e-07,-1.0058284205527457e-09,-8.478760804564445e-08,1.5622005378190806e-07,-0.0005507285823114216,0.2146700918674469,0.015663769096136093,6.613314326386899e-05,0.005393155850470066,0.04619202762842178,0.0589183010160923,0.007942663505673409,0.03167033568024635,0.0068946052342653275,9.410618076799437e-05,-0.00029968679882586,5.981505091767758e-05,0.013586122542619705,0.014512810856103897,0.01227565761655569,0.01118921022862196,0.0734432190656662,0.07005976885557175,0.015497271902859211,0.012609029188752174,0.0001647329336265102,9.703643445391208e-05,0.0004212928470224142,0.0005675916909240186,0.06206770986318588,0.05914223566651344,-0.00020363509247545153,0.0005255526048131287,-0.0007967662531882524,-0.0007055544992908835,0.46298572421073914,0.2938838005065918,0.2942247986793518,0.0018077531130984426,0.024462033063173294,0.024731017649173737,-0.0005644947523251176,-0.0011310592526569963,4.5704653395262085e-09,-2.8088688708294285e-08,1.7900019599892403e-07,-3.580003848924207e-08,1.944228955608196e-07,7.676426605485176e-08,-7.726251993744881e-08,2.3041852159622067e-07,-7.137656155009608e-08,2.2877007666011195e-07
00:00:06:21.366,61,1.4894641253704322e-07,1.193955512235334e-08,-5.5553392996898765e-08,5.2182002718836884e-08,-1.2123025783239427e-07,-8.951350901043043e-05,0.23153823614120483,-1.671444636031083e-07,-9.730458572221323e-08,-4.731118607992357e-09,-7.350463704369758e-08,1.345388653817281e-07,-4.780620292876847e-05,0.2318417727947235,0.015583948232233524,9.503505862085149e-05,0.004845671821385622,0.05421934649348259,0.06721340864896774,0.01836678758263588,0.03806141018867493,0.007688980083912611,4.916432226309553e-05,0.00012205869279569015,0.00018363386334385723,0.028337478637695312,0.02967115491628647,0.01207452267408371,0.010817710310220718,0.08115922659635544,0.07747508585453033,0.016589997336268425,0.013873731717467308,0.00012381881242617965,0.0005944916629232466,0.0005330904386937618,0.0007119756774045527,0.07918417453765869,0.07635669410228729,-0.00018226176325697452,0.0008493646746501327,-0.000664939871057868,-0.0006295538041740656,0.467929869890213,0.29785075783729553,0.29818886518478394,0.001903730328194797,0.02470426633954048,0.02501400001347065,-0.0004782825708389282,-0.0012193173170089722,4.151370358584927e-09,-2.2388995546407386e-08,1.5331431768572656e-07,-2.881512095598282e-08,1.7186626166676433e-07,6.680144082338302e-08,-7.024034687219682e-08,2.0042061521508003e-07,-6.495043436416381e-08,2.041831663746052e-07
00:00:06:22.383,61,1.0699965002913814e-07,1.844018626684374e-08,-4.7031790018081665e-08,3.51853657321044e-08,-8.532777684422399e-08,2.5740713681443594e-05,0.2493826448917389,-1.1922791998131288e-07,-6.387010387243208e-08,9.052455673952409e-09,-5.63263888864185e-08,1.0661781146836802e-07,7.224906585179269e-05,0.2496635466814041,0.016404392197728157,-1.5492811144213192e-05,0.005884274374693632,0.07323059439659119,0.06551419198513031,0.08101905137300491,0.04508325457572937,0.007614940870553255,6.281839887378737e-05,-0.0009545761276967824,0.00016302004223689437,0.04516205936670303,0.046666499227285385,0.011553867720067501,0.010306618176400661,0.09149280190467834,0.09087493270635605,0.010140848346054554,0.013474822044372559,-4.93407242174726e-05,0.0006724709528498352,0.0003093443810939789,0.0005350523279048502,0.12054833769798279,0.11766062676906586,0.0001885914825834334,0.0012137683806940913,-0.00063429115107283,-0.0005711484118364751,0.47675660252571106,0.3047937750816345,0.30513322353363037,0.0015768947778269649,0.025809163227677345,0.026760825887322426,-0.0001223441940965131,-0.0006672784802503884,2.4866313452776012e-09,-2.3934990878160534e-08,1.244991949533869e-07,-3.02493567971851e-08,1.2110918135022075e-07,5.0300730691787976e-08,-4.2896719065765865e-08,1.5139113429540885e-07,-3.885477894982614e-08,1.3645738761169923e-07
00:00:06:24.400,61,1.1701136770625453e-07,2.5704503414658575e-08,-5.546025860780901e-08,3.718771068861315e-08,-9.245238885569051e-08,-5.355730536393821e-05,0.26462608575820923,-1.2994743769922934e-07,-6.653368700426654e-08,1.640990454632174e-08,-6.347428893604956e-08,1.2218951894737984e-07,-1.2989547030883841e-05,0.26487576961517334,0.019717004150152206,-0.00017650439986027777,0.01126442663371563,0.1182369813323021,0.04547616094350815,0.18242496252059937,0.05837300419807434,0.007661696057766676,-2.8882566766696982e-05,-0.0021250874269753695,-0.0006467383936978877,0.07080523669719696,0.07243304699659348,0.011051417328417301,0.009483070112764835,0.09535589069128036,0.09795945137739182,0.002174664754420519,0.012288643978536129,9.217589831678197e-05,-0.0006842974107712507,0.0003048959479201585,0.0005702099297195673,0.18477632105350494,0.18003101646900177,0.011830641888082027,0.012201463803648949,-0.0007977139903232455,-0.0007152986363507807,0.48121461272239685,0.3074498176574707,0.3077736496925354,0.0014175078831613064,0.02730422466993332,0.027776192873716354,-0.00033934757811948657,-0.0013298436533659697,2.4633481920943723e-09,-3.0472875778286834e-08,1.440197223701034e-07,-3.83146101512466e-08,1.311860984287705e-07,5.634501576423645e-08,-4.298984990214194e-08,1.6986858497602952e-07,-3.83518639068825e-08,1.4383346069735126e-07
00:00:06:25.416,61,1.0063871513921185e-07,2.309679913992113e-08,-4.842877388000488e-08,3.166496753692627e-08,-7.936731094559946e-08,-0.0002865988062694669,0.2752254605293274,-1.1152587831020355e-07,-5.660578494826041e-08,1.557171280808234e-08,-5.492940502449528e-08,1.0630115809817653e-07,-0.0002456913935020566,0.2754596769809723,0.025396132841706276,-4.3169558921363205e-05,0.017688646912574768,0.15257932245731354,0.028288638219237328,0.25066280364990234,0.059394720941782,0.007548206951469183,-4.186427395325154e-05,-0.0014989119954407215,0.00040436864946968853,0.09209707379341125,0.09363565593957901,0.010962269268929958,0.009111309424042702,0.09929919987916946,0.10337382555007935,0.0002401113451924175,0.010799101553857327,7.021963392617181e-05,-0.0009770030155777931,0.0003417230327613652,0.0005554942763410509,0.24524728953838348,0.23844711482524872,0.04114164412021637,0.04112951457500458,-0.00044894099119119346,-0.0004094707837793976,0.48335403203964233,0.30476558208465576,0.3050715923309326,0.0013904988300055265,0.027478447183966637,0.02717476338148117,-0.00022562808590009809,-0.001396411913447082,2.060551285154588e-09,-2.7269125624229673e-08,1.258775625956332e-07,-3.41795391989308e-08,1.126900315284729e-07,4.876171999512735e-08,-3.615394206235578e-08,1.469254442554302e-07,-3.1888486518028e-08,1.2241304148119525e-07
00:00:06:26.433,61,9.843148518484668e-08,2.5704503414658575e-08,-4.954636168008619e-08,3.018416450117911e-08,-7.709488158980093e-08,-0.0003818774130195379,0.2833680808544159,-1.087225953710913e-07,-5.3085386753082275e-08,1.9222497371629288e-08,-5.482230491793416e-08,1.0699033481387232e-07,-0.00034644664265215397,0.28359314799308777,0.030649319291114807,2.0917430447298102e-05,0.023746557533740997,0.1665332019329071,0.016968686133623123,0.2845279574394226,0.05424019694328308,0.007100115995854139,6.78321739542298e-05,-0.0018308997387066483,0.0004723155579995364,0.09631145745515823,0.09764358401298523,0.01129686925560236,0.009401616640388966,0.10163110494613647,0.10737865418195724,-0.0003868603671435267,0.009348517283797264,7.4678659984783735e-06,-0.0009011325309984386,0.0002616352867335081,0.0004793359257746488,0.28208523988723755,0.27483609318733215,0.06406163424253464,0.06407835334539413,-0.0005977070541121066,-0.0005560684367083013,0.486858606338501,0.30278244614601135,0.30308055877685547,0.0011502448469400406,0.027458414435386658,0.0267767496407032,-0.0008540331036783755,-0.0012047886848449707,1.8544961122302084e-09,-2.911314389564268e-08,1.2774020774486416e-07,-3.6358834165639564e-08,1.0937452543657855e-07,4.8454385392915356e-08,-3.3006070765395634e-08,1.4606862919208652e-07,-2.864748260833494e-08,1.1634081431566301e-07
00:00:06:27.450,61,1.0206363754150516e-07,2.4270265797099455e-08,-4.9751250230656296e-08,3.183260588457415e-08,-8.025206454931322e-08,-0.0005458767991513014,0.28766828775405884,-1.1283904655101651e-07,-5.679205017372624e-08,1.672655258744271e-08,-5.598645813620351e-08,1.0855495702344342e-07,-0.0005183045286685228,0.28788506984710693,0.03291568160057068,3.1176357879303396e-05,0.02714945375919342,0.16977044939994812,0.00976699497550726,0.2943601906299591,0.05007385089993477,0.006704599130898714,0.00010842527990462258,-0.0020416141487658024,0.0005805385299026966,0.0900857150554657,0.09134809672832489,0.011192986741662025,0.009272736497223377,0.1016681119799614,0.10825851559638977,-0.0005552888032980263,0.008306351490318775,-9.77599629550241e-05,-0.0005654323031194508,0.0001578371156938374,0.00040460005402565,0.30183666944503784,0.2945881187915802,0.07880353182554245,0.07894259691238403,-0.000630230875685811,-0.0005810821312479675,0.48724403977394104,0.30026137828826904,0.30055198073387146,0.0009441229631192982,0.026952946558594704,0.026232734322547913,-0.0013076155446469784,-0.0008571718353778124,2.040760671562225e-09,-2.8219073300306263e-08,1.2896954615371214e-07,-3.5595149938671966e-08,1.1404976163476022e-07,4.971632705519369e-08,-3.585591912269592e-08,1.4966353489853645e-07,-3.172084817038012e-08,1.230463340107235e-07
00:00:06:28.466,61,9.456649507910697e-08,2.2873281935176237e-08,-4.634260974967219e-08,2.9457732253490576e-08,-7.43381676215904e-08,-0.0008343386580236256,0.28812509775161743,-1.0467134359259944e-07,-5.2414833362490754e-08,1.5683472298633205e-08,-5.1986425830818916e-08,1.0089948432323581e-07,-0.000814545142930001,0.2883400619029999,0.03347795456647873,1.2713074283965398e-05,0.02970966324210167,0.1631145477294922,0.005240751896053553,0.29474008083343506,0.045363254845142365,0.006367804482579231,0.00011161632573930547,-0.0018221569480374455,0.0008611321682110429,0.07917047291994095,0.0803903266787529,0.010842496529221535,0.008937745355069637,0.1011212170124054,0.10880835354328156,-0.0005389356520026922,0.007226146291941404,-0.00038943171966820955,-0.00010173976625083014,1.0859109352168161e-05,0.0002815726329572499,0.3094293475151062,0.30263176560401917,0.09042491018772125,0.09064554423093796,-0.0006291091558523476,-0.0005728852702304721,0.4850902855396271,0.2962099313735962,0.2964993715286255,0.000799319299403578,0.027227221056818962,0.026696231216192245,-0.00159272865857929,-0.00016313791275024414,1.884764122550564e-09,-2.6319176171796244e-08,1.2014061212539673e-07,-3.3192335990861466e-08,1.0561198138248074e-07,4.6154017496746746e-08,-3.324821662431532e-08,1.389905861515217e-07,-2.928078224329056e-08,1.1388212328711234e-07
00:00:06:29.483,61,9.142793544469896e-08,2.2538007016237316e-08,-4.510395257284472e-08,2.8358773107584057e-08,-7.173977678576193e-08,-0.0011039967648684978,0.28791341185569763,-1.0096468372466916e-07,-5.0365926540507644e-08,1.6205012443037958e-08,-5.042180362124782e-08,9.795650868227312e-08,-0.0010896791936829686,0.28812310099601746,0.03278715908527374,-6.21616845819517e-06,0.031028637662529945,0.14923951029777527,0.003322858829051256,0.29225003719329834,0.04133828729391098,0.0062231458723545074,6.802515417803079e-05,-0.0017981064738705754,0.0007669448968954384,0.06566132605075836,0.06684873253107071,0.010282126255333424,0.008332538418471813,0.10100427269935608,0.10921598225831985,-0.0006153148133307695,0.006212541367858648,-0.0006086307694204152,0.00028630971792154014,-0.0003050678933504969,-2.3026615963317454e-05,0.30581384897232056,0.299538254737854,0.09955057501792908,0.09969408065080643,-0.0005476439255289733,-0.0005146622424945235,0.4803416430950165,0.2909677028656006,0.29125645756721497,0.0006637352635152638,0.027717873454093933,0.027543526142835617,-0.0018172162817791104,0.000490894599352032,1.8044374883174896e-09,-2.5983899476500483e-08,1.1693686019498273e-07,-3.2559036355905846e-08,1.0196119859529063e-07,4.47151258242684e-08,-3.1590460025654465e-08,1.3466924997374008e-07,-2.7734786911537412e-08,1.0967254837623841e-07
00:00:06:29.500,61,8.813105267790888e-08,2.177432101291288e-08,-4.3511391822903533e-08,2.727843906313865e-08,-6.90575703288232e-08,-0.001486141118220985,0.2874718904495239,-9.736046280295341e-08,-4.854053159419891e-08,1.5534460828803276e-08,-4.866160452365875e-08,9.465962591548305e-08,-0.0014743313658982515,0.2876841425895691,0.03138187527656555,-7.831155926396605e-06,0.031660426408052444,0.13073517382144928,0.002171823987737298,0.2930743396282196,0.038665011525154114,0.006120475009083748,4.775449724547798e-06,-0.0016560065560042858,0.0004896604805253446,0.049358729273080826,0.05046159401535988,0.010018199682235718,0.00805086363106966,0.09942004829645157,0.10840463638305664,-0.0006976044387556612,0.005590262822806835,-0.0008898797677829862,0.0007438177126459777,-0.000531457073520869,-0.00023365698871202767,0.29439520835876465,0.2885874807834625,0.10833720117807388,0.10815944522619247,-0.0005002093384973705,-0.00046867370838299394,0.47479379177093506,0.2862924635410309,0.28659626841545105,0.000705890532117337,0.028402235358953476,0.028444696217775345,-0.0019637453369796276,0.0012539472663775086,1.7241109651067177e-09,-2.5071203779702955e-08,1.1293217738739258e-07,-3.134831771944846e-08,9.816140078555691e-08,4.312721912924644e-08,-3.0491502656104785e-08,1.2994743769922934e-07,-2.689659517329801e-08,1.0523945093154907e-07
00:00:06:30.516,61,9.782612409026115e-08,2.035871204952855e-08,-4.5532360104516556e-08,3.1292437085994607e-08,-7.737428120435652e-08,-0.0019302609143778682,0.28768160939216614,-1.0848976472743743e-07,-5.606561970239454e-08,1.274049310495684e-08,-5.2731483179968563e-08,1.011788839377914e-07,-0.0019238484092056751,0.28789275884628296,0.029538700357079506,-6.835602107457817e-05,0.032468512654304504,0.11032615602016449,0.0014576262328773737,0.2988508641719818,0.03844081237912178,0.006044701207429171,1.0306303920515347e-05,-0.0015045595355331898,1.8974542399519123e-05,0.03427775949239731,0.03533065319061279,0.010019722394645214,0.008103090338408947,0.09680978953838348,0.10698949545621872,-0.0006290578749030828,0.005265083163976669,-0.0010688730981200933,0.0015694800531491637,-0.0006758211529813707,-0.00038113855407573283,0.2784251272678375,0.27302059531211853,0.11779450625181198,0.11728344112634659,-0.0005500531406141818,-0.0004997468204237521,0.46845313906669617,0.2830393612384796,0.2833622992038727,0.0007463339134119451,0.028888709843158722,0.028865331783890724,-0.0022316621616482735,0.0019561052322387695,2.1047890097491972e-09,-2.4866313452776012e-08,1.1961907375734881e-07,-3.10875485354245e-08,1.0984018672388629e-07,4.697125532970858e-08,-3.6675483983117374e-08,1.4135613923826895e-07,-3.274530158137168e-08,1.2110918135022075e-07
00:00:06:31.533,61,1.2272037963612092e-07,2.5853514884488504e-08,-5.7555734400693837e-08,3.913417501166805e-08,-9.710900172876791e-08,-0.001714985934086144,0.2856825292110443,-1.3602897297460004e-07,-6.994232393253697e-08,1.6130506708122994e-08,-6.636604865661866e-08,1.2764706980306073e-07,-0.0017150325002148747,0.28589221835136414,0.02806585468351841,-9.271610178984702e-05,0.032593950629234314,0.09140771627426147,0.0012240814976394176,0.3095797598361969,0.04275427386164665,0.005794587079435587,-7.372519030468538e-05,-0.001061312505044043,-0.0005294573493301868,0.02088845707476139,0.0217563658952713,0.010043162852525711,0.008059029467403889,0.0929514467716217,0.10328283905982971,-0.00041815906297415495,0.005186185240745544,-0.0018101019086316228,0.002788843819871545,-0.0007138749933801591,-0.0003571623528841883,0.26031145453453064,0.25508204102516174,0.12812896072864532,0.12744686007499695,-0.0007479071500711143,-0.0006737136864103377,0.45903870463371277,0.2803022265434265,0.2806398272514343,0.0008904002024792135,0.02890663594007492,0.02881803549826145,-0.002729092724621296,0.0028581516817212105,2.606538984650797e-09,-3.1590460025654465e-08,1.5079974957643572e-07,-3.9543955665521935e-08,1.3755634142853523e-07,5.8936421964972396e-08,-4.548579468632852e-08,1.775566431660991e-07,-4.073605097687505e-08,1.5113502627173148e-07
00:00:06:32.549,61,1.3998709391671582e-07,3.106892165760655e-08,-6.648711803336482e-08,4.434026834587712e-08,-1.1033378655156412e-07,-0.002021971857175231,0.278930127620697,-1.5489757743125665e-07,-7.925554967869175e-08,2.004206223205074e-08,-7.598195139735253e-08,1.4657155134045752e-07,-0.0020239995792508125,0.2791229486465454,0.02577446959912777,-0.00016884729848243296,0.032619696110486984,0.07724343985319138,-7.617115625180304e-05,0.323632150888443,0.04706570506095886,0.005342788062989712,-0.00011171847290825099,0.00024057537666521966,0.0003742825938388705,0.011913860216736794,0.012612888589501381,0.00992428045719862,0.008124900050461292,0.0896369144320488,0.10066066682338715,-0.00039114654646255076,0.004455145448446274,-0.0019051446579396725,0.0036616516299545765,-0.0008195519330911338,-0.00046154356095939875,0.24843619763851166,0.2429332733154297,0.1339884251356125,0.13332019746303558,-0.0008448290755040944,-0.0007591724279336631,0.4446764290332794,0.27579957246780396,0.2761484384536743,0.0007846997468732297,0.028344616293907166,0.028507547453045845,-0.0029068845324218273,0.0035058259963989258,2.919696262537741e-09,-3.6843122330765254e-08,1.7328187595921918e-07,-4.6081840565648235e-08,1.5636905459359696e-07,6.744172509343116e-08,-5.098059929764531e-08,2.033077208807299e-07,-4.546716780851057e-08,1.714006003794566e-07
00:00:06:33.566,61,1.450255524559907e-07,2.736225646060575e-08,-6.53415952456271e-08,4.720874002828168e-08,-1.1527910714903555e-07,-0.0021195379085838795,0.2779662013053894,-1.609418518455641e-07,-8.510425431040858e-08,1.478940259147521e-08,-7.70157200236099e-08,1.4681369009394984e-07,-0.0021258415654301643,0.2781582176685333,0.02287891134619713,-0.00017522905545774847,0.03213127702474594,0.0663389340043068,2.9305219868547283e-05,0.329319030046463,0.05394422635436058,0.005026374477893114,-0.00022210135648492724,0.003330060513690114,0.0028854738920927048,0.0029055047780275345,0.0034222633112221956,0.00918785110116005,0.007445627357810736,0.08352410048246384,0.0947120413184166,-0.000405425438657403,0.004181474447250366,-0.0015357992378994823,0.006016510538756847,-0.0008934453362599015,-0.000515951425768435,0.2385326325893402,0.23304565250873566,0.14017385244369507,0.1393488496541977,-0.0010126233100891113,-0.0009716629865579307,0.42694756388664246,0.27259361743927,0.27294251322746277,0.0007964693941175938,0.029144229367375374,0.029680414125323296,-0.00203876500017941,0.0057549611665308475,3.2654496884276796e-09,-3.41795391989308e-08,1.7246230754608405e-07,-4.310160761633597e-08,1.6340986519480794e-07,6.879680114479925e-08,-5.666166558171426e-08,2.070143807486602e-07,-5.124136848166927e-08,1.8294900883120135e-07
00:00:06:34.583,61,1.2345611821729108e-07,2.2631137852613392e-08,-5.5236743179420955e-08,4.031695510775535e-08,-9.818002411066118e-08,-0.001643011812120676,0.2781277596950531,-1.3717449576233776e-07,-7.271766833127913e-08,1.1846423397798844e-08,-6.538815711110146e-08,1.2446194830317836e-07,-0.00163698208052665,0.27832022309303284,0.021403469145298004,-0.00010598130756989121,0.03231383487582207,0.060819681733846664,0.00023219942522700876,0.32238537073135376,0.05843581259250641,0.00488103786483407,-0.0002653890987858176,0.019068779423832893,0.0189205389469862,0.0010285073658451438,0.00130910100415349,0.00860220193862915,0.006878301966935396,0.07730839401483536,0.08838797360658646,9.300560122937895e-06,0.004242612514644861,-0.0012688731076195836,0.0088008688762784,-0.0007685821037739515,-0.0003370547783561051,0.23418937623500824,0.22923286259174347,0.14876985549926758,0.14825472235679626,-0.0009706115815788507,-0.000912764051463455,0.41336649656295776,0.2673482596874237,0.26768967509269714,0.0009575982112437487,0.030356965959072113,0.03215739130973816,-0.0010077697224915028,0.008687661960721016,2.8207431945759254e-09,-2.864748260833494e-08,1.4606862919208652e-07,-3.6228449573627586e-08,1.3943761700829782e-07,5.838926853130033e-08,-4.868954306402884e-08,1.7574056698776985e-07,-4.390254559893947e-08,1.5620142335137643e-07
00:00:06:35.599,61,1.1947936684464366e-07,2.2165476565305653e-08,-5.351379428475411e-08,3.9041040622578294e-08,-9.507871823188907e-08,-0.002208900172263384,0.2809017300605774,-1.3265758980196551e-07,-7.04079852198447e-08,1.162290530487553e-08,-6.332061985858672e-08,1.2058764298217284e-07,-0.0022098710760474205,0.2810913026332855,0.02038564532995224,-0.0002475431829225272,0.03188895806670189,0.057552520185709,0.0003116544976364821,0.3005935549736023,0.049282655119895935,0.004586506634950638,-0.00019686012819875032,0.03868788480758667,0.03806101903319359,0.000774927728343755,0.0008211928652599454,0.008510861545801163,0.006962182931602001,0.07449083030223846,0.08567735552787781,-0.00012384548608679324,0.0040216390043497086,-0.0007557836943306029,0.010678790509700775,-0.0009493586258031428,-0.0004545498522929847,0.23353220522403717,0.22944755852222443,0.1514510214328766,0.15125074982643127,-0.0008308410760946572,-0.0007186722941696644,0.40397053956985474,0.26165980100631714,0.2619953155517578,0.0008593142265453935,0.03294701129198074,0.03580247238278389,0.0009878596756607294,0.012074733152985573,2.713641089613361e-09,-2.7883798381367342e-08,1.4163553885282454e-07,-3.514811552918218e-08,1.349113887272324e-07,5.658483104298284e-08,-4.7199428365729545e-08,1.703016465626206e-07,-4.24869348591983e-08,1.507252420651639e-07
00:00:06:36.616,61,1.0821968032814766e-07,2.3301691243204914e-08,-5.088746490855556e-08,3.4542754434596645e-08,-8.565373832425394e-08,-0.00226865173317492,0.28338778018951416,-1.2010336547518818e-07,-6.156042076099766e-08,1.4752149724017727e-08,-5.85848454193183e-08,1.127645390397447e-07,-0.0022797181736677885,0.2835739850997925,0.019545165821909904,-0.0002739561314228922,0.031611692160367966,0.05864502862095833,0.0003940105380024761,0.2675137221813202,0.04069317877292633,0.004584164824336767,-6.135210423963144e-05,0.056064166128635406,0.05462106689810753,0.00029329388053156435,0.0003345075238030404,0.008205744437873363,0.006928002927452326,0.07178352773189545,0.08271715044975281,-4.018992058263393e-06,0.0037011897657066584,-0.0009694108157418668,0.010294122621417046,-0.0009657545597292483,-0.0004973956965841353,0.23885665833950043,0.23524883389472961,0.15021128952503204,0.14994026720523834,-0.0008066463633440435,-0.0006879877764731646,0.3937610983848572,0.2599949538707733,0.26032525300979614,0.0008063982240855694,0.036342181265354156,0.03957715630531311,0.004671918228268623,0.015617971308529377,2.2957100664910968e-09,-2.7921050360646404e-08,1.3349577443477756e-07,-3.5110861773546276e-08,1.2151896555678832e-07,5.2116810422830895e-08,-3.99537398720895e-08,1.5704893030488165e-07,-3.5893172878331825e-08,1.3362615902678954e-07
00:00:06:37.633,61,1.048576052653516e-07,2.0097941089147753e-08,-4.7450885887201366e-08,3.3993273973464966e-08,-8.318573208043745e-08,-0.002194921486079693,0.286752849817276,-1.1646189079783653e-07,-6.128102825186943e-08,1.1324882365215672e-08,-5.580019291073768e-08,1.0652467352656458e-07,-0.002213625004515052,0.28694212436676025,0.01860644668340683,-0.0003009367792401463,0.032634932547807693,0.06152833625674248,0.0007712080841884017,0.23492297530174255,0.02693893387913704,0.004468417260795832,-6.145931547507644e-05,0.07174988090991974,0.06937073171138763,0.00014615990221500397,8.933469507610425e-05,0.009038742631673813,0.007840830832719803,0.07119053602218628,0.08209280669689178,7.769934745738283e-05,0.003688048105686903,-0.0010534381726756692,0.00957812462002039,-0.0008719443576410413,-0.00041452079312875867,0.2493726760149002,0.24694518744945526,0.14794273674488068,0.1475079208612442,-0.0006173396250233054,-0.0005010247114114463,0.390625,0.26093509793281555,0.2612546980381012,0.0006083138869144022,0.03997577354311943,0.04336373507976532,0.005491019692271948,0.016084931790828705,2.353917727404564e-09,-2.4903565432055075e-08,1.2531876336652203e-07,-3.146007543364249e-08,1.1838972824307348e-07,4.990259228065952e-08,-4.0829181813251125e-08,1.4996156494362367e-07,-3.67127341860396e-08,1.3176351387755858e-07
00:00:06:38.649,61,9.955838464748012e-08,1.784414038752402e-08,-4.414469145785915e-08,3.2559036355905846e-08,-7.936731094559946e-08,-0.002209513448178768,0.29098349809646606,-1.1074357075813168e-07,-5.8989972018252956e-08,8.977949939037444e-09,-5.256384483232068e-08,9.987503091224426e-08,-0.0022325655445456505,0.29118821024894714,0.01920456811785698,-0.00022403970069717616,0.032833848148584366,0.0645909383893013,0.0005937016103416681,0.20397289097309113,0.013007367961108685,0.004824003670364618,-0.00011676626309053972,0.08288576453924179,0.07908684015274048,7.711559737799689e-05,-9.214549936586991e-05,0.009971585124731064,0.008671215735375881,0.07270795106887817,0.08281765133142471,0.00012362368579488248,0.0035615330561995506,-0.001041223993524909,0.008026781491935253,-0.000734940986149013,-0.0002652421535458416,0.25447937846183777,0.2522825598716736,0.14219622313976288,0.14110462367534637,-0.0005551624344661832,-0.000464560987893492,0.39265501499176025,0.2624253034591675,0.2627527713775635,0.0005548465996980667,0.044761210680007935,0.04794423282146454,0.004233736544847488,0.013775570318102837,2.2957100664910968e-09,-2.278014932244332e-08,1.1727213689027849e-07,-2.8572976873419975e-08,1.1274590860921307e-07,4.711793621936522e-08,-3.965571693242964e-08,1.4151446237065102e-07,-3.578141161142412e-08,1.2658536263643327e-07
00:00:06:40.666,61,1.192931051718915e-07,1.3262033249361593e-08,-4.722736690609963e-08,4.080124327288104e-08,-9.622424812505415e-08,-0.001968056196346879,0.29899483919143677,-1.3320706671038351e-07,-7.526949019620588e-08,1.3038515822572094e-09,-6.015412168380863e-08,1.1157244728110527e-07,-0.0019979444332420826,0.29922476410865784,0.019463056698441505,-0.00028859858866780996,0.03241042047739029,0.06466232240200043,0.00044302226160652936,0.17996719479560852,0.005172214936465025,0.005189050454646349,-9.07772482605651e-05,0.0907517522573471,0.08568105846643448,0.00015727490244898945,-0.0001032565560308285,0.01072336919605732,0.009298080578446388,0.07482031732797623,0.08385168761014938,-7.895193994045258e-05,0.0030647004023194313,-0.0007962172967381775,0.006754355970770121,-0.0006309098098427057,-0.0001551020104670897,0.24630405008792877,0.243917316198349,0.1311463713645935,0.12950685620307922,-0.000520828936714679,-0.0004541123053058982,0.39609068632125854,0.2678292393684387,0.2681528627872467,0.0004189015890005976,0.04806225746870041,0.05108696594834328,0.004203392658382654,0.012304745614528656,3.142049509463618e-09,-2.0954757928848267e-08,1.2876465405042836e-07,-2.6840716316200997e-08,1.3718381808303093e-07,5.464302432756085e-08,-5.330890573418401e-08,1.6353092746612674e-07,-4.90620735149605e-08,1.596659444658144e-07
00:00:06:41.683,61,9.701587089239183e-08,1.1399388100130636e-08,-3.875233289818425e-08,3.305263973629735e-08,-7.824041148296601e-08,-0.0018821376143023372,0.3073726296424866,-1.082103722183092e-07,-6.107613614858565e-08,1.4901161415892261e-09,-4.904810424477546e-08,9.115785104540919e-08,-0.0019258761312812567,0.30761995911598206,0.019522983580827713,-0.0003857399569824338,0.031035561114549637,0.06077250465750694,0.000929362780880183,0.15207329392433167,0.0026754664722830057,0.005359204951673746,-0.00010940548963844776,0.09175627678632736,0.08579927682876587,0.00011210530647076666,-0.0002556392573751509,0.012130014598369598,0.010595248080790043,0.07998032867908478,0.08796436339616776,3.2478870707564056e-05,0.0028625617269426584,-0.0004889515112154186,0.004326856229454279,-0.000363579805707559,0.00015395232185255736,0.2121204435825348,0.20919819176197052,0.10142987966537476,0.09901833534240723,-0.0004805779317393899,-0.00039955019019544125,0.39740288257598877,0.2724277973175049,0.2727539837360382,0.00024611857952550054,0.04850175976753235,0.05123355984687805,0.0025965997483581305,0.008528059348464012,2.537853927009337e-09,-1.750886369222826e-08,1.055933509519491e-07,-2.2388995546407386e-08,1.1155381685057364e-07,4.466390279844745e-08,-4.313886137197187e-08,1.3346783589440747e-07,-3.948807858478176e-08,1.2919306868752756e-07
00:00:06:42.700,61,7.877126506627974e-08,9.853392768377489e-09,-3.179535212893825e-08,2.681277777583091e-08,-6.344169634076025e-08,-0.0009179666521959007,0.3175436854362488,-8.795410622042255e-08,-4.947185416881439e-08,1.5273690090467085e-09,-3.999099007501172e-08,7.43009138659545e-08,-0.0009639212512411177,0.31782037019729614,0.01880599558353424,-0.0005018787924200296,0.027879543602466583,0.04802028834819794,0.003162709064781666,0.11025585234165192,0.0032656406983733177,0.00520287686958909,-0.00010966681293211877,0.08721120655536652,0.08086463809013367,0.00015805145085323602,-0.000240439097979106,0.014135859906673431,0.012648813426494598,0.08117439597845078,0.08887314051389694,0.00013856470468454063,0.0028489690739661455,0.00032953944173641503,0.002123913960531354,0.0001763888431014493,0.0007286197505891323,0.1514141708612442,0.1487402468919754,0.05774993449449539,0.054828986525535583,-0.0005105161690153182,-0.00037735223304480314,0.3984532058238983,0.2788535952568054,0.2791849970817566,-3.4440868148521986e-06,0.04914883151650429,0.05182845890522003,0.0020307747181504965,0.00547371618449688,2.0267907352433667e-09,-1.44727527739974e-08,8.64639844166959e-08,-1.864507837012752e-08,9.076669726937325e-08,3.6419368854012646e-08,-3.473833132261461e-08,1.0877847955725883e-07,-3.200024423222203e-08,1.047924129693456e-07
00:00:06:43.716,61,8.183531718941595e-08,2.0787119581200386e-08,-4.0810554935433174e-08,2.5350599841544863e-08,-6.417744202735776e-08,-0.0006569286924786866,0.3289848268032074,-9.048730476024502e-08,-4.490837568482675e-08,1.4863908326390174e-08,-4.5238994772489605e-08,8.808449081243452e-08,-0.0006996618467383087,0.32930999994277954,0.017887746915221214,-0.0006766632432118058,0.022647803649306297,0.03181476518511772,0.009048601612448692,0.0453379787504673,0.005463105626404285,0.005401543341577053,-2.45259052462643e-05,0.07735302299261093,0.07141204923391342,0.00027817473164759576,0.00012138277088524774,0.015443170443177223,0.014192383736371994,0.07596847414970398,0.0824332907795906,0.0018995434511452913,0.0031501930207014084,0.001434059115126729,0.0007198329549282789,0.0003739318926818669,0.0009612219291739166,0.08965850621461868,0.08692523837089539,0.022241363301873207,0.01981666311621666,-0.0005925100995227695,-0.0003869634820148349,0.403432697057724,0.2837698459625244,0.2841264009475708,-4.39628965978045e-05,0.04680568352341652,0.049771346151828766,0.0007596647483296692,0.00262372475117445,1.5750992732321834e-09,-2.3487954692313906e-08,1.0546296635993713e-07,-2.9560178305132467e-08,9.145587398506905e-08,4.0279701352119446e-08,-2.8070061830476334e-08,1.21146442211284e-07,-2.4754553962225145e-08,9.782612409026115e-08
00:00:06:44.733,61,1.0238960612696246e-07,2.278014932244332e-08,-4.872679681966474e-08,3.2475217182081906e-08,-8.068978729625087e-08,-0.0007072928710840642,0.3375352919101715,-1.134537157554405e-07,-5.8002768810183625e-08,1.497566692876262e-08,-5.550682402599705e-08,1.0717660359205183e-07,-0.0007323232130147517,0.33790886402130127,0.01647292822599411,-0.000449017999926582,0.015373979695141315,0.023198256269097328,0.015529293566942215,0.010553644970059395,0.007121365517377853,0.006437035743147135,5.0817652663681656e-05,0.0654563158750534,0.060374051332473755,0.0002996668335981667,0.0003959102905355394,0.015546362847089767,0.014404874294996262,0.06921467930078506,0.07266810536384583,0.009101668372750282,0.004434687551110983,0.003388066776096821,7.55366709199734e-05,0.0004767269711010158,0.0010985017288476229,0.05641944706439972,0.05272127315402031,0.00602330919355154,0.004521812777966261,-0.0007054448360577226,-0.0005644422490149736,0.4102482497692108,0.28723305463790894,0.28759700059890747,0.0003782017156481743,0.04172913730144501,0.044957876205444336,-2.421677163511049e-05,0.0005895361537113786,2.136221199933175e-09,-2.6822089438383045e-08,1.2729316267723334e-07,-3.3844262503635036e-08,1.1496246088427142e-07,4.958594246318171e-08,-3.7476421965720874e-08,1.4910474988028e-07,-3.354623956397518e-08,1.2606382426838536e-07
00:00:06:45.750,61,1.2439676311259973e-07,2.2798776200261273e-08,-5.554407778163295e-08,4.060566283214939e-08,-9.894370833762878e-08,-0.0004086327680852264,0.3456903100013733,-1.3819895627875667e-07,-7.34254683720792e-08,1.1809170530341362e-08,-6.582122580311989e-08,1.2526288628578186e-07,-0.00041753469849936664,0.346101850271225,0.015548622235655785,-0.00024980976013466716,0.010438967496156693,0.01956963539123535,0.021867485716938972,0.002726562088355422,0.00878344289958477,0.0075094448402523994,0.0001344300399068743,0.05504097044467926,0.050717879086732864,0.00015387892199214548,0.000407772371545434,0.015514121390879154,0.014436446130275726,0.06507886201143265,0.06626785546541214,0.016990603879094124,0.007093484979122877,0.0037586221005767584,-0.00019723564037121832,0.0006549134850502014,0.0013196298386901617,0.04109322652220726,0.03661302849650383,0.001274951733648777,0.0008231604006141424,-0.0007439816254191101,-0.0006450021173804998,0.4137197434902191,0.28812792897224426,0.28850021958351135,0.0008511027554050088,0.03747743368148804,0.041159726679325104,-0.0008504358120262623,-0.0003811305796261877,2.830056411440296e-09,-2.89455055479948e-08,1.4705582884744217e-07,-3.6526472513287445e-08,1.4076009335894923e-07,5.8994629625885864e-08,-4.9117954148414356e-08,1.7732381252244522e-07,-4.414469145785915e-08,1.5754253013255948e-07
00:00:06:45.766,61,1.256540400618178e-07,2.2873281935176237e-08,-5.629845034604841e-08,4.100613182345114e-08,-1.0002404593478786e-07,-7.388055382762104e-05,0.3569472134113312,-1.3966113954211323e-07,-7.431954429648613e-08,1.2032687735086256e-08,-6.651505657373491e-08,1.266785005782367e-07,-7.369100785581395e-05,0.35737907886505127,0.015195089392364025,-7.055893365759403e-05,0.007688903249800205,0.02042904868721962,0.02798863872885704,0.0016100513748824596,0.010768318548798561,0.00846683606505394,0.000280492939054966,0.04342823103070259,0.04022956266999245,-2.2103189621702768e-05,0.000397513504140079,0.015367916785180569,0.014208938926458359,0.06283360719680786,0.06215733662247658,0.020986124873161316,0.009151897393167019,0.002651973394677043,-0.0005002937978133559,0.000580733350943774,0.0012822546996176243,0.03929854929447174,0.034494176506996155,0.0002405589766567573,0.0004026773676741868,-0.0006543684285134077,-0.0005893933703191578,0.41518017649650574,0.28881463408470154,0.28919079899787903,0.0009992774575948715,0.03533032163977623,0.03915606439113617,-0.0010592297185212374,-0.0006208270788192749,2.8649811412151394e-09,-2.9224901609836706e-08,1.488253502657244e-07,-3.67499879416755e-08,1.4236196932415623e-07,5.95976601402981e-08,-4.969537314991612e-08,1.7918645767167618e-07,-4.474073733717887e-08,1.5862286772971856e-07
00:00:06:46.783,61,1.3330020465218695e-07,2.3581087305046822e-08,-5.9120356610264935e-08,4.373490725129159e-08,-1.0623596580217054e-07,0.0005024707061238587,0.3672793507575989,-1.4826655103661324e-07,-7.927418010922338e-08,1.177191766288388e-08,-7.03102003285494e-08,1.3353303529584082e-07,0.0005212599062360823,0.36772605776786804,0.015354860574007034,1.909069760586135e-05,0.0055032395757734776,0.025765633210539818,0.036026112735271454,0.0016389262164011598,0.01597779430449009,0.009193181991577148,0.00028952190768904984,0.027169592678546906,0.02548503316938877,-0.00023780151968821883,0.00030534909456036985,0.015112858265638351,0.013831199146807194,0.06330807507038116,0.06080999970436096,0.02268904633820057,0.011239144951105118,0.0016982379602268338,-0.0008190974476747215,0.000551947858184576,0.0012516966089606285,0.04382915794849396,0.03865605220198631,-0.00025850237580016255,0.00032184511655941606,-0.0005393517203629017,-0.000482532981550321,0.41351982951164246,0.2907699942588806,0.29114246368408203,0.001265952829271555,0.03434368595480919,0.03838002681732178,-0.0009409349877387285,-0.00044521570089273155,3.0908267056872774e-09,-3.0491502656104785e-08,1.5674159214995598e-07,-3.850087537671243e-08,1.5117228713279474e-07,6.308546574018692e-08,-5.3402036570560085e-08,1.8965452852626186e-07,-4.8018993226150997e-08,1.695007085800171e-07
00:00:06:47.799,61,1.3365409756715962e-07,2.274289734316426e-08,-5.8617441567321293e-08,4.404224540621726e-08,-1.0674819606038e-07,0.0011105298763141036,0.3739877939224243,-1.4864839670281071e-07,-8.000061058055508e-08,1.0766089353353436e-08,-7.018912384637588e-08,1.328810981249262e-07,0.001143236760981381,0.37443897128105164,0.015379027463495731,0.00011846713459817693,0.004045366309583187,0.031594935804605484,0.043471451848745346,0.0021814084611833096,0.022139854729175568,0.009804463014006615,0.00027752388268709183,0.017893653362989426,0.017122067511081696,-0.0002033394994214177,0.00038255579420365393,0.015139127150177956,0.013718524016439915,0.06412796676158905,0.0601261705160141,0.023708589375019073,0.012992871925234795,0.0014190711081027985,-0.0007198491948656738,0.0005712699494324625,0.0012799074174836278,0.04996861517429352,0.04465220496058464,-0.0006567889358848333,0.00018384575378149748,-0.0005345630925148726,-0.0004934442113153636,0.4127884805202484,0.29386478662490845,0.2942278981208801,0.0014269917737692595,0.03355749323964119,0.03776950016617775,-0.0007026141975075006,-0.0002550226345192641,3.146706228918106e-09,-2.97464435305983e-08,1.5627593086264824e-07,-3.766268363847303e-08,1.5176833301211445e-07,6.302725807927345e-08,-5.442648998155164e-08,1.8944032831313962e-07,-4.8968942678584426e-08,1.7050653866590437e-07
00:00:06:48.816,61,1.4025718542143295e-07,2.386048514324557e-08,-6.169080535300964e-08,4.6165659739472176e-08,-1.1193566251677112e-07,0.0019613311160355806,0.37761983275413513,-1.5601516167862428e-07,-8.394941630740504e-08,1.1585652437418048e-08,-7.369089871644974e-08,1.3958663203084143e-07,0.0020084278658032417,0.37807393074035645,0.01557876355946064,0.00020843013771809638,0.0031326026655733585,0.03800223767757416,0.0516987144947052,0.0032443248201161623,0.03187237307429314,0.01039328332990408,0.00019943303777836263,0.007680537644773722,0.007507616188377142,0.0008480665273964405,0.0015278023201972246,0.015355143696069717,0.013779747299849987,0.06323303282260895,0.057620078325271606,0.02510295808315277,0.01479698158800602,0.0012635104358196259,-0.0005574522656388581,0.0007599142263643444,0.0014565199380740523,0.056393373757600784,0.05071309953927994,-0.0007839772151783109,0.000114816430141218,-0.0004709184286184609,-0.0004728269705083221,0.41470688581466675,0.29925480484962463,0.2996102273464203,0.0017593804514035583,0.03424301743507385,0.03825312480330467,-0.00031169236171990633,-8.051216718740761e-05,3.303866735748784e-09,-3.134831771944846e-08,1.638941427017926e-07,-3.9394944195692005e-08,1.5920028317850665e-07,6.615417191824235e-08,-5.677342329590829e-08,1.988560001109363e-07,-5.1502137665693226e-08,1.7888844183744368e-07
00:00:06:49.833,61,1.500546886745724e-07,2.1439046093973957e-08,-6.277114295016872e-08,5.045905737688372e-08,-1.2045725839016086e-07,0.002474565291777253,0.3843589425086975,-1.67321417166022e-07,-9.229406572330845e-08,7.189810080632242e-09,-7.730908890835053e-08,1.4485790700291545e-07,0.0025287156458944082,0.3848161995410919,0.015911849215626717,0.0002045127039309591,0.0021950206719338894,0.04129490256309509,0.05703217536211014,0.005780910141766071,0.04501976817846298,0.010605131275951862,9.905749902827665e-05,0.004457778763025999,0.005068843252956867,0.0029337143059819937,0.003774309530854225,0.015811607241630554,0.014197718352079391,0.06425851583480835,0.05800572410225868,0.025043947622179985,0.01587565988302231,0.0013755332911387086,-0.0004907769034616649,0.0006256805500015616,0.0013785973424091935,0.05928829312324524,0.05351974442601204,-0.0008375644683837891,0.0001993516052607447,-0.0004120218800380826,-0.0004322624299675226,0.4176463186740875,0.30658814311027527,0.3069380819797516,0.0019461603369563818,0.03415122255682945,0.03845483437180519,-0.00038673431845381856,4.9014091928256676e-05,3.735767695189907e-09,-3.006309157171927e-08,1.6897917021196918e-07,-3.83518639068825e-08,1.7145649167105148e-07,6.980728528560576e-08,-6.396323470880816e-08,2.0951033263827412e-07,-5.822628779128536e-08,1.9647181659365742e-07
00:00:06:50.849,61,1.6537495639568078e-07,2.246350128132235e-08,-6.837770172296587e-08,5.5851415936558624e-08,-1.3303011314746982e-07,0.003328608348965645,0.392619788646698,-1.8452294625603827e-07,-1.0261312155535052e-07,6.2957408175634555e-09,-8.46991312641876e-08,1.5845522227664333e-07,0.003404011018574238,0.39306753873825073,0.01732081174850464,0.0001707506162347272,0.0013993517495691776,0.04856826364994049,0.06543231010437012,0.012685124762356281,0.06869172304868698,0.01088666170835495,-1.363918181596091e-05,1.9289851479697973e-05,0.0018705719849094748,0.013697833754122257,0.01495721098035574,0.015998918563127518,0.014428033493459225,0.0652821809053421,0.05843282863497734,0.024806084111332893,0.017056073993444443,0.0013275810051709414,-0.00023159712145570666,0.0006705895066261292,0.001479205209761858,0.06383857131004333,0.0575389489531517,-0.0007625311845913529,0.000117429495730903,-0.000531572091858834,-0.000547689211089164,0.4221794009208679,0.31149235367774963,0.3118506073951721,0.002361094579100609,0.03382253274321556,0.03829062357544899,-0.00017476678476668894,0.00022013456327840686,4.175817469587173e-09,-3.220513633550581e-08,1.8440186977386475e-07,-4.073605097687505e-08,1.891702368084225e-07,7.661059697738892e-08,-7.122755363297983e-08,2.2986904468780267e-07,-6.495043436416381e-08,2.169236523741347e-07
00:00:06:51.866,61,1.3991258640544402e-07,2.196058623837871e-08,-5.986541395941458e-08,4.6649947904597866e-08,-1.12103300864419e-07,0.005028964951634407,0.4034832715988159,-1.5599653124809265e-07,-8.49738697183966e-08,8.717178978656648e-09,-7.272232238619836e-08,1.368112805266719e-07,0.005111407022923231,0.40388306975364685,0.017442505806684494,0.00016722037980798632,0.0019429289968684316,0.06088431924581528,0.07691986113786697,0.03891303017735481,0.11240924894809723,0.011069625616073608,-0.00025497926981188357,-0.0018649876583367586,0.001018142094835639,0.08128473907709122,0.0839042067527771,0.013622199185192585,0.011891956441104412,0.06165633350610733,0.054700300097465515,0.01870618760585785,0.017021508887410164,0.0005251336260698736,0.0003525501524563879,0.0006892916280776262,0.0014647188363596797,0.06406762450933456,0.05732059106230736,-0.0009382039424963295,-0.0003643062664195895,-0.0005047786398790777,-0.000529923418071121,0.42510986328125,0.31376883387565613,0.31411153078079224,0.0026502797845751047,0.03223038092255592,0.035499610006809235,-0.00017903953266795725,-0.0001537239586468786,3.387685909572724e-09,-2.942979371312049e-08,1.605413899596897e-07,-3.736466069881317e-08,1.5912577566723485e-07,6.543938013692241e-08,-5.79655186072614e-08,1.9655563221476768e-07,-5.2899121527616444e-08,1.806393328251943e-07
00:00:06:52.883,61,1.6356818832719e-07,1.6745179465260662e-08,-6.352551196187051e-08,5.657784640789032e-08,-1.32536513319792e-07,0.005295589566230774,0.41559645533561707,-1.8312596239411505e-07,-1.0462477462169772e-07,-8.568167841893626e-10,-8.18446252992544e-08,1.5089288751823915e-07,0.0053669726476073265,0.41595062613487244,0.017382951453328133,-7.468104013241827e-05,0.003091365797445178,0.07649798691272736,0.0809597596526146,0.09429515898227692,0.16486434638500214,0.01091075874865055,-0.0004718830459751189,-0.0027867970056831837,0.0006142675993032753,0.14339694380760193,0.14701861143112183,0.009987988509237766,0.008074811659753323,0.057371921837329865,0.050633445382118225,0.008773412555456161,0.014802176505327225,-0.0004582190595101565,0.000701643992215395,0.0002575421240180731,0.001033333595842123,0.06931392103433609,0.06089441478252411,-0.0008775123860687017,-0.0005864113336429,-0.000902591971680522,-0.0008635276462882757,0.4289463758468628,0.3146156370639801,0.3149438202381134,0.002918514423072338,0.027289606630802155,0.029734883457422256,-0.00033583701588213444,-0.00011510789045132697,4.399335118421277e-09,-2.7157366133678806e-08,1.7369166016578674e-07,-3.4905969670262493e-08,1.8799677548031468e-07,7.423572156994851e-08,-7.459893680561436e-08,2.2277235700585152e-07,-6.88061092546377e-08,2.2046268099984445e-07
00:00:06:53.899,61,1.6936101587816665e-07,2.050772351935848e-08,-6.819144005021371e-08,5.772337274834172e-08,-1.367181567957232e-07,0.006413832772523165,0.42577064037323,-1.8915162058874557e-07,-1.0624528101743635e-07,3.2223761436966925e-09,-8.586793853737618e-08,1.5961006738507422e-07,0.006484380457550287,0.4260823130607605,0.018123667687177658,-0.00015954047557897866,0.004138337913900614,0.09379836171865463,0.08621564507484436,0.13676004111766815,0.21483325958251953,0.011005583219230175,-0.0006568582612089813,-0.0029358856845647097,0.00033557118149474263,0.17972958087921143,0.1835496872663498,0.006820326671004295,0.0047478508204221725,0.05473211407661438,0.04762943089008331,0.003973953891545534,0.013781783170998096,-0.0005960640264675021,0.000694254064001143,-5.1201655878685415e-05,0.0006843102164566517,0.07421482354402542,0.06464409083127975,-0.0011400164803490043,-0.001081282738596201,-0.0009206145768985152,-0.0008650139207020402,0.4299444556236267,0.3106409013271332,0.3109549283981323,0.0036739585921168327,0.02038462460041046,0.02222147025167942,-0.0003794750664383173,-0.00012681155931204557,4.393514441147772e-09,-3.073364496231079e-08,1.843087318320613e-07,-3.9227305848044125e-08,1.9356608049747592e-07,7.758149678238624e-08,-7.474795182815797e-08,2.3309141283789359e-07,-6.863847090698982e-08,2.2470950966635428e-07
00:00:06:55.916,61,1.8040650218154042e-07,2.4866313452776012e-08,-7.483176744926823e-08,6.093643634130785e-08,-1.4500692202545906e-07,0.008110505528748035,0.4341849386692047,-2.0107253817513993e-07,-1.1136755517782149e-07,7.096677911988536e-09,-9.257811939278326e-08,1.7343089098176279e-07,0.008184585720300674,0.43448829650878906,0.019701343029737473,-0.00015497066488023847,0.004616823047399521,0.10981971770524979,0.09399311989545822,0.1654420793056488,0.25555601716041565,0.011364278383553028,-0.000727805367205292,-0.0028090167324990034,-0.0002002668334171176,0.20197759568691254,0.20571960508823395,0.00471847876906395,0.002464581048116088,0.05179918184876442,0.043636322021484375,0.002427895087748766,0.014054376631975174,-0.0006181624485179782,0.0005352228763513267,-0.00025610774173401296,0.0004668046603910625,0.07644718140363693,0.06618291884660721,-0.0011813491582870483,-0.0015322992112487555,-0.0008296131854876876,-0.0007849091198295355,0.4259936809539795,0.30313193798065186,0.3034340441226959,0.004509040620177984,0.01580292358994484,0.01703609898686409,-0.0006877693813294172,-0.0005498689133673906,4.527391794795221e-09,-3.51853657321044e-08,2.01184306547475e-07,-4.472211045936092e-08,2.0547770418488653e-07,8.3385970128802e-08,-7.720664285670864e-08,2.506282044123509e-07,-7.050111605622078e-08,2.3629516476830759e-07
00:00:06:56.933,61,1.9125640449146886e-07,2.8368084770136193e-08,-8.087604896900302e-08,6.400048846444406e-08,-1.5342608605806163e-07,0.010185044258832932,0.439231276512146,-2.12993469972389e-07,-1.166947214414904e-07,1.0095536850940334e-08,-9.883195417614843e-08,1.858174840663196e-07,0.010266958735883236,0.4395297169685364,0.020990364253520966,-0.0001375555293634534,0.005044599995017052,0.12345784902572632,0.10080917179584503,0.1879047006368637,0.28472113609313965,0.011767745018005371,-0.0007181840483099222,-0.0025407755747437477,-0.00047149002784863114,0.21460303664207458,0.21834395825862885,0.003369005396962166,0.0010215223301202059,0.04923098534345627,0.04012260586023331,0.0019658124074339867,0.014706933870911598,-0.0005783933447673917,0.00041900246287696064,-0.00030188809614628553,0.000415473070461303,0.08179101347923279,0.0711698979139328,-0.001179613871499896,-0.0017427584389224648,-0.0008853093022480607,-0.0008349466370418668,0.4187161922454834,0.29231491684913635,0.2926121652126312,0.005192806012928486,0.012810787186026573,0.013686085119843483,-0.00092211680021137,-0.0008572614169679582,4.712492174263616e-09,-3.879889831637229e-08,2.1602959066058247e-07,-4.928558894334856e-08,2.172961899304937e-07,8.884002511422295e-08,-8.055940270423889e-08,2.6718248591350857e-07,-7.309019878221079e-08,2.486258665612695e-07
00:00:06:57.950,61,1.9208061985409586e-07,2.5965272598682532e-08,-7.940456470123536e-08,6.489455728342364e-08,-1.5449710133452754e-07,0.01242496445775032,0.4421265721321106,-2.1393411486769764e-07,-1.1852011283508546e-07,7.022172177073571e-09,-9.838491621394496e-08,1.8408522350910062e-07,0.012512178160250187,0.4424317181110382,0.021806444972753525,-9.263552783522755e-05,0.005495486315339804,0.13150452077388763,0.09911023825407028,0.21100004017353058,0.2924056947231293,0.012030594050884247,-0.000644232495687902,-0.0026649439241737127,-0.0007483577937819064,0.21974320709705353,0.22361385822296143,0.0024921102449297905,1.64902212418383e-05,0.05021582171320915,0.04081704095005989,0.001528291730210185,0.014610912650823593,-0.0004694849194493145,0.00016746461915317923,-0.0002037038648268208,0.0005034084897488356,0.09478698670864105,0.08350616693496704,-0.0006708180881105363,-0.0014149912167340517,-0.0008942934800870717,-0.0008600088767707348,0.40684983134269714,0.2802388072013855,0.28052422404289246,0.005478527396917343,0.011882304213941097,0.01254038605839014,-0.0010152808390557766,-0.0012533378321677446,4.842877210364804e-09,-3.7159772148243064e-08,2.1327286958694458e-07,-4.708767065153552e-08,2.1915883507972467e-07,8.864561351629163e-08,-8.283183206003741e-08,2.663442728589871e-07,-7.539987478821786e-08,2.521276485367707e-07
00:00:06:58.966,61,1.8809922153195657e-07,1.9706785536754978e-08,-7.355586006951853e-08,6.492249582379372e-08,-1.5231780992053245e-07,0.013011190108954906,0.4423829913139343,-2.0998530203542032e-07,-1.19674950838089e-07,-3.911554691260477e-10,-9.431503400492147e-08,1.7428770604510646e-07,0.01309305801987648,0.44268080592155457,0.021070323884487152,-0.00012469998910091817,0.005530663765966892,0.13300791382789612,0.08585590124130249,0.23620538413524628,0.2778855860233307,0.012249477207660675,-0.0006155222654342651,-0.002519626636058092,-0.0010039022890850902,0.21650995314121246,0.2205595076084137,0.002085199113935232,-0.0004544785479083657,0.0550747774541378,0.046508800238370895,0.0007685399032197893,0.013756227679550648,-7.503837696276605e-05,-0.0002914615033660084,-0.00010430865222588181,0.0005813703173771501,0.11682981252670288,0.10443238914012909,-2.9249638828332536e-05,-0.0007242983556352556,-0.0009205517126247287,-0.0009021910955198109,0.3942126929759979,0.2696038484573364,0.26988810300827026,0.005333300679922104,0.010390087030827999,0.011095195077359676,-0.0008889177697710693,-0.001353045110590756,5.023321314467921e-09,-3.17767252511203e-08,2.0036473813433986e-07,-4.0680170343421196e-08,2.1610408396099956e-07,8.541392304550754e-08,-8.534640016932826e-08,2.563325551818707e-07,-7.836148085971217e-08,2.526119260437554e-07
00:00:06:59.983,61,1.7341692171157774e-07,7.431954163195087e-09,-5.999579855142656e-08,6.223562820650841e-08,-1.422967699227229e-07,0.01256939209997654,0.44073736667633057,-1.9453466393315466e-07,-1.1686235978913828e-07,-1.3150274646989146e-08,-8.310423993407312e-08,1.4984048846145015e-07,0.012646452523767948,0.4410341680049896,0.020646801218390465,-0.00013741463772021234,0.0052170841954648495,0.1286364197731018,0.06672559678554535,0.25272250175476074,0.2388947606086731,0.01219978928565979,-0.0005432280013337731,-0.0021753921173512936,-0.0012193084694445133,0.2032756358385086,0.20711101591587067,0.0020606503821909428,-0.0005037644295953214,0.058942489326000214,0.05186586454510689,0.0004761850868817419,0.01315369363874197,0.0002262860507471487,-0.001081588095985353,-0.00012273974425625056,0.0005234667914919555,0.14288800954818726,0.12952077388763428,0.0011016082717105746,0.0004575490893330425,-0.0011054850183427334,-0.0011282932246103883,0.3780483603477478,0.2572232186794281,0.2575017213821411,0.004806209355592728,0.009081298485398293,0.010122666135430336,-0.0007814544369466603,-0.0016022395575419068,5.1548703083881264e-09,-2.0815059897927313e-08,1.690722939429179e-07,-2.7306377603508736e-08,2.02283260364311e-07,7.629860476754402e-08,-8.66129994392395e-08,2.2809952326952043e-07,-8.050352562349872e-08,2.4383888330703485e-07
00:00:07:00.000,61,1.506041797938451e-07,1.4528631631094413e-09,-4.828907407272709e-08,5.514826639796411e-08,-1.2432225560132792e-07,0.011894439347088337,0.43881943821907043,-1.6941689295890683e-07,-1.0458752797148918e-07,-1.7751007774791105e-08,-7.03474540841853e-08,1.2476928645810403e-07,0.011958508752286434,0.4391001760959625,0.018552694469690323,-8.348010305780917e-05,0.006242434959858656,0.11568212509155273,0.04408462345600128,0.2570294439792633,0.17982305586338043,0.011897573247551918,-0.00042644061613827944,-0.0026047825813293457,-0.0018624686636030674,0.17395314574241638,0.17757321894168854,0.00204926123842597,-0.0006246459670364857,0.05851622670888901,0.05273573845624924,-0.00016637206135783345,0.011927943676710129,0.00014174818352330476,-0.0016833603149279952,6.091952309361659e-05,0.0006925027118995786,0.1687394082546234,0.1550084352493286,0.010432510636746883,0.010051063261926174,-0.0008475601789541543,-0.0009242927771992981,0.36111336946487427,0.24613289535045624,0.24639827013015747,0.003960392903536558,0.007972907274961472,0.009076721034944057,-0.0010183703852817416,-0.0018448132323101163,4.736939285265862e-09,-1.3876706006499262e-08,1.3938173992755765e-07,-1.8738210982860437e-08,1.7692335063657083e-07,6.510410344162665e-08,-7.908791133104387e-08,1.9419006491716573e-07,-7.396563717065874e-08,2.1696091323519795e-07
00:00:07:00.016,61,1.4157966177208436e-07,-4.693865740534875e-09,-4.095025474271097e-08,5.332752905928828e-08,-1.178961213099683e-07,0.009011546149849892,0.43643006682395935,-1.5984289802872809e-07,-1.0218471402367868e-07,-2.4158508082905428e-08,-6.398185803391243e-08,1.1118128639964198e-07,0.009064615704119205,0.43671393394470215,0.01569434069097042,-0.00025216996436938643,0.007663007825613022,0.10175158828496933,0.026345936581492424,0.2530257999897003,0.13222625851631165,0.011512452736496925,-0.00035948280128650367,-0.0023556395899504423,-0.0018685305258259177,0.11173994839191437,0.11444415152072906,0.0018840492703020573,-0.0008086636662483215,0.05370889604091644,0.04947006329894066,-0.0003368163015693426,0.010823965072631836,-5.640804738504812e-05,-0.0017917683580890298,0.00023320980835705996,0.0008663933258503675,0.18941006064414978,0.17632006108760834,0.029515136033296585,0.02947397716343403,-0.0007260572747327387,-0.0007342505268752575,0.34250420331954956,0.2354862242937088,0.23575258255004883,0.003405381925404072,0.009448541328310966,0.01124775130301714,-0.0010603702394291759,-0.0009567200904712081,4.776520512450588e-09,-7.972121629507e-09,1.2220814937791147e-07,-1.1809170530341362e-08,1.6833655536174774e-07,5.98595946144087e-08,-7.908791133104387e-08,1.7796642737266666e-07,-7.439404470233058e-08,2.1018087181801093e-07
00:00:07:01.033,61,1.5346333270827017e-07,1.4901161415892261e-09,-4.9332157914250274e-08,5.631707722386636e-08,-1.2677162430918543e-07,0.005495831836014986,0.43261969089508057,-1.7266719964936783e-07,-1.0652467352656458e-07,-1.7546117447864162e-08,-7.179099981158288e-08,1.2749805478051712e-07,0.005531754344701767,0.43288567662239075,0.012994689866900444,-0.00040367632755078375,0.010067380964756012,0.08549393713474274,0.01303011178970337,0.2518879771232605,0.10931579768657684,0.010679480619728565,-0.00027178984601050615,-0.0022830194793641567,-0.0009280038066208363,0.045218199491500854,0.04703984409570694,0.0018818280659615993,-0.0006249171565286815,0.043726369738578796,0.04126888886094093,-0.0002584350004326552,0.00930248573422432,-0.00012611330021172762,-0.0011063762940466404,3.8370490074157715e-05,0.0007220320403575897,0.19801419973373413,0.1859397441148758,0.05310409516096115,0.05337280407547951,-0.0008679532911628485,-0.0007869553519412875,0.3231167495250702,0.22694668173789978,0.2272099256515503,0.002926249522715807,0.012833910062909126,0.015632567927241325,-0.0016507672844454646,0.00043634773464873433,4.8393848928185434e-09,-1.4118850089062107e-08,1.425482309969084e-07,-1.9297003106544253e-08,1.8075108698667464e-07,6.656627959955586e-08,-8.068978729625087e-08,1.982506319109234e-07,-7.541850521874949e-08,2.2128224941297958e-07
00:00:07:02.049,61,1.4981254992108006e-07,1.9371508841459217e-09,-4.8363581583998894e-08,5.487352439104143e-08,-1.2361444134967314e-07,0.0036784433759748936,0.4257357120513916,-1.682993087115392e-07,-1.0384246706962585e-07,-1.6801060098714515e-08,-7.017515457619083e-08,1.247785945679425e-07,0.0037070775870233774,0.42598074674606323,0.011080270633101463,-0.0003821295395027846,0.011900611221790314,0.07128545641899109,0.00638571148738265,0.2433111071586609,0.10058996081352234,0.010015120729804039,-0.00021756715432275087,-0.0010116234188899398,0.001348178368061781,0.00779715133830905,0.009206796064972878,0.002033443422988057,-0.00035058031789958477,0.03359134495258331,0.03143387287855148,-0.00023423075617756695,0.008055737242102623,-0.0006303271511569619,9.506821515969932e-05,-0.00029446333064697683,0.00044261827133595943,0.19658134877681732,0.18566317856311798,0.0701366737484932,0.07063709944486618,-0.0007641625124961138,-0.0006575560546480119,0.30666878819465637,0.22200481593608856,0.22226136922836304,0.0025847130455076694,0.01609388180077076,0.019710024818778038,-0.002219400368630886,0.0017835140461102128,4.71482053399086e-09,-1.4211982701795023e-08,1.396425091115816e-07,-1.9297003106544253e-08,1.7646699745910155e-07,6.507151084633733e-08,-7.867813422990366e-08,1.9381754157166142e-07,-7.351860631388263e-08,2.1535903726999095e-07
00:00:07:03.066,61,1.4851801211079874e-07,4.3027101881421e-09,-4.969537314991612e-08,5.385838619531569e-08,-1.222267798084431e-07,0.002430673921480775,0.42364898324012756,-1.6666017188526894e-07,-1.0142102979671108e-07,-1.400709148668966e-08,-7.042661565037633e-08,1.2602657761817682e-07,0.0024584901984781027,0.4238746762275696,0.010894795879721642,-0.0003642724477685988,0.013646676205098629,0.05993916094303131,0.003994705155491829,0.22633564472198486,0.10396066308021545,0.00925727840512991,-0.0002559856802690774,0.008216316811740398,0.011286131106317043,0.0026265298947691917,0.0039460319094359875,0.0018369315657764673,-0.00040228705620393157,0.023695943877100945,0.021332014352083206,-0.0003554135619197041,0.007030842360109091,-0.001036153407767415,0.000988761312328279,-0.0005250690155662596,0.00024292431771755219,0.18165220320224762,0.1718796193599701,0.07786168158054352,0.07827779650688171,-0.0007206511218100786,-0.0005878353258594871,0.2945421636104584,0.21770839393138885,0.21795688569545746,0.0024899193085730076,0.018817821517586708,0.023323697969317436,-0.0025186510756611824,0.0028841174207627773,4.553003307705694e-09,-1.6000122116111015e-08,1.4215707722087245e-07,-2.1364540359058992e-08,1.7428770604510646e-07,6.505754157615229e-08,-7.603317442317348e-08,1.9398052586439007e-07,-7.078051567077637e-08,2.1126120941517001e-07
00:00:07:04.083,61,1.4200806219832884e-07,5.25265919648632e-09,-4.830770095054504e-08,5.1269307022039357e-08,-1.1675059852223058e-07,0.0022731805220246315,0.4262174367904663,-1.5917234463813656e-07,-9.631737896143022e-08,-1.2218952072373668e-08,-6.760936344107904e-08,1.2151896555678832e-07,0.0022941124625504017,0.42644554376602173,0.01147589460015297,-0.0002752341970335692,0.015630248934030533,0.04961882531642914,0.003529992653056979,0.19192969799041748,0.10558781772851944,0.008730735629796982,-0.0002492419152986258,0.016065390780568123,0.019418014213442802,0.0017297934973612428,0.003227683948352933,0.0024120863527059555,0.00028004057821817696,0.019529961049556732,0.0171556007117033,-0.000246569950832054,0.005757613107562065,-0.0009187834220938385,0.0023543694987893105,-0.0006480352603830397,0.0001658265246078372,0.15640418231487274,0.14789047837257385,0.07413330674171448,0.0742712989449501,-0.0008080184343270957,-0.0006859326385892928,0.2852151393890381,0.2143702656030655,0.21461257338523865,0.0021774456836283207,0.022334475070238113,0.02730615623295307,-0.0021300525404512882,0.004027449991554022,4.289904431686864e-09,-1.6111879830305043e-08,1.3733283310557454e-07,-2.1420419216156006e-08,1.6640871081108344e-07,6.243586625487296e-08,-7.20471149406876e-08,1.8623657638272562e-07,-6.703660204721018e-08,2.009049069329194e-07
00:00:07:05.099,61,1.3514421937088628e-07,2.2184103443123604e-08,-5.8570876149133255e-08,4.480592963318486e-08,-1.0810792616666731e-07,0.0022520131897181273,0.43090736865997314,-1.4991499597272195e-07,-8.089467939953465e-08,1.002103111602537e-08,-7.050111605622078e-08,1.3345852778456901e-07,0.0022636735811829567,0.4311617910861969,0.011300005950033665,-0.000385074905352667,0.015810394659638405,0.041331697255373,0.0029350018594413996,0.16693294048309326,0.10488534718751907,0.00892660953104496,-0.00026286422507837415,0.020671680569648743,0.022857408970594406,0.0014549457700923085,0.0028562843799591064,0.0026804145891219378,0.0006910718511790037,0.016774604097008705,0.014855691231787205,-0.00020769081311300397,0.0052065481431782246,-0.00055116624571383,0.0032080442178994417,-0.0007446081144735217,0.00012183226499473676,0.13627667725086212,0.12827855348587036,0.06778541207313538,0.06741520017385483,-0.0008619212894700468,-0.0007102382369339466,0.27627629041671753,0.20861543715000153,0.20887626707553864,0.0018420952837914228,0.024439511820673943,0.02953019179403782,-0.0014959212858229876,0.004703587386757135,3.210734567105078e-09,-2.9243528487654658e-08,1.565367000466722e-07,-3.712251839260716e-08,1.5400350150684972e-07,6.346963488113033e-08,-5.543232006743892e-08,1.9048340504923544e-07,-5.016103443722386e-08,1.7333775303995935e-07
00:00:07:06.116,61,1.2873671551005827e-07,2.6766210581286032e-08,-5.995854479579066e-08,4.125758934492296e-08,-1.0181218357274702e-07,0.002300555817782879,0.4325850307941437,-1.4221295430161263e-07,-7.377937549790659e-08,1.6465783403418754e-08,-6.909016292411252e-08,1.3295560563619802e-07,0.002303722547367215,0.4328518211841583,0.010589417070150375,-0.0005242570769041777,0.01417764276266098,0.03397733345627785,0.0027692741714417934,0.14532646536827087,0.10215568542480469,0.00917103048413992,-0.0002910399343818426,0.020406808704137802,0.02209274284541607,0.001408301293849945,0.002837488427758217,0.002627857029438019,0.0007227384485304356,0.014275307767093182,0.011869133450090885,-0.00017884373664855957,0.004777057096362114,0.00010091841249959543,0.004120430443435907,-0.0008385769906453788,7.739156717434525e-05,0.11892469227313995,0.11068068444728851,0.05990784615278244,0.059219617396593094,-0.000677535543218255,-0.00048278330359607935,0.26901665329933167,0.20145878195762634,0.2017340064048767,0.0016960432985797524,0.02569049783051014,0.03080081380903721,-0.0012363195419311523,0.004742099903523922,2.779997787527577e-09,-3.2391398008257966e-08,1.5720725343726372e-07,-4.094093952744515e-08,1.4515593704800267e-07,6.1851459065565e-08,-4.8484654513458736e-08,1.858640530372213e-07,-4.3381007230891555e-08,1.5955419030433404e-07
00:00:07:07.133,61,1.213233957741977e-07,3.099441414633475e-08,-6.0573221105642e-08,3.7709252609374744e-08,-9.507871823188907e-08,0.0028817111160606146,0.43709248304367065,-1.33588912376581e-07,-6.60680257169588e-08,2.2538007016237316e-08,-6.716698663922216e-08,1.3114885177856195e-07,0.0028834445402026176,0.4373782277107239,0.010142046958208084,-0.0005179443396627903,0.012450785376131535,0.029842598363757133,0.003640879411250353,0.128624826669693,0.10498140007257462,0.009387001395225525,-0.0002429279702482745,0.018434209749102592,0.020027214661240578,0.0012747002765536308,0.002732224529609084,0.0029811011627316475,0.001109704258851707,0.012410364113748074,0.009694796986877918,-0.0001755559496814385,0.004927702713757753,0.0003409424389246851,0.004167630802839994,-0.0005908117746002972,0.000331207673298195,0.10395381599664688,0.09558218717575073,0.05060829967260361,0.049853306263685226,-0.000576432968955487,-0.0003641784132923931,0.2605198323726654,0.19460199773311615,0.19488492608070374,0.0016812188550829887,0.026027807965874672,0.031182100996375084,-0.0011048089945688844,0.004527837969362736,2.337619653403067e-09,-3.5241246365558254e-08,1.5728176094853552e-07,-4.4312329805507034e-08,1.3552606503708375e-07,5.971640604229833e-08,-4.142522769257084e-08,1.7968937982004718e-07,-3.6191195817991684e-08,1.4469027576069493e-07
00:00:07:08.149,61,1.2431293328063475e-07,3.036111451137913e-08,-6.100162863731384e-08,3.887340582764409e-08,-9.763985531208164e-08,0.00323057291097939,0.44101569056510925,-1.369137265783138e-07,-6.854534007061375e-08,2.130865972560514e-08,-6.824266307603466e-08,1.3265758980196551e-07,0.003230359638109803,0.4413165748119354,0.00944436527788639,-0.0005477409576997161,0.01087481901049614,0.02637457847595215,0.00465761311352253,0.1170588880777359,0.1108364462852478,0.009460095316171646,-0.00017895724158734083,0.010952857322990894,0.012935164384543896,0.0014864531112834811,0.0031289642211049795,0.00274180737324059,0.0009523566113784909,0.011132422834634781,0.008265426382422447,2.6466250346857123e-05,0.004970463924109936,0.0005847811698913574,0.004067043773829937,-0.00030443791183643043,0.0006273718317970634,0.09139351546764374,0.08286336809396744,0.04063250496983528,0.03989323601126671,-0.000428091298090294,-0.0002043664426309988,0.2528056800365448,0.18838706612586975,0.18867149949073792,0.0017660737503319979,0.025024473667144775,0.030216040089726448,-0.001288645900785923,0.0038300580345094204,2.46800491154886e-09,-3.4645200486238537e-08,1.584365918461117e-07,-4.3846668518199294e-08,1.392140944744824e-07,6.076181335856745e-08,-4.345551118944968e-08,1.8281862423918938e-07,-3.825873307050642e-08,1.4953315030652448e-07
00:00:07:10.166,61,1.206249038432361e-07,3.010034532735517e-08,-5.986541395941458e-08,3.756955280209695e-08,-9.472481821148904e-08,0.0035659109707921743,0.4450027346611023,-1.328810981249262e-07,-6.59562644500511e-08,2.1755695911451767e-08,-6.653834105918577e-08,1.2986362207811908e-07,0.0035671060904860497,0.44530895352363586,0.00903565064072609,-0.0005535590462386608,0.0090611781924963,0.023748435080051422,0.006824439391493797,0.10150989890098572,0.12275651842355728,0.009394383989274502,-0.00015370483743026853,0.004674579948186874,0.007155914790928364,0.002399285789579153,0.004255189560353756,0.002908158814534545,0.0011286261724308133,0.0099870590493083,0.006660426966845989,0.00010249733895761892,0.004912434611469507,0.0008195859263651073,0.003227170091122389,-0.00012801236880477518,0.0008286472875624895,0.07730215787887573,0.06867989152669907,0.028164682909846306,0.02757922001183033,-0.0004986143321730196,-0.000280325417406857,0.24718879163265228,0.18177515268325806,0.18205386400222778,0.0019632575567811728,0.02426217496395111,0.029493045061826706,-0.001241901540197432,0.0032993536442518234,2.358574446859052e-09,-3.425404315748892e-08,1.5521422369602078e-07,-4.33251265974377e-08,1.3493001915776404e-07,5.920650281154849e-08,-4.16859968765948e-08,1.781340728257419e-07,-3.67127341860396e-08,1.4431775241519063e-07
00:00:07:11.183,61,1.4040618623312184e-07,2.1103769398678196e-08,-5.934387559136667e-08,4.70783554362697e-08,-1.127645390397447e-07,0.0041578044183552265,0.45152729749679565,-1.5601516167862428e-07,-8.553266184208042e-08,7.525086331838793e-09,-7.245689914725517e-08,1.3640151053095906e-07,0.004161268472671509,0.45184722542762756,0.008616123348474503,-0.0005150882643647492,0.007572357542812824,0.02491101808845997,0.010679971426725388,0.08090837299823761,0.1317819058895111,0.009658072143793106,-8.478319068672135e-05,-0.0003053557884413749,0.002122873906046152,0.01051703654229641,0.012765630148351192,0.003103570081293583,0.0012924456968903542,0.009207898750901222,0.005106873344630003,0.00014131248462945223,0.004922923631966114,0.00042061731801368296,0.0019842784386128187,0.0003091472899541259,0.0012561423936858773,0.06286494433879852,0.05405830964446068,0.01076202280819416,0.009999079629778862,-0.0004060459032189101,-0.00021684943931177258,0.24216251075267792,0.17207388579845428,0.17235416173934937,0.0021623196080327034,0.022236477583646774,0.0269679706543684,-0.0013147202553227544,0.0017689764499664307,3.4435652107589476e-09,-2.864748260833494e-08,1.595914369545426e-07,-3.6507845635469494e-08,1.6070902120191022e-07,6.55674341487611e-08,-5.919486412153674e-08,1.9643455573259416e-07,-5.358830179602592e-08,1.8227845544060983e-07
00:00:07:12.200,61,1.453701372611249e-07,7.674097801668722e-09,-5.1166860970397465e-08,5.1967798953000965e-08,-1.1903233598786755e-07,0.004430415574461222,0.4556347727775574,-1.6277655845442496e-07,-9.72859552916816e-08,-9.723007288187091e-09,-6.993300871727115e-08,1.2647360847495293e-07,0.004446160979568958,0.45596516132354736,0.007967020384967327,-0.0004052869335282594,0.005179992411285639,0.027247576043009758,0.0180368609726429,0.06002545729279518,0.13222654163837433,0.010142412036657333,-0.00016424203931819648,-0.0019446018850430846,0.0009641697979532182,0.026603715494275093,0.029269518330693245,0.00302519416436553,0.0012113788397982717,0.008722444996237755,0.0034652685280889273,0.0005703437491320074,0.005367553327232599,0.0001112222671508789,0.001090741017833352,0.00042176313581876457,0.0013336989795789123,0.050896067172288895,0.04176468774676323,0.0015619456535205245,0.0009966868674382567,-0.00045314282760955393,-0.0003035968402400613,0.23957179486751556,0.16005441546440125,0.16033872961997986,0.0024353545159101486,0.01988980919122696,0.024317368865013123,-0.001076315063983202,0.0007383012562058866,4.289904431686864e-09,-1.8365680531928774e-08,1.4390796820862306e-07,-2.3916364000342583e-08,1.6992912321711628e-07,6.449874234704112e-08,-7.1898099918144e-08,1.9238331105952966e-07,-6.698071786104265e-08,2.028793062436307e-07
00:00:07:13.216,61,1.314096209625859e-07,1.2796371962053854e-08,-5.0533561335441846e-08,4.558824073797041e-08,-1.0672956562984837e-07,0.005280020646750927,0.45913583040237427,-1.4660879799066606e-07,-8.422881592196063e-08,-1.4528631631094413e-09,-6.536021857073138e-08,1.2049451925122412e-07,0.00530206598341465,0.45947447419166565,0.007680035196244717,-0.00031675503123551607,0.002896568737924099,0.03373688831925392,0.03038257174193859,0.041342705488204956,0.12590664625167847,0.010762732475996017,-0.00019916704331990331,-0.0019200077513232827,0.0009760950342752039,0.04342864081263542,0.04629100486636162,0.003241960657760501,0.001276430324651301,0.010544788092374802,0.002959410659968853,0.0018282735254615545,0.006799301598221064,-0.00038835525629110634,0.0008467507432214916,0.00027357254293747246,0.0011273411801084876,0.04532589390873909,0.03622601181268692,-0.0009698377689346671,-0.0010027423268184066,-0.0005502367275767028,-0.0004444092628546059,0.23623886704444885,0.14582620561122894,0.14609041810035706,0.002531319623813033,0.01833450235426426,0.022516977041959763,-0.0006953710108064115,0.00014374942111317068,3.5774427864510017e-09,-2.1271407746326076e-08,1.3910234031300206e-07,-2.7511269706792518e-08,1.5221536386889056e-07,5.976064443302675e-08,-6.064772861691381e-08,1.786090422228881e-07,-5.586072759911076e-08,1.7698853582714946e-07
00:00:07:14.233,61,1.368112805266719e-07,-5.401670777338552e-10,-4.265457320684618e-08,5.074776865399144e-08,-1.1332333116342852e-07,0.005657753441482782,0.459783136844635,-1.5374273232282576e-07,-9.628012520579432e-08,-1.8738210982860437e-08,-6.312038891564953e-08,1.1121854015527788e-07,0.0056803105399012566,0.4601457118988037,0.007352316286414862,-0.0002480758703313768,0.001262649311684072,0.04109707474708557,0.04179273918271065,0.02808697707951069,0.11491666734218597,0.011691019870340824,-0.00027512465021573007,-0.0016647346783429384,0.0005335855530574918,0.05070681869983673,0.05352663993835449,0.0037302053533494473,0.0015823465073481202,0.011899742297828197,0.0023745610378682613,0.003516930853947997,0.008580664172768593,-0.0009053233079612255,0.0006240871734917164,0.0002890866599045694,0.001122787594795227,0.04551060497760773,0.03629027679562569,-0.0012950249947607517,-0.0011780433123931289,-0.0003486524510663003,-0.0002744921948760748,0.2336578369140625,0.13299696147441864,0.1332472264766693,0.0025182804092764854,0.017300212755799294,0.021054457873106003,-0.0003454037068877369,-0.0003371156635694206,4.420289911877262e-09,-1.1082738282652826e-08,1.2431293328063475e-07,-1.5348195603337444e-08,1.6227365051690867e-07,5.894806065498415e-08,-7.372349841716641e-08,1.7535872132157238e-07,-6.906688554408902e-08,1.9881873924987303e-07
00:00:07:14.250,61,1.4251098434669984e-07,1.0374933800960662e-08,-5.2284448770478775e-08,5.033798444742388e-08,-1.1625699869455275e-07,0.006075275596231222,0.45229026675224304,-1.5930272923014854e-07,-9.352341123758379e-08,-5.848705963984457e-09,-6.963964693795788e-08,1.269765164124692e-07,0.0061007048934698105,0.4526606500148773,0.0068198638036847115,-0.00021948337962385267,8.45164049678715e-06,0.045429859310388565,0.04767913743853569,0.023718228563666344,0.10340529680252075,0.01224423199892044,-0.000269070005742833,-0.0010148764122277498,0.0009956562425941229,0.04521752893924713,0.04803989455103874,0.004170219413936138,0.0019818758592009544,0.013667476363480091,0.0032795281149446964,0.005055401474237442,0.009898415766656399,-0.0011413785396143794,0.0008564812014810741,0.0003091936814598739,0.0011744427029043436,0.05256976932287216,0.04363057017326355,-0.0011262391926720738,-0.0005297973984852433,-0.0005703279166482389,-0.0005035194917581975,0.2272130399942398,0.12278573215007782,0.12302934378385544,0.002506168792024255,0.016338776797056198,0.020241284742951393,-0.00035212040529586375,-0.0003152942517772317,4.061730507487482e-09,-2.0172446824062717e-08,1.4564022876584204e-07,-2.659857223363815e-08,1.662969566496031e-07,6.40144577346291e-08,-6.83590783978616e-08,1.909956353074449e-07,-6.331131174874827e-08,1.958012632030659e-07
00:00:07:15.266,61,1.3335608173292712e-07,2.1234154434779384e-09,-4.358589578146166e-08,4.877336223785278e-08,-1.1015683298865042e-07,0.006693649105727673,0.4371602535247803,-1.4976598095017835e-07,-9.212642737566057e-08,-1.4752149724017727e-08,-6.259884344217426e-08,1.1157244728110527e-07,0.006722597870975733,0.43751633167266846,0.0064664483070373535,-0.00022209509916137904,-0.00044184879516251385,0.04855231195688248,0.04717100039124489,0.029430612921714783,0.09183580428361893,0.012285721488296986,-0.00015005873865447938,-0.0001674520899541676,0.0013589700683951378,0.027973756194114685,0.03039337694644928,0.003963566850870848,0.0018223307561129332,0.014834003522992134,0.004281150177121162,0.0038231939543038607,0.009697098284959793,-0.0011740863556042314,0.001217339769937098,0.0002489433391019702,0.001143678673543036,0.06662657856941223,0.05781663581728935,-0.0010144099360331893,-0.00012328654702287167,-0.0005211124080233276,-0.00043282657861709595,0.21765322983264923,0.11291200667619705,0.11313982307910919,0.0021996728610247374,0.016434824094176292,0.0205545611679554,-0.0008650755626149476,-0.00044704496394842863,4.1653400728591805e-09,-1.3001263177159217e-08,1.253560242275853e-07,-1.765787516205819e-08,1.5752389970202785e-07,5.820533388600779e-08,-6.977468558488908e-08,1.730024763446636e-07,-6.506219563107152e-08,1.9147992702528427e-07
00:00:07:16.283,61,1.4618970567426004e-07,-8.58679438664467e-09,-3.974884776880572e-08,5.611218512058258e-08,-1.2257136461357732e-07,0.009559021331369877,0.3920672535896301,-1.652911265637158e-07,-1.0769814196009975e-07,-2.957880518295042e-08,-6.475485747614584e-08,1.1110678599379753e-07,0.009588737040758133,0.39239606261253357,0.006260968279093504,-0.00043361782445572317,-0.0008519241237081587,0.052732571959495544,0.047142144292593,0.04328564554452896,0.08619561791419983,0.012108739465475082,-0.00013436717563308775,0.004583186004310846,0.004819163121283054,0.004113221541047096,0.00597051065415144,0.003911692649126053,0.0016981580993160605,0.01552014984190464,0.004364135675132275,0.00284903054125607,0.010902125388383865,-0.0011531150666996837,0.00080811174120754,0.00030351613531820476,0.0012735927011817694,0.0857078805565834,0.07770746946334839,-0.0005755442543886602,0.000225433410378173,-0.0005640775198116899,-0.0004101628146599978,0.20764879882335663,0.1004229187965393,0.10062717646360397,0.002113933442160487,0.01898355409502983,0.023548617959022522,-0.0010905057424679399,-0.00047260106657631695,5.122274160385132e-09,-5.345791365130026e-09,1.214258418258396e-07,-8.735805856474599e-09,1.754052902924741e-07,6.120419016042433e-08,-8.460133926746494e-08,1.8130522505543922e-07,-7.9907479744179e-08,2.2105872687916417e-07
00:00:07:17.299,61,1.6182660544927785e-07,-3.855675334563102e-09,-4.8317016165810855e-08,6.06756671572839e-08,-1.3474374327415717e-07,0.012996205128729343,0.31693634390830994,-1.8264167067627568e-07,-1.1594966053962708e-07,-2.562999767974361e-08,-7.370021393171555e-08,1.2882054534202325e-07,0.01305825263261795,0.3172052204608917,0.0065360055305063725,-0.0004526050470303744,-0.0012751552276313305,0.0535908080637455,0.04536852240562439,0.06319979578256607,0.08869712799787521,0.011379532516002655,-0.000204396914341487,0.03241492435336113,0.031046418473124504,0.0009285873384214938,0.0021924087777733803,0.004023532848805189,0.0018390024779364467,0.01549666840583086,0.004603127017617226,0.002454916248098016,0.011842024512588978,-0.0008771941065788269,0.00026766478549689054,0.0004175331851001829,0.0013706606114283204,0.10305164009332657,0.09616068750619888,0.0019155240152031183,0.0021052826195955276,-0.0005089211626909673,-0.00033173084375448525,0.2005382925271988,0.0951506495475769,0.09534244239330292,0.0022835058625787497,0.0258316807448864,0.03086361661553383,-0.0006957745645195246,-0.00021852791542187333,5.3760595974949865e-09,-1.065432986280257e-08,1.42194323871081e-07,-1.4994293806580572e-08,1.9228086500788777e-07,6.899004745264392e-08,-8.920207505980216e-08,2.0510516662852751e-07,-8.402392381867685e-08,2.391263933532173e-07
00:00:07:18.316,61,1.4018267791016115e-07,1.3019889166798748e-08,-5.364417887676609e-08,4.8764050575300644e-08,-1.1393800036785251e-07,0.02123034931719303,0.24143315851688385,-1.567322698292628e-07,-9.041279724897322e-08,-1.974403751603404e-09,-6.955117015650103e-08,1.2826174611291208e-07,0.021329116076231003,0.24163128435611725,0.007295623887330294,-0.0004897176404483616,-0.0005491781048476696,0.05192635953426361,0.0381464846432209,0.07460937649011612,0.08116476237773895,0.009686879813671112,-0.00032478413777425885,0.07020694017410278,0.06699752807617188,-0.00012665509711951017,0.0009470558143220842,0.004356401041150093,0.002550085773691535,0.01276457030326128,0.003406440606340766,0.0016180091770365834,0.012103181332349777,5.061149568064138e-05,-0.0008548242039978504,9.959861927200109e-05,0.0008829179569147527,0.10875915735960007,0.10305336862802505,0.007424382027238607,0.005944442935287952,-0.00041092216270044446,-0.00016671896446496248,0.1987507939338684,0.09487359970808029,0.09505700320005417,0.0023440385702997446,0.03886894881725311,0.04420548304915428,0.0019295269157737494,0.0019421338802203536,3.823079186560108e-09,-2.2202730320941555e-08,1.4731659803146613e-07,-2.8759240322528967e-08,1.6225502008637704e-07,6.348360415131538e-08,-6.474554226088003e-08,1.9011088170373114e-07,-5.979090644814278e-08,1.9051134358960553e-07
00:00:07:19.333,61,1.0401942063253955e-07,3.2708047825735775e-08,-5.649402723406638e-08,3.0789525595764644e-08,-8.062459500024488e-08,0.02536839433014393,0.18518833816051483,-1.140777001751303e-07,-5.31971444672763e-08,2.6859343194018948e-08,-5.971640604229833e-08,1.1865049742709743e-07,0.025477245450019836,0.1853448897600174,0.007794487290084362,-0.0006004054448567331,0.0014614737592637539,0.04731060937047005,0.027789585292339325,0.08420859277248383,0.070381298661232,0.008669842034578323,-0.0002979658602271229,0.10302270203828812,0.0989517793059349,-4.7626792365917936e-05,0.0009351378539577127,0.004515615291893482,0.0031116572208702564,0.009225156158208847,0.0015633616130799055,0.0014550620689988136,0.011297929100692272,0.0006511229439638555,-0.0009030438959598541,-9.686194243840873e-05,0.0006254534237086773,0.11295274645090103,0.10807004570960999,0.0262280385941267,0.024026351049542427,-0.0007650670595467091,-0.00048070549382828176,0.1962261199951172,0.09667526185512543,0.09686809778213501,0.0023239976726472378,0.051626671105623245,0.05720797926187515,0.00942088570445776,0.010224562138319016,1.6961712034913035e-09,-3.4924596548080444e-08,1.4359130773300421e-07,-4.373490725129159e-08,1.1447816916643205e-07,5.2540563899583503e-08,-3.082677579868687e-08,1.5878119086210063e-07,-2.6375055028893257e-08,1.1757015982993835e-07
00:00:07:20.349,61,6.687361775448153e-08,2.006068910986869e-08,-3.558583472340615e-08,2.0088627650238777e-08,-5.202367958645482e-08,0.02604978159070015,0.13319557905197144,-7.336959129133902e-08,-3.4794211956068466e-08,1.6018748993928966e-08,-3.806315262977478e-08,7.519498268493408e-08,0.026139531284570694,0.1332794427871704,0.007512484677135944,-0.0007387307123281062,0.004898072686046362,0.03553019464015961,0.01826266571879387,0.08990436792373657,0.063812255859375,0.006558123975992203,-0.00021518877474591136,0.1273007094860077,0.1243772879242897,-0.0002782961819320917,0.000587212445680052,0.0035600652918219566,0.0027797757647931576,0.005865776911377907,0.00040838151471689343,0.0005786698893643916,0.009315160103142262,0.0006750806933268905,0.0010242393473163247,-0.000286296010017395,0.00046591967111453414,0.10944125801324844,0.10556267946958542,0.046509385108947754,0.044778358191251755,-0.0006526427459903061,-0.0003161735075991601,0.194795623421669,0.10240401327610016,0.10257820039987564,0.001495996955782175,0.06222532317042351,0.0690850093960762,0.02860194444656372,0.03144766390323639,1.131556959244051e-09,-2.1606684441621837e-08,9.067356643299718e-08,-2.719461988931471e-08,7.383525257864676e-08,3.344495880241993e-08,-2.08429984382974e-08,1.011788839377914e-07,-1.7974524979536e-08,7.700175075342486e-08
00:00:07:21.366,61,8.533708495406245e-08,2.4251640695638343e-08,-4.432164146805917e-08,2.5918707180494494e-08,-6.656162554463663e-08,0.029313869774341583,0.09275541454553604,-9.393319544415135e-08,-4.507601403247463e-08,1.847744002247964e-08,-4.8000366348333046e-08,9.434297965071892e-08,0.029404230415821075,0.09280820190906525,0.007530364207923412,-0.000843139598146081,0.007115007843822241,0.028231721371412277,0.012760501354932785,0.08728582412004471,0.05671228840947151,0.005341694224625826,-4.673150760936551e-05,0.1464492827653885,0.14403651654720306,-0.00033923983573913574,0.0005761271459050477,0.0029078328516334295,0.0025476282462477684,0.004635135177522898,0.000774195184931159,0.0006515178247354925,0.007993563078343868,0.0016993392491713166,0.002857971005141735,-0.00016877792950253934,0.0004322032618802041,0.102448008954525,0.09912236034870148,0.060227617621421814,0.05833366513252258,-0.0010341006563976407,-0.0006186783430166543,0.19809505343437195,0.11442933231592178,0.11461662501096725,0.0014518862590193748,0.0711340457201004,0.07857725769281387,0.045977264642715454,0.04972128942608833,1.5075783954543454e-09,-2.656132025435909e-08,1.1373311536999609e-07,-3.339722809414525e-08,9.45106179983668e-08,4.235655026718632e-08,-2.7269125624229673e-08,1.2804754589978984e-07,-2.3953615979621645e-08,9.9726022995128e-08
00:00:07:22.383,61,9.387731836341118e-08,1.018866857549483e-08,-3.706663775915331e-08,3.231689404969984e-08,-7.598660545227176e-08,0.02883610688149929,0.08014004677534103,-1.0503455882826529e-07,-5.956739101975472e-08,3.3527614018424856e-10,-4.72553089991834e-08,8.754432201385498e-08,0.028917618095874786,0.0801781564950943,0.0082356296479702,-0.000885535788256675,0.008303072303533554,0.019939569756388664,0.00827061664313078,0.07973019778728485,0.05445052310824394,0.00429155770689249,-0.00010592621401883662,0.15915513038635254,0.15757222473621368,-0.0005571931833401322,0.0003919383743777871,0.0037846651393920183,0.0037932756822556257,0.0035107845906168222,0.00025596885825507343,0.00088481605052948,0.0064516873098909855,0.011290648020803928,0.012513476423919201,0.0007980247610248625,0.0015315025812014937,0.08801845461130142,0.08528148382902145,0.06721321493387222,0.06562303751707077,-0.0006963956402614713,-0.0002517199609428644,0.20994575321674347,0.125511035323143,0.12572798132896423,0.001102639827877283,0.07986161857843399,0.08825868368148804,0.052505578845739365,0.05796255171298981,2.473825588822365e-09,-1.6205012443037958e-08,1.0065734556974348e-07,-2.0805746459018337e-08,1.0762363444882794e-07,4.267087305720452e-08,-4.213303483879827e-08,1.284573158955027e-07,-3.894790978620222e-08,1.2647360847495293e-07
00:00:07:23.399,61,1.124758242099233e-07,1.862645149230957e-08,-4.900619288150665e-08,3.71318300551593e-08,-8.988194366565949e-08,0.025575490668416023,0.09561849385499954,-1.251511321243015e-07,-6.739050206761021e-08,8.475035784272222e-09,-5.8845618156055934e-08,1.1142343225856166e-07,0.025657039135694504,0.09566007554531097,0.009584447368979454,-0.0008629020885564387,0.008702532388269901,0.014540809206664562,0.006975505501031876,0.060440272092819214,0.056576114147901535,0.003289341228082776,-2.594625584606547e-05,0.16977740824222565,0.16810989379882812,-0.0005667543155141175,0.0003177118196617812,0.004204343073070049,0.0043522389605641365,0.0037850309163331985,-8.047133451327682e-05,0.0012600688496604562,0.0048949397169053555,0.029463263228535652,0.026899471879005432,0.001999587519094348,0.002867745701223612,0.07214730978012085,0.06946832686662674,0.06747911125421524,0.06668509542942047,-0.0006282335380092263,-0.00022215604258235544,0.21789537370204926,0.140107199549675,0.14033153653144836,0.0010152870090678334,0.08421539515256882,0.09426317363977432,0.06025563180446625,0.06744179874658585,2.6437918521082793e-09,-2.481043281932216e-08,1.3036653001563536e-07,-3.10130410241527e-08,1.2736767018850514e-07,5.266163327632967e-08,-4.5765190748170426e-08,1.5894882210432115e-07,-4.166737355149053e-08,1.4431775241519063e-07
00:00:07:25.416,61,1.1026859425555813e-07,3.408640480984104e-08,-5.9502198723748734e-08,3.274530158137168e-08,-8.547678476134024e-08,0.022628018632531166,0.12550008296966553,-1.212488882629259e-07,-5.63263888864185e-08,2.7809292646452377e-08,-6.334390434403758e-08,1.2552365546980582e-07,0.022728318348526955,0.1255631297826767,0.010527869686484337,-0.0006437882548198104,0.00753773795440793,0.010119089856743813,0.006282240152359009,0.04996766522526741,0.0602184422314167,0.002728129271417856,1.5632867871318012e-05,0.1762065291404724,0.1752239167690277,-0.0007506757974624634,0.00019744306337088346,0.004435108974575996,0.004837253130972385,0.003301032818853855,-0.0003692205355037004,0.0023081833496689796,0.003449318464845419,0.047078751027584076,0.04009312763810158,0.0031056166626513004,0.004101934842765331,0.06083277612924576,0.05816952884197235,0.06911280751228333,0.0687151849269867,-0.00042348980787210166,-9.113371197599918e-05,0.2230711132287979,0.15361103415489197,0.15384288132190704,0.0011697043664753437,0.08754745125770569,0.09928172826766968,0.06351664662361145,0.0725916251540184,1.8032733084538677e-09,-3.7010760678413135e-08,1.5106051876045967e-07,-4.5783817625988377e-08,1.2078322697561816e-07,5.53182317730716e-08,-3.274530158137168e-08,1.6778707845332974e-07,-2.8368084770136193e-08,1.2513250169376988e-07
00:00:07:26.433,61,1.3013836053232808e-07,3.632158041000366e-08,-6.743707103851193e-08,3.959983629897579e-08,-1.0143965312181535e-07,0.018198123201727867,0.16444003582000732,-1.4336779941004352e-07,-6.897374760228558e-08,2.801418297337932e-08,-7.34021909920557e-08,1.442246144733872e-07,0.01829754188656807,0.16454273462295532,0.011461691930890083,-0.0006274902843870223,0.006777037866413593,0.00779110798612237,0.006365227047353983,0.04012705013155937,0.06114073842763901,0.002976150019094348,5.593979949480854e-06,0.17614781856536865,0.1754387468099594,-0.0008293172577396035,-0.0001058319176081568,0.005198325030505657,0.0056291427463293076,0.0035996471997350454,-0.0002637958386912942,0.004007531329989433,0.0031781529542058706,0.05790608376264572,0.048381347209215164,0.003705243580043316,0.004833258222788572,0.05107925459742546,0.048593055456876755,0.06612739711999893,0.06633070111274719,-0.0005865144776180387,-0.00026032625464722514,0.23159819841384888,0.16575437784194946,0.1659950315952301,0.0013186581199988723,0.08727054297924042,0.10024911165237427,0.060867950320243835,0.07139866054058075,2.3294706164023182e-09,-4.058703950704512e-08,1.7261132256862766e-07,-5.031004590705379e-08,1.4341436838094523e-07,6.442307665111002e-08,-4.174187751004865e-08,1.950748327317342e-07,-3.6507845635469494e-08,1.5154481047829904e-07
00:00:07:27.450,61,1.4994759567343863e-07,3.2223759660610085e-08,-7.06594462940302e-08,4.779547424504926e-08,-1.1857598991582563e-07,0.014265913516283035,0.20433814823627472,-1.660734483266424e-07,-8.562579978388385e-08,2.0079314211329802e-08,-8.109025628755262e-08,1.5614554627063626e-07,0.014369525946676731,0.20447716116905212,0.011851685121655464,-0.00047395002911798656,0.005599705968052149,0.006572080310434103,0.006892605219036341,0.032955750823020935,0.05985816568136215,0.003191594732925296,-3.816947355517186e-05,0.1741013377904892,0.17372578382492065,-0.0006716425996273756,-9.591013076715171e-05,0.0061575062572956085,0.006546767428517342,0.00433374335989356,0.000343704508850351,0.006995758041739464,0.003487428417429328,0.06547687947750092,0.05313892289996147,0.004169031046330929,0.005410443991422653,0.044402673840522766,0.042006079107522964,0.061979688704013824,0.0626135766506195,-0.0007750171353109181,-0.0004892504075542092,0.24254430830478668,0.18032211065292358,0.18055465817451477,0.0017240748275071383,0.08552732318639755,0.09978634119033813,0.05616879463195801,0.067771777510643,3.168824980193108e-09,-3.8892029152748364e-08,1.844391164240733e-07,-4.8335643043628806e-08,1.6787089407444e-07,7.194583417913236e-08,-5.539506631180302e-08,2.1724029863889882e-07,-4.9751250230656296e-08,1.846626389578887e-07
00:00:07:28.466,61,1.458264904385942e-07,3.3341347460691395e-08,-7.022172354709255e-08,4.600733660709011e-08,-1.1500902274974578e-07,0.012327760457992554,0.24758468568325043,-1.6132369751176157e-07,-8.195638656616211e-08,2.1923334259099647e-08,-7.963739534488923e-08,1.5400350150684972e-07,0.012443579733371735,0.24776878952980042,0.012608558870851994,-0.0003209412971045822,0.004057241603732109,0.006418678909540176,0.008220561780035496,0.025978244841098785,0.054953716695308685,0.004252946004271507,-5.01793620060198e-05,0.17039909958839417,0.17000511288642883,-0.0004545193805824965,7.515132165281102e-05,0.007498569320887327,0.0077200462110340595,0.00642583379521966,0.001354169799014926,0.010761700570583344,0.0045792581513524055,0.06726431101560593,0.052951935678720474,0.004192690830677748,0.005555834621191025,0.04484884440898895,0.04190991446375847,0.05590517446398735,0.056784357875585556,-0.0005783605738542974,-0.00032810389529913664,0.25319594144821167,0.19447746872901917,0.19471333920955658,0.0019273991929367185,0.08320628851652145,0.09812778234481812,0.051183704286813736,0.06272123008966446,2.989545500042823e-09,-3.932044023713388e-08,1.824088400326218e-07,-4.922971186260838e-08,1.6295351201733865e-07,7.048831207612238e-08,-5.256384483232068e-08,2.1285377727053856e-07,-4.664063624204573e-08,1.7769635007880424e-07
00:00:07:29.483,61,1.1476280548095019e-07,2.6647466455642643e-08,-5.5573181612089684e-08,3.6110868961714004e-08,-9.044422455417589e-08,0.010769004933536053,0.263746440410614,-1.269968947781308e-07,-6.418442666245028e-08,1.8036224957995728e-08,-6.286631304419643e-08,1.2163945939391851e-07,0.01089010201394558,0.2639571726322174,0.01399849634617567,-7.672960055060685e-05,0.003589174710214138,0.009530222974717617,0.012160965241491795,0.03338019922375679,0.043740369379520416,0.004930166993290186,-0.0001665145537117496,0.16510215401649475,0.16402733325958252,-0.00044541165698319674,0.00027382001280784607,0.00888177752494812,0.008868636563420296,0.012166145257651806,0.006442476529628038,0.013615362346172333,0.005824755411595106,0.06398317962884903,0.05059387534856796,0.0036506117321550846,0.005103585310280323,0.06128908693790436,0.05802227184176445,0.05867020785808563,0.05931290611624718,-0.0005700404290109873,-0.00040757664828561246,0.27687519788742065,0.2172517329454422,0.21749354898929596,0.002025166293606162,0.08291836827993393,0.09706424921751022,0.045186929404735565,0.05657061189413071,2.3199391296913063e-09,-3.1280798395982856e-08,1.4433403805469425e-07,-3.9197040280214424e-08,1.2810225769044337e-07,5.557405557965467e-08,-4.1035235653907876e-08,1.67740211054479e-07,-3.639375734110217e-08,1.3927463271556917e-07
00:00:07:29.500,61,1.0020855967241005e-07,7.3527917088256345e-09,-3.678840698739805e-08,3.533437720193433e-08,-8.170609078206326e-08,0.010646885260939598,0.25372639298439026,-1.1241645836435055e-07,-6.590271084405686e-08,-4.018656962756495e-09,-4.925998098315176e-08,8.975388254839345e-08,0.010761719197034836,0.25395795702934265,0.014869282022118568,-7.598627416882664e-05,0.004349210765212774,0.019326582551002502,0.01635480299592018,0.06546967476606369,0.03327962011098862,0.005769297480583191,-0.0001836770388763398,0.16894052922725677,0.16625574231147766,-0.0004980556550435722,0.00015571914264000952,0.009852416813373566,0.009693993255496025,0.017653927206993103,0.012525860220193863,0.011843442916870117,0.007272433023899794,0.047207269817590714,0.04076742008328438,0.003253223607316613,0.00462100375443697,0.10665895789861679,0.10282975435256958,0.06749561429023743,0.0673002377152443,-0.0007560616941191256,-0.0006398841505870223,0.3024016320705414,0.23714488744735718,0.23740988969802856,0.001667665783315897,0.0883561447262764,0.1007450520992279,0.04330609366297722,0.053456682711839676,2.827582612496826e-09,-1.4482066212906375e-08,1.0230112934550561e-07,-1.894310130978738e-08,1.1629890650510788e-07,4.481887927454409e-08,-4.7814101122867214e-08,1.342082356359242e-07,-4.4419429912068153e-08,1.380406331463746e-07
00:00:07:30.516,61,9.29087420331598e-08,1.0754447110628007e-08,-3.72389337144341e-08,3.1834932912033764e-08,-7.507798471806382e-08,0.013784549199044704,0.2410726547241211,-1.0400952277223041e-07,-5.865586061304384e-08,1.4645047397010558e-09,-4.71720689176891e-08,8.751056412847902e-08,0.013880450278520584,0.2413153201341629,0.016881469637155533,-0.00031705742003396153,0.007417752873152494,0.05610980838537216,0.01780109852552414,0.11082544922828674,0.02506597526371479,0.005846625659614801,-0.00010544717952143401,0.1669260561466217,0.16525718569755554,-0.0004400341131258756,2.945255437225569e-05,0.010029568336904049,0.009573327377438545,0.025076966732740402,0.020467644557356834,0.008259935304522514,0.007976192981004715,0.026359546929597855,0.02882528491318226,0.0022504786029458046,0.003632897976785898,0.16854672133922577,0.1644326150417328,0.08430299907922745,0.08405647426843643,-0.001100893714465201,-0.0008890595054253936,0.3230123221874237,0.2526131272315979,0.2528752386569977,0.0012585105141624808,0.09627492725849152,0.10761500149965286,0.04299057647585869,0.05336315184831619,2.4295150335973403e-09,-1.6618287190794945e-08,1.0077259560148377e-07,-2.1604355637805384e-08,1.0679010387093513e-07,4.260625985352817e-08,-4.1268066297561745e-08,1.276409591355332e-07,-3.7850114154025505e-08,1.2410804117735097e-07
00:00:07:31.533,61,5.3581317160933395e-08,1.324806397917655e-08,-2.6437920297439632e-08,1.66543756563442e-08,-4.215864635170874e-08,0.018379492685198784,0.2283521145582199,-5.9360171889011326e-08,-2.9718503213871372e-08,9.508803522351172e-09,-2.957880518295042e-08,5.741603814612972e-08,0.018486572429537773,0.22860032320022583,0.023454494774341583,-0.0003862168232444674,0.013237953186035156,0.12215397506952286,0.012836047448217869,0.1527027040719986,0.00861093495041132,0.006158857140690088,-0.000308239454170689,0.15877126157283783,0.15860840678215027,-1.3506487448466942e-05,0.00019601431267801672,0.012313948012888432,0.011376681737601757,0.03504421189427376,0.03138533979654312,0.004504681099206209,0.009216324426233768,0.010674056597054005,0.015309605747461319,0.0014007524587213993,0.002616317244246602,0.2865898311138153,0.28297436237335205,0.11008215695619583,0.11023297160863876,-0.0011071956250816584,-0.0008199954172596335,0.338570237159729,0.25918203592300415,0.2594183683395386,0.0009223355446010828,0.09824634343385696,0.10774993151426315,0.03631303459405899,0.0455680750310421,1.0561780339202187e-09,-1.5120022567316482e-08,6.911344740956338e-08,-1.9399449158186144e-08,6.035435973217318e-08,2.636399543121115e-08,-1.8505380339206567e-08,7.922295708340243e-08,-1.6256235468858904e-08,6.433576515973982e-08
00:00:07:32.549,61,9.336567075024504e-08,1.8640420762494614e-08,-4.2919999998503044e-08,3.009976268231185e-08,-7.410126556806063e-08,0.01929600164294243,0.21723568439483643,-1.0360206914583614e-07,-5.4218109113435276e-08,1.088716050645644e-08,-4.9967493254143847e-08,9.555835589480921e-08,0.019390331581234932,0.21747522056102753,0.03335835412144661,-0.000404259713832289,0.018046606332063675,0.168703094124794,0.006319593172520399,0.1644405573606491,0.0017345343949273229,0.0067108916118741035,-0.00031587400007992983,0.16584007441997528,0.16578470170497894,-0.0008186351042240858,-0.0006599679472856224,0.016970688477158546,0.015782227739691734,0.049091558903455734,0.04522112011909485,0.0012155907461419702,0.009481859393417835,0.002956551965326071,0.007309413515031338,0.0006338062812574208,0.0017382336081936955,0.3828827738761902,0.3788554072380066,0.13283421099185944,0.13302081823349,-0.0010460694320499897,-0.0007394479471258819,0.3550897538661957,0.2588837742805481,0.25913289189338684,0.0006578598986379802,0.09937383979558945,0.10706551373004913,0.030568165704607964,0.03940941020846367,2.050946967813161e-09,-2.3049070208003286e-08,1.1369004226935431e-07,-2.9213261143468117e-08,1.0561780072748661e-07,4.481931625832658e-08,-3.5507838447301765e-08,1.3456359226893255e-07,-3.181048668920994e-08,1.163082217203737e-07
00:00:07:33.566,61,7.618451292046302e-08,1.0072253253667895e-08,-3.1178352344340965e-08,2.5705666928388382e-08,-6.136484387297969e-08,0.020516162738204002,0.2044714093208313,-8.493778125284734e-08,-4.701549016772333e-08,2.654269248836272e-09,-3.8947327141158894e-08,7.271417246101919e-08,0.020608678460121155,0.2047116905450821,0.04404226318001747,-0.00027824786957353354,0.02267204225063324,0.19576874375343323,0.0028501704800873995,0.1656404435634613,0.0009810609044507146,0.007188698276877403,-0.00038992735790088773,0.16681510210037231,0.16657814383506775,-0.0005979895358905196,-0.0002972616639453918,0.02129937708377838,0.019872305914759636,0.05854553356766701,0.054193202406167984,0.0002758787595666945,0.009274747222661972,-0.00032204625313170254,0.002851038472726941,0.00047331422683782876,0.0014792508445680141,0.4522972106933594,0.44822436571121216,0.1552370935678482,0.15558472275733948,-0.0009208981646224856,-0.0006857452681288123,0.3632394075393677,0.2577478885650635,0.25798922777175903,0.0005041391123086214,0.09778226912021637,0.1035623550415039,0.027509883046150208,0.0358605682849884,1.9166328524278242e-09,-1.4783581470112495e-08,8.54977386666178e-08,-1.89663840188814e-08,8.777715265750885e-08,3.5422562660869517e-08,-3.278721294464049e-08,1.0588497190155977e-07,-2.9976945370435715e-08,9.999843086916371e-08
00:00:07:34.583,61,5.718757023487342e-08,1.654378145587998e-08,-2.995657411020147e-08,1.7194834001088566e-08,-4.4588816194846004e-08,0.021624810993671417,0.1920309066772461,-6.299640631368675e-08,-2.982909919069243e-08,1.3029202605707724e-08,-3.243112445261431e-08,6.385555195720372e-08,0.02171819843351841,0.19225923717021942,0.052243672311306,-0.00012965108908247203,0.026678767055273056,0.20254085958003998,0.0017310881521552801,0.1627761870622635,0.00017588853370398283,0.007280445192009211,-0.00043591565918177366,0.16709177196025848,0.16647283732891083,-0.0004406458174344152,-0.00017827395640779287,0.023921169340610504,0.02226860076189041,0.06902184337377548,0.0643802359700203,0.00012009501369902864,0.008315502665936947,-0.00034098795731551945,0.0011522930581122637,0.000273009150987491,0.0012366875307634473,0.48828819394111633,0.48476913571357727,0.17282013595104218,0.1732589304447174,-0.0004315102123655379,-0.0002605051558930427,0.36929863691329956,0.25899481773376465,0.25922614336013794,0.00030952467932365835,0.09569825977087021,0.10017716139554977,0.025827083736658096,0.03389399126172066,9.970971825978836e-10,-1.824286322005264e-08,7.777475019565827e-08,-2.2965251034179346e-08,6.361980808833323e-08,2.874992865997683e-08,-1.80280768091734e-08,8.634378900751472e-08,-1.557054929435253e-08,6.590969547914938e-08
00:00:07:35.599,61,7.153488468247815e-08,2.130865972560514e-08,-3.7960706578132886e-08,2.1366867386518607e-08,-5.5637212170722705e-08,0.021065538749098778,0.18384845554828644,-7.875263463574811e-08,-3.689899941150543e-08,1.7117708139835486e-08,-4.0829181813251125e-08,8.065719470096155e-08,0.021157313138246536,0.18406341969966888,0.0531502440571785,-2.12186569115147e-05,0.029843902215361595,0.18829448521137238,0.000833665719255805,0.17745238542556763,0.0005826896522194147,0.0071136802434921265,-0.0005275649018585682,0.15251420438289642,0.1525368094444275,-0.000370300404028967,-8.988380386654171e-07,0.024837179109454155,0.023167558014392853,0.07597511261701584,0.0723939910531044,-0.00022995323524810374,0.007475519087165594,-0.00038005411624908447,0.0014737170422449708,4.627164526027627e-05,0.0009718637447804213,0.4810050129890442,0.4779589772224426,0.18754428625106812,0.18799476325511932,-0.0003239750803913921,-0.00017365366511512548,0.37703660130500793,0.2668875455856323,0.2671281695365906,0.00023196949041448534,0.0900689885020256,0.0938069075345993,0.02533450536429882,0.03403095901012421,1.211301392523012e-09,-2.3348256661392952e-08,9.784474741536542e-08,-2.9187649630557644e-08,7.908325727612464e-08,3.5983394042204964e-08,-2.2007151656566748e-08,1.083849952010496e-07,-1.8905847554151478e-08,8.193776324105784e-08
00:00:07:36.616,61,8.732371270525618e-08,2.115499242449914e-08,-4.281406162931489e-08,2.733897375151173e-08,-6.876769731434251e-08,0.017971191555261612,0.17937631905078888,-9.664974953693672e-08,-4.817498933107345e-08,1.4919788071665607e-08,-4.816159915321805e-08,9.349896856747364e-08,0.018040675669908524,0.1795652210712433,0.05002622678875923,9.812250937102363e-05,0.03310913220047951,0.15945306420326233,0.00026433280436322093,0.2165488451719284,0.0004226393939461559,0.006808559875935316,-0.0005679585738107562,0.1320640593767166,0.1320783644914627,-0.0003013813402503729,-8.844234253047034e-05,0.024026403203606606,0.022328170016407967,0.08079757541418076,0.0794105976819992,-0.0003325107682030648,0.006744068115949631,-0.0006665882538072765,0.0034237848594784737,8.951730706030503e-05,0.000999206560663879,0.4478905498981476,0.4451324939727783,0.19919265806674957,0.19943371415138245,-0.00031525277881883085,-0.00020108040189370513,0.3908590078353882,0.28267374634742737,0.2829420566558838,0.00010046841634903103,0.08289319276809692,0.08551359176635742,0.023134978488087654,0.032960306853055954,1.7334241819710883e-09,-2.4475157900383238e-08,1.1168536673267226e-07,-3.075227184012874e-08,9.743263973405192e-08,4.264933650688363e-08,-3.06183949305705e-08,1.2847186781073106e-07,-2.7004862346302616e-08,1.0522781224153732e-07
00:00:07:37.633,61,1.034879844041825e-07,2.1101440594861742e-08,-4.784320495332395e-08,3.3327960835549675e-08,-8.205533674754406e-08,0.015305914916098118,0.1742822676897049,-1.1481577644190111e-07,-5.945796033302031e-08,1.2661330650587388e-08,-5.5665733356136116e-08,1.0674819606038e-07,0.01535144541412592,0.17444932460784912,0.04586082324385643,0.00021552389080170542,0.03617893159389496,0.13314160704612732,-0.0004364727938082069,0.2629391849040985,5.2905081247445196e-05,0.006332968361675739,-0.0006420897552743554,0.09804883599281311,0.09818869829177856,-8.392736344831064e-05,0.00016275055531878024,0.022173959761857986,0.020459813997149467,0.08477140218019485,0.0866524875164032,-0.00016926978423725814,0.00608749408274889,-0.0010506383841857314,0.0056487154215574265,6.988022505538538e-05,0.0009281804668717086,0.4034458100795746,0.4008587896823883,0.20871181786060333,0.20854908227920532,-0.0004142964899074286,-0.0003451444208621979,0.4037083387374878,0.29689621925354004,0.2971982955932617,0.00010103252134285867,0.07450084388256073,0.07585776597261429,0.020254060626029968,0.031098810955882072,2.240267304998156e-09,-2.583954561430346e-08,1.2622214740076743e-07,-3.246124791189686e-08,1.1617667183827507e-07,4.952220322707035e-08,-3.9222651793124896e-08,1.4910881418472854e-07,-3.5157427191734314e-08,1.2874137667040486e-07
00:00:07:38.649,61,1.0611751122269197e-07,1.791748260870918e-08,-4.6346684712261776e-08,3.509106960564168e-08,-8.484348512638462e-08,0.0118703069165349,0.17428983747959137,-1.1816096900929551e-07,-6.343121583540778e-08,8.261995532166111e-09,-5.5685521971327034e-08,1.0546413165002377e-07,0.011897444725036621,0.17444193363189697,0.04051379859447479,0.0003228325513191521,0.03802814334630966,0.11202652007341385,-0.0007639407995156944,0.3004300594329834,0.00195861398242414,0.0055885519832372665,-0.0006143459468148649,0.059273287653923035,0.05971512198448181,0.00020751509873662144,0.0002635320124682039,0.019618920981884003,0.01795535534620285,0.08670571446418762,0.09229562431573868,-0.0002074183867080137,0.005492830183357,-0.0016260126139968634,0.0073892162181437016,9.007118933368474e-06,0.0007504443638026714,0.3599205017089844,0.35786694288253784,0.2107204645872116,0.21044757962226868,-0.0004945353139191866,-0.0004917707410641015,0.4079641103744507,0.3064764738082886,0.3068115711212158,-1.0961163752654102e-05,0.06558647006750107,0.0656728520989418,0.01866227760910988,0.02982024848461151,2.48306597505632e-09,-2.3305183560751175e-08,1.238519331536736e-07,-2.9643997478956408e-08,1.2019707185118023e-07,4.9899025356126003e-08,-4.319590374279869e-08,1.500957296229899e-07,-3.9081786695760456e-08,1.3599870385405666e-07
00:00:07:40.666,61,9.865733119340803e-08,3.4738332210793033e-09,-3.354391253651556e-08,3.56917730925943e-08,-8.095987169554064e-08,0.0077359904535114765,0.17786157131195068,-1.1108350150834667e-07,-6.712507172323967e-08,-8.665956841014122e-09,-4.711677448199225e-08,8.459203115762648e-08,0.007745955139398575,0.1780010610818863,0.03535294905304909,0.0003965652722399682,0.03906286880373955,0.0919928103685379,-0.0010137164499610662,0.33229637145996094,0.0038152008783072233,0.0050248135812580585,-0.0005847262218594551,0.031794510781764984,0.03198860585689545,0.0007119545480236411,0.0007299887947738171,0.017705656588077545,0.01602924056351185,0.08741569519042969,0.09579630941152573,-2.1695905161323026e-05,0.004574888851493597,-0.0020242684986442327,0.010000231675803661,0.00014915192150510848,0.0008366336114704609,0.31961190700531006,0.316921591758728,0.2072215974330902,0.20645909011363983,-0.0004469497362151742,-0.0004528024874161929,0.4089196026325226,0.3086862862110138,0.30905482172966003,-0.00021471902437042445,0.05874720960855484,0.0580318421125412,0.015311580151319504,0.026988644152879715,2.9822695424286394e-09,-1.1078082451376758e-08,9.535811784644466e-08,-1.4631077682736304e-08,1.1517666109739366e-07,4.3213368883243675e-08,-5.0137749951773e-08,1.2932112269936624e-07,-4.6440401746394855e-08,1.4012680082942097e-07
00:00:07:41.683,61,1.0505434744345621e-07,9.84524373137674e-09,-4.0145824442561207e-08,3.6501443645420295e-08,-8.518399852164293e-08,0.005010782275348902,0.1825692057609558,-1.1771451369213537e-07,-6.765127125163417e-08,-1.4645047397010558e-09,-5.2356625701577286e-08,9.645940934888131e-08,0.005004442296922207,0.18270371854305267,0.0313696414232254,0.00023546762531623244,0.03888590633869171,0.07729843258857727,-0.000927927321754396,0.34150245785713196,0.008018256165087223,0.004214559681713581,-0.0003910101659130305,0.01688413880765438,0.01675563119351864,0.0009830183116719127,0.001158235245384276,0.015016789548099041,0.013444616459310055,0.08975736796855927,0.10044464468955994,-0.00024478521663695574,0.0038381069898605347,-0.001613914268091321,0.012994863092899323,1.3461318303598091e-05,0.0006072763935662806,0.28187528252601624,0.2787473201751709,0.19622556865215302,0.19565363228321075,-0.0004805763892363757,-0.0004589941236190498,0.4067026972770691,0.30807265639305115,0.308462917804718,-0.00043793205986730754,0.053013596683740616,0.05238974466919899,0.014394585974514484,0.026479482650756836,2.875676807789773e-09,-1.6877892861089094e-08,1.1041643688258773e-07,-2.157525180734865e-08,1.2103119217954372e-07,4.740475390008214e-08,-4.848698154091835e-08,1.4224642086446693e-07,-4.4662737508360806e-08,1.427438149903537e-07
00:00:07:42.700,61,9.845709314504347e-08,1.7927959117258752e-09,-3.2247044146060944e-08,3.5879782700476426e-08,-8.117640248883617e-08,0.0034134453162550926,0.1895722597837448,-1.1112192055406922e-07,-6.82217091707571e-08,-1.0717194243170525e-08,-4.646659235163497e-08,8.283183206003741e-08,0.0033955383114516735,0.18970634043216705,0.02860702946782112,0.00014115107478573918,0.03750159591436386,0.06831428408622742,-0.0006855526589788496,0.33501967787742615,0.016653772443532944,0.003933372907340527,-0.000169179736985825,0.0087391696870327,0.008821609430015087,0.0014691719552502036,0.0019084778614342213,0.012791717424988747,0.011258117854595184,0.08957929909229279,0.10079522430896759,-0.000430802145274356,0.003178477520123124,-0.0009688455611467361,0.014673454686999321,6.086864595999941e-05,0.0006134374998509884,0.2513403296470642,0.24759164452552795,0.17774909734725952,0.17722424864768982,-0.0005847273860126734,-0.0005179649451747537,0.40596824884414673,0.30660280585289,0.3070046603679657,-0.00046901320456527174,0.04888731986284256,0.048394374549388885,0.011897780001163483,0.023740433156490326,3.058958197854622e-09,-9.862706207286465e-09,9.230105035840097e-08,-1.2996606457704729e-08,1.154420914417642e-07,4.269168130122125e-08,-5.093636090691689e-08,1.2765754320298583e-07,-4.765112038285224e-08,1.412676624568121e-07
00:00:07:43.716,61,9.656505284283412e-08,-2.136221199933175e-09,-2.87545844912529e-08,3.6163257277621597e-08,-8.021714137385061e-08,0.001995295053347945,0.19822482764720917,-1.0935357153130099e-07,-6.927643170229203e-08,-1.5202676451053776e-08,-4.4270418442238224e-08,7.719732764144283e-08,0.0019738387782126665,0.1983688473701477,0.026800358667969704,0.0001790055976016447,0.03604670614004135,0.06261192262172699,-0.000729074003174901,0.3034634292125702,0.023208342492580414,0.0038669633213430643,9.918162504618522e-06,0.0058658611960709095,0.005576548166573048,0.0023768588434904814,0.0029702247120440006,0.011953209526836872,0.01046098954975605,0.0910327211022377,0.10244954377412796,-0.0004843419010285288,0.0027413838542997837,-0.0006557401502504945,0.013751586899161339,0.00014896970242261887,0.000609861221164465,0.2246553748846054,0.22138984501361847,0.1547371745109558,0.15391330420970917,-0.0005226441426202655,-0.000480613496620208,0.4067956209182739,0.30736634135246277,0.30777478218078613,-0.0003143629292026162,0.046050529927015305,0.0455486923456192,0.007699906360358,0.018367411568760872,3.1964009217233524e-09,-6.515765704762089e-09,8.445000077017539e-08,-9.087379737593437e-09,1.1404102906453772e-07,4.088840910299041e-08,-5.2840913866702977e-08,1.2209756050651777e-07,-4.994333835384168e-08,1.4268327674926695e-07
00:00:07:44.733,61,8.524395411768637e-08,9.946525381110405e-09,-3.396533543309488e-08,2.913177077346063e-08,-6.873160884879326e-08,0.0013341024750843644,0.2040581852197647,-9.544194057298228e-08,-5.3904951613503727e-08,1.0617077217389692e-09,-4.3236649815980854e-08,8.018687225330723e-08,0.0013104981044307351,0.20421265065670013,0.025828929618000984,0.0001344516931567341,0.03472668677568436,0.06054142490029335,-0.0003067862999159843,0.2624112367630005,0.025728236883878708,0.00393731938675046,3.0244906156440265e-05,0.0038017076440155506,0.0029407087713479996,0.0037568220868706703,0.004516967106610537,0.01124948263168335,0.009746929630637169,0.09105532616376877,0.10196497291326523,-0.0005499537219293416,0.0023134229704737663,-0.0005419454537332058,0.011630009859800339,0.00014487348380498588,0.0005262283375486732,0.20493097603321075,0.20178799331188202,0.13252396881580353,0.13139154016971588,-0.0005258655291981995,-0.00048434018390253186,0.40834152698516846,0.30956336855888367,0.3099658787250519,-0.0002138647687388584,0.04370006546378136,0.04319270700216293,0.004810795187950134,0.013745727948844433,2.227025008849637e-09,-1.5348195603337444e-08,9.208917362002467e-08,-1.9371508841459217e-08,9.756535490623719e-08,3.885943300474537e-08,-3.769993739410893e-08,1.167925063327857e-07,-3.473833132261461e-08,1.1369586161436018e-07
00:00:07:45.750,61,9.904615438927067e-08,1.3988465497050129e-08,-4.1276216222740914e-08,3.3276155164685406e-08,-7.949769553761143e-08,0.00056106923148036,0.21716582775115967,-1.1052004822431627e-07,-6.102025196241811e-08,4.4330956683324985e-09,-5.098059929764531e-08,9.555369473446262e-08,0.0005328572005964816,0.21732379496097565,0.024148155003786087,7.21452379366383e-05,0.032109927386045456,0.058154791593551636,-0.00031657100771553814,0.23168422281742096,0.027448754757642746,0.004144858568906784,7.527376874350011e-05,0.001998016145080328,0.0010277307592332363,0.006826155818998814,0.007718143053352833,0.010407622903585434,0.008995622396469116,0.08921140432357788,0.09927443414926529,-0.0007099373615346849,0.0020391521975398064,-0.0007239591795951128,0.008943397551774979,-7.61933988542296e-05,0.0002491358609404415,0.19112175703048706,0.18757927417755127,0.1111917719244957,0.10967269539833069,-0.0006813239888288081,-0.0006217110203579068,0.40332818031311035,0.30487561225891113,0.3052692711353302,-0.00026475501363165677,0.040003322064876556,0.039390869438648224,0.0025217831134796143,0.009457862004637718,2.46800491154886e-09,-1.9688158658937027e-08,1.1103227848252573e-07,-2.4866313452776012e-08,1.127272852841088e-07,4.583504065180932e-08,-4.205852732752646e-08,1.377891720721891e-07,-3.851950225453038e-08,1.2964009954430367e-07
00:00:07:45.766,61,1.1812895195362216e-07,9.443611226345183e-09,-4.393979935457537e-08,4.1378662274382805e-08,-9.614043250394388e-08,0.0006961885374039412,0.2287573218345642,-1.3256445186016208e-07,-7.733702744872062e-08,-3.8743017682918435e-09,-5.8189034035649456e-08,1.0650605020146031e-07,0.0006760372198186815,0.2289157509803772,0.02274983935058117,0.00017211135127581656,0.030342359095811844,0.059306878596544266,0.0003879469586536288,0.2150782346725464,0.029555387794971466,0.004636777564883232,0.00012800944386981428,0.0007787033682689071,0.0005039992975071073,0.016507329419255257,0.017483500763773918,0.009492894634604454,0.008070144802331924,0.08803094923496246,0.09744983911514282,-0.0006232887390069664,0.00188546534627676,-0.0006695272168144584,0.007064380217343569,-5.609616437141085e-06,0.00028314092196524143,0.18349914252758026,0.17971891164779663,0.09587464481592178,0.09421313554048538,-0.0008957815007306635,-0.0008555400418117642,0.3965226113796234,0.2997148931026459,0.3001038432121277,-0.00017095249495469034,0.036550432443618774,0.03581520542502403,0.000668032793328166,0.006040756590664387,3.3131799526131545e-09,-1.7732382673329994e-08,1.2133270388403616e-07,-2.2705643587528357e-08,1.3649463426190778e-07,5.2982940701440384e-08,-5.55627046594509e-08,1.5872529957050574e-07,-5.1800160605353085e-08,1.619383738216129e-07
00:00:07:46.783,61,1.1458993043333976e-07,7.63684493421124e-09,-4.165805833622471e-08,4.0559097413961354e-08,-9.356066499321969e-08,0.0008396279881708324,0.24022747576236725,-1.2871809929038136e-07,-7.584691275042132e-08,-5.327164931401285e-09,-5.5958516043119744e-08,1.0166317565563077e-07,0.0008323419606313109,0.24039718508720398,0.02195156179368496,0.00029040061053819954,0.028502900153398514,0.060631345957517624,0.000763881194870919,0.2007618397474289,0.028614187613129616,0.005112973507493734,0.00011027403525076807,0.0005619996809400618,0.00038468302227556705,0.02746768668293953,0.02859777770936489,0.009066085331141949,0.0076118516735732555,0.08787338435649872,0.09675564616918564,-0.0006683910032734275,0.0017908773152157664,-0.0006769767496734858,0.0056280032731592655,0.00012790816253982484,0.0003621351788751781,0.17580311000347137,0.17204293608665466,0.08365529775619507,0.08206053078174591,-0.0006908511859364808,-0.00070953369140625,0.39081448316574097,0.2932291030883789,0.29359766840934753,-0.0001418929168721661,0.03420126810669899,0.033559419214725494,-0.0001923072268255055,0.0040020751766860485,3.278255444882916e-09,-1.588836262556015e-08,1.1548399925231934e-07,-2.0638108111370457e-08,1.3265758980196551e-07,5.1017849500567536e-08,-5.511567024996111e-08,1.527834712078402e-07,-5.13903799514992e-08,1.5869736103013565e-07
00:00:07:47.799,61,1.1609867556217068e-07,8.6054203762842e-09,-4.282221155449406e-08,4.083849347580326e-08,-9.463168737511296e-08,0.0008842427050694823,0.2509516179561615,-1.3034791379595845e-07,-7.631257403772906e-08,-4.3213366218708416e-09,-5.703419603264592e-08,1.0423362084566179e-07,0.0008866837597452104,0.2511266767978668,0.02136182226240635,0.00027909528580494225,0.026702184230089188,0.062279365956783295,0.001386075047776103,0.18581070005893707,0.025819772854447365,0.0053701684810221195,3.2699117582524195e-05,0.0006047473871149123,0.0003237202763557434,0.03573940694332123,0.03695626184344292,0.008838447742164135,0.007406884338706732,0.08743926882743835,0.09591178596019745,-0.0006517004803754389,0.001963893184438348,-0.0006877079722471535,0.003771437332034111,3.7106015952304006e-05,0.00021762706455774605,0.1699850857257843,0.16609838604927063,0.0710052028298378,0.06943752616643906,-0.0006123900529928505,-0.0006449675420299172,0.3859330713748932,0.2862147092819214,0.28656888008117676,-0.00015643247752450407,0.030775075778365135,0.03030228614807129,-0.0006988763925619423,0.002166731283068657,3.2829121643374037e-09,-1.6838312077993578e-08,1.1831522073180167e-07,-2.1737069033633816e-08,1.3414769739483745e-07,5.188863738680993e-08,-5.524605484197309e-08,1.5547033171969815e-07,-5.13903799514992e-08,1.599639603000469e-07
00:00:07:48.816,61,1.0599381994325086e-07,1.3411045607369942e-09,-3.426335837275474e-08,3.8826836856742375e-08,-8.752569868875071e-08,0.0009357364615425467,0.25812581181526184,-1.19674950838089e-07,-7.377937549790659e-08,-1.2051313724725787e-08,-4.971400002773407e-08,8.832662956592685e-08,0.000943114748224616,0.25830528140068054,0.0201660618185997,0.0002700271725188941,0.024361399933695793,0.06469947099685669,0.001998435938730836,0.17463535070419312,0.020317068323493004,0.005778804421424866,-6.272921018535271e-05,0.0008122756262309849,0.00020372509607113898,0.032623983919620514,0.03388815000653267,0.008597051724791527,0.007115285377949476,0.0859747901558876,0.09350541979074478,-0.0003310197498649359,0.0024543222971260548,-0.0007528748828917742,0.0025712510105222464,-0.00021201367781031877,-4.002027344540693e-05,0.17276287078857422,0.1688147783279419,0.06326086074113846,0.06180448457598686,-0.000624217966105789,-0.0006432330701500177,0.38234174251556396,0.28049132227897644,0.28083258867263794,-2.6429239369463176e-05,0.028654374182224274,0.028385715559124947,-0.000828289077617228,0.0010808694642037153,3.327149888932013e-09,-1.0039657105664901e-08,9.834766245830906e-08,-1.3504177331924438e-08,1.2418254868862277e-07,4.582107138162428e-08,-5.524605484197309e-08,1.36839219067042e-07,-5.202367958645482e-08,1.5288591725948208e-07
00:00:07:49.833,61,8.933245965181413e-08,9.499490083442197e-10,-2.8768553761437943e-08,3.282912075519562e-08,-7.373280652700487e-08,0.0011929575121030211,0.2628703713417053,-1.0092742996903326e-07,-6.241723582434133e-08,-1.050531839297264e-08,-4.181172741368755e-08,7.407739843756644e-08,0.0012041598092764616,0.2630465030670166,0.01949204131960869,0.00020128879987169057,0.022706184536218643,0.07884927839040756,0.0026088892482221127,0.17170822620391846,0.015928514301776886,0.006235952489078045,-6.0316757299005985e-05,0.0008276942535303533,0.0001895946334116161,0.022661028429865837,0.02391589619219303,0.008468709886074066,0.006984616629779339,0.08441823720932007,0.09162189811468124,-0.00011282086052233353,0.003130196360871196,-0.0005246290820650756,0.0019459903705865145,-0.00022130657453089952,-9.53221315285191e-05,0.19575011730194092,0.19202326238155365,0.059502772986888885,0.05860442295670509,-0.0007851672125980258,-0.0007759368163533509,0.3804984986782074,0.2758069932460785,0.2761373817920685,0.00016337759734597057,0.02626638114452362,0.02621551975607872,-0.0006606057286262512,0.0007673975778743625,2.827728273757657e-09,-8.12113309933693e-09,8.251517868984592e-08,-1.113861802792826e-08,1.0484829715551314e-07,3.8589352158169277e-08,-4.680827103697993e-08,1.1522323006829538e-07,-4.40515570687694e-08,1.292303153377361e-07
00:00:07:50.849,61,9.192153527237679e-08,-7.078051478259795e-10,-2.8554349995602024e-08,3.410503168765899e-08,-7.619149755555554e-08,0.0015266709960997105,0.2694597542285919,-1.0383315185436004e-07,-6.470829561067148e-08,-1.2777745972414323e-08,-4.2431057778458126e-08,7.476657515326224e-08,0.0015383359277620912,0.2696317434310913,0.020668506622314453,0.00017637501878198236,0.023013819009065628,0.11271271109580994,0.0024715852923691273,0.18098482489585876,0.012162106111645699,0.006411322392523289,2.9754062779829837e-05,0.0008278399473056197,0.001013292116113007,0.013571586459875107,0.014601428061723709,0.00878961756825447,0.007205611560493708,0.08192320913076401,0.08829845488071442,-0.00023878038336988539,0.003939229529350996,-0.000749545986764133,0.0011530410265550017,-0.00010800808377098292,3.4540146316430764e-06,0.243820458650589,0.24015624821186066,0.06426434963941574,0.06409987807273865,-0.0007842111517675221,-0.0007631421322003007,0.38162848353385925,0.27162086963653564,0.27193304896354675,0.00040535128209739923,0.0253858994692564,0.025387492030858994,-0.0006501273019239306,0.000361407088348642,2.981396463042074e-09,-7.32019556082264e-09,8.320435540554172e-08,-1.0095536850940334e-08,1.0885297996310328e-07,3.951135951751894e-08,-4.947185416881439e-08,1.1759809837030843e-07,-4.6379863505308094e-08,1.341849582559007e-07
00:00:07:51.866,61,1.1882744388458377e-07,2.0489097085629737e-09,-3.883615207200819e-08,4.343688431163173e-08,-9.802170097827911e-08,0.0016464010113850236,0.28075897693634033,-1.3383105113007332e-07,-8.199364032179801e-08,-1.2926757442244252e-08,-5.5874696869295803e-08,9.963289215875193e-08,0.0016597388312220573,0.2809455990791321,0.025053204968571663,9.316302748629823e-05,0.02381892502307892,0.1550733745098114,0.0025751315988600254,0.18673016130924225,0.009918341413140297,0.007173828314989805,-3.492064934107475e-05,0.0023288452066481113,0.0024050103966146708,0.006735493429005146,0.0072435010224580765,0.010156910866498947,0.008355166763067245,0.08164867758750916,0.0871019959449768,-0.0005425542476586998,0.004835549276322126,-0.0005898347590118647,0.0006122954655438662,-0.00017116569506470114,-4.6372264478122815e-05,0.2990286648273468,0.2952255606651306,0.0702488049864769,0.07074448466300964,-0.0010215867077931762,-0.0009831904899328947,0.3853696584701538,0.26803290843963623,0.26831889152526855,0.0004998693475499749,0.024328727275133133,0.024321580305695534,-0.0006801523268222809,0.0002069196052616462,3.6880374310044317e-09,-1.1920929132713809e-08,1.1222437024116516e-07,-1.5795230012827233e-08,1.3981014035380213e-07,5.1876995144084503e-08,-6.180256661991734e-08,1.5462748592653952e-07,-5.7853757340353695e-08,1.7032027699315222e-07
00:00:07:52.883,61,1.028180136586343e-07,9.182840265964387e-09,-3.894790978620222e-08,3.5911799756149776e-08,-8.367933190811527e-08,0.0016988271381706,0.29517853260040283,-1.1490657669810389e-07,-6.662681784064262e-08,-1.8253922817734747e-09,-5.0892122516188465e-08,9.376555709650347e-08,0.0017284846398979425,0.29537737369537354,0.03183171898126602,9.985834185499698e-05,0.02538749761879444,0.18640300631523132,0.002979942597448826,0.1893496960401535,0.0054794736206531525,0.006911484058946371,3.524880958138965e-05,0.006142173428088427,0.007376353722065687,0.0030487626791000366,0.003180831903591752,0.013616476207971573,0.011684620752930641,0.0877324566245079,0.09248686581850052,-0.0007076787878759205,0.005853323731571436,-0.000455068948213011,0.00025232823099941015,-0.00014288465899880975,3.879971700371243e-05,0.34985315799713135,0.34594544768333435,0.07763683795928955,0.07884997129440308,-0.0009616732713766396,-0.0008927524322643876,0.38580572605133057,0.269386887550354,0.26965028047561646,0.00030393979977816343,0.024677662178874016,0.025039521977305412,-0.0011793997837230563,0.00014077573723625392,2.854503744487147e-09,-1.6037374095390078e-08,1.0829418783941946e-07,-2.0917504173212365e-08,1.19674950838089e-07,4.6764036198965186e-08,-4.8018993226150997e-08,1.3944692511813628e-07,-4.3995679988029224e-08,1.3995915537634573e-07
00:00:07:53.899,61,9.405426482089752e-08,1.8849968697054464e-08,-4.326924596398385e-08,3.043562202265093e-08,-7.485039787979986e-08,0.002085759537294507,0.31564900279045105,-1.0415911333438999e-07,-5.4351986022993515e-08,1.113861802792826e-08,-5.0282107366683704e-08,9.663403233162171e-08,0.0021252059377729893,0.3158641755580902,0.04017726331949234,7.063522843964165e-06,0.027005081996321678,0.21676859259605408,0.002595901722088456,0.18780004978179932,0.0046298922970891,0.0067810239270329475,8.575920219300315e-05,0.015400072559714317,0.017590463161468506,0.0012571546249091625,0.0012164918007329106,0.018343251198530197,0.01641455851495266,0.09401638805866241,0.09809041023254395,-0.0006752145127393305,0.006724090781062841,-0.00035455464967526495,-7.714331331953872e-06,-0.00017067670705728233,0.0001475948083680123,0.39167311787605286,0.387294739484787,0.08170513808727264,0.08356969058513641,-0.001068235607817769,-0.0009590959525667131,0.39175862073898315,0.271206259727478,0.27145567536354065,0.00014723703498020768,0.026034988462924957,0.026946626603603363,-0.0015350866597145796,0.0002920901752077043,2.0745209994288416e-09,-2.3189931752654047e-08,1.1488795337299962e-07,-2.929940734475167e-08,1.0710209608078003e-07,4.536006770194945e-08,-3.624707289873186e-08,1.3570301859999745e-07,-3.235414780533574e-08,1.1689960643934683e-07
00:00:07:55.916,61,8.652918381812924e-08,1.832842855264971e-08,-4.0559097413961354e-08,2.7753412012998524e-08,-6.854534007061375e-08,0.00313568115234375,0.33242857456207275,-9.57865253781165e-08,-4.917383122915453e-08,1.1883676265256327e-08,-4.654284424532307e-08,8.964911302200562e-08,0.0031803513411432505,0.33266860246658325,0.047831978648900986,7.205754627648275e-06,0.028871482238173485,0.24001941084861755,0.002236340893432498,0.18234775960445404,0.002830468351021409,0.007214585319161415,3.387418473721482e-05,0.022061068564653397,0.0245305635035038,0.0011350646382197738,0.0012290779268369079,0.022977886721491814,0.020803771913051605,0.10316265374422073,0.1064632385969162,-0.0008153569651767612,0.007398099172860384,-0.00035370231489650905,-0.0005574008682742715,-3.252692476962693e-05,0.00037370994687080383,0.4275011420249939,0.42258375883102417,0.08561250567436218,0.08777298033237457,-0.0009921086020767689,-0.000870153889991343,0.3966865539550781,0.27428025007247925,0.2745262384414673,5.8562232879921794e-05,0.02742588520050049,0.028144879266619682,-0.0018635612213984132,6.778225360903889e-05,1.8707941862317057e-09,-2.196058623837871e-08,1.0745599610118006e-07,-2.782791774791349e-08,9.842216996958086e-08,4.2042231029881805e-08,-3.259629011154175e-08,1.2561679341160925e-07,-2.89455055479948e-08,1.0661781146836802e-07
00:00:07:56.933,61,1.004151997108238e-07,1.7303973365301317e-08,-4.420056853859933e-08,3.3089889939219574e-08,-8.022412600894313e-08,0.003578255884349346,0.3483459949493408,-1.1135823996255567e-07,-5.964189853102653e-08,8.6054203762842e-09,-5.269423297704634e-08,1.0017305385190411e-07,0.0036250115372240543,0.34861209988594055,0.05401848629117012,-3.3729822462191805e-05,0.0303434319794178,0.2556663751602173,0.0015784878050908446,0.17682315409183502,0.0015872949734330177,0.007508192677050829,-7.084934168233303e-06,0.02552109770476818,0.02788916416466236,0.0009395897504873574,0.0010751241352409124,0.02687038853764534,0.024542376399040222,0.1123666986823082,0.11564260721206665,-0.000782426621299237,0.007940790615975857,-0.00022525548411067575,-0.0008836221531964839,-6.108656634751242e-06,0.0004550101002678275,0.4500221908092499,0.44473016262054443,0.08849651366472244,0.0908561497926712,-0.0007149172015488148,-0.0005767536349594593,0.399791955947876,0.2766185998916626,0.2768628001213074,-9.951666288543493e-05,0.029060669243335724,0.029670510441064835,-0.0017883245600387454,1.2270658771740273e-05,2.3527535475409422e-09,-2.2500753260601414e-08,1.1872500493836924e-07,-2.8777867200346918e-08,1.1514872255702358e-07,4.784902429832982e-08,-4.062428970996734e-08,1.428741995823657e-07,-3.6526472513287445e-08,1.277029468838009e-07
00:00:07:57.950,61,1.223478420797619e-07,3.5390257391298974e-09,-4.1043385579087044e-08,4.4414772304435246e-08,-1.0075047640611956e-07,0.004124551545828581,0.3579634130001068,-1.3729557224451128e-07,-8.353963210083748e-08,-1.1362135232673154e-08,-5.7872384218171646e-08,1.0378658998888568e-07,0.004168847110122442,0.3582420349121094,0.0581505186855793,-5.52144629182294e-05,0.03154245764017105,0.2621978521347046,0.0013285810127854347,0.1712825894355774,0.0005194890545681119,0.007784053683280945,-0.00015841830463614315,0.024487143382430077,0.026776878163218498,0.0009762598783709109,0.0010766199557110667,0.029310816898941994,0.02682880312204361,0.11879539489746094,0.12201569229364395,-0.0006724607665091753,0.008765975013375282,-1.6456842786283232e-05,-0.0010561193339526653,6.901480082888156e-05,0.0005796775803901255,0.46079349517822266,0.45557406544685364,0.0886945053935051,0.0908704549074173,-0.0008389545837417245,-0.0006825007731094956,0.40416237711906433,0.27719318866729736,0.27743592858314514,-0.00011689737584674731,0.02899443544447422,0.029350969940423965,-0.0015715488698333502,-3.4256576327607036e-05,3.755558086737665e-09,-1.3262033249361593e-08,1.1809170530341362e-07,-1.7713755795512043e-08,1.4454126073815132e-07,5.39980824498798e-08,-6.277114295016872e-08,1.6035511407608283e-07,-5.854293760876317e-08,1.7371029059631837e-07
00:00:07:58.966,61,1.2076459654508653e-07,4.637986439348651e-09,-4.135072373401272e-08,4.354864202582576e-08,-9.912066190054247e-08,0.0042789895087480545,0.35757455229759216,-1.353677419047017e-07,-8.167698695160652e-08,-9.70438129854756e-09,-5.756970367087888e-08,1.0369345204708225e-07,0.0043222070671617985,0.3578513264656067,0.060781072825193405,-6.881192530272529e-05,0.03191594034433365,0.25798308849334717,0.0012278086505830288,0.163469135761261,0.000446257006842643,0.007820344530045986,-0.00020001232041977346,0.028522467240691185,0.030676240101456642,0.0010299923596903682,0.0010858909226953983,0.03167164325714111,0.029208747670054436,0.12161817401647568,0.12429586052894592,-0.0005964625161141157,0.009592091664671898,0.00029479264048859477,-0.0010638280073180795,1.4368295524036512e-05,0.0005813261959701777,0.4604327380657196,0.45549410581588745,0.08658690750598907,0.08869930356740952,-0.0005065551376901567,-0.0003497433790471405,0.4056721031665802,0.27515366673469543,0.2753937244415283,-0.0001055120665114373,0.02770126797258854,0.028112012892961502,-0.0015954299597069621,-8.627951319795102e-05,3.635650447364469e-09,-1.4193355823977072e-08,1.1842698199870938e-07,-1.864507837012752e-08,1.4217570765140408e-07,5.356734789074835e-08,-6.120652074059763e-08,1.592095912883451e-07,-5.669891933735016e-08,1.701712619706086e-07
00:00:07:59.983,61,1.0910444103728878e-07,2.0246952558977682e-08,-4.904344663714255e-08,3.554858096777025e-08,-8.685514529815919e-08,0.004515457898378372,0.34770846366882324,-1.2081116551598825e-07,-6.398185803391243e-08,1.1026859425555813e-08,-5.762558430433273e-08,1.0998919464100254e-07,0.004555763676762581,0.3479832410812378,0.059769563376903534,-0.0001606035220902413,0.03200976550579071,0.23617255687713623,0.0011121572460979223,0.1552211344242096,0.0002548307238612324,0.00769227696582675,-0.00013935015886090696,0.03607254475355148,0.03692873194813728,0.0012331184698268771,0.0011635065311565995,0.03295999392867088,0.030797133222222328,0.12191370129585266,0.1250021755695343,-0.0004616641963366419,0.009861178696155548,0.00024328232393600047,-0.0009845581371337175,0.00012916102423332632,0.0006787875317968428,0.4340510666370392,0.42941734194755554,0.08057206869125366,0.08205801248550415,-0.000860807893332094,-0.000666117062792182,0.4027523398399353,0.2711177170276642,0.27137938141822815,-0.00012503669131547213,0.026070337742567062,0.02639145776629448,-0.002196277491748333,-0.001119487569667399,2.4831388056867354e-09,-2.561137080192566e-08,1.3049691460764734e-07,-3.2242386538428036e-08,1.2438744079190656e-07,5.213077969301594e-08,-4.317611512760777e-08,1.559313318466593e-07,-3.866851372436031e-08,1.371651876524993e-07
00:00:08:00.000,61,1.1235475483317714e-07,3.233552092751779e-08,-5.8822333670605076e-08,3.394670855527693e-08,-8.744187596221309e-08,0.005075542721897364,0.3336387276649475,-1.2353062572856288e-07,-5.8822333670605076e-08,2.5741755393937638e-08,-6.349757342150042e-08,1.2522563963557332e-07,0.005127598065882921,0.3338983952999115,0.05370538309216499,-5.440674794954248e-05,0.031629662960767746,0.1884109377861023,0.0005556278629228473,0.1414504498243332,0.00012824803707189858,0.007706707809120417,-0.0002972058719024062,0.05800427496433258,0.0567345917224884,0.0010833257110789418,0.0010601901449263096,0.03371863812208176,0.03183633089065552,0.11515750735998154,0.1183461919426918,-0.00036439180257730186,0.009956473484635353,0.00031730771297588944,-0.0009794526267796755,0.00026934820925816894,0.0007931616273708642,0.3747867941856384,0.37092265486717224,0.0761173740029335,0.07621054351329803,-0.001025321427732706,-0.000868693576194346,0.39912232756614685,0.2683183252811432,0.26858967542648315,5.3071787988301367e-05,0.026867423206567764,0.02772590145468712,-0.001963370945304632,-0.0011459331726655364,1.973239793784387e-09,-3.550201554958221e-08,1.5124678043321182e-07,-4.4330953130611306e-08,1.2453645581445016e-07,5.629845034604841e-08,-3.5408884713206135e-08,1.6938895441853674e-07,-3.075227184012874e-08,1.2952834538282332e-07
00:00:08:00.016,61,1.0448508191984729e-07,2.4866313452776012e-08,-5.0999222622749585e-08,3.2754613243923814e-08,-8.224509429055615e-08,0.006055915262550116,0.31614261865615845,-1.1537223798541163e-07,-5.757436127851179e-08,1.7285346487483366e-08,-5.719251916502799e-08,1.1097640140178555e-07,0.006106751039624214,0.3163929879665375,0.04424922913312912,8.367643022211269e-05,0.030698470771312714,0.1513078808784485,0.000423161982325837,0.12598158419132233,-5.7549776101950556e-05,0.007903997786343098,-0.0004921949002891779,0.07292846590280533,0.0694601982831955,0.0006827118922956288,0.0008080005645751953,0.032441381365060806,0.030650751665234566,0.10599050670862198,0.10956794023513794,-0.00028409241349436343,0.010223405435681343,-7.40674149710685e-05,-0.0010045800590887666,0.00024391718034166843,0.0006812417996115983,0.32285401225090027,0.3196776509284973,0.06948679685592651,0.06828528642654419,-0.000917165307328105,-0.0008218729635700583,0.3921705186367035,0.261933833360672,0.2622142732143402,0.00017587203183211386,0.02915046364068985,0.029767079278826714,-0.0016815192066133022,-0.0014302774798125029,2.0803418987469513e-09,-2.8889626690897785e-08,1.3297423606672965e-07,-3.615394206235578e-08,1.1716038272879814e-07,5.1078387741654296e-08,-3.702938400351741e-08,1.5344470227773854e-07,-3.246590551952977e-08,1.257285475730896e-07
00:00:08:01.033,61,1.1609867556217068e-07,9.890645635834971e-09,-4.36697149552856e-08,4.062428970996734e-08,-9.443611048709499e-08,0.00641714408993721,0.30567580461502075,-1.2989156061848917e-07,-7.526949019620588e-08,-3.2037497099679513e-09,-5.7262369068666885e-08,1.05146320095173e-07,0.006456953473389149,0.3059307038784027,0.03617366403341293,0.0001346591889159754,0.029496412724256516,0.12163131684064865,0.00048641531611792743,0.11044444888830185,-0.00022648752201348543,0.00851528998464346,-0.00044447279651649296,0.0851147398352623,0.07916215807199478,0.00047115146298892796,0.0006644183304160833,0.02938653714954853,0.0274979155510664,0.09443582594394684,0.09776052832603455,-0.0002607583883218467,0.010044293478131294,-0.0003585596277844161,-0.0006126277730800211,-9.790245530894026e-05,0.00024372682673856616,0.27805081009864807,0.2750478982925415,0.0620756521821022,0.059717778116464615,-0.0007736789993941784,-0.0007359051960520446,0.38468796014785767,0.2527441680431366,0.2530457675457001,0.00018537178402766585,0.03146666660904884,0.03180418163537979,-0.0013490192359313369,-0.0013041143538430333,3.2223761436966925e-09,-1.750886369222826e-08,1.209974271887404e-07,-2.2873281935176237e-08,1.3466924997374008e-07,5.245907175321918e-08,-5.47617666768474e-08,1.568067773405346e-07,-5.017966131504181e-08,1.5869736103013565e-07
00:00:08:03.050,61,1.0625458912727481e-07,8.326023426263873e-09,-3.936700565532192e-08,3.7392602791896934e-08,-8.660368422397369e-08,0.007259112782776356,0.30145907402038574,-1.189857741223932e-07,-6.949529307576086e-08,-3.725290298461914e-09,-5.212612563809671e-08,9.536743306171047e-08,0.00728842057287693,0.3017273545265198,0.03117525763809681,-8.036643521336373e-06,0.027688227593898773,0.09800359606742859,0.0009030726505443454,0.08878115564584732,-0.000653004040941596,0.008814946748316288,-0.0003524839412420988,0.09180410206317902,0.08359163254499435,0.00011505782458698377,0.00034834950929507613,0.027332892641425133,0.025593338534235954,0.08786477893590927,0.09105398505926132,0.00011090755288023502,0.009591635316610336,2.6463865651749074e-05,-0.00027933367528021336,-0.0004893578588962555,-0.0001708696800051257,0.2347734123468399,0.23145633935928345,0.047225289046764374,0.04394479840993881,-0.0008341550710611045,-0.0007816088036634028,0.3784341514110565,0.24415431916713715,0.2444872111082077,-9.074047557078302e-05,0.03266829624772072,0.03287263959646225,-0.0007503452943637967,-0.000978384050540626,2.988381320179201e-09,-1.5553087706621227e-08,1.0965391794570678e-07,-2.0172446824062717e-08,1.2343748778675945e-07,4.783505502814478e-08,-5.032867278487174e-08,1.4290213812273578e-07,-4.6547501852955975e-08,1.4606862919208652e-07
00:00:08:03.066,61,7.262453749490305e-08,9.760260155644573e-09,-3.0174852838626975e-08,2.4549663635298202e-08,-5.8468430097491364e-08,0.0066371276043355465,0.30172067880630493,-8.080154856315858e-08,-4.4796614417919045e-08,3.0919908855508993e-09,-3.722961849916828e-08,6.986781642126516e-08,0.006662884261459112,0.30198773741722107,0.02642093226313591,-0.00016813933325465769,0.023629488423466682,0.07775823026895523,0.0046723573468625546,0.055884458124637604,-0.0002748739789240062,0.00839952938258648,-0.00028492207638919353,0.09570449590682983,0.08725078403949738,0.00012026011972920969,0.00040231196908280253,0.02619175985455513,0.024853870272636414,0.07904212176799774,0.08138414472341537,0.0005009663291275501,0.009020731784403324,0.000230621692026034,-0.00024094030959531665,-0.0005770923453383148,-0.0002567602787166834,0.18283244967460632,0.17880459129810333,0.02402232401072979,0.020519480109214783,-0.0009612637804821134,-0.0008458846714347601,0.36738350987434387,0.2375292181968689,0.23788249492645264,-0.0001758091093506664,0.03135007247328758,0.03209424018859863,0.00013822525215800852,-0.0007236155797727406,1.807929916886053e-09,-1.4211982701795023e-08,8.18073715436185e-08,-1.8216669062098845e-08,8.318573208043745e-08,3.377674318016943e-08,-3.123656000525443e-08,1.0108575310141532e-07,-2.849847113850501e-08,9.562820224573443e-08
00:00:08:05.083,61,9.016133617478772e-08,1.7564744325682113e-08,-4.122033558928706e-08,2.9150395874921742e-08,-7.148832281700379e-08,0.006412208545953035,0.29388266801834106,-9.999610739441778e-08,-5.234032940393263e-08,9.983778248567887e-09,-4.8046931766521084e-08,9.190291194727251e-08,0.006457403767853975,0.29418373107910156,0.022843530401587486,-0.0002515964151825756,0.016786649823188782,0.06125768646597862,0.02381785213947296,0.015898071229457855,0.0014674782287329435,0.008680801838636398,-0.00042655933066271245,0.09850429743528366,0.08912044763565063,0.0006739553646184504,0.0009351068874821067,0.025551687926054,0.024533163756132126,0.07010365277528763,0.06908147037029266,0.005654450505971909,0.010678427293896675,-3.420442226342857e-05,-0.000251189834671095,-0.00014510909386444837,0.000225102121476084,0.13569483160972595,0.13132335245609283,0.007170282769948244,0.004309654235839844,-0.0009057897259481251,-0.0007243615109473467,0.35924017429351807,0.23073482513427734,0.23109634220600128,-1.1181011359440163e-05,0.03053261712193489,0.03201885148882866,5.392491948441602e-05,-0.0011778447078540921,1.995358545059389e-09,-2.1737069033633816e-08,1.0866671829035113e-07,-2.7567148563889532e-08,1.0183080689785129e-07,4.306202683324045e-08,-3.4775585078250515e-08,1.29286206629331e-07,-3.10502947797886e-08,1.1324882365215672e-07
00:00:08:05.099,61,9.286217306225808e-08,2.0097941089147753e-08,-4.3846668518199294e-08,2.9606745499677345e-08,-7.333233753570312e-08,0.006403403356671333,0.2778581380844116,-1.0279938322810267e-07,-5.256384483232068e-08,1.2964010309701735e-08,-5.027279215141789e-08,9.667128608725761e-08,0.006465569604188204,0.2781713306903839,0.019957195967435837,-0.00011789545533247292,0.01110793836414814,0.052502550184726715,0.03845055028796196,0.0049590254202485085,0.0017538422252982855,0.009435012005269527,-0.00047192320926114917,0.10604143887758255,0.09562818706035614,0.00048348010750487447,0.0005290859844535589,0.02589879184961319,0.025015421211719513,0.06487198919057846,0.0607963465154171,0.014279366470873356,0.013547640293836594,-9.677365596871823e-05,3.335270957904868e-05,1.5180259651970118e-05,0.0004919954226352274,0.11539405584335327,0.11032050848007202,0.003248614026233554,0.001120743341743946,-0.0007176333456300199,-0.0005820858641527593,0.3519132137298584,0.2250308096408844,0.2253928780555725,0.00013384826888795942,0.03155680000782013,0.033596064895391464,0.00011563629232114181,-0.0012044708710163832,1.956941497738285e-09,-2.419576006218449e-08,1.1492520712863552e-07,-3.045424890046888e-08,1.0419636709002589e-07,4.4796614417919045e-08,-3.419816607674875e-08,1.34687866193417e-07,-3.058463349248086e-08,1.1458993043333976e-07
00:00:08:07.116,61,1.2598931675711356e-07,1.3466924464466956e-08,-4.952773480226824e-08,4.334375347525565e-08,-1.0191462962438891e-07,0.006301205605268478,0.2639375627040863,-1.4086253941059113e-07,-7.992610306928327e-08,4.097819306103645e-10,-6.334390434403758e-08,1.1712312897316224e-07,0.006375984754413366,0.2642590403556824,0.01908799633383751,1.5693382010795176e-05,0.0077938176691532135,0.05152881518006325,0.04818512871861458,0.0037239091470837593,0.0018620109185576439,0.00996989756822586,-0.0005535834934562445,0.10908732563257217,0.09857212752103806,0.00035440802457742393,0.0003387680626474321,0.02680613100528717,0.025958769023418427,0.06413334608078003,0.05818556621670723,0.020219437777996063,0.015948032960295677,-0.0002690489636734128,0.00010027721873484552,0.00028927833773195744,0.0008889745804481208,0.11380305886268616,0.10852957516908646,0.0019056919263675809,0.0006268104771152139,-0.000990686472505331,-0.0009013867238536477,0.35226374864578247,0.2227451354265213,0.2231082171201706,0.0003479844599496573,0.033110104501247406,0.03564957529306412,-0.00033570974483154714,-0.0013842768967151642,3.348104682387998e-09,-2.166256329871885e-08,1.3496726580797258e-07,-2.7753412012998524e-08,1.4483929078323854e-07,5.7441649659040195e-08,-5.669891933735016e-08,1.72127045061643e-07,-5.220994481192065e-08,1.6897917021196918e-07
00:00:08:07.133,61,7.213093056179787e-08,8.232891701709377e-09,-2.8721988343249905e-08,2.474524052331617e-08,-5.8254226331655445e-08,0.006819471251219511,0.25769099593162537,-8.057802602934316e-08,-4.5578925522704594e-08,9.685754420729609e-10,-3.6377461043457515e-08,6.742775582324612e-08,0.006900401785969734,0.2579926550388336,0.018415065482258797,0.00010657087113941088,0.007581172976642847,0.058397527784109116,0.04979422688484192,0.008563275448977947,0.0019190519815310836,0.009819275699555874,-0.0004823202616535127,0.10624787956476212,0.09648203104734421,0.000366435939213261,0.0004904574016109109,0.026449790224432945,0.02562633529305458,0.06446639448404312,0.059165991842746735,0.01605464704334736,0.01581164263188839,-0.00032006800756789744,0.0003921514726243913,0.00024192049750126898,0.0007944834069348872,0.13124851882457733,0.12713755667209625,0.001546030747704208,0.0006406664615496993,-0.0006164884543977678,-0.0005568599444814026,0.35358473658561707,0.22252027690410614,0.22287173569202423,0.0002663346822373569,0.03402600437402725,0.0364924892783165,-4.676386743085459e-05,-0.0010892711579799652,1.8952415192785566e-09,-1.272186622713889e-08,7.849186545172415e-08,-1.639127766850379e-08,8.314847832480154e-08,3.30340128584794e-08,-3.201887111003998e-08,9.891576979725869e-08,-2.944842059093844e-08,9.633600939196185e-08
00:00:08:09.150,61,6.3776973036056e-08,-2.5518238633281953e-09,-1.8384307409746725e-08,2.4186446623275515e-08,-5.3215771345094254e-08,0.006523388437926769,0.2589454650878906,-7.217749953269958e-08,-4.615634807692004e-08,-1.1101365160470777e-08,-2.8745271052343924e-08,4.962086563864432e-08,0.006608013063669205,0.25921332836151123,0.02006269060075283,4.392340997583233e-06,0.010032782331109047,0.08659128099679947,0.04138321802020073,0.049739331007003784,0.002457554917782545,0.009511190466582775,-0.0004965847474522889,0.09778659790754318,0.09004762023687363,0.00047615094808861613,0.000757638190407306,0.026281189173460007,0.0254686139523983,0.067194364964962,0.06443566083908081,0.007290442008525133,0.01456402987241745,0.000137654846184887,3.6735087633132935e-05,1.8323882613913156e-05,0.0005465680151246488,0.18618370592594147,0.1827821135520935,0.0038310831878334284,0.0027954524848610163,-0.0008987027686089277,-0.0007788455695845187,0.3602408468723297,0.22327525913715363,0.22359682619571686,0.00011158943379996344,0.03422176465392113,0.03693900257349014,-0.00036545275361277163,-0.001316541456617415,2.1490267343438063e-09,-3.725290298461914e-09,5.533918567834917e-08,-5.2899120639438024e-09,7.620081277082136e-08,2.6994385393663833e-08,-3.5595149938671966e-08,8.023344122420895e-08,-3.3490358930521325e-08,9.506941012205061e-08
00:00:08:09.166,61,4.5616179278340496e-08,-3.0361115843646758e-09,-1.2367963542203597e-08,1.7555430886773138e-08,-3.8295983273428646e-08,0.006388154812157154,0.26043859124183655,-5.176291040243086e-08,-3.375113166725896e-08,-9.275972878697303e-09,-2.0093285257871685e-08,3.434717754657868e-08,0.006472583394497633,0.2606848478317261,0.02326982282102108,-6.986476364545524e-05,0.014689949341118336,0.1214008554816246,0.01778491772711277,0.09292415529489517,0.0014915579231455922,0.00933441985398531,-0.000503933522850275,0.08512817323207855,0.07971486449241638,5.211885945755057e-05,0.0007323725731112063,0.026211369782686234,0.025228451937437057,0.06864279508590698,0.06793741881847382,0.0018568002851679921,0.012237236835062504,0.0004510924336500466,-0.0009199410560540855,0.000162131866090931,0.0006840317510068417,0.2511478066444397,0.2471526712179184,0.02122393064200878,0.02069539576768875,-0.0005443763802759349,-0.000388952495995909,0.3641033172607422,0.22503513097763062,0.22534842789173126,0.0002360792423132807,0.03563079982995987,0.038062892854213715,-0.0006556659936904907,-0.0008514510118402541,1.6007106751203537e-09,-1.5459954427754496e-09,3.8109718047962815e-08,-2.7939677238464355e-09,5.524605484197309e-08,1.911539548871133e-08,-2.6524066498723187e-08,5.657784640789032e-08,-2.497807116697004e-08,6.932765472811298e-08
00:00:08:11.183,61,3.649853042020368e-08,-5.923211698899422e-09,-7.394701295737605e-09,1.478940259147521e-08,-3.121793312743648e-08,0.00688475975766778,0.26001060009002686,-4.170462375441275e-08,-2.9038638160727714e-08,-1.1660159060511432e-08,-1.4882534316029705e-08,2.4121254327269526e-08,0.006965442094951868,0.26023828983306885,0.027226485311985016,-6.632581516896607e-06,0.019181083887815475,0.1322549432516098,0.005797394551336765,0.12671293318271637,0.0010444661602377892,0.009140806272625923,-0.000565512222237885,0.0727418065071106,0.06879603117704391,-5.591958688455634e-05,0.0006861373549327254,0.02569671720266342,0.02448546141386032,0.07170608639717102,0.07206740975379944,5.582928497460671e-05,0.010831981897354126,0.0005067730089649558,-0.0011440658709034324,0.00018275041657034308,0.0007458023610524833,0.29001787304878235,0.28581443428993225,0.049155980348587036,0.048822689801454544,-0.0004552352475002408,-0.00031928063253872097,0.36802399158477783,0.2287333905696869,0.22904491424560547,0.00016898076864890754,0.037530433386564255,0.03954826667904854,-0.0009630700806155801,-0.0001495835167588666,1.4388933378128854e-09,1.3597309944657354e-09,2.5872141762306455e-08,9.685754420729609e-10,4.503876027683873e-08,1.45332883505489e-08,-2.3674219917779737e-08,4.270113862503422e-08,-2.2705643587528357e-08,5.919486412153674e-08
00:00:08:11.199,61,5.990266771505048e-08,3.725290215195187e-11,-1.892447443196943e-08,2.210959770820864e-08,-4.951841958700243e-08,0.00693344185128808,0.25248053669929504,-6.761401749599827e-08,-4.1965396491150386e-08,-7.711350669126205e-09,-2.7795321599910494e-08,4.8931688922948524e-08,0.007004113867878914,0.25269442796707153,0.02760228142142296,-1.5395433365483768e-05,0.021667959168553352,0.12662526965141296,0.002735474146902561,0.15020981431007385,0.0012701133964583278,0.008403491228818893,-0.0006630894495174289,0.05913187563419342,0.0558796264231205,0.0003245401312597096,0.0009474357939325273,0.02333073690533638,0.02196992188692093,0.07433205842971802,0.07563632726669312,-0.00013789176591672003,0.00993186142295599,0.0003592559660319239,-0.0009020191500894725,0.00033424116554670036,0.000884927052538842,0.29019278287887573,0.28636324405670166,0.06793100386857986,0.06751128286123276,-0.00022996305779088289,-0.00010456443123985082,0.366446852684021,0.23082782328128815,0.23112839460372925,0.00022064246877562255,0.038840390741825104,0.04071657359600067,-0.0012913346290588379,0.000296557554975152,1.8987338368248174e-09,-5.215406329028838e-09,5.5320562353244895e-08,-7.096677911988536e-09,7.085502318204817e-08,2.593500525449599e-08,-3.1907109843132275e-08,7.716007388580692e-08,-2.993270697970729e-08,8.720904531855922e-08
00:00:08:13.216,61,7.195398410431153e-08,5.215406329028838e-09,-2.6468187641626173e-08,2.5341286402635887e-08,-5.859881468950334e-08,0.006761706434190273,0.24402518570423126,-8.05966564598748e-08,-4.72553089991834e-08,-2.6822091214739885e-09,-3.523193470300612e-08,6.424263432336375e-08,0.0068190074525773525,0.24421942234039307,0.027275672182440758,6.468486390076578e-05,0.02333512343466282,0.10766702890396118,0.0014142495347186923,0.16780833899974823,0.0018324342090636492,0.007842517457902431,-0.0006376674282364547,0.04640444368124008,0.043606508523225784,0.0003984725335612893,0.0008401924278587103,0.020338891074061394,0.01891011744737625,0.07565764337778091,0.07837335765361786,-1.086235079128528e-05,0.00875123217701912,-0.00012826279271394014,-0.0004932531155645847,0.0002990161592606455,0.0008002889808267355,0.26854750514030457,0.2654899060726166,0.08410947769880295,0.08357802033424377,-0.0003574442816898227,-0.00025225162971764803,0.3630909025669098,0.23235026001930237,0.23265469074249268,0.0002702940546441823,0.04003522917628288,0.04173560440540314,-0.0014667713548988104,0.0011186060728505254,2.024462375516123e-09,-1.0486692403333109e-08,7.389112965938693e-08,-1.3466924464466956e-08,8.339062418372123e-08,3.225635580861308e-08,-3.440305462731885e-08,9.6522271064714e-08,-3.18139790067562e-08,9.905546960453648e-08
00:00:08:13.233,61,9.119510480104509e-08,8.810311591389564e-09,-3.499910405935225e-08,3.158114836310233e-08,-7.383525257864676e-08,0.0059403665363788605,0.23497134447097778,-1.0203569900113507e-07,-5.8468430097491364e-08,-1.043081288010228e-09,-4.540197551250458e-08,8.370727044848536e-08,0.005976821295917034,0.23514814674854279,0.025348296388983727,8.402310049859807e-05,0.024526894092559814,0.09138408303260803,0.0007906514219939709,0.17978022992610931,0.0024569446686655283,0.007332885172218084,-0.0006430884241126478,0.03938906639814377,0.03656628727912903,0.0005717194289900362,0.0009193235891871154,0.01772684045135975,0.016269324347376823,0.07451996207237244,0.07867223769426346,-0.00011571109644137323,0.007690934929996729,-0.00035722830216400325,-4.041135252919048e-05,0.00013094682071823627,0.00055074313422665,0.2454127073287964,0.24296535551548004,0.09406240284442902,0.0931394174695015,-0.0005003178375773132,-0.00041878342744894326,0.35486873984336853,0.23141062259674072,0.23172035813331604,0.00031250689062289894,0.03919045999646187,0.04037446901202202,-0.0014939255779609084,0.001644262345507741,2.4610198323671284e-09,-1.4882534316029705e-08,9.6522271064714e-08,-1.907348590179936e-08,1.0492280466678494e-07,4.129717012801848e-08,-4.190951585769653e-08,1.2376345637221675e-07,-3.872439435781416e-08,1.2349337907835434e-07
00:00:08:14.250,61,6.956048537176684e-08,1.3168901524807097e-08,-3.138557147508436e-08,2.2640451291522368e-08,-5.524605484197309e-08,0.005005229264497757,0.23041440546512604,-7.724389661234454e-08,-4.062428970996734e-08,7.3760748620088634e-09,-3.6968849315144325e-08,7.055700024238831e-08,0.00502820685505867,0.2306024432182312,0.02329700067639351,7.447034295182675e-05,0.025128783658146858,0.07930189371109009,0.000743604323361069,0.18517963588237762,0.004169205203652382,0.0074906982481479645,-0.000674230745062232,0.03116988204419613,0.027828412130475044,0.0007136142230592668,0.001065289368852973,0.015150108374655247,0.013531548902392387,0.07303664833307266,0.0782773569226265,-0.00030317812343128026,0.006409504450857639,-0.0005260855541564524,0.0006814764929004014,-0.00020742723427247256,0.0002004351408686489,0.22199465334415436,0.2197592556476593,0.09883015602827072,0.09756245464086533,-0.000562492583412677,-0.0005169236683286726,0.34911927580833435,0.22691258788108826,0.22723346948623657,0.00036141547025181353,0.038253217935562134,0.03877044469118118,-0.0015608679968863726,0.0019830132368952036,1.539010585638323e-09,-1.6596167995430733e-08,8.378177795975716e-08,-2.0749867601921324e-08,7.852911920736005e-08,3.312481666739586e-08,-2.721324499077582e-08,9.960494651295448e-08,-2.4475157900383238e-08,8.758157576949088e-08
00:00:08:15.266,61,9.390525690378126e-08,-3.501772871672415e-09,-2.6989727786030926e-08,3.550201554958221e-08,-7.822178105243438e-08,0.003933609928935766,0.23319412767887115,-1.0618939683126882e-07,-6.785616335491795e-08,-1.6577541117612782e-08,-4.2389146415189316e-08,7.331371421059885e-08,0.0039434670470654964,0.23337751626968384,0.021743016317486763,9.396087261848152e-05,0.025746531784534454,0.0666312575340271,0.00020635128021240234,0.19351467490196228,0.008698636665940285,0.0069758654572069645,-0.0007383291958831251,0.0240115188062191,0.02081923745572567,0.000558960426133126,0.0009848034242168069,0.013857830315828323,0.012306991033256054,0.07080107927322388,0.07769875973463058,-0.0004476848116610199,0.00555581646040082,-0.0006698010838590562,0.0013830011012032628,-0.00028252272750250995,8.318506297655404e-05,0.2027512490749359,0.20072424411773682,0.10292748361825943,0.10149658471345901,-0.0006984389037825167,-0.0006440210272558033,0.343680202960968,0.22418759763240814,0.22452431917190552,0.00028596710762940347,0.038576316088438034,0.03889896348118782,-0.0017184823518618941,0.0026684997137635946,3.1583475834651153e-09,-5.401671110405459e-09,8.093193315517055e-08,-7.3760748620088634e-09,1.1147930933930184e-07,3.964872874462344e-08,-5.2731483179968563e-08,1.1807307487288199e-07,-4.9564988557904144e-08,1.4018267791016115e-07
00:00:08:16.283,61,8.82148754044465e-08,-3.371387613526622e-09,-2.5220215249532885e-08,3.33786012163273e-08,-7.352791442372109e-08,0.003121743444353342,0.2388627678155899,-9.980983861623827e-08,-6.394461138370389e-08,-1.560896656371824e-08,-3.967899786516682e-08,6.865710133752145e-08,0.003124442184343934,0.2390454262495041,0.02109145000576973,0.00014851056039333344,0.026243524625897408,0.059476397931575775,0.00012863040319643915,0.19979220628738403,0.014328955672681332,0.0065788524225354195,-0.0007188208401203156,0.012849333696067333,0.00971311517059803,0.0007944252574816346,0.0013192299520596862,0.012602321803569794,0.011058581061661243,0.07252821326255798,0.08080321550369263,-0.00035527616273611784,0.004856300074607134,-0.0010622770059853792,0.002647757763043046,-0.00024377046793233603,8.917004015529528e-05,0.18958045542240143,0.18768009543418884,0.10414944589138031,0.10272414982318878,-0.0007298731943592429,-0.000711401691660285,0.3401683568954468,0.21990734338760376,0.22024929523468018,0.0003280611417721957,0.03847212344408035,0.038797199726104736,-0.0017652043607085943,0.003112219041213393,2.9755755637239645e-09,-4.76837147544984e-09,7.532536727694605e-08,-6.929040008429865e-09,1.0486692048061741e-07,3.7159772148243064e-08,-4.932284269898446e-08,1.1054798676468636e-07,-4.6845524792615834e-08,1.3183802138883038e-07
00:00:08:18.300,61,9.42219031685454e-08,-6.5006315885796084e-09,-2.497807116697004e-08,3.6396087921275466e-08,-7.90692880059396e-08,0.002760758390650153,0.24764639139175415,-1.0700896524440395e-07,-7.022172354709255e-08,-2.004206223205074e-08,-4.149041998857683e-08,7.065013107876439e-08,0.002759569324553013,0.2478296309709549,0.020412812009453773,0.0001291556254727766,0.026358673349022865,0.0560016967356205,0.00025598646607249975,0.2044072300195694,0.020021146163344383,0.006375253200531006,-0.0006378936814144254,0.005633841268718243,0.003203141735866666,0.0023674590047448874,0.003134308382868767,0.011904015205800533,0.010340970009565353,0.07545306533575058,0.08446303009986877,-0.00041127949953079224,0.004102544393390417,-0.0009245762485079467,0.003504382446408272,-0.00017295946599915624,0.00018288455612491816,0.18134987354278564,0.1789155900478363,0.10078945010900497,0.09937215596437454,-0.0008507740567438304,-0.0007999480003491044,0.3382542133331299,0.21607492864131927,0.2164277285337448,0.0002950178168248385,0.037191733717918396,0.037780795246362686,-0.0019389033550396562,0.0029336672741919756,3.3364631057963834e-09,-2.8684734587614003e-09,7.66664740581291e-08,-4.731118607992357e-09,1.1278316236484898e-07,3.908062495838749e-08,-5.4854901065937156e-08,1.1608004513163905e-07,-5.21540641784668e-08,1.4383346069735126e-07
00:00:08:18.316,61,8.637085358031982e-08,1.639127722441458e-09,-2.8237700178124214e-08,3.147870231146044e-08,-7.10971619355405e-08,0.0024455320090055466,0.25886672735214233,-9.729527050694742e-08,-5.975365979793423e-08,-9.126961408867373e-09,-4.0614978047415207e-08,7.232651455524319e-08,0.002443894511088729,0.25906017422676086,0.019836818799376488,9.253051393898204e-05,0.0259222611784935,0.05501279979944229,0.0004737382987514138,0.2023407518863678,0.02297947369515896,0.005886920727789402,-0.0005099140689708292,0.0025133397430181503,0.0005761906504631042,0.006175283808261156,0.007100205402821302,0.011500022374093533,0.009992938488721848,0.08011972159147263,0.08959779888391495,-0.00033485249150544405,0.003756812307983637,-0.0008388016140088439,0.004556247498840094,3.8112215406727046e-05,0.0004246753524057567,0.17350558936595917,0.1707482486963272,0.09462061524391174,0.09351944923400879,-0.0009270620066672564,-0.000866878021042794,0.33551064133644104,0.21216139197349548,0.212508887052536,0.00023602366854902357,0.03633813560009003,0.03757035359740257,-0.0018556040013208985,0.003219646168872714,2.670567544882374e-09,-8.661300121559634e-09,8.109957150281843e-08,-1.1529773580321034e-08,1.012161376934273e-07,3.7495045290825146e-08,-4.438683376406516e-08,1.1195428584187539e-07,-4.1779131265684555e-08,1.2356787237877143e-07
00:00:08:20.333,61,8.936971340745004e-08,-8.940696516468449e-10,-2.723187186859377e-08,3.322027453123155e-08,-7.410533697793653e-08,0.0023785901721566916,0.2732292115688324,-1.010391841305136e-07,-6.357208093277222e-08,-1.2852251707329287e-08,-4.115514329328107e-08,7.230788412471156e-08,0.00237456476315856,0.2734309732913971,0.019393885508179665,0.00010447915701661259,0.025522924959659576,0.0560598224401474,0.00039268613909371197,0.1965048611164093,0.021407073363661766,0.005805622320622206,-0.00039565860060974956,0.0014906582655385137,-0.0004913346492685378,0.010961337946355343,0.012007458135485649,0.011492419056594372,0.009982947260141373,0.08311101049184799,0.09276086837053299,-0.00030777425854466856,0.0034493105486035347,-0.0008232443942688406,0.0047593689523637295,7.065163663355634e-05,0.00046387105248868465,0.17101158201694489,0.1679193526506424,0.08727101981639862,0.08615560829639435,-0.0008577871485613286,-0.0008066964219324291,0.33221572637557983,0.2106531709432602,0.2109977900981903,7.593948248540983e-05,0.03544829785823822,0.036827560514211655,-0.0018874937668442726,0.0028399110306054354,2.9057263262188826e-09,-6.9476664421586065e-09,8.001923390565935e-08,-9.331852623972736e-09,1.0550022011557303e-07,3.823777561251518e-08,-4.841014700218693e-08,1.1391937704274824e-07,-4.5411287175056714e-08,1.3109296048696706e-07
00:00:08:20.349,61,8.947215945909193e-08,3.8743017682918435e-09,-3.071501808449284e-08,3.211200194641606e-08,-7.331371421059885e-08,0.0017585355089977384,0.2867650091648102,-1.0058283805847168e-07,-6.066635194201808e-08,-7.1525572131747595e-09,-4.282221155449406e-08,7.716938910107274e-08,0.0017553579527884722,0.286975622177124,0.019118579104542732,0.00011046238068956882,0.025045746937394142,0.05776868760585785,0.0005380875081755221,0.1898551881313324,0.019527103751897812,0.005763798952102661,-0.0002728007093537599,0.0011166012845933437,-0.000730251835193485,0.01560724526643753,0.016617590561509132,0.011343576945364475,0.009791122749447823,0.08481784164905548,0.09449653327465057,-0.0004137658979743719,0.003287825034931302,-0.0008574795792810619,0.0047728209756314754,6.818840483902022e-05,0.0004406890948303044,0.17034167051315308,0.167016863822937,0.08072883635759354,0.07965877652168274,-0.0008843266987241805,-0.0008278465247713029,0.32971298694610596,0.21012233197689056,0.21045833826065063,5.090981630928582e-06,0.03407520800828934,0.03570347651839256,-0.0016751468647271395,0.002447046572342515,2.6845372591566274e-09,-1.0617076995345087e-08,8.728355282983102e-08,-1.3951211741414227e-08,1.0462477462169772e-07,3.9455482436778766e-08,-4.475936421499682e-08,1.1775642860811786e-07,-4.181638502132046e-08,1.2606382426838536e-07
00:00:08:22.366,61,8.532777684422399e-08,1.2274831817649101e-08,-3.561377681648992e-08,2.8619542291608013e-08,-6.850808631497785e-08,0.001790270791389048,0.29804766178131104,-9.518116428353096e-08,-5.23962064846728e-08,4.023313682210983e-09,-4.392583008439033e-08,8.238479409783395e-08,0.0017814940074458718,0.298257440328598,0.018945490941405296,0.0001311698870267719,0.024787334725260735,0.05994463339447975,0.0004615926882252097,0.18664298951625824,0.018515177071094513,0.0058131469413638115,-0.00019462961063254625,0.0008098504040390253,-0.0011689439415931702,0.020683927461504936,0.021669363602995872,0.011059016920626163,0.009483636356890202,0.08669152855873108,0.09615129232406616,-0.000374991592252627,0.0032834333833307028,-0.0009128504898399115,0.004429468885064125,8.564479685446713e-06,0.0003777596284635365,0.17116791009902954,0.16767370700836182,0.07558193057775497,0.07450462132692337,-0.0005700290203094482,-0.0005321252392604947,0.3284333050251007,0.20950928330421448,0.2098395973443985,-0.0001078420682461001,0.03266380727291107,0.03411887586116791,-0.0015740308444947004,0.0020806884858757257,2.1222512636143165e-09,-1.7061829282738472e-08,9.603798645230199e-08,-2.1588057563803886e-08,9.747222406986111e-08,3.9651059324796734e-08,-3.6228449573627586e-08,1.1883675909984959e-07,-3.289431305120161e-08,1.1146068601419756e-07
00:00:08:22.383,61,8.58865689679078e-08,1.6260891300134972e-08,-3.8743017682918435e-08,2.7902423482828453e-08,-6.827525567132398e-08,0.0018110072705894709,0.3084677755832672,-9.532086409080875e-08,-5.032867278487174e-08,9.089708541409891e-09,-4.556029864488664e-08,8.709728405165151e-08,0.0017995157977566123,0.30868735909461975,0.0188327357172966,0.00012837059330195189,0.024751758202910423,0.0637662336230278,0.0006731200264766812,0.18165570497512817,0.016031909734010696,0.005931910127401352,-0.0001707679039100185,0.0003825940075330436,-0.001241702469997108,0.021887049078941345,0.022851066663861275,0.011091001331806183,0.009428498335182667,0.09020578116178513,0.09958813339471817,-0.0003341722476761788,0.0034595560282468796,-0.0009699563961476088,0.004140692297369242,1.3895891243009828e-05,0.0004000081098638475,0.17269618809223175,0.16919271647930145,0.0710979625582695,0.07021533697843552,-0.0005504477303475142,-0.0005153906531631947,0.326384037733078,0.20911598205566406,0.2094411849975586,-0.00014641629240941256,0.031124496832489967,0.03269466012716293,-0.0015722793759778142,0.0017254638951271772,1.9406434237367876e-09,-2.037733715098966e-08,1.0255724447461034e-07,-2.5723130292476526e-08,9.72114477804098e-08,4.088971650162421e-08,-3.3471732052703373e-08,1.2275762628632947e-07,-3.008171844953722e-08,1.079961648997596e-07
00:00:08:24.400,61,8.992850553113385e-08,1.7229467630386353e-08,-4.069879722123915e-08,2.9150395874921742e-08,-7.154419989774397e-08,0.0017450067680329084,0.31656450033187866,-9.9791215291134e-08,-5.2619725465774536e-08,9.313225746154785e-09,-4.774425121922832e-08,9.132548939305707e-08,0.001731035066768527,0.3167874217033386,0.019005680456757545,0.00014608976198360324,0.024743057787418365,0.06720889359712601,0.0007644617580808699,0.17346668243408203,0.012370962649583817,0.006261138711124659,-0.00011756903404602781,0.0003923399781342596,-0.001386225805617869,0.023308781906962395,0.024235233664512634,0.01113702729344368,0.009372422471642494,0.09245389699935913,0.10154484957456589,-0.00032968370942398906,0.0037476217839866877,-0.000984008889645338,0.0036014800425618887,-1.5779249224578962e-05,0.0003490822855383158,0.1751863807439804,0.17166770994663239,0.06614994257688522,0.06539246439933777,-0.0006067538051865995,-0.0005875384667888284,0.32696518301963806,0.2064456343650818,0.20676296949386597,-0.00014686562644783407,0.029164977371692657,0.03058849275112152,-0.001497858203947544,0.0012364387512207031,2.020970057969862e-09,-2.1420419216156006e-08,1.0758638069319204e-07,-2.6952475806751863e-08,1.0173767606147521e-07,4.28687769726821e-08,-3.503635426227447e-08,1.2859702280820784e-07,-3.146007543364249e-08,1.1350959283618067e-07
00:00:08:24.416,61,9.959563840311603e-08,1.193955512235334e-08,-3.989785923863565e-08,3.3974647095647015e-08,-8.032657206058502e-08,0.0018954504048451781,0.32420414686203003,-1.1106953223816163e-07,-6.271525876400119e-08,1.6763805898989403e-09,-5.035195371760892e-08,9.37096800157633e-08,0.0018827301682904363,0.32443520426750183,0.019391478970646858,0.0001398290623910725,0.024395890533924103,0.06925339996814728,0.0009874802781268954,0.16528257727622986,0.010021932423114777,0.006557408720254898,-4.826570875593461e-05,0.00033834786154329777,-0.0014015397755429149,0.02100616879761219,0.021825123578310013,0.011381503194570541,0.009550776332616806,0.09332484006881714,0.10223153978586197,-0.00019361138402018696,0.004096481017768383,-0.000850242970045656,0.0030698985792696476,-0.00011131480277981609,0.00025979831116274,0.17416809499263763,0.17086158692836761,0.061733704060316086,0.06119115650653839,-0.0006670415168628097,-0.0006468582432717085,0.32575637102127075,0.20400457084178925,0.2043173462152481,-0.00015193724539130926,0.028117310255765915,0.029802152886986732,-0.0015259700594469905,0.0009651684667915106,2.5914050905129216e-09,-1.814216332718388e-08,1.087225953710913e-07,-2.307817403846002e-08,1.1451542292206796e-07,4.577916001835547e-08,-4.4181941660781376e-08,1.3712794100229075e-07,-4.030763989248953e-08,1.3232231310666975e-07
00:00:08:26.433,61,9.64105097978063e-08,1.145526784540607e-08,-3.853812913234833e-08,3.3024697643213585e-08,-7.775611976512664e-08,0.002084562787786126,0.33108243346214294,-1.0757707258335358e-07,-6.075948277839416e-08,1.3038515822572094e-09,-4.867091618621089e-08,9.063631267736127e-08,0.0020737985614687204,0.33132755756378174,0.01950260065495968,0.00015247300325427204,0.02418544329702854,0.06941887736320496,0.0009707474964670837,0.15808428823947906,0.007897301577031612,0.006871560588479042,-5.894201240153052e-05,0.001145831891335547,-0.0011737864697352052,0.01693607121706009,0.017639655619859695,0.01197506207972765,0.010138153098523617,0.09350565075874329,0.10231596231460571,-0.00018064498726744205,0.004317138809710741,-0.0008425539708696306,0.0029371352866292,-0.00010649718024069443,0.0002426025312161073,0.17252956330776215,0.16921688616275787,0.05830824375152588,0.05766965076327324,-0.0005884444690309465,-0.0005813598399981856,0.3230118453502655,0.2001989334821701,0.2005084604024887,-0.00019909313414245844,0.027440281584858894,0.029232844710350037,-0.0014775454765185714,0.0007497865008190274,2.5262125724623274e-09,-1.7303973365301317e-08,1.0486692048061741e-07,-2.2035091973293675e-08,1.1093914764614965e-07,4.42634338071457e-08,-4.298984990214194e-08,1.3247132812921336e-07,-3.9413571073509956e-08,1.2837350027439243e-07
00:00:08:26.449,61,9.451992610820525e-08,1.51433052764105e-08,-4.086643556888703e-08,3.131106396381256e-08,-7.548369751475548e-08,0.0021187791135162115,0.33715224266052246,-1.0501593550316102e-07,-5.686655768499804e-08,6.705522359595761e-09,-4.922039664734257e-08,9.315088078665212e-08,0.0021074903197586536,0.3374018967151642,0.019287878647446632,0.00011973932123510167,0.023596398532390594,0.06950967013835907,0.0010284221498295665,0.15062427520751953,0.00544486939907074,0.006921269930899143,-7.62559866416268e-05,0.0016885048244148493,-0.0007805931381881237,0.012033803388476372,0.012569699436426163,0.01256082858890295,0.010743276216089725,0.09397899359464645,0.10273459553718567,-0.00014503300189971924,0.004504932556301355,-0.0007801124593243003,0.0024814021307975054,-0.00016871806292328984,0.00017883031978271902,0.1728200763463974,0.16944259405136108,0.0551629364490509,0.0545322448015213,-0.0005888295127078891,-0.0005745631642639637,0.3200097978115082,0.19625820219516754,0.19656163454055786,-0.0002210860257036984,0.026636844500899315,0.028597747907042503,-0.0014498516684398055,0.00043486387585289776,2.263113918488102e-09,-2.035871204952855e-08,1.091137562525546e-07,-2.576038227175559e-08,1.0760501112372367e-07,4.444271439751901e-08,-3.883615207200819e-08,1.3316982006017497e-07,-3.516673885428645e-08,1.2155622641785158e-07
00:00:08:28.466,61,1.0741874234554416e-07,1.4267861558892037e-08,-4.4330953130611306e-08,3.628432665436776e-08,-8.638016879558563e-08,0.0020006834529340267,0.3422013223171234,-1.1968425894792745e-07,-6.662681784064262e-08,4.0978194171259474e-09,-5.4938720239761096e-08,1.0291114449501038e-07,0.001987759256735444,0.3424561023712158,0.01919611543416977,0.0001114022743422538,0.023308968171477318,0.07140197604894638,0.0009683120297268033,0.14446012675762177,0.003659669542685151,0.007077629677951336,-8.88886206666939e-05,0.0030062259174883366,5.755752499680966e-05,0.006474069785326719,0.006790635176002979,0.013004958629608154,0.011163928546011448,0.0939822793006897,0.1024838462471962,-0.00010429352551000193,0.00482726888731122,-0.0007958423811942339,0.0020645023323595524,-0.00019309271010570228,0.00014936320076230913,0.1766391396522522,0.17343242466449738,0.0516035333275795,0.05085810273885727,-0.000648828165140003,-0.0006379586411640048,0.31770434975624084,0.1918373554944992,0.1921362280845642,-0.0002633641706779599,0.02575031667947769,0.02762148343026638,-0.0014486681902781129,2.2924541553948075e-05,2.718297809067849e-09,-2.071261384628542e-08,1.1973082791882916e-07,-2.6486814519444124e-08,1.2308359487178677e-07,4.982110013429519e-08,-4.628673266893202e-08,1.4918856550139026e-07,-4.235655026718632e-08,1.4122575464625697e-07
00:00:08:28.483,61,1.14254653738044e-07,1.4603138254187797e-08,-4.6417117260943996e-08,3.8845463734560326e-08,-9.20705502949204e-08,0.0019768420606851578,0.34520289301872253,-1.2728385456739488e-07,-7.137656155009608e-08,3.0174851506359346e-09,-5.807727632145543e-08,1.0848045661759897e-07,0.001958240754902363,0.3454601764678955,0.019482234492897987,2.2166223061503842e-05,0.023276356980204582,0.07460470497608185,0.0010416182922199368,0.13942083716392517,0.001980200409889221,0.007124737370759249,-0.00013947927800472826,0.004365269560366869,0.000835960207041353,0.003542231861501932,0.003749866969883442,0.013694660738110542,0.011842615902423859,0.09526050835847855,0.10369086265563965,-0.00010624408605508506,0.005163511261343956,-0.0007750643999315798,0.0017392104491591454,-0.00029793244902975857,4.529818761511706e-05,0.1849498301744461,0.18180763721466064,0.050875138491392136,0.050015293061733246,-0.0007297760457731783,-0.0006999987526796758,0.3137910068035126,0.18635497987270355,0.18664714694023132,-0.0002679792232811451,0.02517559379339218,0.026948709040880203,-0.0014722123742103577,-0.0001666825992288068,2.9266811196748677e-09,-2.1234153990690174e-08,1.25952070106905e-07,-2.7157366133678806e-08,1.3120472885930212e-07,5.277106396306408e-08,-5.003064984521188e-08,1.5799886909917404e-07,-4.5746563870352475e-08,1.5083701043749898e-07
00:00:08:29.500,61,1.0627321955780644e-07,1.3578683066839403e-08,-4.323199220834795e-08,3.6079438103797656e-08,-8.552335373224196e-08,0.002304584952071309,0.34646210074424744,-1.1831522073180167e-07,-6.619841030897078e-08,3.0174851506359346e-09,-5.400739766514562e-08,1.0102987602067515e-07,0.002281968016177416,0.34672462940216064,0.019705958664417267,-4.21283402829431e-05,0.02315138280391693,0.07967016100883484,0.0011974322842434049,0.13563358783721924,0.0012006410397589207,0.0073020197451114655,-0.0002060778788290918,0.0074060107581317425,0.003113948740065098,0.002053647069260478,0.0021224147640168667,0.014157140627503395,0.012290477752685547,0.09532302618026733,0.10354580730199814,-0.00020776718156412244,0.005532137118279934,-0.0006241795490495861,0.0012360024265944958,-0.0003326180449221283,8.530467312084511e-06,0.19651412963867188,0.193303644657135,0.05024346336722374,0.0491655170917511,-0.0007435214356519282,-0.0007083678501658142,0.309810996055603,0.18131260573863983,0.18159738183021545,-0.00024527113419026136,0.024713506922125816,0.026294909417629242,-0.0013114013709127903,-0.000537966494448483,2.7299393856594634e-09,-1.9855797006584908e-08,1.17458405668458e-07,-2.5406480474998716e-08,1.2220814937791147e-07,4.9190131079512867e-08,-4.662200936422778e-08,1.4701858219723363e-07,-4.24869348591983e-08,1.402199245603697e-07
00:00:08:30.516,61,9.825453162193298e-08,1.4342367293807001e-08,-4.118308538636484e-08,3.3006070765395634e-08,-7.882714214701991e-08,0.0025464899372309446,0.3465670645236969,-1.0930001792530675e-07,-6.023794441034624e-08,4.61936000561991e-09,-5.0473026647068764e-08,9.48831413438711e-08,0.0025247198063880205,0.346832275390625,0.020109951496124268,-4.450932101462968e-05,0.02334573306143284,0.08369871228933334,0.0013769051292911172,0.13252407312393188,0.0004883006331510842,0.0074356915429234505,-0.0002458071685396135,0.011400219984352589,0.006695507559925318,0.001296098344027996,0.0013730678474530578,0.015387562103569508,0.013542510569095612,0.0969981923699379,0.10541599243879318,-0.000244731898419559,0.005862622056156397,-0.0005370114813558757,0.0009620061609894037,-0.0002794283500406891,3.825753810815513e-05,0.20580951869487762,0.20264708995819092,0.04994126781821251,0.04878056421875954,-0.0006904065376147628,-0.0006632554577663541,0.30526790022850037,0.17773674428462982,0.17802131175994873,-0.00014344062947202474,0.02465628832578659,0.026061175391077995,-0.001304382341913879,-0.0006421631551347673,2.4295878642277557e-09,-1.959502782256095e-08,1.1131167099165395e-07,-2.5201588371714934e-08,1.1263415444773273e-07,4.5932829095818306e-08,-4.181638502132046e-08,1.37342141215413e-07,-3.8128344925780766e-08,1.2792646941761632e-07
00:00:08:31.533,61,8.857809064011235e-08,1.4603138254187797e-08,-3.833323702906455e-08,2.9355287978205524e-08,-7.079913899588064e-08,0.0026046019047498703,0.3461148738861084,-9.817071600082272e-08,-5.312264050871818e-08,6.4074994199359026e-09,-4.601199066200934e-08,8.724629907419512e-08,0.0025804501492530107,0.3463912606239319,0.020559830591082573,-8.070543117355555e-05,0.023781929165124893,0.08784661442041397,0.0011199659202247858,0.12882493436336517,8.959710248745978e-05,0.007671324536204338,-0.00023139253607951105,0.01819469779729843,0.012656555511057377,0.000951993977651,0.0009813124779611826,0.016328856348991394,0.014455840922892094,0.09759074449539185,0.1060502827167511,-0.00032422482036054134,0.006070374045521021,-0.0003793331852648407,0.0007152205798774958,-0.000309372553601861,-2.7039199267164804e-05,0.2147810310125351,0.21167686581611633,0.04957098886370659,0.04823186248540878,-0.0006168913678266108,-0.0005946755409240723,0.3020245432853699,0.1731087863445282,0.1733931005001068,-0.0001782090839697048,0.02482323721051216,0.026036357507109642,-0.0011106014717370272,-0.0009433462982997298,2.108281549340063e-09,-1.909211277961731e-08,1.0300427533138645e-07,-2.4326146430553308e-08,1.0140239936617945e-07,4.183733892659802e-08,-3.6396087921275466e-08,1.2514180980360834e-07,-3.3024697643213585e-08,1.1354684659181657e-07
00:00:08:33.550,61,9.330921102446155e-08,1.6167760463758896e-08,-4.0829181813251125e-08,3.082677579868687e-08,-7.450580596923828e-08,0.0027273427695035934,0.3443685472011566,-1.034047443226882e-07,-5.5786223640552635e-08,7.63684493421124e-09,-4.877336223785278e-08,9.272247325498029e-08,0.0026999858673661947,0.344654381275177,0.021260159090161324,-0.00011454299237811938,0.024121234193444252,0.08895399421453476,0.000824434740934521,0.12308607250452042,-0.0001818662858568132,0.007936988025903702,-0.00020268048683647066,0.02315506897866726,0.016777943819761276,0.0006695708725601435,0.0006621104548685253,0.01741218753159046,0.01560127455741167,0.09959492087364197,0.10810531675815582,-0.0002407389838481322,0.006130725611001253,-0.00030319899087771773,0.0005935633089393377,-0.00035791750997304916,-0.00011045336577808484,0.21778534352779388,0.21456198394298553,0.04991791769862175,0.04831211268901825,-0.0006460577133111656,-0.0006296193460002542,0.29678595066070557,0.16890953481197357,0.16920313239097595,-0.00021483494492713362,0.025018127635121346,0.02610243484377861,-0.000915621523745358,-0.000989226857200265,2.199085358256525e-09,-2.0470469763722576e-08,1.0963529462060251e-07,-2.6337803049614195e-08,1.0659918103783639e-07,4.426110677968609e-08,-3.784894886393886e-08,1.3245269769868173e-07,-3.419816607674875e-08,1.1894852036675729e-07
00:00:08:33.566,61,8.662231465450532e-08,1.2032687735086256e-08,-3.5893172878331825e-08,2.9271468804381584e-08,-6.957910869687112e-08,0.0028603675309568644,0.34337475895881653,-9.628012520579432e-08,-5.347654052911821e-08,3.6880374310044317e-09,-4.430301459024122e-08,8.312985499969727e-08,0.0028304588049650192,0.3436685800552368,0.021646900102496147,-0.00015461139264516532,0.024470744654536247,0.0900101289153099,0.0008062112610787153,0.11791699379682541,-0.00026052130851894617,0.008056013844907284,-0.00022197958605829626,0.028896862640976906,0.021772751584649086,0.0006587771931663156,0.0006363522843457758,0.01839730329811573,0.016610754653811455,0.10036002099514008,0.10890006273984909,-7.416546577587724e-05,0.006240357644855976,-0.000298778701107949,0.0005272842827253044,-0.00044929381692782044,-0.00020367995603010058,0.21837832033634186,0.21526573598384857,0.04902094230055809,0.04713491350412369,-0.0006166666862554848,-0.0005986690521240234,0.29105618596076965,0.1642206907272339,0.16451141238212585,-0.00024329638108611107,0.025027580559253693,0.026161637157201767,-0.0008953458163887262,-0.001178475678898394,2.176966606981523e-09,-1.67079274859816e-08,9.741633988369358e-08,-2.166256329871885e-08,9.987503091224426e-08,4.044268209213442e-08,-3.723427610680119e-08,1.2076459654508653e-07,-3.391876646219316e-08,1.1347233908054477e-07
00:00:08:35.583,61,8.833594478119267e-08,7.711350669126205e-09,-3.3341347460691395e-08,3.084540267650482e-08,-7.171183824539185e-08,0.002604651963338256,0.3417520821094513,-9.872019290924072e-08,-5.733221897230578e-08,-2.1234154434779384e-09,-4.356726890364371e-08,8.026137976457903e-08,0.0025727907195687294,0.34205305576324463,0.022219223901629448,-0.00019631169561762363,0.024610091000795364,0.0894324779510498,0.0008207398932427168,0.11198198050260544,-0.00022248477034736425,0.008161214180290699,-0.0002882021653931588,0.032886892557144165,0.025162899866700172,0.0006481286836788058,0.0005825552507303655,0.019411109387874603,0.017613733187317848,0.10161080956459045,0.11017507314682007,-9.344697173219174e-05,0.006355544552206993,-0.00042389839654788375,0.0006222400115802884,-0.0004886197857558727,-0.00025099434424191713,0.21328523755073547,0.21025601029396057,0.04728036746382713,0.045268893241882324,-0.0007465562084689736,-0.0007204216672107577,0.2851558029651642,0.1589052528142929,0.15919773280620575,-0.0003202570369467139,0.02453276328742504,0.02565259486436844,-0.0009067240171134472,-0.0012271469458937645,2.4412292187747653e-09,-1.3597309944657354e-08,9.283423452188799e-08,-1.7713755795512043e-08,1.0302290576191808e-07,4.01912245706626e-08,-4.155561228458282e-08,1.1974015023952234e-07,-3.825873307050642e-08,1.2010336547518818e-07
00:00:08:35.599,61,7.946975699724135e-08,6.966292875887348e-09,-2.9876829898967117e-08,2.7688219716992535e-08,-6.45034035073877e-08,0.0025080780033022165,0.3424471616744995,-8.87270985572286e-08,-5.159527205478298e-08,-2.0116568411054914e-09,-3.918074042985609e-08,7.206573826579188e-08,0.0024736004415899515,0.3427608609199524,0.021857943385839462,-0.00027716331533156335,0.02438816986978054,0.08609287440776825,0.0008610761142335832,0.1053420901298523,-0.00014077633386477828,0.008655968122184277,-0.0003005280450452119,0.03661505877971649,0.028122713789343834,0.0006634363671764731,0.0006156337331049144,0.02003459446132183,0.01816564053297043,0.10186280310153961,0.11017901450395584,0.00012698888895101845,0.0064656687900424,-0.00036274403100833297,0.0007802146137692034,-0.0005142491427250206,-0.0002544934395700693,0.2052830457687378,0.20215573906898499,0.044743798673152924,0.04252767562866211,-0.000606620917096734,-0.0005748081021010876,0.2785601019859314,0.1537548005580902,0.15405002236366272,-0.00025414268020540476,0.023745395243167877,0.024881286546587944,-0.0008528918260708451,-0.0013175299391150475,2.2060704374382567e-09,-1.2181699204916185e-08,8.363277004264091e-08,-1.5832483768463135e-08,9.274110368551192e-08,3.6209822695809635e-08,-3.712251839260716e-08,1.0767951863499547e-07,-3.43844277495009e-08,1.0840594910632717e-07
00:00:08:37.616,61,7.268041457564323e-08,1.1920929132713809e-08,-3.146007543364249e-08,2.4121254327269526e-08,-5.804002256581953e-08,0.0024597023148089647,0.3443436324596405,-8.06339102155107e-08,-4.380941476256339e-08,5.215406329028838e-09,-3.777909896029996e-08,7.161870740901577e-08,0.0024218689650297165,0.34466907382011414,0.021300649270415306,-0.0003035584813915193,0.024178706109523773,0.08059325069189072,0.0010086458642035723,0.0977301225066185,-0.00021266400290187448,0.008935345336794853,-0.00028621245292015374,0.03997785970568657,0.03081940859556198,0.0006435057730413973,0.0005916702793911099,0.020371070131659508,0.01845010370016098,0.10145017504692078,0.1096285805106163,0.00025562525843270123,0.0064574419520795345,-0.0004019472107756883,0.0009285507258027792,-0.0005192792741581798,-0.00025577173801138997,0.19194908440113068,0.18901580572128296,0.04132663831114769,0.03896751627326012,-0.0005872759502381086,-0.0005559581331908703,0.27132317423820496,0.14864100515842438,0.14893868565559387,-0.0002914725337177515,0.023130737245082855,0.024266861379146576,-0.0008271101396530867,-0.0013283422449603677,1.7380807904032736e-09,-1.5627593441536192e-08,8.441507759471278e-08,-1.9967556497135774e-08,8.333474710298105e-08,3.43844277495009e-08,-2.9988587613161144e-08,1.027062523917266e-07,-2.7120114154399744e-08,9.346753415684361e-08
00:00:08:37.633,61,7.551163605512556e-08,8.177011956433944e-09,-2.9802322387695312e-08,2.601183979322741e-08,-6.106682093331983e-08,0.0025795819237828255,0.3481198847293854,-8.431263154307089e-08,-4.805624342907322e-08,4.097819306103645e-10,-3.787223334938972e-08,7.025897730272845e-08,0.0025382977910339832,0.3484557271003723,0.02024281583726406,-0.0003429217613302171,0.02328447811305523,0.07405421137809753,0.0011547333560883999,0.08781235665082932,-0.00028147577540948987,0.009196733124554157,-0.0003230702131986618,0.04400709271430969,0.03404884412884712,0.0006624001543968916,0.0006153321010060608,0.020416509360074997,0.01849021017551422,0.09942273795604706,0.10732759535312653,0.00039988727075979114,0.0065584625117480755,-0.0003900004958268255,0.0009866086766123772,-0.0005556890391744673,-0.0002895139914471656,0.17679274082183838,0.17373642325401306,0.03616099804639816,0.033597975969314575,-0.0005573716480284929,-0.0005184495239518583,0.263968288898468,0.14388619363307953,0.1441899687051773,-0.00034757290268316865,0.022737331688404083,0.02391109988093376,-0.0007041527424007654,-0.0014108219183981419,2.0139849787881303e-09,-1.2796371962053854e-08,8.169561738213815e-08,-1.6801060098714515e-08,8.793547578989092e-08,3.477092747061761e-08,-3.423541627967097e-08,1.0367482872197797e-07,-3.132969084163051e-08,1.0143965312181535e-07
00:00:08:39.650,61,8.27852630891357e-08,7.972121629507e-09,-3.186985964021005e-08,2.8684734587614003e-08,-6.703660204721018e-08,0.0027434860821813345,0.3525516390800476,-9.244308074585206e-08,-5.314126738653613e-08,-1.0803341554677104e-09,-4.1127204752910984e-08,7.59772973424333e-08,0.0027012135833501816,0.35290223360061646,0.019474156200885773,-0.0003948264638893306,0.022126393392682076,0.06676691770553589,0.0015653383452445269,0.07668258994817734,-0.0003307390143163502,0.009400785900652409,-0.0003517697041388601,0.048891548067331314,0.03832964226603508,0.0005996086983941495,0.0005517894169315696,0.020612532272934914,0.01872701197862625,0.09727085381746292,0.10470139235258102,0.0006336540100164711,0.006674313917756081,-0.0002601909509394318,0.0010347359348088503,-0.0005637551657855511,-0.0003006346523761749,0.16072708368301392,0.1575326770544052,0.031088607385754585,0.028235305100679398,-0.0005903166602365673,-0.0005382841918617487,0.2582520544528961,0.14028100669384003,0.14058949053287506,-0.00039674798608757555,0.022969814017415047,0.02430577762424946,-0.0005710178520530462,-0.0014622654998674989,2.2549648814873535e-09,-1.3262033249361593e-08,8.760019909459515e-08,-1.717358877328934e-08,9.622424812505415e-08,3.774650281229697e-08,-3.809109472285854e-08,1.125782702615652e-07,-3.5278500121194156e-08,1.1220574691606089e-07
00:00:08:39.666,61,7.992610306928327e-08,7.878989016774085e-09,-3.082677579868687e-08,2.7744100350446388e-08,-6.468966518013985e-08,0.002877742052078247,0.35625919699668884,-8.923932881543806e-08,-5.1632522257705205e-08,-8.19563861220729e-10,-3.979075557936085e-08,7.34254683720792e-08,0.0028344644233584404,0.35661986470222473,0.01869722455739975,-0.000427398452302441,0.02102682553231716,0.06053299829363823,0.002048501279205084,0.0673598125576973,-0.00025093884323723614,0.009523816406726837,-0.00034217798383906484,0.05376463755965233,0.04279213026165962,0.0005518972757272422,0.0004887613467872143,0.02069045789539814,0.018860245123505592,0.09503204375505447,0.10223370790481567,0.0009944355115294456,0.006786857731640339,-0.00015060319856274873,0.0011436041677370667,-0.0005907153245061636,-0.000311559735564515,0.14705324172973633,0.14373086392879486,0.027107153087854385,0.02403600513935089,-0.0006300192908383906,-0.0005624413606710732,0.25355765223503113,0.1372457891702652,0.13756178319454193,-0.0003983493079431355,0.023315053433179855,0.024831607937812805,-0.0004390606191009283,-0.0014217186253517866,2.181623104391406e-09,-1.2777745972414323e-08,8.510425431040858e-08,-1.6801060098714515e-08,9.292736535826407e-08,3.6526472513287445e-08,-3.6843122330765254e-08,1.0885297996310328e-07,-3.393739334001111e-08,1.0810792616666731e-07
00:00:08:41.683,61,7.722526618181291e-08,7.3760748620088634e-09,-2.9522926325853405e-08,2.6840716316200997e-08,-6.261281981778666e-08,0.003446610877290368,0.3591504395008087,-8.629635317447537e-08,-4.976987710847425e-08,-1.1175871339474952e-09,-3.8300640881061554e-08,7.053836981185668e-08,0.0034054890275001526,0.3595198690891266,0.017887458205223083,-0.00046205223770812154,0.019944053143262863,0.05561172589659691,0.0031410420779138803,0.05958814546465874,-0.00014932066551409662,0.009763753041625023,-0.00033074081875383854,0.05843732878565788,0.047086201608181,0.0005204713088460267,0.0004514869942795485,0.020728467032313347,0.018923334777355194,0.09272729605436325,0.09941751509904861,0.0013984638499096036,0.006827728357166052,2.2227019144338556e-05,0.0012539634481072426,-0.0005844951374456286,-0.00027721934020519257,0.13720227777957916,0.13358750939369202,0.024164151400327682,0.02097996696829796,-0.0006875330000184476,-0.0006144285434857011,0.2492535263299942,0.1348474770784378,0.13516749441623688,-0.00038412970025092363,0.024093566462397575,0.025815553963184357,-0.000258664193097502,-0.0012997683370485902,2.1024606500219534e-09,-1.2274831817649101e-08,8.158385611523045e-08,-1.6130506708122994e-08,8.990988220602958e-08,3.5199335002289445e-08,-3.566965389723009e-08,1.0494142799188921e-07,-3.328547037995122e-08,1.0509043590900546e-07
00:00:08:41.699,61,7.148832281700379e-08,5.699694050065318e-09,-2.6673077968553116e-08,2.5155022953526895e-08,-5.8151780280013554e-08,0.003645687596872449,0.36209723353385925,-7.997267204018499e-08,-4.6901405426069687e-08,-2.1606683109354208e-09,-3.512017343609841e-08,6.439164224048e-08,0.0036060491111129522,0.3624718487262726,0.01735830120742321,-0.00045989215141162276,0.01917230524122715,0.05300404503941536,0.0037661087699234486,0.054740872234106064,-7.824540080036968e-05,0.009846700355410576,-0.000310040166368708,0.06309433281421661,0.05126464366912842,0.00045555501128546894,0.0003635588218457997,0.02083752676844597,0.019074570387601852,0.09118320792913437,0.09770063310861588,0.0018370586913079023,0.00673983059823513,0.00016159802908077836,0.0014555207453668118,-0.0005742049543187022,-0.0002693259739317,0.13187655806541443,0.12810902297496796,0.02248932607471943,0.019193418323993683,-0.0006744223646819592,-0.0005978381377644837,0.24584202468395233,0.1338689923286438,0.1341940313577652,-0.0004162083496339619,0.024626145139336586,0.02651095576584339,-0.00013882874918635935,-0.0012912601232528687,2.0058359417873817e-09,-1.050531839297264e-08,7.394701384555447e-08,-1.3876706006499262e-08,8.361413961210928e-08,3.237742873807292e-08,-3.375113166725896e-08,9.639188647270203e-08,-3.121793312743648e-08,9.80496395186492e-08
00:00:08:43.716,61,7.205643015595342e-08,6.463378721122126e-09,-2.7474015951156616e-08,2.5089830657520906e-08,-5.839392613893324e-08,0.004597048740833998,0.36558106541633606,-8.055940270423889e-08,-4.6845524792615834e-08,-1.1548400014049776e-09,-3.5678969112495906e-08,6.575137234676731e-08,0.004561467096209526,0.3659597635269165,0.016751538962125778,-0.00048320204950869083,0.018451666459441185,0.05119149759411812,0.004834345541894436,0.05096752196550369,-2.895385114243254e-05,0.0100944135338068,-0.0003084006311837584,0.06748992204666138,0.05529473349452019,0.00036167592043057084,0.0002801719238050282,0.02092723362147808,0.019211119040846825,0.08960425108671188,0.0957663357257843,0.0022303618025034666,0.006852441001683474,0.0002956702664960176,0.0015444908058270812,-0.0005990503705106676,-0.00026998878456652164,0.13220682740211487,0.12817582488059998,0.021956462413072586,0.018612928688526154,-0.0006226217956282198,-0.0005405503325164318,0.24333757162094116,0.13399821519851685,0.13432741165161133,-0.0003788730828091502,0.025451097637414932,0.027533039450645447,4.625767542165704e-05,-0.0011688136728480458,1.9813888307851357e-09,-1.1324882365215672e-08,7.584691275042132e-08,-1.4733522846199776e-08,8.407980089941702e-08,3.281980909264348e-08,-3.354623956397518e-08,9.778887033462524e-08,-3.088265643214072e-08,9.793788535716885e-08
00:00:08:43.733,61,6.287358900181061e-08,2.1606683109354208e-09,-2.1364540359058992e-08,2.2733583904255283e-08,-5.166046435078897e-08,0.0059361690655350685,0.3704379200935364,-7.06221925383943e-08,-4.284083843231201e-08,-5.513429712777906e-09,-2.996996073534319e-08,5.381181722441397e-08,0.005907903425395489,0.3708171844482422,0.01670185849070549,-0.00047967032878659666,0.018244601786136627,0.055137649178504944,0.0063913678750395775,0.052765365689992905,-3.607332837418653e-05,0.010389230214059353,-0.0003521265753079206,0.06990943104028702,0.057251449674367905,0.00036756752524524927,0.00027745007537305355,0.021241404116153717,0.019478624686598778,0.0896633118391037,0.09529266506433487,0.0024858671240508556,0.0069352430291473866,0.0004500961222220212,0.0018757209181785583,-0.0006023985333740711,-0.00026412904844619334,0.14310821890830994,0.1389060616493225,0.02336707152426243,0.019913548603653908,-0.0006262838724069297,-0.0005577921983785927,0.2415207326412201,0.13622476160526276,0.13654835522174835,-0.0003237354103475809,0.025814779102802277,0.027887292206287384,0.0002209413069067523,-0.0010493147419765592,1.905718916006549e-09,-7.1525572131747595e-09,6.135552865771388e-08,-9.592622696175113e-09,7.448718264413401e-08,2.7851202233364347e-08,-3.203749798785793e-08,8.26828170374938e-08,-2.989545322407139e-08,8.903443671215427e-08
00:00:08:45.750,61,5.617737741658857e-08,-6.519257911286047e-10,-1.7229467630386353e-08,2.0870938755024326e-08,-4.643574413876195e-08,0.006758789997547865,0.37511298060417175,-6.350688863676623e-08,-4.0009616952829674e-08,-8.27014456916686e-09,-2.584420144557953e-08,4.5597552400522545e-08,0.006738407537341118,0.37548568844795227,0.01731136068701744,-0.00043732038466259837,0.01861719787120819,0.06589186936616898,0.007083846256136894,0.062268052250146866,-0.0002157232229365036,0.010683753527700901,-0.00037313808570615947,0.07059921324253082,0.0578342042863369,0.0003665804979391396,0.00026915609487332404,0.021717853844165802,0.01986025832593441,0.09298799186944962,0.09848599135875702,0.0022159588988870382,0.007114832289516926,0.00035612218198366463,0.0017522649141028523,-0.0007868703687563539,-0.00045818701619282365,0.17137831449508667,0.16705933213233948,0.027128485962748528,0.0236995667219162,-0.000657148368190974,-0.0006146836094558239,0.24899984896183014,0.14824098348617554,0.14855948090553284,-0.00024389129248447716,0.026295123621821404,0.028240248560905457,0.00028394104447215796,-0.001162998960353434,1.8393621070700306e-09,-4.153698718312171e-09,5.098059929764531e-08,-5.941838132628163e-09,6.752088665962219e-08,2.4316832991644333e-08,-3.0472875778286834e-08,7.190741513340981e-08,-2.864748260833494e-08,8.273869411823398e-08
00:00:08:45.766,61,5.0216911517964036e-08,-6.258487506016763e-09,-1.1380762110491105e-08,2.0004808476414837e-08,-4.2477623196646164e-08,0.007655357010662556,0.38193175196647644,-5.708076145083396e-08,-3.9245932725862076e-08,-1.4342367293807001e-08,-2.0996667515760237e-08,3.4645200486238537e-08,0.007651105057448149,0.382300466299057,0.019282061606645584,-0.00031512818532064557,0.01920907013118267,0.08866769820451736,0.00751798739656806,0.07791659235954285,-0.0005009791348129511,0.010889718309044838,-0.00037736870581284165,0.06921600550413132,0.05734812095761299,0.00025683044805191457,0.00019724189769476652,0.02276269905269146,0.02080564573407173,0.09843343496322632,0.1038220003247261,0.0019504391821101308,0.0074754999950528145,0.0003204192325938493,0.0014518353855237365,-0.0008289277320727706,-0.0005007396684959531,0.2196630835533142,0.2152927964925766,0.034570518881082535,0.031615354120731354,-0.000607007765211165,-0.0006030321237631142,0.26439258456230164,0.1665259599685669,0.16683796048164368,-4.0474442357663065e-05,0.02691233716905117,0.028820734471082687,0.00016314581444021314,-0.0012259032810106874,1.931330206872417e-09,9.87201875801702e-10,3.710389151478921e-08,5.587935322792781e-11,6.182118994502162e-08,2.0409935075349495e-08,-3.149732918927839e-08,5.98747291746804e-08,-3.0137599082991073e-08,7.975846472163539e-08
00:00:08:46.783,61,6.350688863676623e-08,3.296881878611657e-09,-2.2631137852613392e-08,2.2687018486067245e-08,-5.192123353481293e-08,0.007510728668421507,0.3915696442127228,-7.12089232024482e-08,-4.246830798138035e-08,-3.948807503206808e-09,-3.064982578848685e-08,5.5637212170722705e-08,0.007522036321461201,0.391938716173172,0.022506870329380035,-0.0002345989632885903,0.02064790017902851,0.12604282796382904,0.004509883467108011,0.10249321162700653,-0.0004976654308848083,0.011374351568520069,-0.00040464289486408234,0.06642375141382217,0.05616363510489464,0.00022745251771993935,0.000269420153927058,0.024014391005039215,0.02177034318447113,0.10277888923883438,0.10769224911928177,0.0012277353089302778,0.007783667650073767,0.00022356868430506438,0.0010714937234297395,-0.0008055804646573961,-0.00045046277227811515,0.2807970643043518,0.2761553227901459,0.047457076609134674,0.045460671186447144,-0.0008136081742122769,-0.0008056378574110568,0.28056687116622925,0.1844119280576706,0.184718519449234,0.00023123934806790203,0.027497021481394768,0.029382672160863876,-0.00039559273864142597,-0.001220300910063088,1.8731225459589496e-09,-7.916241884231567e-09,6.392598095317226e-08,-1.0896473945365415e-08,7.51391056041939e-08,2.851709801632296e-08,-3.1422825230720264e-08,8.461065448273075e-08,-2.911314389564268e-08,8.910894422342608e-08
00:00:08:48.800,61,7.788650435713862e-08,6.668269492138279e-09,-2.946704569239955e-08,2.7287750725690785e-08,-6.334855839895681e-08,0.008546227589249611,0.3993381857872009,-8.710659926691733e-08,-5.060806884671365e-08,-1.8998980166884394e-09,-3.846362162107653e-08,7.078051567077637e-08,0.008584560826420784,0.39970681071281433,0.030059557408094406,-0.00010959632345475256,0.0216609388589859,0.1768493801355362,0.0030280614737421274,0.1251012682914734,0.0008039516396820545,0.01140785776078701,-0.0004804548225365579,0.059451207518577576,0.05229271948337555,0.0006399535923264921,0.0005928570171818137,0.02583134174346924,0.02328445203602314,0.1074056625366211,0.11125870048999786,0.0006637179758399725,0.008385615423321724,6.274462066357955e-05,0.0004432596906553954,-0.0006714801420457661,-0.00021780967654194683,0.34887582063674927,0.3440309464931488,0.058617573231458664,0.058268241584300995,-0.0009611672139726579,-0.0009361362317577004,0.30009928345680237,0.20402097702026367,0.2042926400899887,0.0004927081754431129,0.027735576033592224,0.030124826356768608,-0.0009450885117985308,-0.0010147495195269585,2.17813056480054e-09,-1.1809170530341362e-08,8.210540158870572e-08,-1.5813856890645184e-08,9.139999690432887e-08,3.5588165303579444e-08,-3.661960334966352e-08,1.0566785846322091e-07,-3.373250478944101e-08,1.0706484232514413e-07
00:00:08:48.816,61,1.0693445773313215e-07,2.5555491944828646e-08,-5.207955666719499e-08,3.360212019742903e-08,-8.410773943978711e-08,0.009435037150979042,0.40337073802948,-1.1790543652523411e-07,-5.9287994957912815e-08,1.7620623182779127e-08,-5.841255301675119e-08,1.133792082441687e-07,0.009493838995695114,0.40374553203582764,0.049420785158872604,-5.627393693430349e-05,0.022903818637132645,0.22997193038463593,0.00236135208979249,0.1316266804933548,0.0005382764502428472,0.011267499066889286,-0.0002711275592446327,0.062169671058654785,0.05828498676419258,0.0008026731084100902,0.00037766993045806885,0.030668213963508606,0.02783859521150589,0.12635056674480438,0.1289384514093399,0.0003690433513838798,0.010021558031439781,0.00010220229887636378,-0.0003311683249194175,-0.0007295123650692403,-0.0001995594793697819,0.4340580105781555,0.42926716804504395,0.0693284273147583,0.07044973969459534,-0.00131319765932858,-0.001246982254087925,0.3207552433013916,0.2244325876235962,0.22469642758369446,0.00012726477871183306,0.02903818152844906,0.03154122829437256,-0.0014753771247342229,-0.0007587432628497481,2.158340173252782e-09,-2.9355287978205524e-08,1.3660638842338813e-07,-3.736466069881317e-08,1.20773904654925e-07,5.2570829467413205e-08,-3.777444490538073e-08,1.573376380292757e-07,-3.33786012163273e-08,1.289322995035036e-07
00:00:08:50.833,61,1.451466289381642e-07,2.81818213210272e-08,-6.607733382679726e-08,4.705972855845175e-08,-1.1545606071194925e-07,0.011210962198674679,0.39335349202156067,-1.6079283682302048e-07,-8.473173096490427e-08,1.5981495238293064e-08,-7.710885085998598e-08,1.475214901347499e-07,0.011281454935669899,0.39374661445617676,0.07635651528835297,0.0001259507262147963,0.024449976161122322,0.3033002018928528,0.0015189922414720058,0.1132306382060051,-0.0005665963981300592,0.011252444237470627,-0.00022395543055608869,0.06804904341697693,0.06670732796192169,0.0008027164731174707,2.787262246783939e-06,0.04076521098613739,0.03703172877430916,0.17270642518997192,0.17292723059654236,0.00011885285493917763,0.01062007900327444,0.0002816569758579135,-0.0011920451652258635,-0.000842593377456069,-0.00022822916798759252,0.5265402793884277,0.5223987102508545,0.08291146904230118,0.08568692952394485,-0.0011279350146651268,-0.0010875765001401305,0.33791008591651917,0.2511514723300934,0.25140252709388733,-7.635906513314694e-05,0.030798181891441345,0.03233399987220764,-0.0016604301054030657,-0.0008895021746866405,3.258464831290553e-09,-3.499910405935225e-08,1.7523765905025357e-07,-4.429370292768908e-08,1.6530044888440898e-07,6.976304689487733e-08,-5.6121496783134717e-08,2.0860694860402873e-07,-5.044043049906577e-08,1.8142164037726616e-07
00:00:08:50.849,61,2.0091887620310445e-07,2.2184103443123604e-08,-7.946044178197553e-08,6.90948240844591e-08,-1.6256235824130272e-07,0.0099719213321805,0.31887468695640564,-2.2424384837904654e-07,-1.2731179310776497e-07,1.3783574281944766e-09,-1.0104849934577942e-07,1.8750317565263686e-07,0.010059159249067307,0.319229394197464,0.09417673945426941,0.00026468851137906313,0.027862735092639923,0.36994919180870056,0.0006340584368444979,0.0834643766283989,-0.0008009356097318232,0.010232196189463139,-0.00040246715070679784,0.09471647441387177,0.09439965337514877,0.000925315311178565,4.614055069396272e-05,0.050384245812892914,0.04598604142665863,0.21198076009750366,0.21037879586219788,0.00048744797823019326,0.010060824453830719,0.000932518218178302,-0.001683199079707265,-0.000883765344042331,-0.00035855479654856026,0.5738933086395264,0.5720162391662598,0.0960131287574768,0.10038185119628906,-0.0014139616396278143,-0.0014085089787840843,0.36187633872032166,0.28820163011550903,0.28842148184776306,-9.981565381167457e-05,0.033099107444286346,0.03374674171209335,-0.0010272386716678739,-0.0003457069396972656,5.324837015763251e-09,-3.513880031391636e-08,2.1783634451821854e-07,-4.524365238012251e-08,2.321600902632781e-07,9.237322728949948e-08,-9.04686743297134e-08,2.7599745067163894e-07,-8.296221665204939e-08,2.681277635474544e-07
00:00:08:52.866,61,2.300320147696766e-07,2.9560178305132467e-08,-9.402632628052743e-08,7.815193470150916e-08,-1.854682381008388e-07,0.011244059540331364,0.19348137080669403,-2.5650021484580066e-07,-1.4318153773729136e-07,6.798654972328677e-09,-1.1729076732081012e-07,2.1902843627685797e-07,0.011340208351612091,0.19375073909759521,0.1088794693350792,0.0003539019380696118,0.03095063753426075,0.4114532172679901,3.0523537134286016e-05,0.06167416274547577,-0.0007776975398883224,0.008904822170734406,-0.0004998482763767242,0.12426580488681793,0.1250474750995636,0.0007354468107223511,-0.00017369330453220755,0.05688563361763954,0.05216542258858681,0.2386033982038498,0.23498684167861938,0.0005105948657728732,0.009628447704017162,0.0008648240473121405,-0.0021685599349439144,-0.001025826670229435,-0.0005834975163452327,0.6033467054367065,0.6045738458633423,0.10906421393156052,0.11415937542915344,-0.0013535416219383478,-0.001346363453194499,0.39916786551475525,0.3382917642593384,0.33849212527275085,-0.00019743353186640888,0.03787020593881607,0.036974020302295685,-0.0005675098509527743,-5.2619725465774536e-05,5.882466069806469e-09,-4.3846668518199294e-08,2.553127842475078e-07,-5.5534766119080814e-08,2.639926890424249e-07,1.0653282345174375e-07,-1.0040588449555798e-07,3.1904318120723474e-07,-9.155832003671094e-08,3.0240045134632965e-07
00:00:08:52.883,61,2.2279564859672973e-07,3.5157427191734314e-08,-9.573530235229555e-08,7.412862146338739e-08,-1.7856247325198638e-07,0.014765948988497257,0.0820908322930336,-2.4803912879178824e-07,-1.347344351643187e-07,1.4547258508912364e-08,-1.1592637605417622e-07,2.189260044360708e-07,0.014873415231704712,0.08228000998497009,0.11961259692907333,0.0004118141660001129,0.0337376743555069,0.4286089241504669,-0.0006065851193852723,0.05093618854880333,-0.0006875002291053534,0.007504701614379883,-0.00042471318738535047,0.1480158567428589,0.15018607676029205,0.0007865667575970292,-0.00013956069597043097,0.06064517796039581,0.05611690506339073,0.2456142008304596,0.24000263214111328,0.00035602570278570056,0.009162225760519505,0.0006710082525387406,-0.0028354593086987734,-0.0010687240865081549,-0.0006796507514081895,0.6258991360664368,0.6292807459831238,0.12019306421279907,0.12541763484477997,-0.0008456707000732422,-0.0008580791763961315,0.44067659974098206,0.38636162877082825,0.3865428566932678,-0.00027777370996773243,0.045484427362680435,0.042990222573280334,0.00024660839699208736,0.0007967060664668679,5.371402878040499e-09,-4.760920901958343e-08,2.564303542840207e-07,-5.999579855142656e-08,2.5359912569911103e-07,1.0458752797148918e-07,-9.236857323458025e-08,3.137998305646761e-07,-8.380971650012725e-08,2.868659692012443e-07
00:00:08:54.900,61,1.6266945124243648e-07,3.9543955665521935e-08,-7.999594942020849e-08,5.0850211152919655e-08,-1.2801494619907317e-07,0.01747921295464039,0.024602752178907394,-1.7992687162404764e-07,-8.983537469475777e-08,2.7939677238464355e-08,-8.967472098220242e-08,1.7407350583198422e-07,0.017602544277906418,0.024753056466579437,0.12564970552921295,0.0004056451434735209,0.03556404262781143,0.39875614643096924,-0.0004636150551959872,0.053990438580513,-0.0004058104823343456,0.006264844443649054,-0.00028195910272188485,0.16307304799556732,0.1661098301410675,0.00031398178543895483,-0.00039378463407047093,0.06145452335476875,0.057647328823804855,0.2326180636882782,0.22569145262241364,-4.779100345331244e-05,0.008894164115190506,0.000581911823246628,-0.0032326728105545044,-0.0008692927658557892,-0.00048437766963616014,0.6327396631240845,0.6368793845176697,0.1305593103170395,0.1350635290145874,-0.0006785631412640214,-0.0006711387541145086,0.47155773639678955,0.41784608364105225,0.41802287101745605,-0.0003918567963410169,0.05349518358707428,0.05024941265583038,0.00028223395929671824,0.0013366627972573042,3.2159732654690742e-09,-4.6081840565648235e-08,2.0815059542655945e-07,-5.742534980868186e-08,1.813843795162029e-07,7.958617231906828e-08,-5.685724246973223e-08,2.3973640850272204e-07,-4.992820379356999e-08,1.9533560191575816e-07
00:00:08:54.916,61,1.4098361589276465e-07,2.9401853396393562e-08,-6.57420571315015e-08,4.524365238012251e-08,-1.1170283187311725e-07,0.021416375413537025,0.004691772628575563,-1.5662051566778246e-07,-8.109957150281843e-08,1.7900019244621035e-08,-7.599825124771087e-08,1.4580786000806256e-07,0.021550459787249565,0.00480316299945116,0.1270916610956192,0.0002719819894991815,0.03744407743215561,0.32794466614723206,-0.00024068012135103345,0.07183129340410233,-0.00010575950000202283,0.005046800244599581,-8.310544944833964e-05,0.17022550106048584,0.17418886721134186,0.000122749203001149,-0.00027572931139729917,0.06000721827149391,0.05750049650669098,0.1976364701986313,0.1906341314315796,-0.0004972458118572831,0.010155362077057362,0.00037174136377871037,-0.0029497165232896805,-0.00031186628621071577,0.0002069556649075821,0.6193994879722595,0.6236118078231812,0.14004787802696228,0.14252181351184845,-0.0007668965845368803,-0.0006880235741846263,0.49096259474754333,0.4336588382720947,0.4338323175907135,-0.0007079368806444108,0.060675933957099915,0.05762524530291557,-0.000342271028785035,0.001686472911387682,3.0430964415018025e-09,-3.593042663396773e-08,1.7268583007989946e-07,-4.4731422121913056e-08,1.5815720644241082e-07,6.77199594179001e-08,-5.2936375283252346e-08,2.037594128978526e-07,-4.7199428365729545e-08,1.7471612068220566e-07
00:00:08:56.933,61,1.0624528101743635e-07,2.9709189774962397e-08,-5.5022539413585037e-08,3.240536727844301e-08,-8.292496289641349e-08,0.025731179863214493,0.0028546536341309547,-1.1765398255647597e-07,-5.662441182607836e-08,2.3022293405006167e-08,-6.003770636198169e-08,1.1767260588158024e-07,0.025877391919493675,0.0029521060641855,0.10919389873743057,0.0003253058239351958,0.03860536962747574,0.25155553221702576,4.459291812963784e-05,0.09266530722379684,-0.0004813951381947845,0.0043157110922038555,1.187835823657224e-05,0.16870132088661194,0.17088469862937927,-0.0004903381923213601,-0.0004978895303793252,0.05511108413338661,0.053787101060152054,0.15908537805080414,0.154224693775177,-0.00029032171005383134,0.009829160757362843,0.0012423029402270913,-0.0023519033566117287,5.413427788880654e-05,0.0005103897419758141,0.5585221648216248,0.5620718598365784,0.14086633920669556,0.14091350138187408,-0.0006534135318361223,-0.0005995524115860462,0.49358445405960083,0.4360344707965851,0.43623897433280945,-0.0005943768192082644,0.06292442977428436,0.06009884923696518,-8.915006765164435e-05,0.0022203726693987846,1.9150321328709197e-09,-3.2959505347207596e-08,1.4122575464625697e-07,-4.110857787509303e-08,1.1709519043279215e-07,5.2734975497514824e-08,-3.401190085128292e-08,1.5924685214940837e-07,-2.9634684040047432e-08,1.244991949533869e-07
00:00:08:56.949,61,9.626150188069005e-08,3.4924596548080444e-08,-5.5721031344546645e-08,2.7390196777332676e-08,-7.35744833946228e-08,0.024250995367765427,0.003162293927744031,-1.0602175848362094e-07,-4.617497495473799e-08,3.086402955432277e-08,-5.737878439049382e-08,1.1527910714903555e-07,0.024372927844524384,0.003263031132519245,0.08462153375148773,0.000380036944989115,0.04011625424027443,0.19454064965248108,0.0001941460359375924,0.11242882907390594,-0.0003277683281339705,0.0040743593126535416,-0.00018294645997229964,0.16161835193634033,0.1604132503271103,-0.00039263011422008276,-0.00016036957094911486,0.04900204762816429,0.04810696095228195,0.13447916507720947,0.13296176493167877,-4.481971336645074e-05,0.009428244084119797,0.0020113205537199974,-0.002183070871978998,0.00032151778577826917,0.0006216378533281386,0.47744905948638916,0.48051100969314575,0.14375707507133484,0.1415744125843048,-0.0005980980349704623,-0.0006130838301032782,0.4904400110244751,0.4316480755805969,0.4318888783454895,-0.00010546326666371897,0.062865249812603,0.05950026586651802,0.0008287894888781011,0.002899790648370981,1.314328978985202e-09,-3.641471124637974e-08,1.400150324570859e-07,-4.5094637357578904e-08,1.0364689018160789e-07,4.959991173336675e-08,-2.4326146430553308e-08,1.5059021052366006e-07,-2.022832568115973e-08,1.0468065880786526e-07
00:00:08:58.966,61,8.624046898830784e-08,3.634020728782161e-08,-5.341134823311222e-08,2.3422762396307917e-08,-6.514601125218178e-08,0.02127484790980816,0.008076483383774757,-9.456649507910697e-08,-3.820285243705257e-08,3.3788381870181183e-08,-5.314126738653613e-08,1.0827556451431519e-07,0.021372243762016296,0.008178984746336937,0.06636610627174377,0.00040068250382319093,0.04012509807944298,0.1546485424041748,0.0002877652586903423,0.13810217380523682,-0.00038915275945328176,0.004250091500580311,-0.00045250184484757483,0.1394949108362198,0.13632293045520782,-0.00022269324108492583,0.00019236475054640323,0.041162241250276566,0.0403091162443161,0.11762764304876328,0.11837305128574371,-0.00020467996364459395,0.007992719300091267,2.8890668545500375e-05,-0.0017362091457471251,0.00030327722197398543,0.0005083337891846895,0.41214287281036377,0.414122998714447,0.14967191219329834,0.14639371633529663,-0.0004398310265969485,-0.0004913926240988076,0.47517335414886475,0.4197034537792206,0.4199778735637665,-6.192926230141893e-05,0.06277608126401901,0.05898312106728554,0.0008093330543488264,0.003481683786958456,9.266659661832932e-10,-3.645196500201564e-08,1.3260171272122534e-07,-4.5113264235396855e-08,9.128823563742117e-08,4.546484078105095e-08,-1.8198043960637733e-08,1.3854354108389089e-07,-1.4454126784357868e-08,8.877366752813032e-08
00:00:08:58.983,61,4.6547501852955975e-08,4.054978575140922e-08,-4.40888108244053e-08,7.813796720768096e-09,-3.166496753692627e-08,0.015296055935323238,0.03549731895327568,-4.9415977088074214e-08,-7.990747619146532e-09,4.40515570687694e-08,-3.620516508817673e-08,7.985159555801147e-08,0.015372775495052338,0.035606395453214645,0.05315263569355011,0.0005677648005075753,0.03790777176618576,0.12319526821374893,-0.0004439932235982269,0.15930937230587006,-0.00020626067998819053,0.0032517672516405582,-0.0006150151020847261,0.11919794231653214,0.11565238237380981,-0.00011183488823007792,0.00016022444469854236,0.0338517427444458,0.03305434435606003,0.10468871146440506,0.10810735821723938,-0.00041452617733739316,0.0066567049361765385,-0.000835298327729106,0.0003260505327489227,1.1570751468070739e-07,7.617958181072026e-05,0.3515230417251587,0.35292136669158936,0.15517692267894745,0.15179680287837982,-0.00030086279730312526,-0.0004182505654171109,0.4533233344554901,0.3984185755252838,0.39869511127471924,0.00031821426819078624,0.05959140136837959,0.056651171296834946,0.0021024253219366074,0.006042152643203735,-5.576293871101257e-10,-3.6358834165639564e-08,1.0253861404407871e-07,-4.444271439751901e-08,4.3697653495655686e-08,2.933433229657112e-08,5.997717433814387e-09,9.067356643299718e-08,8.791684713571613e-09,2.7157366133678806e-08
00:00:09:00.000,61,3.194436359876818e-08,3.147870231146044e-08,-3.2922251591571694e-08,4.4796615306097465e-09,-2.0964071367757242e-08,0.011385176330804825,0.06596466153860092,-3.368593581853929e-08,-3.1478704087817277e-09,3.4794211956068466e-08,-2.6188791579784265e-08,5.8617441567321293e-08,0.011450606398284435,0.06609300523996353,0.04412485286593437,0.0005603255121968687,0.03567955642938614,0.10171332955360413,-0.0002587437629699707,0.17412765324115753,-5.386233169701882e-05,0.0026514900382608175,-0.0005934345535933971,0.10323841869831085,0.09985481202602386,4.580527456710115e-05,0.00016480684280395508,0.02797226421535015,0.027159309014678,0.09345174580812454,0.09810200333595276,-0.00042583735194057226,0.005483665503561497,-0.0013339373981580138,0.0027108348440378904,-0.0003043340111616999,-0.0002330461866222322,0.29740452766418457,0.2979658842086792,0.1533355414867401,0.15008039772510529,-0.00036164282937534153,-0.00047862291103228927,0.4255298972129822,0.37469780445098877,0.374976247549057,0.00022468242968898267,0.057446204125881195,0.05589796602725983,0.003117903135716915,0.00827669259160757,-5.681067838381182e-10,-2.7790665768634426e-08,7.618218944571709e-08,-3.423541627967097e-08,2.9085203578915753e-08,2.0943115686122837e-08,7.096677911988536e-09,6.502959593035484e-08,8.791684713571613e-09,1.4826655458932692e-08
00:00:09:00.016,61,6.873160884879326e-08,2.793967834868738e-10,-2.170912871690689e-08,2.535991328045384e-08,-5.6801365388992053e-08,0.008932869881391525,0.07354886829853058,-7.803551937968223e-08,-4.8130750940345024e-08,-8.568167508826718e-09,-3.216788257986991e-08,5.669891933735016e-08,0.008962609805166721,0.0736783966422081,0.03663760423660278,0.00047587938024662435,0.034574512392282486,0.0855826884508133,3.051757857974735e-06,0.18160408735275269,-9.490310912951827e-05,0.0030195454601198435,-0.00046394290984608233,0.0951366126537323,0.09099134802818298,0.0001093038881663233,0.0001423031062586233,0.023083530366420746,0.0222318097949028,0.08258576691150665,0.08752571046352386,-0.0004444685473572463,0.004438006319105625,-0.0015683663077652454,0.00377456983551383,-9.018497803481296e-05,2.37236909015337e-05,0.26543986797332764,0.2653394937515259,0.15138322114944458,0.1478532999753952,-0.00023211240477394313,-0.00034164427779614925,0.40194207429885864,0.3544313907623291,0.35475361347198486,5.570966823142953e-05,0.05637778341770172,0.05413239449262619,0.007576127536594868,0.013221976347267628,2.15717599338916e-09,-6.20260820483054e-09,6.306916588982858e-08,-8.195638834251895e-09,8.068047208098506e-08,2.9536895596038448e-08,-3.617256894017373e-08,8.855015209974226e-08,-3.3993273973464966e-08,1.0017305385190411e-07
00:00:09:01.033,61,3.209337506859811e-08,1.6801060098714515e-08,-2.204440541220265e-08,8.000061058055508e-09,-2.3674219917779737e-08,0.007194895762950182,0.08249078691005707,-3.505498114009242e-08,-1.240521640966108e-08,1.6316771933588825e-08,-2.088490802520937e-08,4.339963055599583e-08,0.007208238821476698,0.0826103687286377,0.031550683081150055,0.0001656137901591137,0.03277585655450821,0.07485346496105194,-0.00011165916657773778,0.18631106615066528,0.0002666407963261008,0.002530526602640748,-0.00019797455752268434,0.09047000855207443,0.0868108943104744,0.00025826157070696354,0.0004711636865977198,0.020273838192224503,0.019574612379074097,0.07556033134460449,0.08096864074468613,-0.00014914348139427602,0.004606034606695175,-0.0016701536951586604,0.005451625678688288,-0.00025712221395224333,-0.00013988680439069867,0.2392602413892746,0.2385563850402832,0.1440926045179367,0.14132355153560638,1.6301870346069336e-05,-7.584094873891445e-06,0.38482147455215454,0.3379276990890503,0.338237464427948,-0.000432754895882681,0.055469125509262085,0.054520558565855026,0.011470737867057323,0.0175473615527153,1.7113052641626325e-10,-1.6149133585940945e-08,5.3867697857867824e-08,-1.955777406692505e-08,3.326684350213327e-08,1.7578713595867157e-08,-4.45172210206124e-09,5.3886324735685776e-08,-2.831220591303918e-09,3.02121030415492e-08
00:00:09:03.050,61,4.510395257284472e-08,2.0805746459018337e-08,-2.9038638160727714e-08,1.177191766288388e-08,-3.3844262503635036e-08,0.008074531331658363,0.092062808573246,-4.9499796261898155e-08,-1.8998980166884394e-08,1.974403929239088e-08,-2.835411549995115e-08,5.811453007709133e-08,0.008077862672507763,0.09217756986618042,0.027995536103844643,2.9761269615846686e-05,0.031923748552799225,0.06511103361845016,-0.00018440783605910838,0.17722605168819427,0.0009619307238608599,0.0023165540769696236,-0.00031480714096687734,0.08737660199403763,0.0827399417757988,0.0001585757709108293,0.0003625553799793124,0.01746511645615101,0.016748037189245224,0.06976496428251266,0.0755520835518837,-0.0002529638877604157,0.00442197872325778,-0.0012969489907845855,0.0061960588209331036,-8.766256360104308e-05,6.898995343362913e-05,0.20379695296287537,0.20292922854423523,0.12832380831241608,0.12519289553165436,-8.921742119127885e-05,-6.126284279162064e-05,0.36838653683662415,0.32048481702804565,0.3207891881465912,-0.0004589417949318886,0.053365178406238556,0.052825819700956345,0.010624166578054428,0.01636636070907116,3.958121053138086e-10,-2.0433217784443514e-08,7.176771532613202e-08,-2.512708263679997e-08,4.738569359119538e-08,2.4151523447812906e-08,-8.12113309933693e-09,7.365829901573306e-08,-6.221234638559281e-09,4.451721835607714e-08
00:00:09:03.066,61,4.149041998857683e-08,1.799315185735395e-08,-2.594664749722142e-08,1.1082738282652826e-08,-3.121793312743648e-08,0.009484868496656418,0.1103396788239479,-4.5532360104516556e-08,-1.7881394143159923e-08,1.6912817812908543e-08,-2.567656309793165e-08,5.2414833362490754e-08,0.009475256316363811,0.11046760529279709,0.024992279708385468,-0.00022950037964619696,0.030742859467864037,0.04960090294480324,9.796142694540322e-05,0.14980070292949677,0.003073709551244974,0.0021742975804954767,-0.000255097693298012,0.09586572647094727,0.09029074758291245,-0.00014438747894018888,-0.00015287638234440237,0.015891188755631447,0.015215553343296051,0.060170553624629974,0.06616880744695663,-0.00043069274397566915,0.004422538913786411,7.66412922530435e-05,0.007454529870301485,-1.4556572125457024e-07,0.0002824975526891649,0.14598967134952545,0.1450849324464798,0.10411819815635681,0.1009150817990303,-8.393168536713347e-05,2.2847056243335828e-05,0.3554112911224365,0.3000546395778656,0.3003731071949005,-0.00051395024638623,0.05597301945090294,0.056923817843198776,0.01264362595975399,0.018205342814326286,4.1676684325864244e-10,-1.7955899878074888e-08,6.44288959961159e-08,-2.212822458602659e-08,4.3828041640381343e-08,2.193031889419217e-08,-8.419156038996789e-09,6.676651764792041e-08,-6.351620118749679e-09,4.205852732752646e-08
00:00:09:05.083,61,2.6868656632927923e-08,1.0170042585855299e-08,-1.5683472298633205e-08,7.543713209656744e-09,-2.0414590906625563e-08,0.010956854559481144,0.12887968122959137,-2.9820949265513264e-08,-1.2554227879491009e-08,9.126961408867373e-09,-1.6130506708122994e-08,3.2391398008257966e-08,0.010950353927910328,0.12902159988880157,0.022465385496616364,-0.00035320725874044,0.027309022843837738,0.03455505892634392,0.00018521070887800306,0.10840708017349243,0.004597557242959738,0.0021179900504648685,-0.00029015305335633457,0.11137571185827255,0.1046173945069313,-0.0006068921065889299,-0.0007716542459093034,0.015309466980397701,0.014741935767233372,0.04829973354935646,0.05348377302289009,-0.0007472581346519291,0.004086154513061047,0.0032856569159775972,0.00858482625335455,-0.0001256866817129776,0.000263786903815344,0.10255077481269836,0.10116426646709442,0.07854060083627701,0.07514634728431702,-0.0003920894814655185,-0.00022600710508413613,0.3368033170700073,0.2795974314212799,0.2799239158630371,-0.0004611467884387821,0.056869469583034515,0.05901101231575012,0.013483426533639431,0.018618417903780937,3.4924596548080444e-10,-1.050531839297264e-08,3.9525328787703984e-08,-1.2814998839871805e-08,2.8870999813079834e-08,1.3834796419587292e-08,-6.537884456037091e-09,4.2049215664974327e-08,-5.327164931401285e-09,2.9206276508375595e-08
00:00:09:05.099,61,3.9311125021868065e-08,6.631016624680797e-09,-1.6987323547823507e-08,1.2945383431883783e-08,-3.145076377109035e-08,0.010628457181155682,0.14297695457935333,-4.423782229423523e-08,-2.387911024470668e-08,3.0174851506359346e-09,-2.067070425937345e-08,3.887340582764409e-08,0.010630271397531033,0.1431276947259903,0.019576720893383026,-0.0003275986819062382,0.021943653002381325,0.020145712420344353,0.0012875155080109835,0.06448346376419067,0.010524711571633816,0.0018715837504714727,-0.0003204899257980287,0.12417630851268768,0.11714031547307968,-0.00038561673136428,-0.0005076035740785301,0.01481029111891985,0.014466379769146442,0.03741466999053955,0.041712526232004166,-0.0001407051895512268,0.0036237025633454323,0.014704645611345768,0.01352540124207735,0.0004218182002659887,0.0008465740247629583,0.0660339891910553,0.0648592934012413,0.05622768774628639,0.05305448919534683,-0.0006574386497959495,-0.0005020427634008229,0.31703415513038635,0.2593240737915039,0.2596432566642761,-0.00017344500520266593,0.05699779465794563,0.06033056229352951,0.014400963671505451,0.018902085721492767,9.348150031840419e-10,-8.288770558806391e-09,4.535541009431654e-08,-1.0803342220810919e-08,4.4479964600441235e-08,1.830980167483176e-08,-1.5795230012827233e-08,5.5092385764510254e-08,-1.4398247039082435e-08,5.1483510787875275e-08
00:00:09:07.116,61,9.880400853035098e-08,1.3783574281944766e-08,-4.1145831630728935e-08,3.331340892032131e-08,-7.951631886271571e-08,0.01073232851922512,0.16151167452335358,-1.1059455573558807e-07,-6.141141284388141e-08,4.284083754413359e-09,-5.092471866419146e-08,9.534880263117884e-08,0.010742579586803913,0.16168156266212463,0.016961311921477318,-0.0003265014383941889,0.017021581530570984,0.012380705215036869,0.0024655633606016636,0.03701269254088402,0.015231647528707981,0.0019986715633422136,-0.0003248727007303387,0.13509002327919006,0.12792538106441498,-0.0002742269716691226,-0.00043116763117723167,0.013790087774395943,0.013698415830731392,0.02836672216653824,0.031980618834495544,0.0015541575849056244,0.0032850056886672974,0.025744887068867683,0.019053231924772263,0.0008672287221997976,0.001354790641926229,0.04182510823011398,0.040506958961486816,0.040298882871866226,0.03735353425145149,-0.0008420610683970153,-0.0006779265240766108,0.3009844124317169,0.24375659227371216,0.24406883120536804,0.00013674769434146583,0.05976884439587593,0.06463832408189774,0.016521532088518143,0.020933963358402252,2.4773181284132306e-09,-1.9297003106544253e-08,1.1034310176682993e-07,-2.4754553962225145e-08,1.125782702615652e-07,4.5616179278340496e-08,-4.220753879735639e-08,1.3728626413467282e-07,-3.8444994743258576e-08,1.30385160446167e-07
00:00:09:07.133,61,8.951406726964706e-08,1.6950071568544445e-08,-4.0642916587785294e-08,2.90665767010978e-08,-7.12089232024482e-08,0.010473111644387245,0.17894065380096436,-9.970739256459638e-08,-5.271285630215061e-08,9.369105491430219e-09,-4.7730281949043274e-08,9.085982810574933e-08,0.010497135110199451,0.1791193038225174,0.015367274172604084,-0.00029753614217042923,0.013966296799480915,0.008513732813298702,0.003509259782731533,0.028251534327864647,0.01796387881040573,0.0021529702935367823,-0.00026278779841959476,0.1395414024591446,0.1326645016670227,-0.0003753030323423445,-0.0005867952131666243,0.013474123552441597,0.013530483469367027,0.02543906681239605,0.028608618304133415,0.002900145249441266,0.0033799291122704744,0.0333460196852684,0.02360231801867485,0.0010455840965732932,0.001638877554796636,0.03369733318686485,0.03222382068634033,0.03585856035351753,0.03327328339219093,-0.0007680356502532959,-0.0006184804369695485,0.2830457389354706,0.22966688871383667,0.22996863722801208,0.00023077809601090848,0.06120283156633377,0.06738386303186417,0.019517917186021805,0.02434436045587063,2.0267907352433667e-09,-2.101063678594528e-08,1.0650605020146031e-07,-2.6710331724189018e-08,1.0092742996903326e-07,4.233792338936837e-08,-3.470107756697871e-08,1.2783799263615947e-07,-3.1255186883072383e-08,1.1309981573504047e-07
00:00:09:09.150,61,7.578637450933456e-08,2.4940819187690977e-08,-4.203990044970851e-08,2.210959770820864e-08,-5.845911843493923e-08,0.009735888801515102,0.19517871737480164,-8.339993939898704e-08,-3.825873307050642e-08,2.1141023154314098e-08,-4.4098122486957436e-08,8.774921411713876e-08,0.009774977341294289,0.1953687220811844,0.01419941894710064,-0.00016185655840672553,0.011458792723715305,0.006305281072854996,0.004084886517375708,0.02977719157934189,0.019299844279885292,0.0023651523515582085,-0.00026608898770064116,0.14084018766880035,0.13476358354091644,-0.00030927403713576496,-0.0005713285645470023,0.01387069746851921,0.013937573879957199,0.025265146046876907,0.027562245726585388,0.004157884046435356,0.0037578034680336714,0.037867337465286255,0.027111375704407692,0.0012214805465191603,0.0019210901809856296,0.03467590734362602,0.03328322246670723,0.035266052931547165,0.03313896059989929,-0.0007157945656217635,-0.0006090569659136236,0.2691856026649475,0.2212379276752472,0.2215208262205124,0.00034466394572518766,0.06252489238977432,0.06993038952350616,0.021544795483350754,0.027106286957859993,1.1827796519980893e-09,-2.6468187641626173e-08,1.0568648889375254e-07,-3.291293992901956e-08,8.26455632818579e-08,3.827270234069147e-08,-2.1383165460520104e-08,1.1618249118328094e-07,-1.7918646122438986e-08,8.456409261725639e-08
00:00:09:09.166,61,7.806345792005231e-08,2.0097941089147753e-08,-3.926455960368003e-08,2.4102627449451575e-08,-6.120652074059763e-08,0.00656984094530344,0.21048897504806519,-8.632429171484546e-08,-4.246830798138035e-08,1.4882534316029705e-08,-4.343222670399882e-08,8.478760804564445e-08,0.006605866365134716,0.21069464087486267,0.013291644863784313,-0.0001404275681125,0.010075995698571205,0.005963677074760199,0.005442899651825428,0.05598900839686394,0.01901751197874546,0.0028925964143127203,-0.0002955259114969522,0.13799971342086792,0.13181155920028687,-0.0003560836485121399,-0.0006063678883947432,0.013593563809990883,0.013712762854993343,0.029811566695570946,0.032705359160900116,0.004726975690573454,0.004235462751239538,0.03585342317819595,0.028869716450572014,0.001295820577070117,0.0020674399565905333,0.051428552716970444,0.05008995905518532,0.04455375671386719,0.042805228382349014,-0.0005324399680830538,-0.0004489624407142401,0.2643330693244934,0.21155451238155365,0.21184177696704865,0.0003459250438027084,0.06199990212917328,0.07008131593465805,0.01777314394712448,0.024493437260389328,1.4854595331570408e-09,-2.2873281935176237e-08,1.0076909973122383e-07,-2.8610228852699038e-08,8.672476070614721e-08,3.8205179464512184e-08,-2.6188791579784265e-08,1.1553987633305951e-07,-2.3040920282824118e-08,9.305774995027605e-08
00:00:09:11.183,61,5.326233676328229e-08,1.0747462475535485e-08,-2.4568288736759314e-08,1.719221387475045e-08,-4.218891191953844e-08,0.006509133614599705,0.22577784955501556,-5.9222802661906826e-08,-3.075227184012874e-08,6.332993685020938e-09,-2.8465874990502016e-08,5.4519624370641395e-08,0.006535099819302559,0.22599385678768158,0.0131887411698699,-0.0001725780894048512,0.011387829668819904,0.015463430434465408,0.006084107328206301,0.08830539882183075,0.01902857981622219,0.0033437099773436785,-0.000378843309590593,0.12732011079788208,0.12129285931587219,-0.00013128906721249223,-0.000508840661495924,0.013053360395133495,0.013066371902823448,0.030277054756879807,0.03445388004183769,0.0025516855530440807,0.0043961540795862675,0.023086562752723694,0.023319005966186523,0.00134861352853477,0.0020985694136470556,0.08785538375377655,0.08632715046405792,0.055286284536123276,0.05351841449737549,-0.0002516454551368952,-0.00019102335500065237,0.2546323239803314,0.20386581122875214,0.2041451334953308,0.0002809011784847826,0.06039142981171608,0.06764712929725647,0.011798551306128502,0.01856149733066559,1.1606607897007848e-09,-1.2964010309701735e-08,6.465241142450395e-08,-1.6670673730345698e-08,6.001442898195819e-08,2.5404151671182262e-08,-2.022832568115973e-08,7.654540468138293e-08,-1.8179417082819782e-08,6.653368700426654e-08
00:00:09:11.199,61,6.841495547860177e-08,1.605600097320803e-08,-3.3192335990861466e-08,2.149492495107097e-08,-5.3821132439679786e-08,0.005127257667481899,0.23970432579517365,-7.560476689150164e-08,-3.803521408940469e-08,1.0691582730260052e-08,-3.737862996899821e-08,7.230788412471156e-08,0.005141965113580227,0.23993030190467834,0.013007798232138157,-0.00039391929749399424,0.011838500387966633,0.030299432575702667,0.005426427349448204,0.11634137481451035,0.023380231112241745,0.0035462600644677877,-0.0003468362847343087,0.10766149312257767,0.10317971557378769,-0.0005391058512032032,-0.0006524024647660553,0.012475666590034962,0.01232420839369297,0.030762383714318275,0.035059817135334015,0.0007603001431562006,0.004723506513983011,0.012750799767673016,0.01800404116511345,0.001296859118156135,0.0020915481727570295,0.11429055035114288,0.11204318702220917,0.06194763258099556,0.06051209941506386,-0.0005454480415210128,-0.00036952109076082706,0.25232693552970886,0.19735191762447357,0.19763049483299255,0.00019791822705883533,0.05665068328380585,0.06330695003271103,0.00490310275927186,0.011998734436929226,1.3760290684672327e-09,-1.8551945757394606e-08,8.65384919279677e-08,-2.3674219917779737e-08,7.644295862974104e-08,3.3215620476312324e-08,-2.4158508082905428e-08,9.996816174862033e-08,-2.1718442155815865e-08,8.270144746802544e-08
00:00:09:13.216,61,6.823800191568807e-08,1.1026859425555813e-08,-2.9411166835302538e-08,2.2565945556607403e-08,-5.452893603319353e-08,0.005563152022659779,0.2552039623260498,-7.59027898311615e-08,-4.0978193283081055e-08,4.6566128730773926e-09,-3.5492703887030075e-08,6.714835620869053e-08,0.005579812452197075,0.2554333508014679,0.012931589968502522,-0.00040443826583214104,0.013991179876029491,0.04243845120072365,0.0038043740205466747,0.14786095917224884,0.02683941274881363,0.0038522020913660526,-0.00036737340269610286,0.0819871798157692,0.07920517027378082,-0.00014621317677665502,-0.0001820181350922212,0.012456492520868778,0.011986824683845043,0.03359358385205269,0.03820076212286949,-3.155231388518587e-05,0.00519989151507616,0.0024839574471116066,0.010248222388327122,0.001176834455691278,0.0019991539884358644,0.14287635684013367,0.13959822058677673,0.07068364322185516,0.06957480311393738,-0.0006797051173634827,-0.0004843425704166293,0.24361032247543335,0.18954221904277802,0.1898067146539688,0.00021630656556226313,0.052135076373815536,0.05803203582763672,0.0014819583157077432,0.007877776399254799,1.6170088601441535e-09,-1.449137965181535e-08,7.919967259795158e-08,-1.845881314466169e-08,7.767230414401638e-08,3.199325959712951e-08,-2.7772038890816475e-08,9.602867123703618e-08,-2.5350599841544863e-08,8.773058368660713e-08
00:00:09:13.233,61,5.645677347843048e-08,1.9185245392350225e-08,-3.172084817038012e-08,1.6316771933588825e-08,-4.3381007230891555e-08,0.004854564554989338,0.27005401253700256,-6.183982037555324e-08,-2.767890627808356e-08,1.668930060816365e-08,-3.299210149521059e-08,6.601214153079127e-08,0.004871667828410864,0.27027174830436707,0.013293478637933731,-0.0001851300912676379,0.017004873603582382,0.0460120290517807,0.0024235891178250313,0.1803889274597168,0.03543991222977638,0.0043367650359869,-0.00044171445188112557,0.05252622440457344,0.05118665099143982,0.00010783642210299149,0.0002515374799259007,0.012505493126809597,0.011530802585184574,0.040257882326841354,0.04525289684534073,5.469620191433933e-06,0.004929395392537117,0.00026858894852921367,0.008131569251418114,0.0009937239810824394,0.0017646941123530269,0.1557432860136032,0.1517995297908783,0.0818956196308136,0.08120938390493393,-0.0005717563908547163,-0.0004845905350521207,0.23660007119178772,0.18745183944702148,0.18770641088485718,0.00014125104644335806,0.04576186090707779,0.05082123354077339,0.0004965945845469832,0.006687931250780821,8.381902949494702e-10,-2.022832568115973e-08,8.042901811222691e-08,-2.5108455758982018e-08,6.163492827226946e-08,2.8864015177987312e-08,-1.5329568725519493e-08,8.72649223992994e-08,-1.305714292243465e-08,6.236135874360116e-08
00:00:09:14.250,61,5.6019054284206504e-08,2.4382025287650322e-08,-3.529712699901211e-08,1.5012920684398523e-08,-4.212371962353245e-08,0.00476787518709898,0.28505274653434753,-6.088986737040614e-08,-2.449378300184435e-08,2.276152422098221e-08,-3.4542754434596645e-08,7.07618923456721e-08,0.004772060085088015,0.2852674424648285,0.013636324554681778,-0.00018845353042706847,0.01847781613469124,0.048313163220882416,0.0013610613532364368,0.21550258994102478,0.04685743898153305,0.004489768762141466,-0.0003587116952985525,0.02101984992623329,0.020399393513798714,0.0004215945373289287,0.000824309594463557,0.012043226510286331,0.01092589646577835,0.04867156967520714,0.05526280775666237,-0.00011290982365608215,0.004695704206824303,-0.0001575397327542305,0.007448479998856783,0.0009637774783186615,0.0016753204399719834,0.16237212717533112,0.1572858691215515,0.0891554057598114,0.08868345618247986,-0.0006667113048024476,-0.0006004715105518699,0.23367053270339966,0.19001278281211853,0.19026394188404083,3.6917030229233205e-05,0.04100051894783974,0.04507293552160263,0.0008371749427169561,0.007142288610339165,5.785841250549595e-10,-2.4251640695638343e-08,8.739530699131137e-08,-2.989545322407139e-08,5.975365979793423e-08,2.989545322407139e-08,-1.1399388100130636e-08,9.057112038135529e-08,-9.015202806494926e-09,5.669891933735016e-08
00:00:09:15.266,61,5.7900322758541733e-08,2.674758370346808e-08,-3.7495045290825146e-08,1.518987069459854e-08,-4.340894577126164e-08,0.0053704106248915195,0.3009551465511322,-6.294808940765506e-08,-2.4475157900383238e-08,2.548098620991368e-08,-3.6270357384182716e-08,7.463619056125026e-08,0.0053723715245723724,0.3011561632156372,0.013531778007745743,-9.20623933780007e-05,0.020672807469964027,0.0461583137512207,0.0007905960083007812,0.2535063624382019,0.06579437851905823,0.0046885753981769085,-0.00020086378208361566,0.006235795095562935,0.00638712290674448,0.0014134374214336276,0.0020149408373981714,0.011445330455899239,0.010181780904531479,0.05259990692138672,0.060038402676582336,-0.00016513407172169536,0.004148560576140881,-0.00043078468297608197,0.008503259159624577,0.000894497032277286,0.0015876279212534428,0.16374951601028442,0.15788789093494415,0.09387897700071335,0.09321065992116928,-0.0003708827425725758,-0.00035276651033200324,0.23357151448726654,0.1952505111694336,0.1955193281173706,9.378750110045075e-05,0.03543289750814438,0.03883477300405502,0.0010942715452983975,0.007943239994347095,5.366746491652918e-10,-2.6002526354318434e-08,9.233131947894435e-08,-3.233552092751779e-08,6.161630494716519e-08,3.1208617912170666e-08,-1.082196821045045e-08,9.462237215984715e-08,-7.972121629507e-09,5.7369469175228005e-08
00:00:09:16.283,61,8.145347152321847e-08,3.26149169893597e-08,-4.9397350210256263e-08,2.2416934086777474e-08,-6.180256661991734e-08,0.0039937663823366165,0.31373220682144165,-8.871779044739014e-08,-3.719702235116529e-08,3.0137599082991073e-08,-4.936009645462036e-08,1.0028481511881182e-07,0.003989811986684799,0.31393176317214966,0.013481387868523598,-0.00021368436864577234,0.02092779614031315,0.04376146197319031,0.0009755486389622092,0.2829883396625519,0.08736423403024673,0.004522844683378935,-7.749432552373037e-05,0.0018424802692607045,0.0025891531258821487,0.003698622575029731,0.004449429456144571,0.011279062367975712,0.010010971687734127,0.05641944333910942,0.06490061432123184,-0.00014949501201044768,0.004112711641937494,-0.0002787132980301976,0.00989279244095087,0.0006356077501550317,0.0013890929985791445,0.16156066954135895,0.1547621190547943,0.09410360455513,0.09377536922693253,-0.0004142594407312572,-0.00035591720370575786,0.23274073004722595,0.19671684503555298,0.19699592888355255,0.00026359595358371735,0.031381502747535706,0.0351388044655323,0.0011290103429928422,0.008845633827149868,9.813811985281973e-10,-3.3155082235225564e-08,1.2315810238305858e-07,-4.120171226418279e-08,8.765608328076269e-08,4.283385379721949e-08,-1.8812716717775402e-08,1.2962146911377204e-07,-1.4919788071665607e-08,8.471310053437264e-08
00:00:09:18.300,61,9.851530080595694e-08,2.786517150354939e-08,-5.109235701183934e-08,2.9802322387695312e-08,-7.671304302903081e-08,0.0031826782505959272,0.32186344265937805,-1.0822899554341348e-07,-5.176291040243086e-08,2.1718442155815865e-08,-5.554873538926586e-08,1.0922551041403494e-07,0.0031902946066111326,0.32207557559013367,0.013410358689725399,-0.0002181992313126102,0.020055770874023438,0.040938444435596466,0.0005488723400048912,0.30308154225349426,0.1062057688832283,0.004591904580593109,-0.00023138988763093948,-0.0004067504487466067,0.0004558250366244465,0.010417290031909943,0.011396544985473156,0.010995408520102501,0.009697151370346546,0.058492597192525864,0.067570760846138,-0.00021971673413645476,0.0041055213660001755,0.0004174481437075883,0.011204050853848457,0.00047630752669647336,0.001200245344080031,0.15895593166351318,0.15072093904018402,0.09308317303657532,0.09226889908313751,-0.0005081963608972728,-0.00041976451757363975,0.23354871571063995,0.19722720980644226,0.19751833379268646,0.0005125109455548227,0.028044361621141434,0.031863026320934296,0.0008166557527147233,0.008579496294260025,1.7578714039956367e-09,-3.060326037029881e-08,1.3129785259025084e-07,-3.825873307050642e-08,1.0881572620746738e-07,4.896428507095152e-08,-3.1292437085994607e-08,1.4761462807655334e-07,-2.7492642828974567e-08,1.1406839206529185e-07
00:00:09:18.316,61,9.187497340690243e-08,1.6633421751066635e-08,-4.086643556888703e-08,3.003515303134918e-08,-7.314607586295097e-08,0.0031459105666726828,0.3280886113643646,-1.0181218357274702e-07,-5.397945557206185e-08,8.90344420412248e-09,-4.8484654513458736e-08,9.238719655968453e-08,0.003136563114821911,0.32829636335372925,0.013731688261032104,-0.00017705158097669482,0.02071111835539341,0.044064875692129135,0.0009344089194200933,0.2805142104625702,0.11580698192119598,0.004616409540176392,-4.848849130212329e-05,-0.0009947717189788818,-0.00014881641254760325,0.029845980927348137,0.03115520440042019,0.0094552431255579,0.008051760494709015,0.06064753979444504,0.06878063827753067,-0.00038299852167256176,0.00339518953114748,0.00016516946197953075,0.010205144062638283,0.000537860905751586,0.001248200424015522,0.15432408452033997,0.14606831967830658,0.07819174230098724,0.07739616185426712,-0.0005306917591951787,-0.0004977274220436811,0.23411200940608978,0.19563435018062592,0.19591154158115387,0.00052721390966326,0.023425905033946037,0.026509933173656464,0.0005287903477437794,0.0070617469027638435,2.0989683324756925e-09,-2.130865972560514e-08,1.0874122580162293e-07,-2.6784837459103983e-08,1.0412186668418144e-07,4.354398797090653e-08,-3.6358834165639564e-08,1.306086829799824e-07,-3.2875686173383656e-08,1.15856529703251e-07
00:00:09:20.333,61,7.364899090589461e-08,1.911073965743526e-08,-3.694556482969347e-08,2.276152422098221e-08,-5.771406108578958e-08,0.0028795015532523394,0.33513692021369934,-8.140690965774411e-08,-3.989785923863565e-08,1.4081597221604625e-08,-4.0978193283081055e-08,7.988884931364737e-08,0.0028670942410826683,0.3353389799594879,0.013711108826100826,-0.00015619791520293802,0.020480038598179817,0.04789804294705391,0.002189681399613619,0.2352992594242096,0.11656372994184494,0.005205787252634764,1.877826616691891e-05,-0.0012896572006866336,-0.0005352257285267115,0.052297063171863556,0.05423648655414581,0.00918321032077074,0.00783950462937355,0.060170259326696396,0.06760650873184204,-0.0004318395222071558,0.0027405160944908857,-8.016288484213874e-05,0.007537889294326305,0.0006225190591067076,0.001281288918107748,0.13881395757198334,0.13084737956523895,0.058134764432907104,0.057470377534627914,-0.0005322927027009428,-0.0005069263279438019,0.23521435260772705,0.19552399218082428,0.19581283628940582,0.00041130423778668046,0.02125326544046402,0.02358974516391754,-0.0002227343647973612,0.004372090566903353,1.403968830082647e-09,-2.134591348124104e-08,9.549781765372245e-08,-2.6971100908212975e-08,8.186325572978603e-08,3.622379196599468e-08,-2.4884938554237124e-08,1.0890886414927081e-07,-2.197921311619666e-08,8.735806034110283e-08
00:00:09:20.349,61,7.37927621230483e-08,1.768465196505531e-08,-3.597291708956618e-08,2.3105531710143623e-08,-5.813664927245554e-08,0.003197377547621727,0.3321802616119385,-8.165486775624231e-08,-4.090019345426299e-08,1.2071105004451965e-08,-4.0494196440477026e-08,7.848139205179905e-08,0.003197181737050414,0.332377552986145,0.013806121423840523,-4.4770445128961e-06,0.01832999847829342,0.05246548354625702,0.006313723977655172,0.19466018676757812,0.1161326915025711,0.005837332457304001,-3.0642777346656658e-06,-0.0015845777234062552,-0.00024405587464571,0.08458962291479111,0.08714849501848221,0.008054344914853573,0.0066436720080673695,0.058683253824710846,0.06408722698688507,-0.0003988591197412461,0.002668231725692749,-0.0003189279232174158,0.004653322510421276,0.0007043461664579809,0.0012716820929199457,0.11522367596626282,0.10783710330724716,0.037743259221315384,0.037183262407779694,-0.000549362797755748,-0.0005679684109054506,0.24146504700183868,0.19057780504226685,0.19084401428699493,0.0007778218132443726,0.01813233643770218,0.019927483052015305,-0.0006878701387904584,0.0019345056498423219,1.4846591733785885e-09,-2.0168954506516457e-08,9.296461911389997e-08,-2.5386690083450958e-08,8.232891701709377e-08,3.579989282798124e-08,-2.6283087706246988e-08,1.0776042813631648e-07,-2.3274914440207795e-08,8.93161598014558e-08
00:00:09:22.366,61,1.0875169920154804e-07,1.0118819560034353e-08,-4.144152754292918e-08,3.789318725466728e-08,-8.834759057663177e-08,0.0035307661164551973,0.33151575922966003,-1.217960345911706e-07,-7.029623105836436e-08,-1.748558187131266e-09,-5.418842263793522e-08,9.96887692394921e-08,0.0035421315114945173,0.331716388463974,0.013948563486337662,0.00013660961121786386,0.015780866146087646,0.06025895103812218,0.014780113473534584,0.1744709610939026,0.11387398093938828,0.006489405408501625,-2.2616512069362216e-05,-0.0017508150776848197,-0.00010870047117350623,0.10431119799613953,0.10711657255887985,0.006910545751452446,0.0053892070427536964,0.059244103729724884,0.06287722289562225,-0.0005633360124193132,0.003063436131924391,-0.00032311014365404844,0.0027245196979492903,0.0007969441940076649,0.001280135940760374,0.10564722120761871,0.09858826547861099,0.024107808247208595,0.02369561232626438,-0.000544508162420243,-0.0006058614235371351,0.2502690255641937,0.18832582235336304,0.18857869505882263,0.0012106358772143722,0.015119842253625393,0.01662611961364746,-0.0006601546774618328,0.0004250174679327756,2.9876536800088616e-09,-1.718057340838186e-08,1.1360040019781081e-07,-2.2153836098937063e-08,1.2530712467651028e-07,4.9022492731864986e-08,-5.0389207473244824e-08,1.470255597268988e-07,-4.658009800095897e-08,1.4805701198383758e-07
00:00:09:22.383,61,1.2043805952544062e-07,8.825445263482834e-09,-4.4389743436568097e-08,4.235945993968926e-08,-9.82178605113404e-08,0.004179994575679302,0.33411431312561035,-1.3499753492851596e-07,-7.91193457416739e-08,-4.821922416908819e-09,-5.912675860031413e-08,1.0795425708920448e-07,0.004200958646833897,0.3343145251274109,0.014131801202893257,0.00020979411783628166,0.01372197363525629,0.07449384778738022,0.023491431027650833,0.1780780851840973,0.11151041090488434,0.0070366268046200275,-6.695793126709759e-05,-0.0017061128746718168,-0.00015087929205037653,0.11570185422897339,0.11866334080696106,0.005836173426359892,0.004147675819694996,0.062489867210388184,0.06472968310117722,-0.00029537841328419745,0.00410910090431571,-0.0003786816378124058,0.0013998341746628284,0.0006736633949913085,0.001088443910703063,0.11516452580690384,0.10807666927576065,0.017659828066825867,0.01719551719725132,-0.0005795250181108713,-0.0006640910287387669,0.2610490024089813,0.18893180787563324,0.1891745924949646,0.0016180479433387518,0.013512648642063141,0.01470062043517828,-0.0005699501489289105,-0.00048165276530198753,3.408640703028709e-09,-1.7221317705207184e-08,1.222244492282698e-07,-2.2473978233961134e-08,1.392804591660024e-07,5.3715048409230803e-08,-5.7456780666598206e-08,1.6095117416625726e-07,-5.3246040465637634e-08,1.6618753306829603e-07
00:00:09:24.400,61,9.696930902691747e-08,7.906928445322592e-09,-3.620283806071711e-08,3.396067782546197e-08,-7.88923344430259e-08,0.0049377866089344025,0.33607208728790283,-1.0850141052287654e-07,-6.319489642692133e-08,-2.8870998924901414e-09,-4.780828177786134e-08,8.753500679858917e-08,0.004974022042006254,0.3362535834312439,0.014743570238351822,0.00037512124981731176,0.013753969222307205,0.09874853491783142,0.024374110624194145,0.21232961118221283,0.10451339930295944,0.007340410724282265,-0.00011882671969942749,-0.0017185211181640625,-0.00023624912137165666,0.1164315789937973,0.11927566677331924,0.0053682173602283,0.003473845077678561,0.06821659952402115,0.07042251527309418,-0.00012791514745913446,0.005122782196849585,-0.00020668194338213652,0.0006409235065802932,0.0007724198512732983,0.0011404544347897172,0.1594081073999405,0.15185579657554626,0.02399931475520134,0.02383565716445446,-0.0004414352006278932,-0.0005969746271148324,0.2697286009788513,0.19046659767627716,0.190688356757164,0.0019048405811190605,0.01339724101126194,0.014582204632461071,-0.00045930323540233076,-0.000858480460010469,2.70927547063593e-09,-1.4379620161264484e-08,9.943265411038738e-08,-1.8617138053400595e-08,1.1224765472661602e-07,4.341185544376458e-08,-4.579778689617342e-08,1.300289227401663e-07,-4.239846163045513e-08,1.3295560563619802e-07
00:00:09:24.416,61,6.685266384920396e-08,-3.527384162538283e-09,-1.8332503515239296e-08,2.5406480474998716e-08,-5.59381447828855e-08,0.005552466958761215,0.33752304315567017,-7.55320073153598e-08,-4.909001205533059e-08,-1.3258540931815332e-08,-2.970482526620799e-08,5.095614952210781e-08,0.005593836307525635,0.3377057611942291,0.015782589092850685,0.00038210622733458877,0.01565041020512581,0.12011701613664627,0.016518577933311462,0.24210065603256226,0.08215644955635071,0.007312837056815624,-0.00010378755541751161,-0.0012325956486165524,0.0004209970647934824,0.08706410229206085,0.08911509811878204,0.005874452646821737,0.003855661256238818,0.07087735831737518,0.07356441020965576,-9.539433085592464e-05,0.005511881317943335,-0.0007183958659879863,0.0006124689825810492,0.0004492906155064702,0.0008503454737365246,0.2124159038066864,0.2045866847038269,0.048047833144664764,0.04869306460022926,-0.0004915296449325979,-0.0006472438690252602,0.28014519810676575,0.192692369222641,0.19290626049041748,0.0017368526896461844,0.015030517242848873,0.016860170289874077,-0.000970299995969981,-0.000266802468104288,2.3298343254651854e-09,-2.5529880431918173e-09,5.539855862934928e-08,-4.2794270349588714e-09,8.018163555334468e-08,2.7887727682696095e-08,-3.832043304896615e-08,8.277420704416727e-08,-3.6087584476263146e-08,1.0077841494648965e-07
00:00:09:26.433,61,7.640337429393185e-08,3.6298297700909643e-09,-2.651126074226795e-08,2.7307542893595382e-08,-6.26267890879717e-08,0.005886084865778685,0.3393395245075226,-8.56746922295315e-08,-5.14578992749648e-08,-5.494803279049165e-09,-3.661552838707394e-08,6.60284413811496e-08,0.005927535705268383,0.33953580260276794,0.017536794766783714,0.00025304127484560013,0.01828737184405327,0.13497404754161835,0.009512958116829395,0.24479885399341583,0.05527760460972786,0.006964245345443487,-5.947270256001502e-05,0.0008680683095008135,0.002639125334098935,0.03388909250497818,0.03487067669630051,0.0068175471387803555,0.004738870542496443,0.0686689242720604,0.07209187746047974,0.00011409863509470597,0.006201025098562241,-0.0006753611378371716,0.00023090411559678614,0.0002805982658173889,0.0007223484572023153,0.25988736748695374,0.25296396017074585,0.07173419743776321,0.07302733510732651,-0.0003928194928448647,-0.0004731085791718215,0.2835049331188202,0.19078679382801056,0.19098328053951263,0.0015738429501652718,0.019406335428357124,0.02218020148575306,-0.0017840736545622349,0.00048208326916210353,2.2715540559659075e-09,-9.057112393406896e-09,7.491325959563255e-08,-1.2291129891650598e-08,8.978182108876354e-08,3.384862878874628e-08,-3.8193537221786755e-08,1.0075047640611956e-07,-3.5343692417200145e-08,1.073721804800698e-07
00:00:09:26.449,61,7.577473581932281e-08,7.682246838669471e-09,-2.9172515070285954e-08,2.611253790973933e-08,-6.145390329947986e-08,0.00685909204185009,0.3396977186203003,-8.457514866222482e-08,-4.8504443128649655e-08,-2.887100003512444e-10,-3.786408342421055e-08,6.996211254772788e-08,0.006908198818564415,0.3398978114128113,0.0190382469445467,0.00013567149289883673,0.02088128961622715,0.13943809270858765,0.004330034833401442,0.23792438209056854,0.0350104458630085,0.006723055616021156,-0.0001220029589603655,0.016129489988088608,0.01771366596221924,0.0024500619620084763,0.0026311951223760843,0.007749541196972132,0.005692933686077595,0.06306858360767365,0.06710053235292435,-0.00012482766760513186,0.006663377396762371,-0.0006285861600190401,0.0007449039840139449,-2.1538995497394353e-05,0.00045610195957124233,0.29777541756629944,0.2919449508190155,0.09573718160390854,0.09760484844446182,-0.00048151894588954747,-0.0004926812835037708,0.2854405641555786,0.19003716111183167,0.19022980332374573,0.0013959967764094472,0.02552809752523899,0.029339946806430817,-0.002026214497163892,0.002317763864994049,2.0500738884265957e-09,-1.219916168082591e-08,8.081784130808956e-08,-1.6217818199493195e-08,8.81403678931747e-08,3.461565967199931e-08,-3.466266207396984e-08,1.0322721522015854e-07,-3.171851759020683e-08,1.02815683078461e-07
00:00:09:28.466,61,8.186325572978603e-08,1.170672447869947e-08,-3.410503168765899e-08,2.7385540946056608e-08,-6.578862610240321e-08,0.006931576877832413,0.3360624611377716,-9.099952791302712e-08,-5.017966131504181e-08,3.911554635749326e-09,-4.2107423325887794e-08,7.911584987141396e-08,0.0069837747141718864,0.33622756600379944,0.02064445987343788,8.145060564856976e-05,0.023991694673895836,0.13676472008228302,0.0019117483170703053,0.22226537764072418,0.01522154826670885,0.006211810279637575,-0.00011683916818583384,0.06560670584440231,0.06615452468395233,0.0003402882721275091,4.364594860817306e-05,0.00897799339145422,0.0071608745492994785,0.06083556264638901,0.0651114284992218,-0.00015602618805132806,0.006039880681782961,-0.0006408119224943221,0.0009017662960104644,-0.00046287477016448975,7.357500726357102e-05,0.3280024826526642,0.32344162464141846,0.11756986379623413,0.11960761994123459,-0.0005644595366902649,-0.0005312311695888638,0.28363141417503357,0.1889246702194214,0.18911506235599518,0.0011239050654694438,0.031155206263065338,0.03641924262046814,-0.002245802665129304,0.004058252088725567,2.0302832748342325e-09,-1.62888316168619e-08,9.237788844984607e-08,-2.0889565632842277e-08,9.397976441505307e-08,3.816909099896293e-08,-3.485008903680864e-08,1.141801462267722e-07,-3.1590460025654465e-08,1.0687858065239197e-07
00:00:09:28.483,61,7.720140615674609e-08,1.2606615307220181e-08,-3.325985886704075e-08,2.5486805554919556e-08,-6.178684941460233e-08,0.00609938520938158,0.32690539956092834,-8.570321341494491e-08,-4.63472673573051e-08,5.641486389151851e-09,-4.03157898176687e-08,7.619964748073471e-08,0.006143996492028236,0.32706695795059204,0.023283815011382103,2.7910442440770566e-05,0.026186013594269753,0.1346971094608307,0.001011776621453464,0.20502640306949615,0.005817425437271595,0.006072442978620529,-0.00021902522712480277,0.09387997537851334,0.09350581467151642,0.00044966579298488796,2.5618615836719982e-05,0.010803444311022758,0.009129827842116356,0.060394588857889175,0.06453904509544373,-0.00025490380357950926,0.005488869734108448,-0.0007393573177978396,0.0010376549325883389,-0.0007430714322254062,-0.00022187389549799263,0.3491273820400238,0.3452381193637848,0.13419759273529053,0.13600099086761475,-0.0005548151675611734,-0.0005169663345441222,0.28351297974586487,0.19357572495937347,0.19376999139785767,0.0009729481535032392,0.03717292100191116,0.042475681751966476,-0.0013733075466006994,0.005729293916374445,1.8509308530312296e-09,-1.6618287190794945e-08,8.972594400802336e-08,-2.116314057332147e-08,8.834874876129106e-08,3.641456558511891e-08,-3.154738692501269e-08,1.0882853729299313e-07,-2.855202119178557e-08,9.89902773085305e-08
00:00:09:29.500,61,7.977243399182044e-08,1.0209623368950815e-08,-3.233552092751779e-08,2.7124769985675812e-08,-6.443238476094848e-08,0.005982107017189264,0.3203519582748413,-8.882023649903203e-08,-4.9511434951909905e-08,2.067536142291715e-09,-4.058703950704512e-08,7.58026743596929e-08,0.006024844478815794,0.3205050230026245,0.025384726002812386,4.527678174781613e-05,0.02842666208744049,0.13189806044101715,0.00042144584585912526,0.1892346888780594,0.0015255409525707364,0.005446470342576504,-0.00024458166444674134,0.12060850858688354,0.11934735625982285,0.0002824123948812485,-0.00018126625218428671,0.013302812352776527,0.011878946796059608,0.061845410615205765,0.06635350733995438,-0.00029954290948808193,0.005339805968105793,-0.0007977568893693388,0.0015461923321709037,-0.0009312877082265913,-0.00041269586654379964,0.36539897322654724,0.36222511529922485,0.14799641072750092,0.14952102303504944,-0.0006430594366975129,-0.0005979527486488223,0.27856335043907166,0.19675084948539734,0.19695056974887848,0.0007827557856217027,0.042938679456710815,0.04848812520503998,0.0007697987603023648,0.008985070511698723,2.0470178885290125e-09,-1.4731194930561742e-08,8.843839083283456e-08,-1.8938443702154473e-08,9.200070394399518e-08,3.694469441484216e-08,-3.490829669772211e-08,1.1021504064956389e-07,-3.196299047658613e-08,1.056352658679316e-07
00:00:09:30.516,61,8.986855704051777e-08,9.094365260864379e-09,-3.464345255110857e-08,3.102817558442439e-08,-7.284921821337775e-08,0.005893277004361153,0.3154675364494324,-1.0015559581688649e-07,-5.717272699712339e-08,-5.634501754059329e-10,-4.485103843876459e-08,8.297036657722856e-08,0.005943275522440672,0.315636545419693,0.027226394042372704,0.00010677795944502577,0.02970004826784134,0.12805140018463135,2.408795990049839e-05,0.17460745573043823,0.00030268856789916754,0.0057426514104008675,-0.0003778230748139322,0.1393476277589798,0.1370120644569397,0.0001762749598128721,-0.0002479770337231457,0.015846991911530495,0.014573483727872372,0.0625024288892746,0.06728304177522659,-0.0003806607855949551,0.005296081304550171,-0.000769471051171422,0.0019797899294644594,-0.0009666636469773948,-0.0004695584357250482,0.37869328260421753,0.3759673237800598,0.1592140793800354,0.16033224761486053,-0.0006828141049481928,-0.0006565937655977905,0.2751949727535248,0.1996866762638092,0.19990696012973785,0.0007620158139616251,0.04808899015188217,0.05371502786874771,0.004152200650423765,0.013048751279711723,2.409651589374562e-09,-1.4776596835019973e-08,9.593786387540604e-08,-1.9181753074803964e-08,1.0402290939737213e-07,4.100263950590488e-08,-4.100380479599153e-08,1.223321248744469e-07,-3.786641045167016e-08,1.2111850367091392e-07
00:00:09:31.533,61,8.64779607923083e-08,1.478940259147521e-08,-3.766268363847303e-08,2.843327884249902e-08,-6.908085481427406e-08,0.00548046687617898,0.31366193294525146,-9.586336346956159e-08,-5.1273964629672264e-08,6.672926211592767e-09,-4.5250637015215034e-08,8.57748077010001e-08,0.0055252970196306705,0.31384098529815674,0.02941940724849701,9.234275785274804e-05,0.030911436304450035,0.125161275267601,-0.00026441141380928457,0.1603567898273468,-0.00019150912703480572,0.00583481602370739,-0.0002965561579912901,0.1522667109966278,0.1491158902645111,0.00013384997146204114,-0.00021435767121147364,0.017749829217791557,0.01665463298559189,0.06424496322870255,0.06908827275037766,-0.0005267173983156681,0.005025465041399002,-0.0007782057509757578,0.0022104885429143906,-0.000860556960105896,-0.0003334232314955443,0.3872004747390747,0.3850651681423187,0.16311858594417572,0.1638520359992981,-0.0004902184009552002,-0.00046598882181569934,0.2746410667896271,0.20311205089092255,0.20334848761558533,0.0005275789881125093,0.053251318633556366,0.05895505100488663,0.007429938297718763,0.016458231955766678,2.024171497083671e-09,-1.904554736142927e-08,1.0105781456104523e-07,-2.4191104230908422e-08,9.865500061323473e-08,4.084547811089578e-08,-3.4943223425898395e-08,1.221708885168482e-07,-3.1818636614389106e-08,1.1019408674428632e-07
00:00:09:33.550,61,8.027476638972075e-08,1.4260876923799515e-08,-3.547640403667174e-08,2.6274356912381336e-08,-6.40604440604875e-08,0.00573949096724391,0.3156522512435913,-8.90414213472468e-08,-4.727742464183393e-08,7.054768325076566e-09,-4.217057636424215e-08,8.010654539702955e-08,0.005785653367638588,0.3158411979675293,0.03129367157816887,0.00013755662075709552,0.03200657293200493,0.12466391921043396,-0.00047912716399878263,0.14938437938690186,-0.000510671001393348,0.006038916762918234,-0.00020598509581759572,0.15665608644485474,0.1531105637550354,9.908323409035802e-05,-0.00017709624080453068,0.01884578913450241,0.017713872715830803,0.06783852726221085,0.07250605523586273,-0.0005770628340542316,0.004617943894118071,-0.000955219438765198,0.0021309342700988054,-0.0005689843092113733,-2.118510201398749e-05,0.39046168327331543,0.38847652077674866,0.16087114810943604,0.161108136177063,-0.0003759533865377307,-0.0003640534123405814,0.2819008529186249,0.21026146411895752,0.21050584316253662,0.00042471010237932205,0.056556280702352524,0.06209254637360573,0.009286243468523026,0.0176981333643198,1.850494313337947e-09,-1.7930288365164415e-08,9.475043327711319e-08,-2.3026951012639074e-08,9.153969671160667e-08,3.808527182513899e-08,-3.19886019894966e-08,1.1384836540173637e-07,-2.9182992022924736e-08,1.0175630649200684e-07
00:00:09:33.566,61,8.530565764885978e-08,4.880130077822287e-09,-3.027729533755519e-08,3.0362279801465775e-08,-6.986083178617264e-08,0.005411669611930847,0.316253125667572,-9.563868275108689e-08,-5.677342329590829e-08,-5.25265919648632e-09,-4.126573927010213e-08,7.479451369363233e-08,0.005453446879982948,0.31645655632019043,0.03335507959127426,0.00011920427641598508,0.03293009474873543,0.12981688976287842,-0.0003164438239764422,0.13871082663536072,-0.0003968344535678625,0.0060706473886966705,-0.00022707234893459827,0.1559988260269165,0.15145447850227356,-2.3114122086553834e-05,-0.0003008785715792328,0.020651930943131447,0.01947682537138462,0.0730481818318367,0.07775434851646423,-0.00045120978029444814,0.004352400079369545,-0.0007942532538436353,0.0016885757213458419,-0.00030027778120711446,0.00023612544464413077,0.39295268058776855,0.3911593556404114,0.14937487244606018,0.14902715384960175,-0.00038408703403547406,-0.0003722327819559723,0.29215800762176514,0.22193466126918793,0.22217430174350739,0.00025276278029195964,0.055720433592796326,0.06080184504389763,0.007327016443014145,0.014559995383024216,2.4963811018352544e-09,-1.0994263277552818e-08,8.545583085606268e-08,-1.4388933600173459e-08,9.98633922222325e-08,3.809080340033688e-08,-4.178378887331746e-08,1.132534848125033e-07,-3.893859812365008e-08,1.1893455109657225e-07
00:00:09:35.583,61,8.972710929811001e-08,1.1776574382338367e-08,-3.668130332812325e-08,3.036344509155242e-08,-7.222232056847133e-08,0.00456272903829813,0.31210023164749146,-9.98261384665966e-08,-5.560577776009268e-08,2.5774351541940632e-09,-4.569563216705319e-08,8.538132334479087e-08,0.004602641332894564,0.31232109665870667,0.035698290914297104,0.00010805777128553018,0.03294949233531952,0.1437956541776657,-6.024968024576083e-05,0.1309790164232254,-0.00013773428509011865,0.006338146515190601,-0.00023985655570868403,0.15310047566890717,0.1482391357421875,-9.804787259781733e-05,-0.0003862992743961513,0.022966595366597176,0.02179940976202488,0.07924904674291611,0.0839335024356842,-0.00033479082048870623,0.004277696367353201,-0.0004203255521133542,0.0010037024039775133,-0.00011428782454458997,0.00037671401514671743,0.40551844239234924,0.4035530388355255,0.1393022984266281,0.1387607604265213,-0.0005107845645397902,-0.0005032012122683227,0.3040449619293213,0.23623505234718323,0.23647929728031158,0.00031957734609022737,0.053362246602773666,0.05765775591135025,0.00415094243362546,0.010267135687172413,2.293236267547627e-09,-1.6896519738907045e-08,9.96037883282952e-08,-2.1749874790089052e-08,1.0319519816448519e-07,4.1626481817047534e-08,-3.90084444745753e-08,1.2416043659868592e-07,-3.574532314587486e-08,1.1836644375762262e-07
00:00:09:35.599,61,7.251277622799535e-08,1.4882534316029705e-08,-3.36207435225333e-08,2.337619697811988e-08,-5.7537107522875885e-08,0.0038000268395990133,0.3062140643596649,-8.018687225330723e-08,-4.16859968765948e-08,8.717178978656648e-09,-3.8808209978924424e-08,7.439404470233058e-08,0.003851813031360507,0.3064436614513397,0.039265044033527374,0.00015498563880100846,0.032150886952877045,0.16946949064731598,-7.443636422976851e-05,0.12862622737884521,0.00024876519455574453,0.006365743465721607,-0.000311251322273165,0.14894837141036987,0.1447938233613968,-0.00015210449055302888,-0.0003792402276303619,0.025947250425815582,0.024771451950073242,0.08471046388149261,0.08897247165441513,-0.0003146743692923337,0.004560608882457018,-0.00043244645348750055,0.00011766508396249264,3.757275771931745e-05,0.0005064334836788476,0.43188393115997314,0.4295847713947296,0.13172461092472076,0.13167206943035126,-0.0007166212890297174,-0.000713416317012161,0.31920620799064636,0.2495933324098587,0.2498469203710556,0.0004432974092196673,0.05211533233523369,0.05571422725915909,0.0011092021595686674,0.006500439718365669,1.5820842413916125e-09,-1.780688840824496e-08,8.873641377249442e-08,-2.259388587333433e-08,8.242204785346985e-08,3.495951972354305e-08,-2.7492642828974567e-08,1.0446645148931566e-07,-2.4735927084407194e-08,9.033828973770142e-08
00:00:09:37.616,61,6.031245192161805e-08,1.3709068547029801e-08,-2.881512095598282e-08,1.909211277961731e-08,-4.771165507122532e-08,0.003946774173527956,0.3095189034938812,-6.643124095262465e-08,-3.376975499236323e-08,9.052455673952409e-09,-3.270339377081655e-08,6.310641964546448e-08,0.0040066419169306755,0.30976009368896484,0.04482581093907356,0.00010818283772096038,0.031161531805992126,0.19638481736183167,0.00010700822167564183,0.12930622696876526,1.0724663297878578e-05,0.0060727642849087715,-0.00025413953699171543,0.1441010981798172,0.14109306037425995,-3.3593772968742996e-05,-0.00030348479049280286,0.029384741559624672,0.028184790164232254,0.08963977545499802,0.0934501439332962,-0.0002534377563279122,0.005446427036076784,-0.000478260510135442,-0.0003958146262448281,0.0002492008497938514,0.0007689718040637672,0.45392006635665894,0.4516085386276245,0.12385669350624084,0.12455786764621735,-0.0008463633130304515,-0.0007953310268931091,0.32295966148376465,0.25153034925460815,0.25177204608917236,0.0003401373978704214,0.051790304481983185,0.0553191676735878,-0.0003895044210366905,0.004672213923186064,1.2537930693667931e-09,-1.588836262556015e-08,7.616355901518546e-08,-2.0340085171710598e-08,6.847083255934194e-08,2.9481016738941435e-08,-2.2016465095475724e-08,8.7963414330261e-08,-1.9576400944743e-08,7.335096796623475e-08
00:00:09:37.633,61,6.640330241225456e-08,1.130625637557614e-08,-2.8768553761437943e-08,2.1914020820190672e-08,-5.307607509053014e-08,0.004517719615250826,0.31268566846847534,-7.347203734298091e-08,-3.9413571073509956e-08,5.25265919648632e-09,-3.455206609714878e-08,6.543472608200318e-08,0.004591517616063356,0.31293314695358276,0.05227603390812874,0.00020230031805112958,0.031264547258615494,0.2258833348751068,0.0004288795462343842,0.13348989188671112,-3.686726267915219e-05,0.005968967452645302,-7.597645162604749e-05,0.1374252736568451,0.13680806756019592,-2.131134351657238e-05,-0.0003228211426176131,0.03276510536670685,0.031359702348709106,0.09924615919589996,0.10213100165128708,-0.0002471482730470598,0.0061171879060566425,-0.0004450491105671972,-0.0007386772194877267,0.00037767269532196224,0.0009615578455850482,0.47994208335876465,0.4775753319263458,0.12127020955085754,0.12311489135026932,-0.0008918780367821455,-0.0008327958057634532,0.32288411259651184,0.25200071930885315,0.25222423672676086,0.0002615735284052789,0.0505516342818737,0.05423268675804138,-0.0006957948207855225,0.004225234966725111,1.5681144160950566e-09,-1.4379620161264484e-08,7.802620416441641e-08,-1.8682330349406584e-08,7.644295862974104e-08,3.149732918927839e-08,-2.6971100908212975e-08,9.384006460777528e-08,-2.45124098796623e-08,8.430331632780508e-08
00:00:09:39.650,61,9.56840793264746e-08,1.7397105978034233e-08,-4.2561442370470104e-08,3.1273813760890334e-08,-7.638707444357351e-08,0.004765270743519068,0.3100769519805908,-1.059845118334124e-07,-5.623325805004242e-08,8.977949939037444e-09,-5.033798444742388e-08,9.598210226613446e-08,0.004849170334637165,0.31032997369766235,0.06045318767428398,0.00027335071354173124,0.0318717435002327,0.25530150532722473,0.0005052530905231833,0.13689163327217102,-9.829997907218058e-06,0.005928046070039272,1.0551726518315263e-05,0.12801900506019592,0.12951403856277466,0.0001426225935574621,-0.0002666831132955849,0.03582250699400902,0.034125495702028275,0.11178044974803925,0.11358904838562012,-0.0002647399960551411,0.006757078226655722,-0.00033152103424072266,-0.0010240903357043862,0.00024073511303868145,0.0008672663825564086,0.50690758228302,0.5046468377113342,0.1220286637544632,0.1247815489768982,-0.0009866345208138227,-0.0009333561174571514,0.3209758698940277,0.251850426197052,0.25205567479133606,0.00012474409595597535,0.04907756298780441,0.05275863781571388,-0.0010285881580784917,0.0038419184274971485,2.195593040710264e-09,-2.1886080503463745e-08,1.1397525412348841e-07,-2.7976930994100258e-08,1.095607871093307e-07,4.567904454688687e-08,-3.820285243705257e-08,1.3635494156005734e-07,-3.44216815051368e-08,1.2073665800471645e-07
00:00:09:39.666,61,1.1174008562875315e-07,3.010034532735517e-08,-5.6754796418090336e-08,3.4226104617118835e-08,-8.752569868875071e-08,0.004807077813893557,0.3022514581680298,-1.2281350336706964e-07,-5.97350293674026e-08,2.2649764730431343e-08,-6.214715853047892e-08,1.2174248809060373e-07,0.0049034724943339825,0.3025043308734894,0.06823533028364182,0.00030578605947084725,0.03250632435083389,0.2827478349208832,0.0004624405410140753,0.13754896819591522,-3.218650945768786e-08,0.005947889294475317,-4.027473914902657e-05,0.12017414718866348,0.12315594404935837,0.00043745338916778564,-0.00011333584552630782,0.03867771103978157,0.03667919710278511,0.12486070394515991,0.12570331990718842,-0.0002296233142260462,0.007189398631453514,-0.0003839874407276511,-0.0010975648183375597,9.818021499086171e-05,0.0007241928833536804,0.5322447419166565,0.5301278829574585,0.12583427131175995,0.1294444054365158,-0.000973606132902205,-0.0009246882982552052,0.31932228803634644,0.25169628858566284,0.2518867552280426,-1.1144876225444023e-05,0.048120297491550446,0.05169249698519707,-0.0012999811442568898,0.0035664867609739304,2.084998396156834e-09,-3.3490358930521325e-08,1.471489667892456e-07,-4.202127357189056e-08,1.2512319358393142e-07,5.556037763199129e-08,-3.734603382099522e-08,1.6661360291436722e-07,-3.2410024886075917e-08,1.3079494465273456e-07
00:00:09:41.683,61,1.1798925925177173e-07,3.6545099391105396e-08,-6.346031966586452e-08,3.5092234895728325e-08,-9.164214276324856e-08,0.004792751278728247,0.29173946380615234,-1.2927688430863782e-07,-6.020069065471034e-08,2.9858203021149166e-08,-6.739981728287603e-08,1.3357028194604936e-07,0.004903046879917383,0.2919865846633911,0.07410097867250443,0.00035502080572769046,0.033358313143253326,0.29560771584510803,0.0004455781017895788,0.1372602880001068,0.00015494704712182283,0.00624791020527482,-2.476473309798166e-05,0.117161825299263,0.12098754942417145,0.000637776858638972,-3.071427272516303e-05,0.04073238745331764,0.03859368711709976,0.13258874416351318,0.13289915025234222,-0.0003033375833183527,0.007403384428471327,-0.00037038742448203266,-0.001157792517915368,3.456190097494982e-05,0.0006493219989351928,0.5477935075759888,0.5461515188217163,0.12945634126663208,0.13353568315505981,-0.0010137134231626987,-0.0009685751283541322,0.31927257776260376,0.24955572187900543,0.2497437596321106,-8.462183177471161e-05,0.04773209989070892,0.05126284435391426,-0.0014945161528885365,0.0033888143952935934,1.9697472541935213e-09,-3.930181335931593e-08,1.6273931180421641e-07,-4.9117954148414356e-08,1.3095326778511662e-07,5.984212947396372e-08,-3.583729224487797e-08,1.7966608822916896e-07,-3.0491502656104785e-08,1.3347715821510064e-07
00:00:09:41.699,61,1.210719347000122e-07,4.058703950704512e-08,-6.750226333451792e-08,3.52226194877403e-08,-9.351410312774533e-08,0.00469782343134284,0.28315412998199463,-1.3232231310666975e-07,-5.964189853102653e-08,3.457069297496673e-08,-7.038470073439385e-08,1.405924621167287e-07,0.004813871346414089,0.28338998556137085,0.0763428658246994,0.0003329780010972172,0.03370671719312668,0.280847430229187,-4.143983096582815e-05,0.13646182417869568,0.00017957806994672865,0.006336963269859552,2.440770185785368e-05,0.116744764149189,0.1210050955414772,0.0004228025791235268,-0.00017242073954548687,0.04106217250227928,0.03911196067929268,0.13289614021778107,0.13328830897808075,-0.00030043840524740517,0.007294387090951204,-0.0004501122166402638,-0.0013575400225818157,-0.00019142184464726597,0.0004579880915116519,0.5459239482879639,0.5446956157684326,0.1357526183128357,0.1397985965013504,-0.0011899733217433095,-0.0011397218331694603,0.31966668367385864,0.2457578480243683,0.24595385789871216,-0.0002460784453433007,0.04765915870666504,0.051233578473329544,-0.0013168123550713062,0.0038939090445637703,1.8568243609351498e-09,-4.3213368883243675e-08,1.7216429171185155e-07,-5.347654052911821e-08,1.3337471216345875e-07,6.218557047077411e-08,-3.4291296913124825e-08,1.8708408333623083e-07,-2.8703361465431954e-08,1.3306737400853308e-07
00:00:09:43.716,61,1.0847114140233316e-07,3.803521408940469e-08,-6.175599764901563e-08,3.1189994587066394e-08,-8.357688585647338e-08,0.004110123962163925,0.27656716108322144,-1.1847354386418374e-07,-5.232170252611468e-08,3.3043324521031536e-08,-6.368849625459916e-08,1.2764706980306073e-07,0.004226647783070803,0.2768024802207947,0.07337531447410583,0.0003900859737768769,0.03415115550160408,0.23388434946537018,0.00025637506041675806,0.13162827491760254,0.0002840411616489291,0.006119402591139078,0.00013302387378644198,0.12322122603654861,0.12651675939559937,7.784545596223325e-05,-0.0003617012407630682,0.04108831286430359,0.03942429646849632,0.12729662656784058,0.1278333067893982,-0.0004810464452020824,0.007028758991509676,-0.00012941092427354306,-0.0009619152406230569,-0.0003318466478958726,0.0003219488135073334,0.5026559829711914,0.5022561550140381,0.1394336223602295,0.1425430178642273,-0.0011744839139282703,-0.0011786753311753273,0.3159513771533966,0.2419087439775467,0.24212001264095306,-0.00018137722508981824,0.04666180536150932,0.050522640347480774,-0.0010115563636645675,0.004398386459797621,1.5762634530958053e-09,-4.010275134191943e-08,1.568347158809047e-07,-4.954636168008619e-08,1.1900439744749747e-07,5.61191697556751e-08,-2.9355287978205524e-08,1.6886275489014224e-07,-2.453103675748025e-08,1.1760741358557425e-07
00:00:09:43.733,61,1.1845492053907947e-07,2.054497549863754e-08,-5.212612563809671e-08,3.8994475204390255e-08,-9.479001050749503e-08,0.0042925989255309105,0.2705351710319519,-1.315120670142278e-07,-7.03707314642088e-08,9.834766778737958e-09,-6.218440518068746e-08,1.1788681320012984e-07,0.004402012098580599,0.27075767517089844,0.0617281049489975,0.0004444703517947346,0.0346178375184536,0.1837480515241623,0.0004977530334144831,0.12822972238063812,0.0006853544618934393,0.0055225868709385395,2.1001587811042555e-05,0.12516357004642487,0.12709574401378632,0.00019133329624310136,-6.550908437930048e-05,0.03979562222957611,0.038511909544467926,0.11745521426200867,0.11946852505207062,-0.00046782195568084717,0.0067245932295918465,0.0002460935793351382,-0.00035826803650707006,-0.00011643733887467533,0.0004993930924683809,0.4274218678474426,0.427852988243103,0.13339745998382568,0.1353963315486908,-0.0013104748213663697,-0.001346635865047574,0.3112235963344574,0.23739854991436005,0.23761913180351257,-0.00012405190500430763,0.04492206498980522,0.04912293329834938,-0.0008116330136545002,0.004469999577850103,2.7730129303904505e-09,-2.6766210581286032e-08,1.3982877078433376e-07,-3.371387791162306e-08,1.3502314288871275e-07,5.614710829604519e-08,-4.7981739470515095e-08,1.6818754033920413e-07,-4.33251265974377e-08,1.505762270426203e-07
00:00:09:45.750,61,8.562579978388385e-08,6.109476036186834e-09,-3.1255186883072383e-08,3.0240045134632965e-08,-7.006340041471049e-08,0.005378452595323324,0.2603505253791809,-9.587034810465411e-08,-5.62891351307826e-08,-3.8743017682918435e-09,-4.183500834642473e-08,7.623806652645726e-08,0.005483316257596016,0.26054835319519043,0.045009735971689224,0.00036079707206226885,0.03335452079772949,0.12689179182052612,0.00033548803185112774,0.10900592803955078,-0.00015584826178383082,0.005257089156657457,-0.00022193390759639442,0.12542510032653809,0.12437582015991211,0.00018022120639216155,0.00010681569256121293,0.03469487279653549,0.03381218761205673,0.09140215069055557,0.09439964592456818,-0.00026567222084850073,0.006337976548820734,-0.0003021122538484633,-0.00011559605627553537,-0.000248903437750414,0.0003079408488702029,0.31334352493286133,0.31417354941368103,0.10872010886669159,0.10867428034543991,-0.0009544253116473556,-0.0009538793819956481,0.30605271458625793,0.22672954201698303,0.22697757184505463,-0.000157373578986153,0.04429921135306358,0.048740386962890625,-0.000683600315824151,0.0037084973882883787,2.451706615502758e-09,-1.2274831817649101e-08,8.81776216488106e-08,-1.607462785102598e-08,1.0000541550425623e-07,3.8479921471434864e-08,-4.118308538636484e-08,1.1472031502535174e-07,-3.840774454033635e-08,1.1775642860811786e-07
00:00:09:45.766,61,7.145106906136789e-08,2.2165478341662492e-09,-2.3990869735257547e-08,2.5872141762306455e-08,-5.881302200805294e-08,0.006705624982714653,0.24940192699432373,-8.029863352021493e-08,-4.8968942678584426e-08,-6.593763757223314e-09,-3.390014313708889e-08,6.04987135943702e-08,0.006804941687732935,0.24956370890140533,0.03306224197149277,0.00022883512428961694,0.029753856360912323,0.08213486522436142,0.000539709348231554,0.09197462350130081,-0.0003902143216691911,0.004792011342942715,-0.0002680624311324209,0.1308475285768509,0.12799924612045288,9.551078255753964e-05,-3.6791265301872045e-05,0.029355790466070175,0.028806161135435104,0.06871305406093597,0.07158849388360977,6.178676994750276e-05,0.006089197471737862,7.476947939721867e-05,0.000212201033718884,-0.0007817016448825598,-0.00024101659073494375,0.2298191636800766,0.22969578206539154,0.08693116158246994,0.08576416969299316,-0.0008728730608709157,-0.0008461397956125438,0.29430344700813293,0.2169400453567505,0.2171916365623474,-0.0003554486611392349,0.04532516375184059,0.05053890123963356,0.00014048755110707134,0.0041062114760279655,2.175802427117901e-09,-7.897615006413616e-09,6.917863970556937e-08,-1.050531839297264e-08,8.406117757431275e-08,3.136694459726641e-08,-3.661960334966352e-08,9.348615748194788e-08,-3.410503168765899e-08,1.0184943732838292e-07
00:00:09:46.783,61,6.040558275799413e-08,1.0933726812822897e-08,-2.6989727786030926e-08,1.9669533557475916e-08,-4.78420396632373e-08,0.007791830692440271,0.2404172271490097,-6.714835620869053e-08,-3.5744161408501895e-08,5.774199784980283e-09,-3.193970599113527e-08,6.055459067511038e-08,0.007880819030106068,0.24056971073150635,0.02665109559893608,4.2547733755782247e-05,0.026302628219127655,0.06239517033100128,0.0018097603460773826,0.08323536068201065,0.00026831059949472547,0.004915416706353426,-0.0003342938725836575,0.12887056171894073,0.12524046003818512,-0.00010648749594110996,-0.000248337077209726,0.025438139215111732,0.025039058178663254,0.05441156402230263,0.056636448949575424,-0.0002162125747418031,0.006163137499243021,0.00018047601042781025,0.0007995900232344866,-0.0009971462422981858,-0.00045558303827419877,0.187069833278656,0.1862940639257431,0.07499167323112488,0.07318674027919769,-0.0009931755485013127,-0.0008959996630437672,0.2857871353626251,0.2047397494316101,0.20500324666500092,-0.0005830201553180814,0.04707255959510803,0.05228479206562042,0.0006893879035487771,0.0043467311188578606,1.367880031466484e-09,-1.4230608691434554e-08,7.19353536737799e-08,-1.7918646122438986e-08,6.852671674550948e-08,2.862419989924092e-08,-2.3823231387609667e-08,8.599832312938815e-08,-2.1271407746326076e-08,7.66292203024932e-08
00:00:09:48.800,61,7.469206764199043e-08,2.166256329871885e-08,-3.928318648149798e-08,2.2556632117698427e-08,-5.820766091346741e-08,0.00710693234577775,0.23489169776439667,-8.229166326145787e-08,-3.9152801889486e-08,1.6801060098714515e-08,-4.2268073485729474e-08,8.324160916117762e-08,0.007192160934209824,0.2350456416606903,0.02294260449707508,-3.742586704902351e-05,0.024379029870033264,0.05109111964702606,0.0021480326540768147,0.08034399151802063,0.001469427952542901,0.004920583218336105,-0.00020141125423833728,0.1247851550579071,0.12096187472343445,7.459362677764148e-05,-0.00016310479259118438,0.022432394325733185,0.022174613550305367,0.04778657481074333,0.05056486651301384,-1.2276768757146783e-05,0.006120914127677679,0.00031463883351534605,0.0010894754668697715,-0.0010033732978627086,-0.0005173105164431036,0.1693948209285736,0.16864804923534393,0.06937521696090698,0.06756031513214111,-0.0009792661294341087,-0.0008768367697484791,0.2792857885360718,0.1962781697511673,0.1965453326702118,-0.0004979961668141186,0.044743143022060394,0.05016322061419487,0.0019801033195108175,0.005534389056265354,1.2991949738250241e-09,-2.3785979408330604e-08,1.0106712267088369e-07,-2.944842059093844e-08,8.294358622151776e-08,3.7362333671353554e-08,-2.3748725652694702e-08,1.1268071631320709e-07,-2.0302831416074696e-08,8.616596147703603e-08
00:00:09:48.816,61,9.166076608835283e-08,1.749023859076715e-08,-4.142522769257084e-08,2.978369550987736e-08,-7.288530667892701e-08,0.006608656607568264,0.2237360030412674,-1.0174699127674103e-07,-5.37559401436738e-08,9.685754420729609e-09,-4.8680231401476703e-08,9.29087420331598e-08,0.006694231182336807,0.22388607263565063,0.02025214582681656,-2.1017342078266665e-05,0.021707534790039062,0.047597240656614304,0.003048621118068695,0.08167024701833725,0.002005073707550764,0.004762476310133934,-0.00017050698806997389,0.12010491639375687,0.11745176464319229,6.818256952101365e-05,-0.00022040233307052404,0.01958460360765457,0.019370360299944878,0.044361695647239685,0.046846695244312286,0.00012303322728257626,0.005983209703117609,0.0005062046693637967,0.0014357364270836115,-0.0009769595926627517,-0.0004889866686426103,0.16537456214427948,0.16431869566440582,0.0650172010064125,0.0634244829416275,-0.0006856131367385387,-0.0005614972324110568,0.27332496643066406,0.1913686990737915,0.19162510335445404,-0.0004888536059297621,0.04434230923652649,0.050195761024951935,0.0031086145900189877,0.007065249606966972,2.060551285154588e-09,-2.2016465095475724e-08,1.0997057131589827e-07,-2.73808833384237e-08,1.0369345204708225e-07,4.364643402254842e-08,-3.568828077504804e-08,1.311115909174987e-07,-3.2056121312962205e-08,1.1514872255702358e-07
00:00:09:50.833,61,6.427988097357229e-08,1.2144446337458703e-08,-2.9094517017824728e-08,2.0889565632842277e-08,-5.127862223730517e-08,0.006764306221157312,0.21242974698543549,-7.135793822499181e-08,-3.784894886393886e-08,6.742775227053244e-09,-3.41096892952919e-08,6.513670314234332e-08,0.006856732536107302,0.21256789565086365,0.018802164122462273,-6.181970093166456e-06,0.02076054736971855,0.05076998844742775,0.003975853323936462,0.08957242965698242,0.0025799768045544624,0.0051000602543354034,-7.962268136907369e-05,0.1145460233092308,0.11152911931276321,4.806294964510016e-05,-0.00030484527815133333,0.017370987683534622,0.017109818756580353,0.04252493754029274,0.0453512966632843,0.00019085287931375206,0.00575014716014266,0.0004053788725286722,0.0014431157615035772,-0.0010447485838085413,-0.0006494804983958602,0.17727474868297577,0.17646703124046326,0.06618939340114594,0.06480318307876587,-0.0005214607808738947,-0.0004223561263643205,0.271677702665329,0.1865251511335373,0.18678408861160278,-0.0003397779946681112,0.04433952271938324,0.0498618558049202,0.003460487350821495,0.007196555845439434,1.435400909244322e-09,-1.529231674624043e-08,7.726251993744881e-08,-1.9166618514532274e-08,7.290393000403128e-08,3.0586960519940476e-08,-2.516433639243587e-08,9.190291194727251e-08,-2.246350128132235e-08,8.109957150281843e-08
00:00:09:50.849,61,4.744157067193555e-08,5.56930901396413e-09,-1.875683608432155e-08,1.6195699004128983e-08,-3.83891176625184e-08,0.00735522760078311,0.1991957426071167,-5.311332529345236e-08,-3.004446469390132e-08,6.705522803684971e-10,-2.396292941853062e-08,4.453584523389509e-08,0.0074556185863912106,0.19932091236114502,0.01803845912218094,0.00023136966046877205,0.01969653181731701,0.05997728928923607,0.0033212893176823854,0.09983406960964203,0.0027115524280816317,0.005085968878120184,-0.00011161115253344178,0.11148826777935028,0.10875825583934784,0.00014612243103329092,-0.00023316503211390227,0.016371404752135277,0.015989026054739952,0.04221721738576889,0.04416860267519951,7.977664790814742e-05,0.005865352228283882,0.000441262120148167,0.001799923018552363,-0.001018197857774794,-0.00064235576428473,0.20654582977294922,0.2060977965593338,0.06997500360012054,0.06861113756895065,-0.0005898255039937794,-0.0005867415457032621,0.27329739928245544,0.18458986282348633,0.18482689559459686,-0.00010150168236577883,0.04421994835138321,0.04940241947770119,0.002512016799300909,0.006389709655195475,1.2246892389100594e-09,-8.419156038996789e-09,5.159527205478298e-08,-1.0877847955725883e-08,5.4687262718289276e-08,2.1737069033633816e-08,-2.0880252193933302e-08,6.512738792707751e-08,-1.9520520311289147e-08,6.35534505022406e-08
00:00:09:52.866,61,2.3152679773374985e-08,6.2771139397455045e-09,-1.1567026447778517e-08,7.115304345717277e-09,-1.8067657592268915e-08,0.00826950091868639,0.195354163646698,-2.56951899757496e-08,-1.2479722144576044e-08,4.470348535789981e-09,-1.2856908426783775e-08,2.5052576901885004e-08,0.008381539955735207,0.1954752504825592,0.019772252067923546,0.00035194799420423806,0.020220525562763214,0.08332915604114532,0.002153143286705017,0.11283210664987564,0.0016461521154269576,0.005126210395246744,-0.0001386664662277326,0.11108630150556564,0.10828575491905212,0.0001506742846686393,-8.667677320772782e-05,0.016528716310858727,0.01616518758237362,0.04507436603307724,0.04678422957658768,0.000154145949636586,0.0055001163855195045,-0.0004237431276123971,0.0008780192583799362,-0.000967688683886081,-0.0006133000715635717,0.2605713903903961,0.2602057158946991,0.08254396170377731,0.08178062736988068,-0.0007130762678571045,-0.0007562637329101562,0.2840120196342468,0.1850314885377884,0.18527044355869293,0.00032611406641080976,0.04596065357327461,0.050790634006261826,0.0014629816869273782,0.005802643485367298,4.190951474747351e-10,-6.649643058409538e-09,3.043562202265093e-08,-8.419156038996789e-09,2.5890766863767567e-08,1.1376105391036617e-08,-7.63684493421124e-09,3.4244731494936786e-08,-6.780028538599936e-09,2.786517150354939e-08
00:00:09:52.883,61,3.413297378074276e-08,6.742775227053244e-09,-1.560896656371824e-08,1.0998919997007306e-08,-2.69990412249399e-08,0.010258921422064304,0.19414924085140228,-3.798864867121665e-08,-1.9781291271669943e-08,4.023313682210983e-09,-1.805834415335994e-08,3.471970444479666e-08,0.01037395279854536,0.1942824125289917,0.024825017899274826,0.00038514015614055097,0.023272741585969925,0.12602245807647705,0.0009446931071579456,0.1156781017780304,0.0003713196492753923,0.005456646904349327,-0.00013647347805090249,0.11829560250043869,0.11538240313529968,0.0001415512670064345,0.000228011907893233,0.01992109790444374,0.019496243447065353,0.05617021396756172,0.057774681597948074,-3.03924080071738e-05,0.00581616535782814,-0.00011791467841248959,2.0083636627532542e-05,-0.000633029208984226,-0.0003273598849773407,0.33294105529785156,0.33221131563186646,0.08969016373157501,0.08956707268953323,-0.00035599380498752,-0.00045178859727457166,0.2942151725292206,0.184982568025589,0.1852126121520996,0.0005057124653831124,0.045754823833703995,0.05001456290483475,0.00025455476134084165,0.0038416595198214054,7.392372824988058e-10,-8.232891701709377e-09,4.1779131265684555e-08,-1.050531839297264e-08,3.870576747999621e-08,1.6384293033411268e-08,-1.2814998839871805e-08,4.9015508096772464e-08,-1.1678785050150964e-08,4.276633092104021e-08
00:00:09:54.900,61,2.464279447167428e-08,6.239861072288022e-09,-1.2042001173995232e-08,7.729977546944156e-09,-1.9287689667635277e-08,0.011877086013555527,0.19721576571464539,-2.723187186859377e-08,-1.3634562812114837e-08,4.377215923057065e-09,-1.3401732168460967e-08,2.624467043688128e-08,0.012003753334283829,0.19737175107002258,0.03264077380299568,0.00036088351043872535,0.024333223700523376,0.16070491075515747,0.0006861271103844047,0.11209018528461456,-8.901595720089972e-05,0.0058265202678740025,-0.00013165699783712626,0.12860824167728424,0.12571139633655548,5.106806929688901e-05,0.00024731041048653424,0.024239299818873405,0.023701533675193787,0.06785646826028824,0.06838754564523697,-1.368880293739494e-05,0.0063719735480844975,0.00018094867118634284,-0.0005970951751805842,-0.0002886811562348157,2.5578738132026047e-05,0.39240485429763794,0.39154425263404846,0.09436839818954468,0.09467197209596634,-0.00035298525472171605,-0.0004323935427237302,0.29973673820495605,0.1931913048028946,0.19341997802257538,0.00044125987915322185,0.04694925248622894,0.05100313574075699,1.3178587323636748e-05,0.0029259836301207542,4.773028083882025e-10,-6.854534273514901e-09,3.233552092751779e-08,-8.75443184611413e-09,2.8088688708294285e-08,1.2253877024193116e-08,-8.326023426263873e-09,3.6461280217281455e-08,-7.32019556082264e-09,2.976506863205941e-08
00:00:09:54.916,61,5.279667547597455e-08,-9.462237215984715e-09,-9.685754420729609e-09,2.177432101291288e-08,-4.522502550230456e-08,0.012478544376790524,0.1972520649433136,-6.024725962561206e-08,-4.278495779885816e-08,-1.8551945757394606e-08,-2.1047890541581182e-08,3.34158549719632e-08,0.012596284039318562,0.1974295824766159,0.04106280207633972,0.00016933113511186093,0.025357181206345558,0.18820194900035858,0.0005576387047767639,0.10606914758682251,-7.428884418914095e-05,0.006284692790359259,-8.473834168398753e-05,0.13859573006629944,0.13457566499710083,0.00011039256787626073,0.000382759579224512,0.028744662180542946,0.028099002316594124,0.0798337459564209,0.07989844679832458,-6.922960164956748e-05,0.007021309807896614,0.0008232247782871127,-0.0008154595852829516,-0.00024671017308719456,6.385848246281967e-05,0.438436895608902,0.4369295835494995,0.0959400087594986,0.09671508520841599,-0.00043516396544873714,-0.0004980543162673712,0.31058818101882935,0.19999457895755768,0.20021182298660278,7.435995939886197e-05,0.04879556596279144,0.05240698903799057,-7.116794336070598e-07,0.0022600197698920965,2.156011813525538e-09,2.8870998924901414e-09,3.5092234895728325e-08,2.94297941572097e-09,6.539747232636728e-08,2.083135797192881e-08,-3.512948865136423e-08,6.097369009694376e-08,-3.3974647095647015e-08,8.65384919279677e-08
00:00:09:56.933,61,7.483176744926823e-08,-7.264315815547207e-10,-2.2873281935176237e-08,2.7883798381367342e-08,-6.207265101920711e-08,0.013274098746478558,0.19795066118240356,-8.43498852987068e-08,-5.297362903888825e-08,-1.0523945270790591e-08,-3.4333208276393634e-08,6.04987135943702e-08,0.013400297611951828,0.19815194606781006,0.047430139034986496,0.00011216424172744155,0.026173831894993782,0.20737332105636597,0.0008698722813278437,0.10571633279323578,-0.00010692059731809422,0.006611217744648457,5.92267133470159e-06,0.14370788633823395,0.13974735140800476,-2.9399245249805972e-05,0.0003971210098825395,0.03326975181698799,0.03246695548295975,0.09141437709331512,0.09074258804321289,-0.0002222740586148575,0.0076558575965464115,0.000938331475481391,-0.0011372428853064775,-4.779040682478808e-05,0.0002877049264498055,0.4650338888168335,0.4630483388900757,0.09522028267383575,0.09667295217514038,-0.0004916536854580045,-0.0005514657241292298,0.3223433792591095,0.2076864242553711,0.20788544416427612,-0.00011277988232905045,0.049821000546216965,0.053523823618888855,-0.0006362535059452057,0.001617293688468635,2.4342443616376386e-09,-5.88595883144194e-09,6.813556296947354e-08,-8.12113309933693e-09,8.888542879503802e-08,3.237510171061331e-08,-4.0512531995773315e-08,9.582843318867162e-08,-3.8277356395610695e-08,1.0930001792530675e-07
00:00:09:56.949,61,6.631947968571694e-08,2.592802061940347e-08,-3.976747464662367e-08,1.83936208486557e-08,-5.057081509107775e-08,0.014125637710094452,0.19773869216442108,-7.244758393198936e-08,-3.02121030415492e-08,2.3581087305046822e-08,-3.998167841245959e-08,8.10436873166509e-08,0.014270910993218422,0.1979462057352066,0.04908374324440956,6.786003359593451e-05,0.026371026411652565,0.2091975063085556,0.0006737115909345448,0.10878484696149826,-0.0002926266170106828,0.0068118274211883545,5.931256237090565e-05,0.14243540167808533,0.13967345654964447,4.0152073779609054e-05,0.0002449077437631786,0.035853248089551926,0.035071901977062225,0.09792347252368927,0.09688472002744675,-0.00011913895286852494,0.008511878550052643,0.0005789255956187844,-0.0020039400551468134,-8.029230230022222e-05,0.0002703665231820196,0.4657549262046814,0.46362200379371643,0.09514249116182327,0.09698303043842316,-0.0008028721786104143,-0.0007926857215352356,0.32917481660842896,0.20956699550151825,0.2097589522600174,-8.827839337754995e-05,0.049676116555929184,0.05386798083782196,-0.0012191187124699354,0.0013990855077281594,8.125789485724511e-10,-2.672895860200697e-08,1.004524534664597e-07,-3.295019368465546e-08,7.202848451015598e-08,3.508757728809542e-08,-1.5795230012827233e-08,1.0557472762684483e-07,-1.272186622713889e-08,6.936490848374888e-08
00:00:09:58.966,61,6.87688554990018e-08,1.816079020500183e-08,-3.4775585078250515e-08,2.102926366376323e-08,-5.3867697857867824e-08,0.016050690785050392,0.19468598067760468,-7.589347461589568e-08,-3.634020728782161e-08,1.3560057077199872e-08,-3.837049078470045e-08,7.504597476781782e-08,0.01619540899991989,0.19488728046417236,0.047811269760131836,0.00027923195739276707,0.026658091694116592,0.18919724225997925,0.0008129855850711465,0.11457634717226028,1.740098014124669e-05,0.006670345086604357,5.35031767867622e-06,0.14986632764339447,0.14731521904468536,-0.00013983011012896895,6.266951822908595e-05,0.0354633629322052,0.034545328468084335,0.0940658375620842,0.09316377341747284,-0.0003081548202317208,0.009085905738174915,0.00036454200744628906,-0.002105221850797534,-7.791321695549414e-05,0.0004279625427443534,0.4365531802177429,0.43485891819000244,0.09838144481182098,0.09952478110790253,-0.0009659797069616616,-0.0009876233525574207,0.329354465007782,0.20871971547603607,0.20891714096069336,5.165837865206413e-05,0.05290527641773224,0.05717968940734863,-0.0015351315960288048,0.0014907753793522716,1.278240180369039e-09,-2.0656734989188408e-08,9.095296604755276e-08,-2.561137080192566e-08,7.687136616141288e-08,3.4188850861482933e-08,-2.3115426017739082e-08,1.0230112934550561e-07,-2.0116567966965704e-08,8.076429480752267e-08
00:00:09:58.983,61,4.536006770194945e-08,3.9152801889486e-08,-4.276633092104021e-08,7.525086331838793e-09,-3.0873344769588584e-08,0.017051292583346367,0.18750213086605072,-4.735775149811161e-08,-7.096677911988536e-09,4.284083843231201e-08,-3.4901312062629586e-08,7.739290452946079e-08,0.017198413610458374,0.18769831955432892,0.04548128694295883,0.0002078943361993879,0.028058195486664772,0.17053332924842834,0.0010646538576111197,0.12081979960203171,0.0001253044611075893,0.0064475261606276035,1.3939207747171167e-05,0.14377517998218536,0.14192481338977814,0.00016494512965437025,0.00015205741510726511,0.03491184115409851,0.03417106717824936,0.09234002977609634,0.09308376908302307,-0.00024508952628821135,0.009589478373527527,0.0003195345343556255,-0.0025370640214532614,-0.0001923389791045338,0.0002778765629045665,0.4112493395805359,0.410817414522171,0.10264380276203156,0.1038181483745575,-0.0008148807100951672,-0.0007817822624929249,0.3238345980644226,0.1984921097755432,0.1987057477235794,9.984411008190364e-05,0.05329250171780586,0.05779297649860382,-0.001713013625703752,0.0019191757310181856,-5.157198557093068e-10,-3.553926930521811e-08,1.0076909973122383e-07,-4.315748824978982e-08,4.3697653495655686e-08,2.8965295939542557e-08,5.25265919648632e-09,8.834991405137771e-08,8.177011956433944e-09,2.495944428915209e-08
00:00:10:00.000,61,2.9793008948786337e-08,2.516433639243587e-08,-2.7744100350446388e-08,5.103647726656391e-09,-2.0517036958267454e-08,0.018979107961058617,0.18320123851299286,-3.113411395361254e-08,-5.122274160385132e-09,2.723187186859377e-08,-2.2728928072979215e-08,5.012378068158796e-08,0.01912771351635456,0.18338936567306519,0.04228821396827698,0.0004348836955614388,0.029497042298316956,0.14777591824531555,0.0009237306076101959,0.12333711981773376,0.00016659140237607062,0.006344860419631004,-9.031256922753528e-05,0.1400279402732849,0.13729842007160187,0.00017977773677557707,0.000247089279582724,0.03373301401734352,0.03282322362065315,0.09056739509105682,0.09173058718442917,8.23664668132551e-05,0.009034751914441586,0.0014777433825656772,-0.0017432080348953605,-9.571068221703172e-05,0.00038161323755048215,0.3789283037185669,0.379400372505188,0.10979663580656052,0.11013446003198624,-0.0005795580218546093,-0.0006577500607818365,0.31132569909095764,0.1915375143289566,0.19176852703094482,0.00010923721129074693,0.054836951196193695,0.05909343808889389,-0.000597987906076014,0.0028447681106626987,-3.0617230972751486e-10,-2.3022293405006167e-08,6.541609565147155e-08,-2.7734786911537412e-08,2.902932472181874e-08,1.8854626304687372e-08,3.054738018093417e-09,5.755107679306093e-08,4.824250776636063e-09,1.72108407525684e-08
00:00:10:00.016,61,2.0517036958267454e-08,4.077330117979727e-08,-3.611668830671988e-08,-1.9371508841459217e-09,-9.927898503292454e-09,0.01973159797489643,0.17525088787078857,-1.9436702913822046e-08,1.0691582730260052e-08,4.760920901958343e-08,-2.3925677439251558e-08,5.843117989456914e-08,0.01987226866185665,0.17543064057826996,0.03790445253252983,0.00044326126226224005,0.03066624328494072,0.12673233449459076,0.0005875463830307126,0.1276863068342209,0.00010248064791085199,0.006242511328309774,-0.00013956559996586293,0.1344725489616394,0.13066092133522034,0.00014762043429072946,0.00015459001588169485,0.031781621277332306,0.030958272516727448,0.08567389845848083,0.0881132110953331,0.00023728131782263517,0.00831272080540657,-2.874843858080567e-06,-0.001461470383219421,-0.00012275688641238958,0.000276580365607515,0.34216827154159546,0.3424815237522125,0.11452896147966385,0.11404649913311005,-0.0006397792603820562,-0.0007182335830293596,0.29956910014152527,0.18673793971538544,0.18698768317699432,4.9394890083931386e-05,0.05595120042562485,0.05955040082335472,5.119740762893343e-06,0.0034273904748260975,-1.3841782164902838e-09,-3.4458935260772705e-08,7.966533388525932e-08,-4.1760504387866604e-08,1.3783574281944766e-08,1.843553043556767e-08,1.9837170128766957e-08,5.744397668649981e-08,2.177432101291288e-08,-1.1995434867628774e-08
00:00:10:01.033,61,5.474313979902945e-08,1.7080456160556423e-08,-2.9560178305132467e-08,1.630745849467985e-08,-4.230066963373247e-08,0.018948616459965706,0.16722159087657928,-6.012618314343854e-08,-2.8088688708294285e-08,1.3783574281944766e-08,-3.135297532708137e-08,6.19888282926695e-08,0.01908145658671856,0.16737841069698334,0.03336774930357933,0.0004925255198031664,0.03075936809182167,0.10870756953954697,0.0005141164874657989,0.13704800605773926,-0.00017742514319252223,0.006062344182282686,-0.00030860118567943573,0.12911731004714966,0.12450329959392548,0.00025460540200583637,5.319595220498741e-05,0.02844899147748947,0.02749863639473915,0.07843752205371857,0.08085144311189651,0.00019778132264036685,0.007367196027189493,-0.0006043199682608247,-0.0007416021544486284,-0.00017530485638417304,0.00023806080571375787,0.31443703174591064,0.3147960305213928,0.11748626828193665,0.11635372042655945,-0.0009114885469898582,-0.0010025703813880682,0.2971099019050598,0.18758708238601685,0.18784099817276,-3.2674000976840034e-05,0.05645333230495453,0.059751737862825394,0.0002542030706536025,0.004013416822999716,9.057112282384594e-10,-1.816079020500183e-08,7.51763593598298e-08,-2.2556632117698427e-08,5.984679063431031e-08,2.7520581369344654e-08,-1.6260891300134972e-08,8.312053978443146e-08,-1.3969838619232178e-08,6.254762752178067e-08
00:00:10:03.050,61,4.827045074762282e-08,1.8812716717775402e-08,-2.881512095598282e-08,1.3401732168460967e-08,-3.6628918564929336e-08,0.01865249313414097,0.16193565726280212,-5.2684917761780525e-08,-2.2184103443123604e-08,1.687556583362948e-08,-2.908986118654866e-08,5.8822333670605076e-08,0.018763935193419456,0.16208457946777344,0.031027579680085182,0.000429819046985358,0.03194904327392578,0.10144775360822678,0.00032659457065165043,0.14246949553489685,-0.00013778686115983874,0.006330390460789204,-0.00036672723945230246,0.12498538941144943,0.11941248923540115,0.0001816987933125347,0.00017923593986779451,0.02587410993874073,0.02486553229391575,0.0749470442533493,0.07820457220077515,-1.858293944678735e-05,0.00643482431769371,-0.0007198600214906037,-4.808962330571376e-05,2.820797271851916e-05,0.0003985827788710594,0.3033628761768341,0.30349138379096985,0.11951027810573578,0.11772527545690536,-0.0007211130578070879,-0.0008215337875299156,0.29630401730537415,0.19151318073272705,0.1917908489704132,1.0672360986063723e-05,0.05759909749031067,0.059842854738235474,0.0012346688890829682,0.005108186509460211,5.995389185109445e-10,-1.9166618514532274e-08,7.19353536737799e-08,-2.3618341060682724e-08,5.191192187226079e-08,2.519926134425532e-08,-1.1269003508118658e-08,7.618218944571709e-08,-9.406358358887701e-09,5.1185487848215416e-08
00:00:10:03.066,61,2.769753315590151e-08,-8.940696516468449e-10,-7.925555323140543e-09,1.0486692403333109e-08,-2.3106112578830107e-08,0.016060562804341316,0.1585022509098053,-3.1255186883072383e-08,-1.9669533557475916e-08,-5.122274160385132e-09,-1.2479722144576044e-08,2.162530954308295e-08,0.016167910769581795,0.15863355994224548,0.028986839577555656,0.0004440897610038519,0.031601857393980026,0.10448009520769119,5.430907185655087e-05,0.1534731686115265,-2.4428367396467365e-05,0.006399678066372871,-0.00047354481648653746,0.11518196016550064,0.11021918058395386,-0.0002453419438097626,0.00012899964349344373,0.024039458483457565,0.02278948575258255,0.07708572596311569,0.08012385666370392,-0.0001257157273357734,0.0057687340304255486,-0.0006992133567109704,-5.816541670355946e-05,-0.00018121175526175648,0.00020535022486001253,0.31658995151519775,0.31669074296951294,0.12536388635635376,0.1237705796957016,-0.0005522918654605746,-0.0006499200826510787,0.3006150424480438,0.19779559969902039,0.19808703660964966,9.00208942766767e-06,0.05619947612285614,0.05786582827568054,0.001481531304307282,0.005899303127080202,9.161885694553007e-10,-1.7695128695649487e-09,2.4568288736759314e-08,-2.4400650389111433e-09,3.295019368465546e-08,1.1788215736885377e-08,-1.5087426419313488e-08,3.477092747061761e-08,-1.4435499906539917e-08,4.149973520384265e-08
00:00:10:05.083,61,1.6670673730345698e-08,-1.1492520712863552e-08,3.296881878611657e-09,8.773058723932081e-09,-1.5711412615360132e-08,0.014584023505449295,0.15967677533626556,-1.989305076222081e-08,-1.832842855264971e-08,-1.6521662260515768e-08,-3.6228449129538376e-09,1.471489707860485e-09,0.014683208428323269,0.15979866683483124,0.028888486325740814,0.0003633704036474228,0.031434521079063416,0.1253378987312317,-0.0002020989340962842,0.16104187071323395,0.00027993321418762207,0.0056647611781954765,-0.00045317268813960254,0.1124550849199295,0.10829856991767883,-0.0003039151488337666,6.242513336474076e-05,0.022295720875263214,0.021023977547883987,0.07878220826387405,0.08212461322546005,-0.00012523829354904592,0.005158418323844671,-0.0009558579185977578,0.0002568663621786982,-2.1777301299152896e-05,0.000325908069498837,0.34893810749053955,0.34910210967063904,0.1307692676782608,0.13045881688594818,-0.0006090724491514266,-0.0006817114190198481,0.30797839164733887,0.2104295790195465,0.21069477498531342,-2.1233820007182658e-05,0.05388069525361061,0.055938366800546646,0.0013375392882153392,0.006188492756336927,1.0989605891964516e-09,8.028000486604014e-09,-1.3597309944657354e-09,9.294598868336834e-09,2.2789462761352297e-08,4.502944683792975e-09,-1.734122712093722e-08,1.2288801087834145e-08,-1.7415732855852184e-08,3.673136106385755e-08
00:00:10:05.099,61,2.0684673529558495e-08,-1.266598714799727e-09,-5.364418242947977e-09,7.86967557786511e-09,-1.7266721386022255e-08,0.010323767550289631,0.15942375361919403,-2.341344895739894e-08,-1.5199184133507515e-08,-4.507601403247463e-09,-9.057112393406896e-09,1.5236437889143417e-08,0.010426407679915428,0.159537672996521,0.03518276661634445,0.00034760733251459897,0.02985488809645176,0.16839292645454407,0.00031376926926895976,0.1593656688928604,0.0006501388270407915,0.004819302354007959,-0.0002934873919002712,0.11884389072656631,0.11743494868278503,-0.00023157536634244025,-0.00016095637693069875,0.022261017933487892,0.021111946552991867,0.08180084824562073,0.08386962860822678,3.1429528462467715e-05,0.004474386107176542,-0.0009360313415527344,-0.00036530301440507174,-0.0001521129161119461,0.0002577309205662459,0.4037759304046631,0.4039124548435211,0.12799730896949768,0.12910479307174683,-0.0007418489549309015,-0.0007698619156144559,0.32528552412986755,0.23383040726184845,0.23406505584716797,9.181923815049231e-05,0.05449817329645157,0.0574180893599987,0.001124914619140327,0.00626978138461709,7.217749731225354e-10,-3.5390257391298974e-10,1.7452984835131247e-08,-1.1734664351337187e-09,2.514570951461792e-08,8.684582830653653e-09,-1.162290530487553e-08,2.5308690254632893e-08,-1.1362135232673154e-08,3.214925570205196e-08
00:00:10:07.116,61,7.494818277109516e-08,1.3541430199381921e-08,-3.318302432830933e-08,2.4437904144747336e-08,-5.967915228666243e-08,0.00884468574076891,0.15293920040130615,-8.331611667244943e-08,-4.436820688624721e-08,6.873160707243642e-09,-3.94647940993309e-08,7.485970598963831e-08,0.008956237696111202,0.1530468761920929,0.04471474513411522,0.0004803686460945755,0.02845529466867447,0.20698010921478271,0.000652086571790278,0.1565442979335785,0.0008364737150259316,0.004642701242119074,5.448607771540992e-05,0.12625178694725037,0.12758219242095947,-0.00026882291422225535,-0.000388588901842013,0.02477548085153103,0.02358229085803032,0.08786436170339584,0.08842157572507858,7.72249695728533e-05,0.004892366006970406,-0.000649754423648119,-0.0008606641204096377,-4.2684598156483844e-05,0.0004007406532764435,0.45574042201042175,0.4557790458202362,0.12296900153160095,0.12509332597255707,-0.0006693124887533486,-0.0007169187301769853,0.3438569903373718,0.2621166408061981,0.2623300850391388,8.358396735275164e-05,0.054298657923936844,0.05707213282585144,0.0002636331191752106,0.004947082605212927,1.726439213811659e-09,-1.6968696670005556e-08,8.845702126336619e-08,-2.179294789073083e-08,8.537433870969835e-08,3.557419248068072e-08,-2.9653310917865383e-08,1.0649208093127527e-07,-2.6840716316200997e-08,9.544194057298228e-08
00:00:10:07.133,61,7.775611976512664e-08,2.989545322407139e-08,-4.611909432128414e-08,2.1676532568903895e-08,-5.9287994957912815e-08,0.009363622404634953,0.13603352010250092,-8.49738697183966e-08,-3.634020728782161e-08,2.704560841948478e-08,-4.664063624204573e-08,9.42964106798172e-08,0.009504244662821293,0.1361175924539566,0.05460558831691742,0.0005694414721801877,0.0286865234375,0.23301401734352112,0.0007944649551063776,0.14075206220149994,0.0003485787019599229,0.004179687704890966,0.00029586366144940257,0.14463774859905243,0.14837361872196198,-1.924514799611643e-05,-0.00015144943608902395,0.02981555461883545,0.028789028525352478,0.09305961430072784,0.09189651161432266,-0.0003242635866627097,0.005863625556230545,-0.00033089995849877596,-0.001366278389468789,5.565248284256086e-05,0.0005455407663248479,0.49722662568092346,0.49718451499938965,0.12015262246131897,0.12289831042289734,-0.0006433493108488619,-0.0006424695020541549,0.37060728669166565,0.2921672761440277,0.29235565662384033,-2.7000382033293135e-05,0.05660046637058258,0.05985625088214874,0.00033371985773555934,0.004822154529392719,9.88366055665324e-10,-3.065913745103899e-08,1.1572614511123902e-07,-3.820285243705257e-08,8.427537778743499e-08,4.0763989517245136e-08,-1.892447443196943e-08,1.229997792506765e-07,-1.545995509388831e-08,8.232891701709377e-08
00:00:10:09.150,61,3.234017498243702e-08,2.1196902011411112e-08,-2.5499611311374792e-08,6.938353003249631e-09,-2.3115426017739082e-08,0.010325164534151554,0.10790933668613434,-3.465451214879067e-08,-9.797513911280475e-09,2.212822458602659e-08,-2.2514722530786457e-08,4.820525489890315e-08,0.010491717606782913,0.10797569155693054,0.06050265207886696,0.000529593089595437,0.02949027717113495,0.21832996606826782,0.0005120986606925726,0.12332431972026825,0.0005820679944008589,0.00420107739046216,0.00022158505453262478,0.17223060131072998,0.17608997225761414,-2.6886462364927866e-05,0.00011007189459633082,0.03325308486819267,0.0323798693716526,0.0901695042848587,0.08707381039857864,-0.0003326701989863068,0.006787633989006281,0.0005372703308239579,-0.0018030968494713306,-0.00026768416864797473,0.00031045987270772457,0.495370090007782,0.4958299994468689,0.12338802218437195,0.12563712894916534,-0.0006742969271726906,-0.0006564885261468589,0.39547455310821533,0.315382719039917,0.315559983253479,-0.0001180013277917169,0.06240434572100639,0.06619660556316376,0.0009555488941259682,0.00557352602481842,-1.7462298967929613e-11,-1.9669533557475916e-08,6.13741590882455e-08,-2.4382025287650322e-08,3.318302432830933e-08,1.908745694834124e-08,-1.1734664351337187e-09,5.784444567780156e-08,7.264315815547207e-10,2.579763602739149e-08
00:00:10:09.166,61,-1.4388933378128854e-09,2.257525899551638e-08,-1.5702099176451156e-08,-5.7602300707060294e-09,5.0198285528324504e-09,0.014000380411744118,0.06779888272285461,3.3341347460691395e-09,1.4584511376369846e-08,2.8051436729015222e-08,-7.350463349098391e-09,2.1848826747827843e-08,0.014183394610881805,0.06784344464540482,0.06005282327532768,0.00046715501230210066,0.02988927811384201,0.1852901428937912,0.0007497695041820407,0.10266497731208801,0.00038723231409676373,0.004039446823298931,0.00014918111264705658,0.1995932012796402,0.20171913504600525,-0.0002509629703126848,5.002498801331967e-05,0.03568675369024277,0.035306233912706375,0.0809129998087883,0.07706642150878906,-0.00021263003873173147,0.007909907959401608,0.0008066326263360679,-0.0018966958159580827,-0.0006471683154813945,-0.00010861992632271722,0.46232712268829346,0.4634452164173126,0.12175819277763367,0.12229238450527191,-0.0007135933847166598,-0.0006901025772094727,0.4048328399658203,0.3229917287826538,0.3231804668903351,-0.00012093581608496606,0.0709444209933281,0.07470908015966415,0.0022634833585470915,0.006621991284191608,-1.1618248585421043e-09,-1.767650203987614e-08,3.226101341624599e-08,-2.1550803808167984e-08,-7.00354574334483e-09,4.74159600472035e-09,1.7769634652609057e-08,1.5385449358973347e-08,1.832842855264971e-08,-2.4102627449451575e-08
00:00:10:11.183,61,-4.255212715520429e-08,3.393739334001111e-08,-1.1269003508118658e-08,-2.3725442943600683e-08,4.1164458508546886e-08,0.01851348951458931,0.026613598689436913,5.064532260234955e-08,5.06639494801675e-08,4.788860508142534e-08,7.5530257603873e-09,5.587935322792781e-11,0.018709776923060417,0.026641173288226128,0.054275255650281906,0.0003605849342420697,0.03040492534637451,0.15091143548488617,0.0009436890250071883,0.08678659796714783,0.00033362387330271304,0.004379947204142809,-1.6399379092035815e-05,0.21692150831222534,0.2170727550983429,-0.0007520753424614668,-0.0002885109279304743,0.036829859018325806,0.03681400790810585,0.0718686655163765,0.06811030954122543,-0.00010192870831815526,0.008724481798708439,0.0003487771609798074,-0.0021920548751950264,-0.0006396982353180647,-0.00013685271551366895,0.41729500889778137,0.41936951875686646,0.11948715895414352,0.11833422631025314,-0.0005352720618247986,-0.0004845038056373596,0.4051908254623413,0.321310430765152,0.32152923941612244,-3.9295555325224996e-05,0.07856642454862595,0.08211526274681091,0.003906528931111097,0.007695906329900026,-3.0628870550941656e-09,-2.3571773866137846e-08,1.1697411927968915e-08,-2.799555609556137e-08,-5.884096054842303e-08,-1.0380754034144957e-08,4.8466027635640785e-08,-2.8726644174525973e-08,4.794448571487919e-08,-9.546056389808655e-08
00:00:10:11.199,61,-2.3241154778474993e-08,3.885477894982614e-08,-2.0880252193933302e-08,-1.7709098187879135e-08,2.6049091772506472e-08,0.024429816752672195,0.010375294834375381,2.9271468804381584e-08,3.999099007501172e-08,5.13903799514992e-08,-3.1152740387341282e-09,2.0880252193933302e-08,0.024626925587654114,0.010403874330222607,0.04755905643105507,0.00028038874734193087,0.031502772122621536,0.11876476556062698,0.004358307458460331,0.07385239005088806,-0.0003141331544611603,0.0038661882281303406,-5.292428613756783e-05,0.2318347990512848,0.22857457399368286,-0.0006490880041383207,9.085536294151098e-05,0.037305817008018494,0.037510186433792114,0.06170579046010971,0.05797244980931282,-4.722475932794623e-05,0.009053163230419159,0.000492192804813385,-0.0015013335505500436,-0.0005079205147922039,-0.0001007765531539917,0.35382118821144104,0.35594528913497925,0.11100313812494278,0.10806442052125931,-0.0006894308608025312,-0.0006818765541538596,0.3999343514442444,0.316344290971756,0.3165755867958069,-0.00025750824715942144,0.08754303306341171,0.09072790294885635,0.009209061041474342,0.011452995240688324,-2.6996713753391077e-09,-2.913177077346063e-08,3.6358834165639564e-08,-3.5092234895728325e-08,-3.774650281229697e-08,-1.0186340659856796e-09,4.189088897987858e-08,-1.8626451769865326e-10,4.220753879735639e-08,-7.271766833127913e-08
00:00:10:13.216,61,-1.536682225911079e-09,1.830980167483176e-08,-1.2917444003335277e-08,-4.9266963841887446e-09,4.610046566710935e-09,0.023796334862709045,0.005438876338303089,2.719461988931471e-09,1.1697411927968915e-08,2.3003668303545055e-08,-6.016343867543128e-09,1.765787516205819e-08,0.023962948471307755,0.005473718512803316,0.040701303631067276,-1.583155244588852e-05,0.030081748962402344,0.08553708344697952,0.006995773408561945,0.06602158397436142,-0.0005692243576049805,0.004256132058799267,0.0002373672614339739,0.23588481545448303,0.22915424406528473,-0.00041148930904455483,0.00033745914697647095,0.0344313345849514,0.03493480384349823,0.04700835049152374,0.04383121430873871,0.0006652564043179154,0.008710219524800777,0.00045287146349437535,-0.00042336658225394785,-0.0005082738352939487,-0.0001009173720376566,0.2753196060657501,0.2762206196784973,0.09740103781223297,0.09341512620449066,0.00027321637026034296,0.00035526498686522245,0.38356971740722656,0.3016692101955414,0.30195581912994385,-0.0006125379004515707,0.093386709690094,0.09651849418878555,0.021725855767726898,0.02334958128631115,-9.662471933680195e-10,-1.4510005641454882e-08,2.5592743924107708e-08,-1.749023859076715e-08,-7.1525572131747595e-09,3.4179539198930797e-09,1.4994293806580572e-08,1.1925585852168297e-08,1.5236437889143417e-08,-1.9855797006584908e-08
00:00:10:13.233,61,3.1823290669308335e-08,1.497566692876262e-08,-2.08429984382974e-08,8.223578262800402e-09,-2.3534521886858784e-08,0.02342844009399414,0.0029698109719902277,-3.52226194877403e-08,-1.3653188801754368e-08,1.415610295651959e-08,-2.0237639120068707e-08,4.153698540676487e-08,0.023559747263789177,0.0030184269417077303,0.033035892993211746,-0.00019843981135636568,0.029193095862865448,0.06464720517396927,0.003350767306983471,0.07094883173704147,-0.0006306767463684082,0.004411519039422274,0.0001776050921762362,0.22762970626354218,0.21908999979496002,-0.0005893194465897977,5.5702923418721184e-05,0.030843490734696388,0.03131454810500145,0.03441731631755829,0.032721541821956635,0.00027823864365927875,0.008007111959159374,0.00016019746544770896,0.00020703226618934423,0.00012290962331462651,0.0005148598575033247,0.22530868649482727,0.2251599133014679,0.09292106330394745,0.08859684318304062,-0.0006060299347154796,-0.0004680481506511569,0.3639039695262909,0.287381649017334,0.28768864274024963,-0.0008282363414764404,0.09470533579587936,0.09743298590183258,0.03211672231554985,0.033324383199214935,2.712476909749739e-10,-1.4677643989102762e-08,5.103647637838549e-08,-1.8198043960637733e-08,3.3173709113043515e-08,1.7008279229457912e-08,-5.308538497672544e-09,5.2265821892660824e-08,-4.116445850854689e-09,3.196299047658613e-08
00:00:10:14.250,61,2.2416934086777474e-08,3.388151625927094e-08,-3.166496753692627e-08,3.632157907773603e-10,-1.2638047053314949e-08,0.024223174899816513,0.0010586404241621494,-2.284534339480615e-08,4.693865740534875e-09,3.885477894982614e-08,-2.2519380138419365e-08,5.3104013630900226e-08,0.024347584694623947,0.0010981941595673561,0.02822836861014366,-0.0001563593395985663,0.026655597612261772,0.055408891290426254,0.0031288880854845047,0.07661545276641846,-0.00015975475253071636,0.00410917354747653,0.00019366848573554307,0.215368390083313,0.2070172280073166,-0.0004992303438484669,-0.00014753818686585873,0.027544133365154266,0.027931759133934975,0.028553009033203125,0.027345571666955948,2.637386387505103e-05,0.008178718388080597,0.0005896738148294389,0.0008014928316697478,0.0002318789775017649,0.00056258006952703,0.19732357561588287,0.1964268535375595,0.08556682616472244,0.08136405795812607,-0.0004494142485782504,-0.0003013444074895233,0.34750962257385254,0.273917019367218,0.27422666549682617,-0.0008776360773481429,0.09473330527544022,0.09737153351306915,0.03663872182369232,0.037568870931863785,-9.76724590096012e-10,-2.89827593036307e-08,7.048249273111651e-08,-3.535300407975228e-08,1.6894190935090592e-08,1.7345882952213287e-08,1.3932585751774695e-08,5.461275520701747e-08,1.5534460828803276e-08,-1.043081288010228e-09
00:00:10:15.266,61,8.074566792970472e-09,9.629875563632595e-09,-9.443611226345183e-09,6.984919309616089e-10,-4.8149377818162975e-09,0.024797433987259865,0.0016394066624343395,-8.828937581029095e-09,-1.490116086078075e-10,1.0877847955725883e-08,-7.301569127093899e-09,1.6484410281236705e-08,0.02491023577749729,0.0016742873704060912,0.024256393313407898,-7.108759018592536e-05,0.025295250117778778,0.0464884489774704,0.0025116719771176577,0.09024574607610703,0.001778314122930169,0.003942470531910658,0.00015546020586043596,0.1955283135175705,0.18745063245296478,-0.00043124466901645064,-0.00020602553559001535,0.022646555677056313,0.022802727296948433,0.021250290796160698,0.020492346957325935,-0.0001699024433037266,0.007582406979054213,0.00036124259349890053,0.0014779475750401616,0.00032257699058391154,0.0005539919366128743,0.17647427320480347,0.17533527314662933,0.0876624584197998,0.08334967494010925,-0.00030474187224172056,-0.00019242287089582533,0.33090561628341675,0.25999653339385986,0.2603130638599396,-0.0008943198481574655,0.091996930539608,0.09419649094343185,0.043008603155612946,0.04399764537811279,-2.3399479576191595e-10,-8.456408906454271e-09,2.1569430685985935e-08,-1.033768093350318e-08,6.593763757223314e-09,5.48548984014019e-09,3.278255444882916e-09,1.7499552029676124e-08,3.81842246710562e-09,2.831220591303918e-09
00:00:10:16.283,61,1.9185245392350225e-08,5.0850212929276495e-09,-9.70438129854756e-09,5.988403994905411e-09,-1.4845281448572223e-08,0.024173760786652565,0.004094138275831938,-2.179294789073083e-08,-1.0617076995345087e-08,3.8743017682918435e-09,-1.0896473945365415e-08,2.1066517419399133e-08,0.02428135834634304,0.00411534309387207,0.021494710817933083,-0.00012987460650037974,0.02535594068467617,0.040361590683460236,0.002182310912758112,0.10003577172756195,0.003667249111458659,0.003462908323854208,0.00022493467258755118,0.17800182104110718,0.17145965993404388,-0.00045334012247622013,-0.00019532353326212615,0.01953803561627865,0.01986062526702881,0.017040804028511047,0.017498183995485306,-0.0005641662864945829,0.00667470833286643,0.0002770030405372381,0.002313346602022648,0.00033955200342461467,0.0005183517932891846,0.162429079413414,0.16121551394462585,0.08688002824783325,0.08309789001941681,-0.0002550649514887482,-0.00010609388118609786,0.31182509660720825,0.24442525207996368,0.24474534392356873,-0.0009185161907225847,0.0867132768034935,0.08900701254606247,0.044142574071884155,0.045821662992239,3.4458935704861915e-10,-5.755573351251542e-09,2.5033950024067053e-08,-7.115304345717277e-09,2.0656734989188408e-08,9.19681042432785e-09,-6.034970301271869e-09,2.846121738286911e-08,-5.383044676676718e-09,2.3357570100301928e-08
00:00:10:18.300,61,7.245689825907675e-09,3.073364451822158e-09,-4.4796615306097465e-09,2.0302832748342325e-09,-5.327164931401285e-09,0.024061940610408783,0.007485486101359129,-8.530914641369236e-09,-3.501772871672415e-09,2.94297941572097e-09,-4.5914201329821935e-09,9.164214276324856e-09,0.024156084284186363,0.007497986778616905,0.018821168690919876,9.222999324265402e-06,0.025206755846738815,0.036604322493076324,0.001804889994673431,0.11256896704435349,0.012540148571133614,0.0030375886708498,0.00037532520946115255,0.16145315766334534,0.1556657999753952,-0.0006007381016388535,-0.0003426045295782387,0.016029249876737595,0.016241369768977165,0.014735392294824123,0.016225572675466537,-0.0005894050118513405,0.005900880321860313,5.864873673999682e-05,0.003981480374932289,0.0007528702262789011,0.0008909280877560377,0.15619279444217682,0.15523329377174377,0.09005529433488846,0.08688981831073761,-8.042097033467144e-05,3.0636786618742917e-07,0.29265400767326355,0.22708159685134888,0.22738990187644958,-0.0006493871915154159,0.08024425804615021,0.08254699409008026,0.046217646449804306,0.04841108247637749,7.101334797976477e-11,-3.0919908855508993e-09,1.1399388100130636e-08,-3.6880374310044317e-09,7.208436514360983e-09,3.5739504689047408e-09,-1.415610295651959e-09,1.1576339886687492e-08,-9.313225746154785e-10,7.972121629507e-09
00:00:10:18.316,61,3.147870231146044e-08,5.271285630215061e-09,-1.3615935934296886e-08,1.0384246351691218e-08,-2.4950132626599952e-08,0.02425195276737213,0.011332604102790356,-3.553926930521811e-08,-1.911073965743526e-08,2.38418573772492e-09,-1.666601789906963e-08,3.147870231146044e-08,0.024342559278011322,0.011344071477651596,0.017771536484360695,2.624973603815306e-05,0.025203552097082138,0.03574448078870773,0.0016989174764603376,0.12104551494121552,0.01870804838836193,0.002714329631999135,0.00038988966844044626,0.15019848942756653,0.14533835649490356,-0.0006290698074735701,-0.0002739915216807276,0.014002474956214428,0.01426512561738491,0.014216010458767414,0.01643121987581253,-0.0007375672576017678,0.005280518438667059,3.4318863981752656e-06,0.005176444537937641,0.0010576838394626975,0.001186917768791318,0.15658198297023773,0.15554338693618774,0.09335598349571228,0.09057216346263885,2.9512048058677465e-05,9.407162724528462e-05,0.2774672210216522,0.21633446216583252,0.21663565933704376,-0.0005652285763062537,0.07597827911376953,0.07825492322444916,0.048323020339012146,0.05107134208083153,7.322523698505279e-10,-6.891787140972383e-09,3.6545099391105396e-08,-8.698552989017116e-09,3.485008903680864e-08,1.4479737409089921e-08,-1.2591481635126911e-08,4.423782229423523e-08,-1.1362135232673154e-08,4.086643556888703e-08
00:00:10:20.333,61,2.7036294980575803e-08,1.6205012887127168e-09,-9.713694737456535e-09,9.611248685814644e-09,-2.1848826747827843e-08,0.02529519982635975,0.006276941392570734,-3.086402955432277e-08,-1.8421561165382627e-08,-1.3038515822572094e-09,-1.3401732168460967e-08,2.404674859235456e-08,0.02536752261221409,0.006275062449276447,0.016891516745090485,7.934868335723877e-06,0.026126017794013023,0.03665421903133392,0.001361472881399095,0.1274879425764084,0.020868077874183655,0.0026814567390829325,0.00047091778833419085,0.14830023050308228,0.1425735354423523,-0.0005245685460977256,-0.00026383818476460874,0.012078817002475262,0.012269032187759876,0.012105136178433895,0.014591556042432785,-0.0008375349570997059,0.004805971402674913,1.1314302355458494e-05,0.006076605524867773,0.001305313897319138,0.00142169208265841,0.15831516683101654,0.15726149082183838,0.09918656200170517,0.09628865867853165,0.00010917514737229794,0.00015120833995752037,0.2641366124153137,0.20571230351924896,0.20601478219032288,-0.0004957562778145075,0.07568120211362839,0.07752607762813568,0.05170607566833496,0.05463005229830742,7.764902054674394e-10,-3.632158129818208e-09,2.7120114154399744e-08,-4.824250776636063e-09,3.054737973684496e-08,1.1723022552700968e-08,-1.2982636299341266e-08,3.583729224487797e-08,-1.2032687735086256e-08,3.840774454033635e-08
00:00:10:20.349,61,1.649372194378884e-08,-7.506460342199262e-09,2.887100003512444e-10,7.823109271498652e-09,-1.4770775713657258e-08,0.026355218142271042,0.001416341052390635,-2.0004808476414837e-08,-1.6465783403418754e-08,-1.1660159060511432e-08,-5.187466900480331e-09,6.05359673500061e-09,0.026438049972057343,0.0014148079790174961,0.016577228903770447,5.577087358688004e-05,0.026194129139184952,0.03883788362145424,0.0010132768657058477,0.12770362198352814,0.015922749415040016,0.0025874273851513863,0.00029618802363984287,0.1488984078168869,0.14259803295135498,-0.0007156998035497963,-0.0003951734397560358,0.011856138706207275,0.012002267874777317,0.011529568582773209,0.01404182706028223,-0.0006497275899164379,0.004373730625957251,2.1960437152301893e-05,0.005608816631138325,0.0014645463088527322,0.0015700814547017217,0.16528257727622986,0.1647440791130066,0.10088154673576355,0.09759658575057983,-7.445961091434583e-05,-7.04389822203666e-05,0.25847122073173523,0.19983980059623718,0.20012561976909637,-0.0002839280932676047,0.07410594820976257,0.07575254142284393,0.049011822789907455,0.05125124007463455,8.952338315104669e-10,4.507601403247463e-09,3.855675334563102e-09,5.1967798953000965e-09,2.071261384628542e-08,5.080364573473162e-09,-1.4230608691434554e-08,1.5161932154228452e-08,-1.4025718364507611e-08,3.248453239734772e-08
00:00:10:22.366,61,7.823109382520954e-10,-1.3355165862094509e-08,9.424984348527232e-09,3.4179539198930797e-09,-2.8684734587614003e-09,0.027645470574498177,-4.961490503774257e-06,-2.7474016395245826e-09,-8.959323061219493e-09,-1.6428529647782852e-08,4.158355437766659e-09,-1.2796371962053854e-08,0.02774948999285698,-1.6149282600963488e-05,0.01570718362927437,0.00037341329152695835,0.025069765746593475,0.048218611627817154,0.001021488569676876,0.13116711378097534,0.010305759496986866,0.0024603658821433783,0.00028326877509243786,0.15096063911914825,0.14535868167877197,-0.0005128317861817777,-0.00013514608144760132,0.011060225777328014,0.011130300350487232,0.01145534310489893,0.013802248984575272,-0.00029062331304885447,0.0038265951443463564,-0.00020601987489499152,0.0046540722250938416,0.0017630356596782804,0.0018102863105013967,0.19142891466617584,0.19209398329257965,0.10493839532136917,0.10177166014909744,-0.00016407310613431036,-0.0002451875770930201,0.2533964216709137,0.1954636126756668,0.19571633636951447,0.00016080879140645266,0.07142728567123413,0.07310881465673447,0.041619252413511276,0.04372702166438103,6.787013173692458e-10,1.0617076995345087e-08,-1.912936653525321e-08,1.2610107624766442e-08,4.041940115939724e-09,-2.96393398713235e-09,-1.0132789718397817e-08,-9.415670909618257e-09,-1.098960655809833e-08,1.5832483768463135e-08
00:00:10:22.383,61,5.183741436098899e-08,-5.550682580235389e-09,-1.2293457807288632e-08,2.0414590906625563e-08,-4.381872642511553e-08,0.02824467606842518,0.0001167535810964182,-5.9502198723748734e-08,-3.976747464662367e-08,-1.3634562812114837e-08,-2.2267922616947544e-08,3.695488004495928e-08,0.028359470888972282,0.00010208368621533737,0.016690457239747047,0.0005066918092779815,0.025733480229973793,0.08915463089942932,0.00015205056115519255,0.14549744129180908,0.003707512514665723,0.0026076773647218943,0.00011642195022432134,0.1504797488451004,0.14648151397705078,-0.0004704171442426741,-0.0001865387021098286,0.010601162910461426,0.010637011379003525,0.012572091072797775,0.014273148961365223,0.0003228557179681957,0.004419491160660982,-0.0006538796587847173,0.0028935938607901335,0.0018622777424752712,0.0019241460831835866,0.26413533091545105,0.2666633129119873,0.12099425494670868,0.1185714527964592,-0.000489652156829834,-0.0005836343625560403,0.25308191776275635,0.19115152955055237,0.19138886034488678,0.000570380303543061,0.06874188035726547,0.06998725980520248,0.031778622418642044,0.03398445248603821,1.932494386736039e-09,7.450580430390374e-11,3.885477894982614e-08,-6.332993573998635e-10,6.20633358039413e-08,2.084998484974676e-08,-3.146007543364249e-08,6.214715853047892e-08,-3.019347616373125e-08,8.124857941993469e-08
00:00:10:24.400,61,4.022382071866559e-08,1.6763806343078613e-08,-2.4717301982946083e-08,1.097097968028038e-08,-3.054737973684496e-08,0.028340762481093407,0.0005974412197247148,-4.429370292768908e-08,-1.816079020500183e-08,1.5087426419313488e-08,-2.4521723318571276e-08,4.965811939428022e-08,0.0284722987562418,0.000566163333132863,0.02430371567606926,0.000629541405942291,0.028295740485191345,0.15647825598716736,0.00042838722583837807,0.15740472078323364,0.002134085865691304,0.0022504329681396484,0.00011572278890525922,0.14882047474384308,0.14741164445877075,-1.640617847442627e-05,-5.72955614188686e-05,0.01235737930983305,0.012228038161993027,0.024456800892949104,0.025825805962085724,-1.4209746950655244e-05,0.004214702174067497,-0.00022638560039922595,0.0016366413328796625,0.0019440362229943275,0.001984967850148678,0.3596237897872925,0.3634006083011627,0.13219013810157776,0.1309991478919983,-0.00037252545007504523,-0.0004705738974735141,0.2531571686267853,0.19207057356834412,0.19227315485477448,0.0007180672837421298,0.06670333445072174,0.06795641779899597,0.02523484081029892,0.027680201455950737,4.447065216073298e-10,-1.6838312077993578e-08,6.170943578354127e-08,-2.071261384628542e-08,4.300847677995989e-08,2.123182696323056e-08,-8.810311591389564e-09,6.44288959961159e-08,-6.984919309616089e-09,4.142522769257084e-08
00:00:10:24.416,61,7.079913899588064e-08,1.575797803354817e-08,-3.3760443329811096e-08,2.2472812943874487e-08,-5.607493136494668e-08,0.02803218550980091,0.00039806842687539756,-7.882714214701991e-08,-4.0158628422659604e-08,1.0225921442952313e-08,-3.847293683634234e-08,7.43009138659545e-08,0.028174951672554016,0.0003572702407836914,0.038776542991399765,0.000520904955919832,0.030050640925765038,0.20949804782867432,0.0010778415016829967,0.15242695808410645,0.0009133672574535012,0.0018772357143461704,0.0003321175172459334,0.15247990190982819,0.15320122241973877,-0.00020767927344422787,-0.00024187445524148643,0.01729288138449192,0.017108911648392677,0.04518990218639374,0.04555158317089081,-3.42571729561314e-05,0.004701562691479921,-0.0002442079712636769,0.00015174508735071868,0.0016636364161968231,0.0017034464981406927,0.43417444825172424,0.43801894783973694,0.13568028807640076,0.13621821999549866,-0.0006470467196777463,-0.0006922751199454069,0.2551881670951843,0.1946035772562027,0.19476638734340668,0.00032269826624542475,0.06733343005180359,0.06905391067266464,0.018964054062962532,0.021862631663680077,1.483131173429797e-09,-1.879408983995745e-08,8.882954460887049e-08,-2.3599714182864773e-08,7.959082637398751e-08,3.4351831601497906e-08,-2.5555491944828646e-08,1.0327901378559545e-07,-2.278014932244332e-08,8.64639844166959e-08
00:00:10:26.433,61,7.592141315626577e-08,1.4118850089062107e-08,-3.4272670035306874e-08,2.4707988544037107e-08,-6.05359673500061e-08,0.026967361569404602,0.0005784010863862932,-8.452683886162049e-08,-4.446134127533696e-08,7.80448328185912e-09,-4.027504374448654e-08,7.672235113886927e-08,0.027120327576994896,0.0005557751865126193,0.05314307287335396,0.00044704932952299714,0.03235271945595741,0.2541636526584625,0.0012218308402225375,0.14971108734607697,0.0008404063992202282,0.0017457562498748302,0.0003785058797802776,0.15047363936901093,0.15349161624908447,-0.00027687192778103054,-0.000286505208350718,0.02407141774892807,0.023693766444921494,0.06922215223312378,0.06930527091026306,-0.00017979860422201455,0.00510936276987195,-0.00025512813590466976,-0.0008061030530370772,0.0015157387824729085,0.0016458823811262846,0.48428359627723694,0.4883313775062561,0.13804946839809418,0.1403396725654602,-0.0008156794356182218,-0.000811447505839169,0.25741422176361084,0.20097725093364716,0.20112067461013794,6.670862785540521e-05,0.06698434054851532,0.06899560242891312,0.0140531025826931,0.017598606646060944,1.728767573538903e-09,-1.8030405612989853e-08,9.097158937265704e-08,-2.278014932244332e-08,8.612871482682749e-08,3.6198180453084206e-08,-2.9690562897144446e-08,1.0860618004926437e-07,-2.706423352094589e-08,9.544194057298228e-08
00:00:10:26.449,61,8.536968465477912e-08,1.30385160446167e-08,-3.6275014991815624e-08,2.855900760323493e-08,-6.860122425678128e-08,0.025201039388775826,0.0008064889698289335,-9.521841803916686e-08,-5.1930545197365063e-08,4.917383389368979e-09,-4.4223853024050186e-08,8.320435540554172e-08,0.02535250224173069,0.0008018040680326521,0.06476842612028122,0.00035222034784965217,0.034470733255147934,0.2873179316520691,0.0009415537351742387,0.14359253644943237,0.0007786333444528282,0.001899896888062358,0.00035261339507997036,0.14826568961143494,0.15259884297847748,-4.969835208612494e-05,-9.681105439085513e-05,0.030780129134655,0.030168164521455765,0.0887923464179039,0.0881171002984047,-0.00014772653230465949,0.005947615951299667,-0.00043422161252237856,-0.0014212045352905989,0.0014769333647564054,0.001713109202682972,0.5179277062416077,0.5219353437423706,0.13869088888168335,0.14197728037834167,-0.0008286029333248734,-0.0007805013447068632,0.2620798349380493,0.20736168324947357,0.20749126374721527,-0.0001314402325078845,0.06614116579294205,0.06789078563451767,0.009139089845120907,0.013071637600660324,2.0780135390197074e-09,-1.7862767265341972e-08,9.788200117100132e-08,-2.2556632117698427e-08,9.765848574261327e-08,4.001543985054923e-08,-3.5911799756149776e-08,1.1988915105121123e-07,-3.2708047825735775e-08,1.1038034841703848e-07
00:00:10:28.466,61,9.108335063956474e-08,1.4826655458932692e-08,-3.978610152444162e-08,3.0156225960809024e-08,-7.292256043456291e-08,0.024376099929213524,0.0014186715707182884,-1.01327898960335e-07,-5.457550145138157e-08,6.742775227053244e-09,-4.7646462775219334e-08,9.018927471515781e-08,0.024540744721889496,0.001433897647075355,0.07043299078941345,0.000364606617949903,0.03516343981027603,0.300435334444046,0.0006911219679750502,0.13133090734481812,0.0007411825936287642,0.002195777604356408,0.0002431445027468726,0.15381936728954315,0.1582326591014862,4.548907236312516e-05,-5.844116094522178e-05,0.036757126450538635,0.03606574237346649,0.10068897157907486,0.09918683767318726,-0.00016501068603247404,0.006862484849989414,-0.00023754060384817421,-0.0017452755710110068,0.0014630395453423262,0.0017483211122453213,0.5339235663414001,0.5376545190811157,0.13264472782611847,0.1361411064863205,-0.0007744812755845487,-0.0007084768731147051,0.2615318298339844,0.2103462666273117,0.21047508716583252,-0.00019955508469138294,0.06471994519233704,0.06634790450334549,0.005657758563756943,0.009331613779067993,2.154847633661916e-09,-2.019107370188067e-08,1.0652467352656458e-07,-2.5425105576459828e-08,1.0375865144851559e-07,4.300149214486737e-08,-3.740191445444907e-08,1.2889039169294847e-07,-3.3788381870181183e-08,1.1647119890767499e-07
00:00:10:28.483,61,7.941387281107382e-08,1.7788261530427008e-08,-3.799796033376879e-08,2.5089830657520906e-08,-6.278045816543454e-08,0.02362990379333496,0.0013951367000117898,-8.797272954552682e-08,-4.466622982590707e-08,1.1920929132713809e-08,-4.320405366797786e-08,8.353963210083748e-08,0.02379622496664524,0.001423907931894064,0.07486576586961746,0.00035157130332663655,0.03449270874261856,0.26973119378089905,0.0003705939743667841,0.1178441047668457,0.00048456431250087917,0.0023275718558579683,0.0003650665166787803,0.15995673835277557,0.16378948092460632,-5.1572322263382375e-05,-0.00010458588803885505,0.04086606204509735,0.040404487401247025,0.10800328850746155,0.10598001629114151,-0.00016957760090008378,0.0073546720668673515,-0.0002735346497502178,-0.0017262273468077183,0.0012618772452697158,0.0015911012887954712,0.5167178511619568,0.5203712582588196,0.12701748311519623,0.12993519008159637,-0.0007629883475601673,-0.0007034093141555786,0.25491684675216675,0.20671893656253815,0.20686198770999908,-0.000407722603995353,0.06219423934817314,0.06384766846895218,0.004333557561039925,0.00768774189054966,1.6414560821687019e-09,-2.1420419216156006e-08,1.0015443052679984e-07,-2.674758370346808e-08,8.928589778633977e-08,3.861961772599898e-08,-2.8908253568715736e-08,1.1601950689055229e-07,-2.5574117046289757e-08,9.64850173090781e-08
00:00:10:29.500,61,6.937421659358733e-08,2.417713318436654e-08,-3.919936730767404e-08,1.997686993604475e-08,-5.339272490800795e-08,0.02361159585416317,0.001574006979353726,-7.610768193444528e-08,-3.391876646219316e-08,2.071261384628542e-08,-4.069879722123915e-08,8.137896401194666e-08,0.023790393024683,0.0016096991021186113,0.06463971734046936,0.0004632718919310719,0.0337614044547081,0.21093572676181793,0.0002666583750396967,0.10246507823467255,0.0005783927626907825,0.0023143268190324306,0.00020211674564052373,0.17252250015735626,0.17479948699474335,-0.0004159986856393516,-7.185697904787958e-05,0.04332658648490906,0.04326718673110008,0.09252576529979706,0.09022689610719681,-7.084786921041086e-05,0.008284213952720165,-0.00029088318115100265,-0.0017435027984902263,0.0012793573550879955,0.0016351040685549378,0.4374954104423523,0.44165515899658203,0.11722812801599503,0.11879986524581909,-0.0006030315416865051,-0.0005844384431838989,0.2457159459590912,0.19645528495311737,0.19661174714565277,-0.00021091621601954103,0.0599353089928627,0.0621211901307106,0.0031735245138406754,0.006034666672348976,1.010485028984931e-09,-2.5369226719362814e-08,9.96887692394921e-08,-3.147870231146044e-08,7.561408210676746e-08,3.565568462704505e-08,-1.8905847554151478e-08,1.0771677239063138e-07,-1.59069895033781e-08,7.599592066753758e-08
00:00:10:30.516,61,6.354414239240214e-08,2.7306377603508736e-08,-3.9776786309175804e-08,1.7061829282738472e-08,-4.8000366348333046e-08,0.02408723160624504,0.0017471301835030317,-6.946734742996341e-08,-2.7883798381367342e-08,2.5574117046289757e-08,-3.928318648149798e-08,8.005648766129525e-08,0.02426403947174549,0.0017743110656738281,0.04684041813015938,0.00045928798499517143,0.03338310867547989,0.1462261974811554,0.00032955288770608604,0.08001277595758438,0.0008758139447309077,0.002573524136096239,-7.337059651035815e-05,0.18337687849998474,0.18202903866767883,-0.0005793952732346952,6.230592407518998e-05,0.04272140562534332,0.04298993945121765,0.07064967602491379,0.06934362649917603,6.137490345281549e-06,0.009310646913945675,-0.00010276287503074855,-0.0013021646300330758,0.0014607859775424004,0.0017490473110228777,0.3328275680541992,0.33700892329216003,0.09586957097053528,0.09530916064977646,-0.000542445806786418,-0.0005461853579618037,0.23798970878124237,0.18104295432567596,0.18122467398643494,-0.00012801095726899803,0.058345869183540344,0.060394369065761566,0.001951803220435977,0.003614103887230158,6.658956164251606e-10,-2.7436762195520714e-08,9.875744666487662e-08,-3.3788381870181183e-08,6.7595394170894e-08,3.371620493908267e-08,-1.3317912994637027e-08,1.0251067550370863e-07,-1.0486692403333109e-08,6.444751932122017e-08
00:00:10:31.533,61,5.0868838030737606e-08,9.723007288187091e-09,-2.3068860599551044e-08,1.645646996450978e-08,-4.0410085944131424e-08,0.022335587069392204,0.001675122999586165,-5.6969000183926255e-08,-2.9876829898967117e-08,5.513429712777906e-09,-2.7250498746411722e-08,5.174428352461291e-08,0.02248157188296318,0.0017011857125908136,0.03272993490099907,0.00015433218504767865,0.02936583012342453,0.08512840420007706,0.00396833848208189,0.05013721436262131,-0.00019986153347417712,0.002484322991222143,-0.00014111638301983476,0.18636955320835114,0.18113422393798828,-0.0005995655083097517,-4.724621612695046e-05,0.03741159290075302,0.03800264745950699,0.0527118444442749,0.05305035412311554,-3.85522844226216e-06,0.009054302237927914,0.0002357546181883663,-0.0009019105928018689,0.0012210332788527012,0.001402516383677721,0.20491918921470642,0.20778129994869232,0.06266812235116959,0.060317058116197586,-0.0005259508034214377,-0.0004333186079747975,0.23020324110984802,0.16541774570941925,0.16563941538333893,-0.0002134665846824646,0.057370129972696304,0.05945062264800072,0.0028173828031867743,0.0032153823412954807,1.1222437423796805e-09,-1.2163073215276654e-08,6.079673653403006e-08,-1.5348195603337444e-08,5.666166558171426e-08,2.3967587026163528e-08,-1.9632279801840014e-08,7.249414579746372e-08,-1.7695128917694092e-08,6.467104185503558e-08
00:00:10:33.550,61,5.0850211152919655e-08,6.351620118749679e-09,-2.067536186700636e-08,1.7303973365301317e-08,-4.0978193283081055e-08,0.02061576396226883,0.0024051761720329523,-5.71645806246579e-08,-3.1925736720950226e-08,1.1548400014049776e-09,-2.6109628237236393e-08,4.8447400757822834e-08,0.020739948377013206,0.002457168186083436,0.026121383532881737,-3.906876008841209e-05,0.023774659261107445,0.05597424507141113,0.010590949095785618,0.02722836658358574,-0.0004480218922253698,0.0025155716575682163,-0.00023696165590081364,0.1834891438484192,0.1755545437335968,-0.0002639937447384,1.0445118277857546e-05,0.03375193849205971,0.034474749118089676,0.045740753412246704,0.04641900211572647,0.0009097993606701493,0.008975038304924965,0.00033801564131863415,-0.0008395934128202498,0.0012146950466558337,0.0013137165224179626,0.1433059722185135,0.14494578540325165,0.04272544011473656,0.03961040824651718,-0.00042897940147668123,-0.00028104186640121043,0.22117778658866882,0.15163224935531616,0.15187384188175201,-0.00024852625210769475,0.055698636919260025,0.05779461935162544,0.0029418030753731728,0.0024000718258321285,1.2945383653928388e-09,-9.462237215984715e-09,5.5637212170722705e-08,-1.2069940602543738e-08,5.744397668649981e-08,2.3145695138282463e-08,-2.2184103443123604e-08,6.992370060743269e-08,-2.0097941089147753e-08,6.83590783978616e-08
00:00:10:33.566,61,4.468485670372502e-08,1.1958182000171291e-08,-2.2836029955897175e-08,1.3653188801754368e-08,-3.483146571170437e-08,0.01779564842581749,0.004465069621801376,-4.952773480226824e-08,-2.4139881205087477e-08,9.350478613612268e-09,-2.5178305662620915e-08,4.9099327270596405e-08,0.01790195144712925,0.004532798659056425,0.02133910171687603,-0.00015345275460276753,0.0194785688072443,0.04193267226219177,0.013643050566315651,0.01662631146609783,0.0004589164163917303,0.002679097466170788,-0.00019673057249747217,0.1755080223083496,0.1674695760011673,-0.0002634832344483584,-4.246503158356063e-05,0.03070271573960781,0.03161785006523132,0.04032803699374199,0.04078476130962372,0.0012603900395333767,0.008642153814435005,0.0005051173502579331,-0.0006114386487752199,0.0009581623016856611,0.0010121299419552088,0.11386330425739288,0.1146479994058609,0.031011132523417473,0.028032053261995316,-0.000323150452459231,-0.0001649066834943369,0.21458706259727478,0.14375317096710205,0.14400406181812286,-0.00019942264771088958,0.05274386331439018,0.05495205894112587,0.002542042639106512,0.0018833876820281148,8.172355570046363e-10,-1.3392418729551991e-08,5.8636068445139244e-08,-1.6819685200175627e-08,4.887580828949467e-08,2.181623059982485e-08,-1.4454126784357868e-08,6.639398719698875e-08,-1.2610107624766442e-08,5.297362903888825e-08
00:00:10:35.583,61,3.10875485354245e-08,1.0542571260430122e-08,-1.765787516205819e-08,8.950009622310517e-09,-2.3832544826518642e-08,0.01632731780409813,0.013785420916974545,-3.443099672040262e-08,-1.5404076236791298e-08,9.275972878697303e-09,-1.837499397083775e-08,3.656372271620967e-08,0.01642255112528801,0.013875206932425499,0.018728863447904587,-0.00016760289145167917,0.016462480649352074,0.034067004919052124,0.015561803244054317,0.013723883777856827,0.000717136834282428,0.0026856863405555487,-0.0001931690057972446,0.16475628316402435,0.15645906329154968,-0.0002501845301594585,-0.0001636111701373011,0.02846706472337246,0.02940152958035469,0.03972713649272919,0.04062670096755028,0.0020668846555054188,0.008625954389572144,0.0006335260113701224,-0.0005879745585843921,0.0009620424825698137,0.0010157660581171513,0.09752646088600159,0.09795074164867401,0.023471524938941002,0.02047410048544407,-0.00047106563579291105,-0.00032906950218603015,0.21388015151023865,0.14186789095401764,0.14211755990982056,-0.0002557994448579848,0.050528429448604584,0.05286836624145508,0.0023004463873803616,0.0014907186850905418,4.481989779314688e-10,-1.1082738282652826e-08,4.410743770222325e-08,-1.4062971231965093e-08,3.324821662431532e-08,1.567415885972423e-08,-8.344650304081824e-09,4.790723195924329e-08,-6.891787140972383e-09,3.486871591462659e-08
00:00:10:35.599,61,2.2267922616947544e-08,1.3355165862094509e-08,-1.6903504373999567e-08,5.057081420289933e-09,-1.5981495238293064e-08,0.014565839432179928,0.03151698410511017,-2.417713318436654e-08,-7.692724679486673e-09,1.415610295651959e-08,-1.5283003307331455e-08,3.220513633550581e-08,0.014660341665148735,0.03162108734250069,0.016717510297894478,-0.00011792376608354971,0.014343790709972382,0.03173166885972023,0.017391128465533257,0.018296070396900177,0.0007233709329739213,0.0031771010253578424,-0.00026419860660098493,0.14835825562477112,0.141017347574234,-0.00013868004316464067,-0.0002487522433511913,0.026256294921040535,0.027065591886639595,0.04155020788311958,0.04252791032195091,0.002848349278792739,0.008611246012151241,0.0007797279977239668,-0.0006012423546053469,0.000932453025598079,0.0010240944102406502,0.0916922315955162,0.09206457436084747,0.01942899264395237,0.016875185072422028,-0.0006017863634042442,-0.0004882937646470964,0.21903806924819946,0.14288407564163208,0.14313383400440216,-0.00026417107437737286,0.04765357822179794,0.050270386040210724,0.0016921748174354434,0.0008693206473253667,2.3283064712331658e-11,-1.2610107624766442e-08,4.027038968956731e-08,-1.5627593441536192e-08,2.2184103443123604e-08,1.2563541318399984e-08,-1.3411045607369942e-09,3.8659198509094495e-08,-2.793967834868738e-10,1.9185245392350225e-08
00:00:10:37.616,61,2.0964071367757242e-08,7.450580596923828e-09,-1.2163073215276654e-08,5.923211698899422e-09,-1.5953554921566138e-08,0.013427282683551311,0.05232080817222595,-2.3264437487569012e-08,-1.002103111602537e-08,6.780028538599936e-09,-1.2516975012033527e-08,2.5089830657520906e-08,0.013518941588699818,0.052429333329200745,0.014766423963010311,9.363964636577293e-06,0.013801953755319118,0.03169870376586914,0.016441410407423973,0.029679087921977043,0.0006143665523268282,0.003142578061670065,-0.00023661673185415566,0.1314757913351059,0.1253335326910019,-0.0002541261783335358,-0.00030765056726522744,0.024335144087672234,0.024992940947413445,0.04435490444302559,0.04609611630439758,0.002592246513813734,0.008060043677687645,0.00084657222032547,-0.00041873575537465513,0.0011063297279179096,0.0012708331923931837,0.09564655274152756,0.09651817381381989,0.01749364100396633,0.015307490713894367,-0.00044727444765158,-0.0003601103962864727,0.22367602586746216,0.14531995356082916,0.14557360112667084,-0.00031060961191542447,0.046807609498500824,0.04976515844464302,0.0009456643601879478,0.0006408512708730996,2.840533919190591e-10,-7.692724679486673e-09,3.0025841368797046e-08,-9.797513911280475e-09,2.229586293367447e-08,1.0537914540975635e-08,-5.383044676676718e-09,3.218650945768786e-08,-4.470348535789981e-09,2.324581060975106e-08
00:00:10:37.633,61,3.4961850303716346e-08,4.228204453227136e-09,-1.415610295651959e-08,1.1930242571622784e-08,-2.820044819884515e-08,0.013348141685128212,0.06919018179178238,-3.932044023713388e-08,-2.2072345728929577e-08,5.9604643443123e-10,-1.7881394143159923e-08,3.3341347460691395e-08,0.013445060700178146,0.06928751617670059,0.01397116668522358,0.00018107112555298954,0.01394808292388916,0.04225381836295128,0.01498740166425705,0.05487893894314766,0.0009448629571124911,0.0033277112524956465,-0.00024929194478318095,0.1086333841085434,0.1050030067563057,-0.00026847870321944356,-0.00015607624663971364,0.02301563322544098,0.02346930094063282,0.049198444932699203,0.051237188279628754,0.001575836562551558,0.008017770946025848,0.0007556815398856997,-6.86065832269378e-05,0.0014856576453894377,0.0016892659477889538,0.12375345826148987,0.12502028048038483,0.02105548419058323,0.01949313096702099,-0.00044638931285589933,-0.00040676534990780056,0.2289707362651825,0.1486985832452774,0.14894582331180573,-9.447160846320912e-05,0.044795941561460495,0.047602444887161255,0.0002858099469449371,0.0003723699483089149,9.068753525909301e-10,-6.37024655247842e-09,3.809109472285854e-08,-8.232891701709377e-09,3.974884776880572e-08,1.5900004868285578e-08,-1.5050172663677586e-08,4.7935174052327056e-08,-1.3951211741414227e-08,4.7013163140263714e-08
00:00:10:39.650,61,4.7599897357031296e-08,7.022172177073571e-09,-2.0004808476414837e-08,1.5897676064469124e-08,-3.822147931487052e-08,0.013367613777518272,0.08684646338224411,-5.3234398222912205e-08,-2.929940734475167e-08,2.6449560319719012e-09,-2.459622905348624e-08,4.615634807692004e-08,0.013462318107485771,0.08694703131914139,0.014278854243457317,0.00020622633746825159,0.01549250166863203,0.06486646085977554,0.010022392496466637,0.08856649696826935,0.0012374835787340999,0.0038148241583257914,-0.0002876855432987213,0.08240482211112976,0.08022870123386383,-0.00016185626736842096,0.00024274096358567476,0.021503200754523277,0.021642155945301056,0.057113394141197205,0.05997698754072189,0.0006807238096371293,0.007726033218204975,0.00035322055919095874,-6.530434006890573e-07,0.0014149057678878307,0.0015952521935105324,0.16407115757465363,0.16507035493850708,0.031246185302734375,0.030204277485609055,-0.00032532692421227694,-0.0002866339636966586,0.23551690578460693,0.1517181545495987,0.15196937322616577,-1.1384860044927336e-05,0.04179784655570984,0.04418352246284485,-7.15716159902513e-05,0.000384926563128829,1.1606607897007848e-09,-9.70438129854756e-09,5.3867697857867824e-08,-1.2367963542203597e-08,5.4035336205515705e-08,2.2023449730568245e-08,-2.006068910986869e-08,6.631016447045113e-08,-1.8235295939916796e-08,6.277114295016872e-08
00:00:10:39.666,61,3.417022398366498e-08,1.0468065525515158e-08,-1.8347055430467663e-08,1.0179356024764274e-08,-2.6505439620905236e-08,0.012699351646006107,0.10545621067285538,-3.773719114974483e-08,-1.782551350970607e-08,8.568167508826718e-09,-1.9543804796740005e-08,3.883615207200819e-08,0.0127967344596982,0.10557058453559875,0.015974394977092743,0.00023466788115911186,0.017084158957004547,0.0854693055152893,0.0062754834070801735,0.10381174087524414,0.0011115607339888811,0.004191257990896702,-0.0002659000165294856,0.06666667014360428,0.06538773328065872,-6.315499194897711e-05,0.0004825666546821594,0.021514730527997017,0.021478991955518723,0.06450677663087845,0.06759079545736313,0.00010989070142386481,0.007663343101739883,0.00017611637304071337,-0.00032360642217099667,0.0012108742957934737,0.0013628412270918489,0.19854328036308289,0.19859455525875092,0.037053871899843216,0.03645924851298332,-0.0002383261889917776,-0.00021895587269682437,0.24271659553050995,0.15279042720794678,0.15303967893123627,2.4587661755504087e-05,0.03833766281604767,0.04044771194458008,-0.0003876230039168149,5.139187123859301e-06,5.518085988143184e-10,-1.1082738282652826e-08,4.693865918170559e-08,-1.417472983433754e-08,3.771856427192688e-08,1.7178244604565407e-08,-1.0244548320770264e-08,5.185604123880694e-08,-8.735805856474599e-09,3.963709005461169e-08
00:00:10:41.683,61,5.179084894280095e-08,1.1548399569960566e-08,-2.453103675748025e-08,1.6419216208873877e-08,-4.0847808691069076e-08,0.011598596349358559,0.12240123748779297,-5.736015751267587e-08,-2.9560178305132467e-08,7.040798610802312e-09,-2.8028152243564364e-08,5.407258996115161e-08,0.011690566316246986,0.12252794206142426,0.01761314831674099,0.0002881709369830787,0.018644290044903755,0.09605062752962112,0.004593075718730688,0.10876775532960892,0.000890533032361418,0.00439450703561306,-0.00017225996998604387,0.05903803929686546,0.05793394148349762,9.922981007548515e-06,0.00068226846633479,0.02214793860912323,0.02197171375155449,0.0697668194770813,0.07301854342222214,-0.00011924385762540624,0.007674734573811293,-3.138065221719444e-05,-0.0002844649425242096,0.0010118128266185522,0.0011344542726874352,0.21344353258609772,0.21299442648887634,0.039128378033638,0.03863084316253662,-0.00014953494246583432,-0.00015910982619971037,0.24879387021064758,0.15322986245155334,0.1534748673439026,-8.488234016112983e-05,0.03572788089513779,0.03754246234893799,-0.0006085903733037412,-0.0004340424493420869,1.0826625151949543e-09,-1.3485550454106487e-08,6.444751932122017e-08,-1.7117708139835486e-08,5.837529926111529e-08,2.507353258351941e-08,-1.8887222452690366e-08,7.526017498094006e-08,-1.654028913833372e-08,6.385147344190045e-08
00:00:10:41.699,61,5.2498652536314694e-08,1.2014060857268305e-08,-2.5257469005168787e-08,1.645646996450978e-08,-4.119239704891697e-08,0.009800974279642105,0.13685089349746704,-5.807727632145543e-08,-2.9541551427314516e-08,8.195638834251895e-09,-2.8596259582513994e-08,5.543232006743892e-08,0.00988527201116085,0.13699260354042053,0.019678806886076927,0.0002794567553792149,0.019615860655903816,0.09942859411239624,0.00363131589256227,0.10369615256786346,0.0004991000751033425,0.0045592584647238255,-8.986834291135892e-05,0.05651148781180382,0.05532011017203331,-3.876716073136777e-05,0.0007010584813542664,0.023275842890143394,0.022953104227781296,0.07421158999204636,0.07723892480134964,-0.0002485048898961395,0.007724766619503498,-0.0001431733398931101,-0.00027511740336194634,0.0008666375069878995,0.0010121678933501244,0.21571224927902222,0.21491315960884094,0.037816110998392105,0.0373845174908638,-0.00021396816009655595,-0.00023166001483332366,0.25493523478507996,0.15183548629283905,0.152077317237854,-0.00014062390255276114,0.03369622305035591,0.03528381884098053,-0.0006815833039581776,-0.000758067355491221,1.064036081466213e-09,-1.4305114426349519e-08,6.645917949299474e-08,-1.782551350970607e-08,5.884096054842303e-08,2.556480538373762e-08,-1.879408983995745e-08,7.6703727813765e-08,-1.6652046852527747e-08,6.36652117691483e-08
00:00:10:43.716,61,5.7788565044347706e-08,1.067295674062052e-08,-2.5965272598682532e-08,1.8803403278866426e-08,-4.60352751474602e-08,0.00904737040400505,0.1465815305709839,-6.427057286373383e-08,-3.406778148473677e-08,5.438923977862942e-09,-3.055203734447787e-08,5.828216842473921e-08,0.00912468321621418,0.14672990143299103,0.020469455048441887,0.0002973274968098849,0.02004464901983738,0.0913134217262268,0.003413119586184621,0.09473573416471481,1.4912784536136314e-05,0.004707891494035721,-7.109526632120833e-05,0.05527227371931076,0.053962890058755875,-2.1845103219675366e-06,0.0007370054954662919,0.022878985852003098,0.02242445759475231,0.07746806740760803,0.08075152337551117,-0.00018740117957349867,0.007726918440312147,-0.0003243856190238148,-0.00020706802024506032,0.0006474375841207802,0.0007700687856413424,0.1998802125453949,0.19914326071739197,0.03498033061623573,0.034411825239658356,-0.00015048921341076493,-0.00016540288925170898,0.2587786614894867,0.14860159158706665,0.1488385796546936,-0.00022517955221701413,0.03199122101068497,0.033646803349256516,-0.0005860797828063369,-0.0007772315293550491,1.3073440108257728e-09,-1.3578683066839403e-08,6.895512427718131e-08,-1.7117708139835486e-08,6.560236442965106e-08,2.754852168607158e-08,-2.2854656833715126e-08,8.255243244548183e-08,-2.0340085171710598e-08,7.323920669932704e-08
00:00:10:43.733,61,5.191192187226079e-08,-1.303851610012785e-10,-1.6503035382697817e-08,1.91573050756233e-08,-4.2980538239589805e-08,0.008763239718973637,0.15091153979301453,-5.8673322200775146e-08,-3.6526472513287445e-08,-6.556510889765832e-09,-2.4167821521814403e-08,4.276633092104021e-08,0.008839238435029984,0.1510666459798813,0.020492978394031525,0.0003164555237162858,0.01982148364186287,0.08070992678403854,0.004011746030300856,0.08373726159334183,3.83895639970433e-05,0.004856509156525135,-5.5608190450584516e-05,0.05665703862905502,0.055370837450027466,0.00010678768012439832,0.0008614021353423595,0.022934600710868835,0.022363197058439255,0.07846193015575409,0.08160407841205597,-0.00015249132411554456,0.007755252066999674,-0.00027548312209546566,-0.00017341152124572545,0.0004915984463877976,0.0006115140859037638,0.18042026460170746,0.179966539144516,0.030975699424743652,0.03039511851966381,-9.251833034795709e-06,-3.704607661347836e-05,0.2611842453479767,0.14365026354789734,0.14388279616832733,-0.00013441487681120634,0.03011826053261757,0.03201451152563095,-0.00039032904896885157,-0.0008601942681707442,1.6437843308736433e-09,-4.786997909178581e-09,4.854053159419891e-08,-6.51925802230835e-09,6.146728992462158e-08,2.25822436306089e-08,-2.784654462573144e-08,6.714835620869053e-08,-2.5667249659022673e-08,7.547438229948966e-08
00:00:10:45.750,61,4.86057238902049e-08,2.0489097085629737e-09,-1.685693895581153e-08,1.7452984835131247e-08,-3.985129382044761e-08,0.010164218954741955,0.1522737741470337,-5.478970876993117e-08,-3.295019368465546e-08,-3.911554635749326e-09,-2.3236498947198925e-08,4.205852732752646e-08,0.010245004668831825,0.15243078768253326,0.01937013305723667,0.00035185477463528514,0.018680991604924202,0.07136570662260056,0.005971971899271011,0.07124755531549454,3.3330023143207654e-05,0.004848949611186981,-7.030078995740041e-05,0.056966353207826614,0.05587020888924599,0.00017468660371378064,0.0008423906401731074,0.022899065166711807,0.022334923967719078,0.07880192995071411,0.08171554654836655,-8.488774619763717e-05,0.0077358572743833065,-0.0003082427429035306,-0.00012367703311610967,0.00038676720578223467,0.0005122817237861454,0.16186760365962982,0.1616545468568802,0.025504225865006447,0.0249988604336977,2.7107596906716935e-05,4.994869414076675e-06,0.25806912779808044,0.13697294890880585,0.13720367848873138,-0.00011016774806194007,0.028882063925266266,0.03126697242259979,-0.0003318709204904735,-0.0007419285248033702,1.470325527996863e-09,-5.941838132628163e-09,4.790723195924329e-08,-7.748603536583687e-09,5.699694227701002e-08,2.1569430685985935e-08,-2.4382025287650322e-08,6.416812681209194e-08,-2.2724270465346308e-08,6.891787052154541e-08
00:00:10:45.766,61,2.7976930994100258e-08,7.48783346438131e-09,-1.4230608691434554e-08,8.465722345363247e-09,-2.1737069033633816e-08,0.01161955576390028,0.1480923295021057,-3.086402955432277e-08,-1.512467839859255e-08,5.774199784980283e-09,-1.5599653124809265e-08,3.056600661466291e-08,0.011706945486366749,0.14825069904327393,0.018713224679231644,0.0002751076244749129,0.01705690659582615,0.0631122961640358,0.008447003550827503,0.059232812374830246,0.00018111974350176752,0.005151073448359966,-7.869195542298257e-05,0.060116853564977646,0.05843561515212059,0.00016102106019388884,0.0006184169906191528,0.022629108279943466,0.022103529423475266,0.07734118402004242,0.07976958155632019,0.0002669298555701971,0.008036408573389053,-0.0001598389499122277,-4.1766910726437345e-05,0.00025525823002681136,0.0003966036019846797,0.14402033388614655,0.1438676416873932,0.020335400477051735,0.019896432757377625,7.618993549840525e-05,7.355392153840512e-05,0.2571254074573517,0.13192543387413025,0.13215728104114532,-0.00013938723714090884,0.02818911336362362,0.03096667490899563,-0.000489183934405446,-0.0009447669726796448,5.168840355729287e-10,-8.6054203762842e-09,3.740191445444907e-08,-1.0635703873163038e-08,3.1106175413242454e-08,1.3944227106321705e-08,-9.275972878697303e-09,4.1760504387866604e-08,-8.046627364421965e-09,3.3006070765395634e-08
00:00:10:46.783,61,3.0640514125934715e-08,1.3671815679572319e-08,-1.959502782256095e-08,8.093192782610004e-09,-2.2882595374085213e-08,0.011945141479372978,0.14193491637706757,-3.348104726796919e-08,-1.3411044719191523e-08,1.2964010309701735e-08,-1.9124708927620304e-08,3.928318648149798e-08,0.012031158432364464,0.1420961171388626,0.017307700589299202,0.00019660730322357267,0.015594668686389923,0.05356934666633606,0.012551925145089626,0.04530080407857895,0.0007335448171943426,0.004966212436556816,-0.00019036242156289518,0.06359103322029114,0.06128885596990585,0.00026544660795480013,0.00047745226765982807,0.022144675254821777,0.02167278341948986,0.0738660991191864,0.07589732855558395,0.000762664363719523,0.008152625523507595,-0.00016566678823437542,4.282735244487412e-05,0.00030642334604635835,0.0004469007544685155,0.12319153547286987,0.1232614517211914,0.015279775485396385,0.014957359060645103,-6.564192153746262e-05,-4.201225965516642e-05,0.2543187439441681,0.12714225053787231,0.12736690044403076,-0.00024688945268280804,0.02796965092420578,0.03103511407971382,-0.0005861023091711104,-0.0011327251559123397,2.991873693236613e-10,-1.3560057077199872e-08,4.8782677453118595e-08,-1.6652046852527747e-08,3.2689420947917824e-08,1.6482081477420252e-08,-6.314367251292197e-09,4.9863011497564e-08,-4.5448542707049455e-09,3.069639120667489e-08
00:00:10:48.800,61,2.2547318678789452e-08,1.0151415708037348e-08,-1.4621764243827329e-08,5.923211698899422e-09,-1.672655258744271e-08,0.012759549543261528,0.1307312250137329,-2.4586915614577265e-08,-9.834766778737958e-09,9.946525381110405e-09,-1.4170073114883053e-08,2.9150395874921742e-08,0.012848972342908382,0.1308894008398056,0.015698285773396492,0.00013656489318236709,0.01321378443390131,0.04514976590871811,0.01708146184682846,0.030398769304156303,0.001176629913970828,0.005148393101990223,-0.0002662421320565045,0.06653735041618347,0.06408600509166718,0.00036813467158935964,0.0003924852644558996,0.021247435361146927,0.020868735387921333,0.0683717429637909,0.06939288228750229,0.001958436332643032,0.008499248884618282,-0.00014285556972026825,-0.00010226025915471837,0.00031011985265649855,0.00048128500930033624,0.1038881465792656,0.10396446287631989,0.009395518340170383,0.009103772230446339,4.767924565385329e-06,4.6941338951000944e-05,0.2488463968038559,0.12041409313678741,0.12063727527856827,-0.00017516998923383653,0.02806166373193264,0.03120751865208149,-0.0005061969277448952,-0.0012793365167453885,2.0954757373736754e-10,-1.0151415708037348e-08,3.6191195817991684e-08,-1.2703240237499358e-08,2.4009496613075498e-08,1.2195669363279649e-08,-4.190951585769653e-09,3.6908314626771244e-08,-3.073364451822158e-09,2.2538007016237316e-08
00:00:10:48.816,61,2.2472812943874487e-08,1.0617076995345087e-08,-1.4919788071665607e-08,5.783513223889258e-09,-1.662410831215766e-08,0.014484765939414501,0.10159033536911011,-2.4624169370213167e-08,-9.573995818357162e-09,1.050531839297264e-08,-1.4347024013261489e-08,2.9522926325853405e-08,0.014574654400348663,0.10173328220844269,0.0144824692979455,0.00016633867926429957,0.011929473839700222,0.03905896842479706,0.020267333835363388,0.02022136189043522,0.0014448055298998952,0.004866409115493298,-0.0002819295914378017,0.07065188139677048,0.06765317171812057,0.00039750515134073794,0.0003649246646091342,0.020610783249139786,0.020260799676179886,0.06204792112112045,0.062003593891859055,0.002902023261412978,0.008854844607412815,-0.00013722658331971616,-9.163260256173089e-05,0.0005192994140088558,0.0006995666772127151,0.09003152698278427,0.09048009663820267,0.006468047387897968,0.006007901858538389,-1.4230608940124512e-05,1.4880299204378389e-05,0.24276673793792725,0.10989618301391602,0.11011482030153275,-0.0001166603178717196,0.02983708307147026,0.0326300673186779,-0.00024223029322456568,-0.0014325252268463373,1.8626451769865326e-10,-1.0542571260430122e-08,3.693625316714133e-08,-1.3075768912074182e-08,2.3804604509791716e-08,1.222593670746619e-08,-3.8743017682918435e-09,3.7178395473347337e-08,-2.9802322831784522e-09,2.212822458602659e-08
00:00:10:50.833,61,1.3392418729551991e-08,1.1064112293013295e-08,-1.2312084685106583e-08,2.3748725208605492e-09,-9.099021980318867e-09,0.01619856432080269,0.07458258420228958,-1.4351680732715977e-08,-3.054738018093417e-09,1.2218952072373668e-08,-1.029577134659121e-08,2.2538007016237316e-08,0.01629103347659111,0.0747050791978836,0.013573945499956608,0.0001972877944353968,0.010911721736192703,0.03473200276494026,0.021665455773472786,0.0159171000123024,0.0019932687282562256,0.0044609843753278255,-0.0002427774597890675,0.0711204782128334,0.06816533207893372,0.0002850788878276944,0.00027186991064809263,0.01963731460273266,0.01943102851510048,0.057588785886764526,0.057092875242233276,0.004008117131888866,0.008994135074317455,-0.00013131949526723474,-0.00021461177675519139,0.0007487793336622417,0.0009121715556830168,0.08123621344566345,0.08214916288852692,0.00517025962471962,0.004575416911393404,9.020358265843242e-05,0.00011936724331462756,0.23876678943634033,0.1013273224234581,0.1015460416674614,3.1500403565587476e-05,0.03176002576947212,0.03420982509851456,-6.182193828863092e-06,-0.0014300687471404672,-1.2922100889323218e-10,-1.002103111602537e-08,2.913177077346063e-08,-1.2554227879491009e-08,1.2814998839871805e-08,8.391216610448282e-09,1.3038515822572094e-09,2.586282832339748e-08,2.0302832748342325e-09,8.493661773911754e-09
00:00:10:50.849,61,-7.543712876589836e-10,5.6251883151503534e-09,-3.81842246710562e-09,-1.5087425753179673e-09,1.7508864358362075e-09,0.017398662865161896,0.05374734848737717,1.1362135676762364e-09,3.706663864733173e-09,7.525086331838793e-09,-1.6903505262177987e-09,5.234032762757579e-09,0.017489129677414894,0.053858768194913864,0.013052677735686302,0.0001881555508589372,0.010760457254946232,0.0334639847278595,0.021228788420557976,0.01765064150094986,0.002178966300562024,0.004345867782831192,-0.0002284353249706328,0.07225188612937927,0.06849485635757446,0.000254166719969362,0.000212665501749143,0.01857420988380909,0.018384812399744987,0.054145775735378265,0.05355295538902283,0.003931341227144003,0.008895359002053738,-0.0001134332997025922,-0.00029484686092473567,0.0008594796527177095,0.000989918247796595,0.07886693626642227,0.08007983863353729,0.005054437089711428,0.004159143194556236,0.00014307796664070338,0.00015978603914845735,0.23647083342075348,0.09425629675388336,0.09446975588798523,6.094381387811154e-05,0.033526476472616196,0.035439785569906235,0.00038881422369740903,-0.0015929810469970107,-3.0966476605165383e-10,-4.3213366218708416e-09,8.046627364421965e-09,-5.494803279049165e-09,-2.2724271353524728e-09,9.89530235528946e-10,4.637986439348651e-09,3.3807010524355974e-09,4.917383389368979e-09,-6.034970301271869e-09
00:00:10:52.866,61,-1.529231674624043e-08,4.507601403247463e-09,1.471489707860485e-09,-6.668269492138279e-09,1.3513490770833414e-08,0.01663780026137829,0.04549397528171539,1.7378479100216282e-08,1.3411044719191523e-08,7.78585640404117e-09,5.462206686956961e-09,-7.860362138956134e-09,0.01671840436756611,0.045601531863212585,0.012450719252228737,0.0001261006254935637,0.010739821940660477,0.03170079365372658,0.01950673945248127,0.020614618435502052,0.0022649371530860662,0.00426056981086731,-0.00014395186735782772,0.07120174169540405,0.06716165691614151,0.00012877910921815783,0.00017206907796207815,0.017395293340086937,0.017291655763983727,0.05285593867301941,0.052806779742240906,0.003881598124280572,0.008560503832995892,-5.283236532704905e-05,-0.0002866928407456726,0.0009780745021998882,0.001089795376174152,0.07770009338855743,0.07908424735069275,0.005050427746027708,0.003970874007791281,9.568005771143362e-05,0.00013826579379383475,0.2409375011920929,0.09607874602079391,0.09630335122346878,0.00010393105185357854,0.03419024124741554,0.03579308092594147,0.0005207568174228072,-0.0014897737419232726,-7.275957614183426e-10,-2.086162576020456e-09,-6.761402104871195e-09,-2.6822091214739885e-09,-1.912936653525321e-08,-5.5343845062338914e-09,1.1567026447778517e-08,-1.6065314412117004e-08,1.1324882365215672e-08,-2.641230878452916e-08
00:00:10:52.883,61,-2.142973265506498e-08,3.371387613526622e-09,4.45172210206124e-09,-8.624047254102152e-09,1.844018626684374e-08,0.015342111699283123,0.0420694462954998,2.4233013817820392e-08,1.6912817812908543e-08,6.966292875887348e-09,8.768402004477593e-09,-1.4211982701795023e-08,0.015415127389132977,0.04218390956521034,0.012320466339588165,8.346058166353032e-05,0.010441891849040985,0.03246159479022026,0.01925024203956127,0.023057470098137856,0.0023173948284238577,0.004487037658691406,-0.00010521873628022149,0.07092057168483734,0.06613247841596603,9.385735029354692e-05,0.00017782687791623175,0.016731280833482742,0.016627157106995583,0.052797336131334305,0.05283757299184799,0.003918475937098265,0.008709955029189587,-2.2227242880035192e-05,-0.000244543538428843,0.0010340589797124267,0.0011093359207734466,0.07955589145421982,0.0808531865477562,0.0051187979988753796,0.003862912766635418,2.3809076083125547e-05,7.687509059906006e-05,0.24604502320289612,0.0994051918387413,0.09963716566562653,0.00016291119391098619,0.03451855108141899,0.035815246403217316,0.0006772917695343494,-0.0014024924021214247,-8.509959958935553e-10,-5.21540644005114e-10,-1.4230608691434554e-08,-7.636845045233542e-10,-2.6058405211415447e-08,-8.50297521282073e-09,1.3932585751774695e-08,-2.4987384605879015e-08,1.320615439226458e-08,-3.3490358930521325e-08
00:00:10:54.900,61,-2.237968210749841e-08,1.4528631631094413e-09,6.062910173909586e-09,-8.530914641369236e-09,1.8905847554151478e-08,0.013995839282870293,0.04765812307596207,2.5117769197890993e-08,1.6205012443037958e-08,4.693865740534875e-09,9.87201964619544e-09,-1.6931444690726494e-08,0.0140602458268404,0.04778400436043739,0.012174803763628006,4.676759272115305e-05,0.010717757046222687,0.03297264501452446,0.017925569787621498,0.026247859001159668,0.0022105190437287092,0.004487770609557629,-8.527930913260207e-05,0.0700756385922432,0.06491532176733017,0.00016055091691669077,0.00022478938626591116,0.016148854047060013,0.01604272611439228,0.05432597175240517,0.054942961782217026,0.0034861385356634855,0.008533209562301636,1.3275891433295328e-05,-0.00020783532818313688,0.000985149759799242,0.0010240167612209916,0.0822586640715599,0.08351749181747437,0.005402752663940191,0.004066991154104471,-1.204431100632064e-05,4.9595237214816734e-05,0.25129976868629456,0.104521743953228,0.10476058721542358,0.00014000160444993526,0.03364492580294609,0.03489578887820244,0.0006332789198495448,-0.0013383093755692244,-7.881317265479026e-10,8.568167841893626e-10,-1.782551350970607e-08,1.19209286886246e-09,-2.6654452867092004e-08,-9.371433407068253e-09,1.3075768912074182e-08,-2.761371398207757e-08,1.2367963542203597e-08,-3.3043324521031536e-08
00:00:10:54.916,61,-2.0321458293892647e-08,1.0244548542814869e-09,5.746260356431776e-09,-7.618218944571709e-09,1.712702157874446e-08,0.01235070452094078,0.0524013489484787,2.2556632117698427e-08,1.4565885386730315e-08,3.837048900834361e-09,9.010546087040439e-09,-1.559033968590029e-08,0.012406833469867706,0.05253105238080025,0.01239926740527153,1.7798914996092208e-05,0.011246864683926105,0.03564050793647766,0.01743685081601143,0.030741548165678978,0.0021510792430490255,0.004727066960185766,-9.974693966796622e-05,0.07107952237129211,0.0651615709066391,0.00015884250751696527,0.00022615671332459897,0.015837276354432106,0.01568090170621872,0.05674044042825699,0.05761156231164932,0.0033138631843030453,0.00825849175453186,-1.0183676749875303e-05,-0.00019318595877848566,0.0010189764434471726,0.0010375987039878964,0.08816061168909073,0.08896562457084656,0.006522323004901409,0.004993864335119724,-6.996709998929873e-05,-1.0353401194151957e-05,0.2572292685508728,0.1095670610666275,0.10981739312410355,0.00015915655239950866,0.03406836465001106,0.03507744148373604,0.0005888792802579701,-0.0013859468745067716,-7.078051478259795e-10,1.0989605891964516e-09,-1.67079274859816e-08,1.471489707860485e-09,-2.4065375470172512e-08,-8.584465582828216e-09,1.1678785050150964e-08,-2.533197474008375e-08,1.098960655809833e-08,-2.976506863205941e-08
00:00:10:56.933,61,-1.4230608691434554e-08,0.0,4.45172210206124e-09,-5.299225502852778e-09,1.1948868561262316e-08,0.011097419075667858,0.060682810842990875,1.582317032955416e-08,9.611248685814644e-09,2.0489097085629737e-09,6.56116760922032e-09,-1.1567026447778517e-08,0.011148594319820404,0.06082164868712425,0.012431282550096512,-3.274168921052478e-05,0.011720694601535797,0.03853242099285126,0.016931714490056038,0.035445913672447205,0.002001498593017459,0.004978429526090622,-0.00013588715228252113,0.07202967256307602,0.06554549932479858,7.84876974648796e-05,0.0001475384779041633,0.01558627374470234,0.01536448486149311,0.05883970111608505,0.06018538400530815,0.0027524500619620085,0.00805844459682703,-4.795544009539299e-05,-0.00015035159594845027,0.0009259855723939836,0.000926277949474752,0.09485824406147003,0.09537126868963242,0.007531327195465565,0.0058796945959329605,-0.00015287399583030492,-8.933775097830221e-05,0.26173511147499084,0.11365211755037308,0.11391034722328186,0.00013677615788765252,0.03425510972738266,0.035213470458984375,0.0005049979663453996,-0.0013560986844822764,-4.633329830916466e-10,1.4528631631094413e-09,-1.272186622713889e-08,1.639127722441458e-09,-1.6745179465260662e-08,-6.235204796922744e-09,7.543713209656744e-09,-1.8468126583570665e-08,7.1525572131747595e-09,-2.019107370188067e-08
00:00:10:56.949,61,-7.133930779446018e-09,0.0,2.356246087131808e-09,-2.672895682565013e-09,6.044283296091635e-09,0.009752638638019562,0.06986658275127411,7.823109271498652e-09,4.731118607992357e-09,8.568167841893626e-10,3.3620743966622513e-09,-5.9604645663569045e-09,0.009799016639590263,0.07001380622386932,0.012478652410209179,-8.74559918884188e-05,0.01216871291399002,0.04169510677456856,0.016666412353515625,0.039694495499134064,0.0018081265734508634,0.00523306243121624,-0.00018497815472073853,0.07184329628944397,0.0649300217628479,3.1230898457579315e-05,0.0001238445984199643,0.015490187332034111,0.015197831206023693,0.060806311666965485,0.06256353110074997,0.0022688477765768766,0.007942864671349525,-5.996897743898444e-05,-5.9314221289241686e-05,0.0009148919489234686,0.0009154408471658826,0.1020866185426712,0.10234447568655014,0.00825799722224474,0.006552320905029774,-0.00019777833949774504,-0.0001227068860316649,0.26585447788238525,0.11678825318813324,0.11705341190099716,0.00017073031631298363,0.03391408175230026,0.0348292700946331,0.0003336715744808316,-0.0014172553783282638,-2.27009883113638e-10,8.940696516468449e-10,-6.873160707243642e-09,9.126961408867373e-10,-8.288770558806391e-09,-3.192108133376337e-09,3.799796033376879e-09,-9.38773148106975e-09,3.5390257391298974e-09,-9.648501553272126e-09
00:00:10:58.966,61,-1.1678785050150964e-08,3.706663864733173e-09,1.0803341554677104e-09,-5.131587599294107e-09,1.0440126096966651e-08,0.008896884508430958,0.08104512840509415,1.3215466942995135e-08,1.0002404238207419e-08,5.9604645663569045e-09,4.163011713131937e-09,-6.0722231687293515e-09,0.008941099978983402,0.08119762688875198,0.01224916335195303,-0.00020383387163747102,0.012325596995651722,0.043830860406160355,0.01693742722272873,0.04193562641739845,0.001674913801252842,0.005492078140377998,-0.00022591072774957865,0.07085040956735611,0.06411461532115936,9.123995550908148e-05,0.00026645869365893304,0.015540802851319313,0.015215404331684113,0.06142699345946312,0.06346331536769867,0.002083024475723505,0.007985237054526806,2.9410199203994125e-05,0.00013192631013225764,0.0009645377285778522,0.0010198988020420074,0.10777164250612259,0.10798553377389908,0.008116323500871658,0.00647020572796464,-0.00020818784832954407,-9.481213783146814e-05,0.2695365250110626,0.11924087256193161,0.11950141191482544,0.00027931371005252004,0.032933998852968216,0.03417384997010231,-1.022487867885502e-05,-0.001508993678726256,-5.611218711898402e-10,-1.639127722441458e-09,-5.383044676676718e-09,-2.1606683109354208e-09,-1.4584511376369846e-08,-4.200265024678629e-09,9.07108166359194e-09,-1.2274831817649101e-08,8.735805856474599e-09,-1.955777406692505e-08
00:00:10:58.983,61,-6.789341533419702e-09,5.4202975441342005e-09,-1.7322600021074663e-09,-3.771856604828372e-09,6.7707150996909604e-09,0.007866820320487022,0.09531282633543015,8.102506221518979e-09,7.878989016774085e-09,7.599592066753758e-09,1.3597309944657354e-09,0.0,0.007908839732408524,0.09547512978315353,0.012583439238369465,-0.00021955650299787521,0.012619108892977238,0.04657663404941559,0.015981072559952736,0.043976765125989914,0.0014650459634140134,0.005679756868630648,-0.00023209543724078685,0.07034073024988174,0.06321581453084946,0.0001364606578135863,0.000267138791969046,0.01569681614637375,0.015358940698206425,0.06305129826068878,0.0654258280992508,0.0020347118843346834,0.00798232201486826,3.978907989221625e-05,0.00010704502346925437,0.0009499583975411952,0.0010077172191813588,0.11501806974411011,0.11515920609235764,0.008664705790579319,0.007046946324408054,-0.0002112917572958395,-8.707314555067569e-05,0.27280232310295105,0.12160836905241013,0.12187574058771133,0.0003235168696846813,0.031745120882987976,0.03307073563337326,-0.00012275695917196572,-0.0015967105282470584,-4.94765117764473e-10,-3.4272671367574503e-09,1.9371508841459217e-09,-4.377215923057065e-09,-9.38773148106975e-09,-1.695007134649984e-09,7.711350669126205e-09,-4.777684914358815e-09,7.934868762049518e-09,-1.4528632519272833e-08
00:00:11:00.000,61,-7.264315815547207e-10,8.568167841893626e-10,-3.3527614018424856e-10,-4.284083920946813e-10,8.381902949494702e-10,0.006743390113115311,0.11123037338256836,7.729977213877248e-10,8.19563861220729e-10,1.4528631631094413e-09,8.847564347824743e-11,2.793967834868738e-10,0.0067820195108652115,0.11140523850917816,0.012872639112174511,-0.0001894589513540268,0.013008478097617626,0.048505522310733795,0.01493945810943842,0.04496080428361893,0.0013489604461938143,0.00591301079839468,-0.00025383400497958064,0.07075466960668564,0.06337093561887741,0.00018781781545840204,0.0002296939492225647,0.016049647703766823,0.015662595629692078,0.06530270725488663,0.06796149909496307,0.0022350121289491653,0.007947694510221481,2.5541781724314205e-05,3.434077007113956e-05,0.0008888394222594798,0.000953824957832694,0.12081701308488846,0.12076076865196228,0.009143400937318802,0.007576879113912582,-0.00021588773233816028,-9.653478628024459e-05,0.27460992336273193,0.12366887927055359,0.1239442452788353,0.00035939336521551013,0.030503228306770325,0.03193143755197525,-0.0001806518412195146,-0.0016120149521157146,-6.635673260868558e-11,-5.029142102763728e-10,8.19563861220729e-10,-8.19563861220729e-10,-9.499490083442197e-10,-8.847564347824743e-11,1.1362135676762364e-09,-2.2351741291171123e-10,1.1175871339474952e-09,-1.639127722441458e-09
00:00:11:00.016,61,8.959323061219493e-09,4.4703482582342247e-10,-3.2223761436966925e-09,3.1944364931035807e-09,-7.189810080632242e-09,0.006381420884281397,0.1283995509147644,-1.010485028984931e-08,-6.2771139397455045e-09,-4.4703482582342247e-10,-4.3027101881421e-09,7.748603536583687e-09,0.006420007441192865,0.12859119474887848,0.013536784797906876,-0.00016909249825403094,0.013207047246396542,0.05100499093532562,0.014975713565945625,0.04404686763882637,0.0012247228296473622,0.0063514094799757,-0.0002882375556509942,0.07274837791919708,0.06479660421609879,0.0002246260701213032,0.0002405419945716858,0.016837920993566513,0.01635609194636345,0.06793420016765594,0.07052727043628693,0.0026786469388753176,0.008157581090927124,-6.869137450848939e-06,0.00015094935952220112,0.0008511628257110715,0.0009108944213949144,0.12492865324020386,0.12456120550632477,0.008694222196936607,0.007108272518962622,-0.000261857348959893,-0.00016345664334949106,0.2765263319015503,0.12535642087459564,0.12563247978687286,0.00037197081837803125,0.02995968423783779,0.03152017667889595,-0.00039405375719070435,-0.001801267615519464,2.5727786567841804e-10,-1.0803341554677104e-09,8.847564458847046e-09,-1.5459954427754496e-09,1.0617076995345087e-08,3.979075735571769e-09,-4.4144687905145474e-09,1.1883676265256327e-08,-4.023313682210983e-09,1.3262033249361593e-08
00:00:11:01.033,61,2.1820888207457756e-08,-1.6763807009212428e-10,-6.705522359595761e-09,8.093192782610004e-09,-1.789070580571206e-08,0.0061706495471298695,0.14542828500270844,-2.476386740113412e-08,-1.577660491136612e-08,-3.3155083123403983e-09,-1.0030344554934345e-08,1.767650203987614e-08,0.006212127860635519,0.14563864469528198,0.013634217903017998,-0.00014328383258543909,0.013234395533800125,0.051937494426965714,0.014344321563839912,0.04265887662768364,0.0011163529707118869,0.006711460184305906,-0.00033982208697125316,0.07393718510866165,0.06569842994213104,0.00027621074696071446,0.0002725514641497284,0.0176028311252594,0.017082683742046356,0.0701986774802208,0.07295156270265579,0.0029281822498887777,0.008277395740151405,-9.337663868791424e-06,0.0001452904980396852,0.0008036172948777676,0.0008929221075959504,0.128792405128479,0.1280629187822342,0.00841054879128933,0.006808015517890453,-0.000303851964417845,-0.00021429359912872314,0.27958571910858154,0.12685653567314148,0.1271388977766037,0.0004090472939424217,0.0295897014439106,0.03139875456690788,-0.0004945532418787479,-0.0018545895582064986,7.043127192574161e-10,-1.6763805898989403e-09,1.991167586368192e-08,-2.38418573772492e-09,2.5983899476500483e-08,9.38773148106975e-09,-1.1790543652523411e-08,2.7921050360646404e-08,-1.1119991150110309e-08,3.267079762281355e-08
00:00:11:03.050,61,2.2854656833715126e-08,-1.1734664351337187e-09,-6.332993685020938e-09,8.75443184611413e-09,-1.896172818760533e-08,0.005898830946534872,0.16209492087364197,-2.5937334058312445e-08,-1.700595042564146e-08,-4.060566549668465e-09,-1.0170042585855299e-08,1.7546117447864162e-08,0.005937180481851101,0.162318617105484,0.01361941546201706,-0.00020508802845142782,0.013450494967401028,0.053563062101602554,0.013524358160793781,0.043244875967502594,0.0009093356202356517,0.007072757463902235,-0.0003754536737687886,0.07522833347320557,0.06663515418767929,0.0001970139128388837,0.00020966678857803345,0.017974097281694412,0.017382048070430756,0.07168760150671005,0.07454194128513336,0.0026494383346289396,0.008337266743183136,-1.1218860890949145e-05,0.0002360666694585234,0.000752155901864171,0.0008712783455848694,0.13458991050720215,0.13350243866443634,0.008071248419582844,0.006460030097514391,-0.00032365904189646244,-0.00022618188813794404,0.2823990285396576,0.12925393879413605,0.12953627109527588,0.00040432429523207247,0.029548868536949158,0.031519483774900436,-0.0005760827916674316,-0.0018678795313462615,7.881317265479026e-10,-9.87201875801702e-10,1.940876259709512e-08,-1.6018748549839756e-09,2.752989480825363e-08,9.646173637634092e-09,-1.2908130564426301e-08,2.854503655669305e-08,-1.2181699204916185e-08,3.516673885428645e-08
00:00:11:03.066,61,2.7203931551866845e-08,-4.395842356785806e-09,-5.327164931401285e-09,1.107342573192227e-08,-2.3106112578830107e-08,0.0058294618502259254,0.17816372215747833,-3.109686019797664e-08,-2.197921311619666e-08,-8.940697071579962e-09,-1.1026859425555813e-08,1.7900019244621035e-08,0.005867064464837313,0.17840221524238586,0.013960045762360096,-0.00019251502817496657,0.014039142057299614,0.05533642694354057,0.012674733065068722,0.04444710910320282,0.000738123373594135,0.00742306699976325,-0.0003960260655730963,0.07558050006628036,0.06670050323009491,0.0001906909019453451,0.00022759825515095145,0.018601827323436737,0.017917759716510773,0.07419278472661972,0.07727014273405075,0.0025049103423953056,0.008298622444272041,-4.991441892343573e-05,0.0002772024308796972,0.0007048562401905656,0.0008347156690433621,0.1405005306005478,0.1390818953514099,0.008493292145431042,0.006819438189268112,-0.00032478332286700606,-0.00024489371571689844,0.2864667773246765,0.13150730729103088,0.13179485499858856,0.00038532749749720097,0.02967214584350586,0.03169713914394379,-0.0005917448434047401,-0.0019124401733279228,1.089647372332081e-09,1.3783574281944766e-09,1.8663705247945472e-08,9.685754420729609e-10,3.358349331961108e-08,1.0782387427354934e-08,-1.7788261530427008e-08,3.1655655874374133e-08,-1.6987323547823507e-08,4.474073733717887e-08
00:00:11:05.083,61,3.9096921256032147e-08,-7.3760748620088634e-09,-6.929040008429865e-09,1.6214325881946934e-08,-3.354623956397518e-08,0.005351988133043051,0.1948215365409851,-4.490837568482675e-08,-3.226101341624599e-08,-1.4342367293807001e-08,-1.5599653124809265e-08,2.449378300184435e-08,0.005384988151490688,0.19507358968257904,0.014554083347320557,-0.000204182491870597,0.014641275629401207,0.05788806825876236,0.012004038318991661,0.04657292366027832,0.00061480060685426,0.007765652611851692,-0.000446222722530365,0.07600252330303192,0.06656777113676071,0.00023216665431391448,0.0002351193834329024,0.019109953194856644,0.018312009051442146,0.0764320120215416,0.07964576035737991,0.0022051066625863314,0.008366208523511887,-7.065296085784212e-05,0.0002661750768311322,0.0006809074548073113,0.0008258048910647631,0.14729958772659302,0.14551642537117004,0.008974075317382812,0.0072124432772397995,-0.00036155423731543124,-0.0002846643328666687,0.2900986075401306,0.13366734981536865,0.13395577669143677,0.0003448937786743045,0.029585832729935646,0.03162018954753876,-0.0006684557301923633,-0.0020836053881794214,1.6274861458498435e-09,2.6822091214739885e-09,2.4773180840043096e-08,2.38418573772492e-09,4.837289324655103e-08,1.5241093720419485e-08,-2.6449560763808222e-08,4.478730275536691e-08,-2.5220215249532885e-08,6.496906479469544e-08
00:00:11:05.099,61,5.3849070980049873e-08,-5.88595883144194e-09,-1.2684613359681407e-08,2.1252780868508125e-08,-4.547648302377638e-08,0.0050453925505280495,0.2115793079137802,-6.127171303660361e-08,-4.1779131265684555e-08,-1.4528632519272833e-08,-2.2854656833715126e-08,3.7979333455950837e-08,0.005076119676232338,0.21185065805912018,0.015247669070959091,-0.0001970092998817563,0.015236478298902512,0.0597965344786644,0.011003940366208553,0.04816126823425293,0.0005661413888446987,0.008109611459076405,-0.0005122852162458003,0.07580451667308807,0.06586956977844238,0.0002607452915981412,0.0002926206507254392,0.019628843292593956,0.01871761865913868,0.07874807715415955,0.08209145814180374,0.0021639871411025524,0.00840754620730877,-0.0001057757472153753,0.00018415055819787085,0.0005696259904652834,0.0007203029817901552,0.15359704196453094,0.15133441984653473,0.01019490510225296,0.00832329411059618,-0.00040851609082892537,-0.00033631824771873653,0.29485830664634705,0.13613402843475342,0.13642936944961548,0.00024384465359617025,0.02941756695508957,0.0314224474132061,-0.0007132734172046185,-0.002205949742347002,2.0302832748342325e-09,3.1664967869993177e-10,4.028901301467158e-08,-5.401670777338552e-10,6.537884189583565e-08,2.185348435546075e-08,-3.3155082235225564e-08,6.458721912849796e-08,-3.1609086903472416e-08,8.486211555691625e-08
00:00:11:07.116,61,5.31971444672763e-08,-5.662441182607836e-09,-1.2703240237499358e-08,2.107582908195127e-08,-4.4880433591742985e-08,0.00485033867880702,0.22664478421211243,-6.050802880963602e-08,-4.101544703871696e-08,-1.3969838619232178e-08,-2.2710301195161264e-08,3.7793071783198684e-08,0.004878317937254906,0.22692514955997467,0.01581752859055996,-0.00019503795192576945,0.016033310443162918,0.06315968185663223,0.009691412560641766,0.051551006734371185,0.00044560222886502743,0.008425170555710793,-0.0005073943175375462,0.07469744980335236,0.06468135118484497,0.00023956000222824514,0.0002313791192136705,0.020283017307519913,0.019288567826151848,0.08136159926652908,0.08505252003669739,0.0018787229200825095,0.008521497249603271,-5.547054024646059e-05,0.00015413464279845357,0.0005194719415158033,0.0006969000678509474,0.16304558515548706,0.1606321781873703,0.01096884161233902,0.009012986905872822,-0.00040468110819347203,-0.0003367400204297155,0.2990865707397461,0.13850802183151245,0.13880601525306702,0.00022396906570065767,0.02910006232559681,0.031021442264318466,-0.000703522702679038,-0.00230206735432148,1.99303040737675e-09,2.2351741291171123e-10,4.041940115939724e-08,-8.940696516468449e-10,6.459653434376378e-08,2.170912871690689e-08,-3.2521782600269944e-08,6.412155784119022e-08,-3.099441414633475e-08,8.367001669284946e-08
