Timecode,BlendshapeCount,EyeBlinkLeft,EyeLookDownLeft,EyeLookInLeft,EyeLookOutLeft,EyeLookUpLeft,EyeSquintLeft,EyeWideLeft,EyeBlinkRight,EyeLookDownRight,EyeLookInRight,EyeLookOutRight,EyeLookUpRight,EyeSquintRight,EyeWideRight,JawForward,JawRight,JawLeft,JawOpen,MouthClose,MouthFunnel,MouthPucker,MouthRight,MouthLeft,MouthSmileLeft,MouthSmileRight,MouthFrownLeft,MouthFrownRight,MouthDimpleLeft,MouthDimpleRight,MouthStretchLeft,MouthStretchRight,MouthRollLower,MouthRollUpper,MouthShrugLower,MouthShrugUpper,MouthPressLeft,MouthPressRight,MouthLowerDownLeft,MouthLowerDownRight,MouthUpperUpLeft,MouthUpperUpRight,BrowDownLeft,BrowDownRight,BrowInnerUp,BrowOuterUpLeft,BrowOuterUpRight,CheekPuff,CheekSquintLeft,CheekSquintRight,NoseSneerLeft,NoseSneerRight,TongueOut,HeadYaw,HeadPitch,HeadRoll,LeftEyeYaw,LeftEyePitch,LeftEyeRoll,RightEyeYaw,RightEyePitch,RightEyeRoll
00:00:00:00.000,61,0.0,0.0,-0.0,0.0,-0.0,0.0,0.0,-0.0,-0.0,0.0,-0.0,0.0,0.0,0.0,0.0,0.0,0.0,0.0,-0.0,0.0,-0.0,0.0,0.0,0.0,0.0,0.0,0.0,0.0,0.0,0.0,0.0,0.0,0.0,-0.0,-0.0,-0.0,-0.0,0.0,0.0,0.0,0.0,-0.0,-0.0,0.0,0.0,0.0,-0.0,0.0,0.0,-0.0,-0.0,0.0,-0.0,0.0,-0.0,0.0,0.0,-0.0,0.0,-0.0,0.0
00:00:00:01.016,61,2.1567569064018244e-08,2.898275841545228e-09,-8.914620153177566e-09,7.271766744310071e-09,-1.729093490610012e-08,0.005129872355610132,0.09949341416358948,-2.3968516060790535e-08,-1.3299287004997495e-08,8.19563861220729e-10,-1.1017545986646837e-08,2.067536186700636e-08,0.005141577683389187,0.09959757328033447,0.010842925868928432,2.8451981052057818e-05,0.006179803982377052,0.03192790225148201,-6.12895455560647e-05,0.013929463922977448,-0.00018997293955180794,0.0028335857205092907,1.2900505680590868e-05,0.026018310338258743,0.023230349645018578,1.9012690245290287e-05,4.14819733123295e-05,0.009553411975502968,0.009043608792126179,0.032163023948669434,0.033229704946279526,6.466484046541154e-05,0.0022900470066815615,-5.0343038310529664e-05,-0.0003028756473213434,-0.00015570336836390197,-7.63286225264892e-05,0.08764106035232544,0.08594974130392075,0.012838982045650482,0.012153152376413345,-0.00014707625086884946,-0.00016725898603908718,0.0875205472111702,0.06546995788812637,0.06554723531007767,-6.62551901768893e-05,0.008603455498814583,0.008770606480538845,-9.784864960238338e-05,-0.0003070083912461996,5.452893692137195e-10,-4.179775636714567e-09,2.42441906550539e-08,-5.379319212295286e-09,2.48812135339449e-08,1.0071787848175973e-08,-9.298323888629056e-09,3.00183913282126e-08,-8.50483772296684e-09,2.8178096300734978e-08
00:00:00:02.033,61,4.544109089010817e-08,4.0531160649948106e-09,-1.7233192650678575e-08,1.5832483768463135e-08,-3.6876649289752095e-08,0.009893765673041344,0.19834300875663757,-5.077570719436153e-08,-2.9355287978205524e-08,-9.238719789195216e-10,-2.2485853179432524e-08,4.137307385576605e-08,0.009918036870658398,0.19855456054210663,0.022553276270627975,8.204316691262648e-05,0.012379600666463375,0.06466767936944962,-0.0001962058449862525,0.027051949873566628,-0.0004139011725783348,0.0056771766394376755,2.3679114747210406e-05,0.05602459982037544,0.05036601424217224,5.5637599871261045e-05,4.830908801523037e-05,0.019543934613466263,0.018505023792386055,0.06481815874576569,0.06679081916809082,0.0001246433239430189,0.004562540911138058,-6.931424286449328e-05,-0.0006048307986930013,-0.0003758242237381637,-0.00020999237312935293,0.18070390820503235,0.17743143439292908,0.028367865830659866,0.02702590823173523,-0.0003043401229660958,-0.0003538055461831391,0.1754613071680069,0.13208389282226562,0.13223977386951447,-0.00013283293810673058,0.017996741458773613,0.018400058150291443,-0.0002103587321471423,-0.0004386311920825392,1.2586824915672423e-09,-7.078051478259795e-09,4.790723551195697e-08,-9.208917184366783e-09,5.2951275364421235e-08,2.0733102346071064e-08,-2.121180209258e-08,6.163492827226946e-08,-1.954287220939932e-08,6.175041278311255e-08
00:00:00:03.050,61,6.558560272651448e-08,6.806105457002332e-09,-2.56821515165484e-08,2.2597610893626552e-08,-5.30295096723421e-08,0.014536691829562187,0.2952386736869812,-7.316842953741798e-08,-4.1663646754841466e-08,0.0,-3.285147442966263e-08,6.078555969679655e-08,0.014576040208339691,0.2955557703971863,0.03587274253368378,0.00016155294724740088,0.018693115562200546,0.09974315762519836,-0.0003036800480913371,0.03896922618150711,-0.0005677075241692364,0.008545990101993084,-2.0808799945370993e-06,0.091862753033638,0.08356218039989471,7.783914043102413e-05,3.406548421480693e-05,0.03025165945291519,0.02865634299814701,0.09867516160011292,0.10125958919525146,0.00021275925973895937,0.0067862337455153465,-6.735205715813208e-06,-0.0009809195762500167,-0.0006215770845301449,-0.000349154113791883,0.28138428926467896,0.27664056420326233,0.04724399745464325,0.04536331072449684,-0.0004231556667946279,-0.0005039357929490507,0.263631671667099,0.20063963532447815,0.2008744776248932,-0.00017856188060250133,0.028972934931516647,0.02979080192744732,-0.00036232476122677326,-0.00029066778370179236,1.7560086718049206e-09,-1.1041760394903122e-08,7.078796926407449e-08,-1.437216923250162e-08,7.620826636411948e-08,3.017764527157851e-08,-2.9772518672643855e-08,8.978135923598529e-08,-2.7459114093630888e-08,8.797645989488956e-08
00:00:00:04.066,61,8.167326370767114e-08,5.18560394624501e-09,-2.9452143834873823e-08,2.88486496913265e-08,-6.666034835234314e-08,0.018225470557808876,0.38896167278289795,-9.131431255582356e-08,-5.406140957120442e-08,-4.142522769257084e-09,-3.968179029811836e-08,7.234513788034747e-08,0.01828700676560402,0.38938385248184204,0.052475638687610626,0.00033844716381281614,0.024499354884028435,0.14082446694374084,-0.0003223128442186862,0.05024800822138786,-0.0007513272576034069,0.011652717366814613,-7.008654938545078e-05,0.13719743490219116,0.12648846209049225,0.00011885618732776493,-7.669210026506335e-05,0.04206578806042671,0.039788734167814255,0.13498878479003906,0.13753041625022888,0.0004976253258064389,0.009211663156747818,0.00020271586254239082,-0.0014764334773644805,-0.0009443584713153541,-0.000469972233986482,0.3961981534957886,0.3902319669723511,0.07300765812397003,0.07085015624761581,-0.00048818657523952425,-0.0006167719257064164,0.3505612909793854,0.2730672359466553,0.27338123321533203,-0.00012802070705220103,0.04223860055208206,0.04366336762905121,-0.0007313453243114054,0.00022422862821258605,2.3506581126042647e-09,-1.1190772752911471e-08,8.320808575490446e-08,-1.4632940192882415e-08,9.582936399965547e-08,3.6809591819064735e-08,-3.951787874711954e-08,1.0913610282159425e-07,-3.658234959402762e-08,1.1286139312005616e-07
00:00:00:04.083,61,1.002382461479101e-07,4.805624342907322e-09,-3.4859404252074455e-08,3.5874546000513874e-08,-8.193776324105784e-08,0.019852714613080025,0.4789751470088959,-1.1218711648552926e-07,-6.750226333451792e-08,-7.227063392178934e-09,-4.805624342907322e-08,8.679926111199165e-08,0.019923686981201172,0.47949299216270447,0.07526921480894089,0.00044986893772147596,0.03185566887259483,0.19002346694469452,-0.0006248158169910312,0.06290581822395325,-0.0010799738811329007,0.013827771879732609,-0.0002592949604149908,0.1937548965215683,0.18194805085659027,0.0001126086717704311,-0.0002017504011746496,0.054701000452041626,0.05176080763339996,0.17442701756954193,0.17684322595596313,0.00035154103534296155,0.01070186123251915,0.0001279580610571429,-0.002169903600588441,-0.0015523141482844949,-0.0008532319916412234,0.5272608995437622,0.5206941366195679,0.11179055273532867,0.10967068374156952,-0.0008117321413010359,-0.0009745577117428184,0.43756207823753357,0.34906673431396484,0.34945380687713623,-0.00020533718634396791,0.06206660345196724,0.06427820026874542,-0.0009922655299305916,0.0019401252502575517,2.9685907065868378e-09,-1.2218952072373668e-08,9.95770079725844e-08,-1.637265079068584e-08,1.1820345946489397e-07,4.4766348850089344e-08,-4.984438461974605e-08,1.3265758980196551e-07,-4.6249478913296116e-08,1.405179546054569e-07
00:00:00:06.100,61,1.1956319667660864e-07,4.2095780194983945e-09,-4.0493905117955364e-08,4.307366907596588e-08,-9.8189339325927e-08,0.01903037168085575,0.4683808982372284,-1.3412908117516054e-07,-8.136034068684239e-08,-1.0728836485895954e-08,-5.6861900077365135e-08,1.0203569900113507e-07,0.01909753680229187,0.46889808773994446,0.08247216045856476,0.0005965149030089378,0.03336105868220329,0.20206500589847565,-0.000504413852468133,0.060434676706790924,-0.0010922818910330534,0.013162441551685333,-0.00028883558115921915,0.22312602400779724,0.21250061690807343,-0.00012162983330199495,-0.0005808538408018649,0.05635234713554382,0.05340428277850151,0.1766877919435501,0.17836040258407593,0.00016739130660425872,0.00987173616886139,0.0001940096844919026,-0.002341774059459567,-0.001808950793929398,-0.0010390838142484426,0.561255693435669,0.5558844804763794,0.13809938728809357,0.1362653225660324,-0.0007356238202191889,-0.0009372737840749323,0.43275177478790283,0.3602307140827179,0.36060696840286255,-0.00024848157772794366,0.07555928081274033,0.07814392447471619,0.00135973806027323,0.006189725361764431,3.6193523733629718e-09,-1.337379185173404e-08,1.1624768347928693e-07,-1.8198043960637733e-08,1.4110467816408345e-07,5.293870231071196e-08,-6.062909818638218e-08,1.5710480738562183e-07,-5.647540035624843e-08,1.6901641686217772e-07
00:00:00:07.116,61,1.280335766296048e-07,8.028000486604014e-09,-4.596076763618839e-08,4.53088446761285e-08,-1.0455027421585328e-07,0.01906682550907135,0.45765191316604614,-1.4330260000861017e-07,-8.471310053437264e-08,-6.7241487933245025e-09,-6.221235082648491e-08,1.1302530822376866e-07,0.01912597566843033,0.45815926790237427,0.09106436371803284,0.0005577750271186233,0.034436583518981934,0.21173954010009766,-0.00023885458358563483,0.06377918273210526,-0.0012922919122502208,0.012013975530862808,-0.00021356182696763426,0.25066816806793213,0.24358320236206055,-9.192556171910837e-05,-0.0007867751992307603,0.0557485856115818,0.0527828112244606,0.1749763935804367,0.1755443513393402,-6.986618245719001e-05,0.00908699445426464,-0.00037299393443390727,-0.001602626172825694,-0.0017430272419005632,-0.0008093015640042722,0.5889896154403687,0.5850768685340881,0.17504671216011047,0.1744573563337326,-0.0004480391799006611,-0.0005662899930030107,0.4278601109981537,0.37380826473236084,0.3741733431816101,-0.0003020392032340169,0.09361065179109573,0.09763798117637634,0.013848185539245605,0.021899983286857605,3.6926939284143145e-09,-1.7397105978034233e-08,1.2947246830208314e-07,-2.3040920282824118e-08,1.4967285721922963e-07,5.7411380538496815e-08,-6.197020496756522e-08,1.7084647652154672e-07,-5.746260356431776e-08,1.7747282754498883e-07
00:00:00:08.133,61,1.0919757187366486e-07,1.2442469277118562e-08,-4.310160761633597e-08,3.7369318306446075e-08,-8.82521291600824e-08,0.01968947798013687,0.45030590891838074,-1.2164004203896184e-07,-6.88061092546377e-08,9.126961408867373e-10,-5.498993971286836e-08,1.020170756760308e-07,0.019741350784897804,0.4508025348186493,0.0962429940700531,0.0004883952206000686,0.036337509751319885,0.21475771069526672,-0.00042361736996099353,0.07483529299497604,-0.0014428043505176902,0.01081567071378231,-0.00019072153372690082,0.26858389377593994,0.26453620195388794,-0.0001146864888141863,-0.0008457137737423182,0.053601182997226715,0.050699587911367416,0.16709071397781372,0.16714343428611755,-9.775102080311626e-05,0.008030704222619534,-0.0014023709809407592,0.0005947708850726485,-0.0014130148338153958,-0.00025922071654349566,0.6025726199150085,0.5992260575294495,0.21696971356868744,0.21745415031909943,-0.00044396519660949707,-0.00048719049664214253,0.42545661330223083,0.38791823387145996,0.38827431201934814,-0.00021674306481145322,0.11113786697387695,0.11671348661184311,0.036981984972953796,0.04818391427397728,2.8661453210787613e-09,-1.927837800508314e-08,1.1891126661112139e-07,-2.495944428915209e-08,1.2634322388294095e-07,5.029025373914919e-08,-4.872679681966474e-08,1.500034727541788e-07,-4.48524950513729e-08,1.4513730661747104e-07
00:00:00:09.150,61,1.0453630494566823e-07,1.9147991636714323e-08,-4.660338248640983e-08,3.404449699928591e-08,-8.331611667244943e-08,0.020356211811304092,0.44421541690826416,-1.1592172199925699e-07,-6.120652074059763e-08,9.946525381110405e-09,-5.52879662052419e-08,1.0523013571628326e-07,0.020394308492541313,0.444691926240921,0.0977589413523674,0.00040719882235862315,0.03784393146634102,0.21433673799037933,-0.0005666339420713484,0.09415753185749054,-0.0012177794706076384,0.009866628795862198,-0.00014632739475928247,0.2775263488292694,0.27648332715034485,-0.00014841824304312468,-0.0008707570959813893,0.050362106412649155,0.047545429319143295,0.15732507407665253,0.15758965909481049,-0.0002033364726230502,0.00749166589230299,-0.002010726137086749,0.003840983845293522,-0.0011072057532146573,0.00021499708236660808,0.607334315776825,0.6042872071266174,0.254305362701416,0.25604668259620667,-0.0004458862531464547,-0.0003849077329505235,0.42394036054611206,0.3982556164264679,0.39860862493515015,-0.000327161920722574,0.12605339288711548,0.13290300965309143,0.06080176681280136,0.07552871853113174,2.381857377997676e-09,-2.4326146430553308e-08,1.248531020792143e-07,-3.09757872685168e-08,1.1912547392967099e-07,4.9896769382939965e-08,-4.122033558928706e-08,1.4934688863377232e-07,-3.719702235116529e-08,1.315586217742748e-07
00:00:00:09.166,61,7.41379366786532e-08,2.2184103443123604e-08,-3.9376317317874054e-08,2.2114255315841547e-08,-5.767680733015368e-08,0.02061440236866474,0.4381062388420105,-8.131377171594067e-08,-3.792345637521066e-08,1.7900019244621035e-08,-4.229601557881324e-08,8.345581647972722e-08,0.02064097858965397,0.43855902552604675,0.09657523781061172,0.00026503970730118454,0.03930225595831871,0.2107229232788086,-0.0004329183720983565,0.12431823462247849,-0.0007951438310556114,0.00876599457114935,6.105378270149231e-05,0.27597081661224365,0.2782819867134094,-0.00022948354308027774,-0.0009226942202076316,0.0464327335357666,0.04381265118718147,0.14565865695476532,0.1463325470685959,-0.00020451306772883981,0.006938531994819641,-0.002492940053343773,0.008755589835345745,-0.0006192264263518155,0.0009185455273836851,0.603817880153656,0.6007373929023743,0.2889903783798218,0.2923802435398102,-0.00044571160105988383,-0.0002685284707695246,0.42430853843688965,0.4033125638961792,0.4036739766597748,-0.0004318749124649912,0.1376151144504547,0.1460323929786682,0.08297319710254669,0.10150542855262756,1.2514647096395493e-09,-2.4307519552735357e-08,1.020915831873026e-07,-3.052875285902701e-08,8.273869411823398e-08,3.752764143882814e-08,-2.2668391608249294e-08,1.1267140820336863e-07,-1.9688158658937027e-08,8.415430841068883e-08
00:00:00:10.183,61,2.552289579682565e-08,1.6521662260515768e-08,-1.982785846621482e-08,5.4901465595946775e-09,-1.8319115113740736e-08,0.02083650603890419,0.4316354990005493,-2.719461988931471e-08,-7.562339199296275e-09,1.7099083038374374e-08,-1.763459245296417e-08,3.75136721686431e-08,0.02085121162235737,0.43205681443214417,0.09250234812498093,8.29482451081276e-05,0.04139801859855652,0.20150592923164368,-0.0005632114480249584,0.170395627617836,-6.59406214253977e-05,0.007526033092290163,0.0003561324265319854,0.2582706809043884,0.26452338695526123,-0.0003853926027659327,-0.0010482638608664274,0.042192086577415466,0.03988476097583771,0.1333576738834381,0.13493117690086365,-0.0003631363797467202,0.006533458828926086,-0.002033588942140341,0.01574343629181385,8.045733011385892e-06,0.0017731257248669863,0.590298056602478,0.5868780612945557,0.31954440474510193,0.32462212443351746,-0.000494131469167769,-0.0001524329127278179,0.4196622967720032,0.40754958987236023,0.40791767835617065,-0.0006930349627509713,0.1437368392944336,0.15352444350719452,0.10275205969810486,0.1255141794681549,-2.328306384496992e-12,-1.5366822481155396e-08,4.921108498479043e-08,-1.9297003106544253e-08,2.704560841948478e-08,1.5218974525055273e-08,-1.19209286886246e-09,4.573725220780034e-08,7.450580430390374e-11,1.989305076222081e-08
00:00:00:12.200,61,9.592622252085903e-10,7.133930779446018e-09,-5.33647837031026e-09,-1.3969838619232178e-09,4.4703482582342247e-10,0.019777832552790642,0.4212362766265869,-3.2596289556430236e-10,3.911554635749326e-09,8.568167508826718e-09,-2.8824433950802586e-09,7.860362138956134e-09,0.019776230677962303,0.42161667346954346,0.08126190304756165,8.460841854684986e-06,0.04322352260351181,0.17898012697696686,-0.00021560788445640355,0.22725720703601837,-3.292083783890121e-05,0.006047893315553665,0.0007608534651808441,0.2316516488790512,0.2411893904209137,-7.268771878443658e-05,-0.0007779440493322909,0.037272337824106216,0.03536311537027359,0.1189056932926178,0.12199731916189194,-0.00047691853251308203,0.006015196908265352,-0.0006416106480173767,0.02435864508152008,0.0006700258236378431,0.00266073364764452,0.5469698309898376,0.5431130528450012,0.33430564403533936,0.3405352830886841,-0.00019543588859960437,0.0002055740333162248,0.4158138930797577,0.40967726707458496,0.4100511968135834,-0.0009232148295268416,0.1463271975517273,0.15789896249771118,0.12013775110244751,0.14620085060596466,-3.271270476723487e-10,-5.718320483794059e-09,1.3280660127179544e-08,-7.48783346438131e-09,6.519257911286047e-10,2.420274647363385e-09,4.824250776636063e-09,7.054768325076566e-09,5.029141991741426e-09,-6.1839817711017986e-09
00:00:00:13.216,61,1.3560057077199872e-08,1.0374933800960662e-08,-1.1697411927968915e-08,2.4586916946844894e-09,-9.369105491430219e-09,0.019135139882564545,0.4090448021888733,-1.4211982701795023e-08,-3.054738018093417e-09,1.1213123762843225e-08,-9.918585064383478e-09,2.1588057563803886e-08,0.01911213807761669,0.4093843698501587,0.06726570427417755,-0.0001261518191313371,0.044599924236536026,0.1542518585920334,0.0002469104656483978,0.28086647391319275,-0.0016069960547611117,0.004504707176238298,0.0011923162965103984,0.20930282771587372,0.21922403573989868,-0.0003532880509737879,-0.0012481161393225193,0.033439021557569504,0.032060202211141586,0.10406940430402756,0.11004427075386047,-0.000617661455180496,0.006489187013357878,0.0005976248066872358,0.032422199845314026,0.001092047430574894,0.003130345605313778,0.4752843379974365,0.4708463251590729,0.32671454548835754,0.3321530222892761,-0.00023866057745181024,0.000248706346610561,0.4146968722343445,0.4121379554271698,0.4125141203403473,-0.001067628967575729,0.1473863273859024,0.15939296782016754,0.12525621056556702,0.15323367714881897,-9.66247151734656e-11,-9.592622696175113e-09,2.911314389564268e-08,-1.193955512235334e-08,1.4379620161264484e-08,8.568167508826718e-09,6.519257911286047e-10,2.5681220705564556e-08,1.5646218765041908e-09,8.530914641369236e-09
00:00:00:14.233,61,1.600943555501999e-08,-1.8812715829596982e-09,-3.548338955994268e-09,6.193295210010774e-09,-1.343898503591845e-08,0.019646892324090004,0.40110141038894653,-1.8198043960637733e-08,-1.2628734502584393e-08,-4.4330956683324985e-09,-6.696209364775996e-09,1.1064112293013295e-08,0.019594985991716385,0.40142425894737244,0.054173097014427185,-0.0004325829795561731,0.04434856027364731,0.12030920386314392,0.0004325133631937206,0.2875441610813141,-0.0020288240630179644,0.0041483487002551556,0.0014121541753411293,0.20076759159564972,0.20777326822280884,-0.0006687867571599782,-0.0017379570053890347,0.029345445334911346,0.028179846704006195,0.08983081579208374,0.09740545600652695,-0.0010166785214096308,0.00649808207526803,0.005310985259711742,0.039820607751607895,0.0014132821233943105,0.0034442120231688023,0.38052377104759216,0.37523308396339417,0.29268988966941833,0.29673564434051514,-0.0003361529088579118,0.00021364926942624152,0.41647452116012573,0.4162353277206421,0.41663873195648193,-0.0017437461065128446,0.15242381393909454,0.1643083542585373,0.12537091970443726,0.15334346890449524,6.018672227270372e-10,2.0489096530518225e-10,1.2591481635126911e-08,-2.2351741291171123e-10,2.0340085171710598e-08,6.640330063589772e-09,-1.002103111602537e-08,1.934357030108913e-08,-9.38773148106975e-09,2.529472098444785e-08
00:00:00:14.250,61,2.3674219917779737e-08,-4.339963055599583e-09,-4.293397193322335e-09,9.63918900254157e-09,-2.0153819946244766e-08,0.01886766590178013,0.39791184663772583,-2.7166679572587782e-08,-1.9483268332010084e-08,-8.363276293721356e-09,-9.47155065489369e-09,1.497566692876262e-08,0.018804915249347687,0.3982313573360443,0.046332649886608124,-0.0005194070399738848,0.04116396978497505,0.09555717557668686,0.0016165238339453936,0.27733105421066284,0.0013291770592331886,0.00466224504634738,0.0014810108114033937,0.1849832981824875,0.18876484036445618,6.419033161364496e-05,-0.0010904488153755665,0.0246739462018013,0.023267634212970734,0.08614519983530045,0.09414267539978027,-0.0006451007793657482,0.006285546347498894,0.021084485575556755,0.05074416100978851,0.0014972584322094917,0.003354116575792432,0.30568671226501465,0.29989758133888245,0.25379812717437744,0.2563084363937378,-0.0006578314350917935,-0.00021357536024879664,0.4188837707042694,0.417777419090271,0.4182005226612091,-0.0020833166781812906,0.15081031620502472,0.1624305695295334,0.11922530829906464,0.14570032060146332,9.685754420729609e-10,1.5087425753179673e-09,1.545995509388831e-08,1.2293458473422447e-09,2.9820949265513264e-08,9.333016137702543e-09,-1.5869737524099037e-08,2.719461988931471e-08,-1.51433052764105e-08,3.9041040622578294e-08
00:00:00:16.266,61,1.1175870895385742e-08,-1.2535601889851478e-08,5.755573351251542e-09,6.975605870707113e-09,-1.128762949775819e-08,0.01847846806049347,0.40087077021598816,-1.3913958873956744e-08,-1.6000122116111015e-08,-1.7099083038374374e-08,-8.335336865172849e-10,-3.781169599648138e-09,0.018421899527311325,0.4012143015861511,0.04288875684142113,-0.0005136062391102314,0.037953685969114304,0.08103162795305252,0.003893013345077634,0.24236084520816803,0.00560545502230525,0.005014657974243164,0.0012469009961932898,0.17122671008110046,0.1722089648246765,0.00027496018446981907,-0.000822884903755039,0.02352895587682724,0.022000370547175407,0.08786117285490036,0.09599731117486954,-0.0007577096694149077,0.00575520284473896,0.026343252509832382,0.048039838671684265,0.0015048005152493715,0.00323886820115149,0.2574712634086609,0.25181519985198975,0.202463299036026,0.20320329070091248,-0.0005306941457092762,-0.00020317315647844225,0.4332161843776703,0.4219103753566742,0.42235511541366577,-0.0019460271578282118,0.14425306022167206,0.15469641983509064,0.09991876780986786,0.12241165339946747,9.88366055665324e-10,9.257346000879352e-09,-8.344650304081824e-09,1.0523945270790591e-08,1.7266721386022255e-08,1.932494386736039e-09,-1.5478581971706262e-08,4.693865740534875e-09,-1.5348195603337444e-08,2.9355287978205524e-08
00:00:00:16.283,61,-3.706663864733173e-09,-7.040798610802312e-09,6.388872986207161e-09,2.0489096530518225e-10,1.9185244504171806e-09,0.018431290984153748,0.40713173151016235,3.3341347460691395e-09,-2.2351742678949904e-09,-8.232891701709377e-09,4.163011713131937e-09,-1.0281801188227746e-08,0.0183948315680027,0.4074978530406952,0.041865166276693344,-0.0007211521151475608,0.03347348794341087,0.0763498842716217,0.020157763734459877,0.19972921907901764,0.009120538830757141,0.004995969124138355,0.0008908563177101314,0.15947683155536652,0.15750250220298767,0.00021676719188690186,-0.000935579533688724,0.023560576140880585,0.021965818479657173,0.09460052847862244,0.10206274688243866,0.0007677581743337214,0.0071626221761107445,0.03116128034889698,0.04496045410633087,0.00160721386782825,0.003246903419494629,0.2181880921125412,0.21215111017227173,0.15305203199386597,0.1523314267396927,-0.0007020854973234236,-0.0003704935370478779,0.45048972964286804,0.43007954955101013,0.43051978945732117,-0.0017673986731097102,0.1401248574256897,0.15019014477729797,0.0821591168642044,0.10062956809997559,2.363230999780086e-10,6.314367251292197e-09,-1.3932585751774695e-08,7.0594250445310536e-09,-1.862645149230957e-09,-3.18512327623921e-09,-3.371387613526622e-09,-1.0309740616776253e-08,-3.5762786065873797e-09,2.086162576020456e-09
00:00:00:18.300,61,-3.658234959402762e-08,-1.3075768912074182e-08,2.1271407746326076e-08,-1.0523945270790591e-08,2.8135254126482323e-08,0.017577018588781357,0.41037940979003906,3.985129382044761e-08,1.72108407525684e-08,-1.1399388100130636e-08,2.1574088293618843e-08,-4.364177641491551e-08,0.017562516033649445,0.4107714593410492,0.03933487832546234,-0.0008145820465870202,0.02766861766576767,0.0795346274971962,0.04017742723226547,0.15787486732006073,0.012822718359529972,0.005936098285019398,0.0007308642379939556,0.1417018175125122,0.13656511902809143,0.0004227849713061005,-0.000985957682132721,0.023449687287211418,0.02167552523314953,0.09994705021381378,0.10493915528059006,0.003221472492441535,0.008914764039218426,0.02429894730448723,0.031576141715049744,0.0014774942537769675,0.002955532865598798,0.19658628106117249,0.1895892173051834,0.09865647554397583,0.09661169350147247,-0.0007599150994792581,-0.0004748535284306854,0.46380653977394104,0.4328589141368866,0.43329930305480957,-0.001517893048003316,0.12938910722732544,0.13781893253326416,0.05883778631687164,0.07153626531362534,-5.110632472771215e-10,1.3969838619232178e-08,-5.256384483232068e-08,1.6763806343078613e-08,-3.881752519419024e-08,-1.8717255301226032e-08,9.778887033462524e-09,-5.710869999120405e-08,7.916241884231567e-09,-3.9152801889486e-08
00:00:00:18.316,61,4.5811756166358464e-08,-1.0728836485895954e-08,-6.463378721122126e-09,1.9380822280368193e-08,-3.976747464662367e-08,0.017480410635471344,0.4149462878704071,-5.288049464979849e-08,-3.9208678970226174e-08,-1.9520520311289147e-08,-1.7504207860952192e-08,2.6226043559063328e-08,0.01749802753329277,0.41538897156715393,0.03787858039140701,-0.000637059798464179,0.02136191911995411,0.08968546241521835,0.06502899527549744,0.12237958610057831,0.018724355846643448,0.007273558527231216,0.0005316364695318043,0.12247660011053085,0.11612734198570251,0.00043623268720693886,-0.0009618535405024886,0.02517496980726719,0.02321610599756241,0.10494743287563324,0.10590806603431702,0.010100421495735645,0.012990030460059643,0.017851172015070915,0.022056808695197105,0.0012418361147865653,0.002567327581346035,0.18961887061595917,0.18198628723621368,0.06301414221525192,0.060601167380809784,-0.0009746908908709884,-0.0007929384591989219,0.4795292019844055,0.43764594197273254,0.4380718469619751,-0.0011020376114174724,0.12142720818519592,0.12856240570545197,0.038899172097444534,0.04776224493980408,2.0093284813782475e-09,5.029141991741426e-09,2.5853514884488504e-08,5.047768425470167e-09,5.735084585012373e-08,1.7229467630386353e-08,-3.248453239734772e-08,5.0365926540507644e-08,-3.132969084163051e-08,7.759779663274458e-08
00:00:00:19.333,61,4.682689791479788e-08,1.490116086078075e-10,-1.4584511376369846e-08,1.7238781069295328e-08,-3.864057518399022e-08,0.018065426498651505,0.42169123888015747,-5.309469841563441e-08,-3.3155082235225564e-08,-5.997717433814387e-09,-2.1695159446721846e-08,3.8128344925780766e-08,0.018104422837495804,0.42216578125953674,0.036964233964681625,-0.00028634138288907707,0.018353553488850594,0.10433781892061234,0.07614865899085999,0.11417470872402191,0.020363006740808487,0.007954755797982216,0.00020403892267495394,0.11222631484270096,0.10453691333532333,0.00036443115095607936,-0.001028524013236165,0.026147151365876198,0.023862676694989204,0.10574327409267426,0.10549026727676392,0.012761248275637627,0.015190665610134602,0.012414294295012951,0.014914806000888348,0.0012562698684632778,0.0023991763591766357,0.19543565809726715,0.18776445090770721,0.044641703367233276,0.041521310806274414,-0.0007432544371113181,-0.0006692010210826993,0.4792359471321106,0.434061199426651,0.4344503879547119,-0.0004754242254421115,0.11589624732732773,0.12176408618688583,0.02796098403632641,0.033947888761758804,1.5099067551815892e-09,-3.743916732190655e-09,4.269182696248208e-08,-5.6251883151503534e-09,5.589798135474666e-08,2.030050438861508e-08,-2.481043281932216e-08,5.99864904415881e-08,-2.3301691243204914e-08,6.809830921383764e-08
00:00:00:21.350,61,6.580725653293484e-08,-2.0489096530518225e-10,-2.037733715098966e-08,2.427957923600843e-08,-5.4584816666647384e-08,0.01859157346189022,0.424742192029953,-7.449649075397247e-08,-4.6417117260943996e-08,-9.052455673952409e-09,-3.0449591292835976e-08,5.343929032619599e-08,0.018642572686076164,0.4252288341522217,0.037167467176914215,-0.00022511024144478142,0.01688421331346035,0.13643482327461243,0.08742690831422806,0.13116899132728577,0.025933271273970604,0.008412588387727737,0.0005142613663338125,0.09521037340164185,0.08936497569084167,6.249308353289962e-05,-0.0011604743776842952,0.02733648754656315,0.024917786940932274,0.11115793883800507,0.11044318228960037,0.011218566447496414,0.017240164801478386,0.005648290738463402,0.010137669742107391,0.00073635159060359,0.0017684462945908308,0.22823694348335266,0.22140923142433167,0.03874561935663223,0.03646382689476013,-0.0010001456830650568,-0.0008901655673980713,0.4790564775466919,0.42711764574050903,0.42750823497772217,-0.0004218952381052077,0.10673478990793228,0.1118592768907547,0.016726743429899216,0.021844346076250076,2.1269079830688042e-09,-5.215406329028838e-09,5.956739101975472e-08,-7.674097801668722e-09,7.845461169608825e-08,2.8514769212506508e-08,-3.5241246365558254e-08,8.436850862381107e-08,-3.321096286867942e-08,9.622424812505415e-08
00:00:00:21.366,61,6.571411859113141e-08,1.1343509243033623e-08,-2.881512095598282e-08,2.1606684441621837e-08,-5.255453316976855e-08,0.0186754297465086,0.42989733815193176,-7.311813732258088e-08,-3.9376317317874054e-08,5.550682580235389e-09,-3.443099672040262e-08,6.491318060852791e-08,0.018726563081145287,0.4304064214229584,0.040212858468294144,-0.0003064032644033432,0.017906585708260536,0.19716514647006989,0.07530561089515686,0.1876218616962433,0.035239823162555695,0.008957665413618088,0.00047260060091502964,0.08041426539421082,0.07504662871360779,-0.0005301618366502225,-0.00157056690659374,0.02852335013449192,0.025755148380994797,0.1108270063996315,0.11180680990219116,0.006697607226669788,0.018484199419617653,0.00016224622959271073,0.005457791034132242,0.0009279415244236588,0.001893962500616908,0.28323858976364136,0.27539584040641785,0.04179926961660385,0.0394427515566349,-0.0012098342413082719,-0.0010060709901154041,0.4770059287548065,0.4173069894313812,0.4176773428916931,-4.9207432311959565e-05,0.10145385563373566,0.10539358109235764,0.006972066126763821,0.010762418620288372,1.5436671940705082e-09,-1.4360994171624952e-08,7.692724324215305e-08,-1.847744002247964e-08,7.547438229948966e-08,3.117602176416767e-08,-2.6449560763808222e-08,9.296461911389997e-08,-2.3767352530512653e-08,8.367001669284946e-08
00:00:00:22.383,61,1.6419216208873877e-08,-9.87201875801702e-10,-4.116445850854689e-09,6.332993685020938e-09,-1.3997778047780685e-08,0.01876373402774334,0.43587738275527954,-1.847744002247964e-08,-1.2274831817649101e-08,-3.4272671367574503e-09,-6.9709495953418354e-09,1.1920929132713809e-08,0.01881640963256359,0.43639206886291504,0.0545586533844471,-0.000398834643419832,0.022607840597629547,0.2731688320636749,0.04798625782132149,0.22334739565849304,0.026911668479442596,0.008733909577131271,0.0004772609390784055,0.06500796228647232,0.06255819648504257,-0.0006696486379951239,-0.001977394800633192,0.031760476529598236,0.028541699051856995,0.11097006499767303,0.11331299692392349,0.0017278135055676103,0.018856119364500046,-0.0011988687328994274,0.000674671377055347,0.0009107691003009677,0.0018491670489311218,0.38422706723213196,0.37681350111961365,0.05649285763502121,0.055663835257291794,-0.0010308795608580112,-0.0007576292846351862,0.4714028239250183,0.3994179666042328,0.39973506331443787,4.900731073576026e-05,0.09253096580505371,0.09568235278129578,0.0007478827028535306,0.004219685681164265,6.018672227270372e-10,-3.5390257391298974e-10,1.4398247039082435e-08,-1.1734664351337187e-09,2.1439046093973957e-08,7.210764874088227e-09,-9.946525381110405e-09,2.0330771732801622e-08,-9.201467143782338e-09,2.484768657495806e-08
00:00:00:24.400,61,7.153488468247815e-08,-1.1269003508118658e-08,-1.3960525180323202e-08,2.9001384405091812e-08,-6.140209762861559e-08,0.017976265400648117,0.4530150592327118,-8.120201755446033e-08,-5.7239084583216027e-08,-2.3152679773374985e-08,-2.8824434394891796e-08,4.632398642456792e-08,0.018027691170573235,0.4535332918167114,0.0775209590792656,-0.0002901724074035883,0.027579165995121002,0.3339957296848297,0.025677792727947235,0.19744521379470825,0.0055989110842347145,0.00869168620556593,0.00029884700779803097,0.05691027268767357,0.05696341395378113,-0.00028814433608204126,-0.0019138252828270197,0.04018783941864967,0.0362212136387825,0.13914455473423004,0.14112572371959686,0.0007422459311783314,0.018930869176983833,-0.0009404206066392362,-0.0010649985633790493,0.0008255739230662584,0.0017395386239513755,0.48269179463386536,0.4759378433227539,0.07362940907478333,0.07491381466388702,-0.0010223936988040805,-0.0007980954833328724,0.4674738943576813,0.3929687440395355,0.3932346999645233,-0.00025071841082535684,0.08377443253993988,0.08613001555204391,-0.0007225844310596585,0.002230607206001878,2.8801150353530147e-09,3.18512327623921e-09,4.9434603965892165e-08,2.38418573772492e-09,8.917413651943207e-08,2.8577632704696043e-08,-4.7031790018081665e-08,8.333474710298105e-08,-4.4628976070271165e-08,1.1470169170024747e-07
00:00:00:25.416,61,7.342081431715997e-08,-6.165355337373057e-09,-1.8337741991558687e-08,2.8507784577413986e-08,-6.19236359966635e-08,0.016391325742006302,0.46006810665130615,-8.283183206003741e-08,-5.541369318962097e-08,-1.7099083038374374e-08,-3.1529925337281384e-08,5.3234398222912205e-08,0.01645047403872013,0.46059906482696533,0.08777764439582825,-0.00019789226644206792,0.03070693649351597,0.35182446241378784,0.011091861873865128,0.1637498438358307,-0.00020727157243527472,0.009531143121421337,0.00012819343828596175,0.07620014995336533,0.07605868577957153,0.00024179101455956697,-0.001125272479839623,0.047893401235342026,0.04351799935102463,0.15458741784095764,0.15519094467163086,-0.00016493321163579822,0.017563853412866592,-0.0005215543787926435,-0.0018414537189528346,0.0004630414769053459,0.0014371488941833377,0.5245375633239746,0.5174978971481323,0.08045341819524765,0.0825313925743103,-0.001028168248012662,-0.0008680784958414733,0.46397703886032104,0.3849247694015503,0.3851988613605499,-0.00034419656731188297,0.07573222368955612,0.07755211740732193,-0.0007561591337434947,0.0016042462084442377,2.6822091214739885e-09,-1.0803341554677104e-09,5.9101729732446984e-08,-2.7939677238464355e-09,9.02917207667997e-08,3.069872178684818e-08,-4.4181941660781376e-08,8.986331323512786e-08,-4.1779131265684555e-08,1.1213123940478908e-07
00:00:00:26.433,61,3.608874976634979e-08,-8.58679438664467e-09,-4.833564215545039e-09,1.5236437889143417e-08,-3.131106396381256e-08,0.016254261136054993,0.4470992982387543,-4.107132411945713e-08,-3.0640514125934715e-08,-1.5404076236791298e-08,-1.339707544900648e-08,2.0097941089147753e-08,0.016325168311595917,0.44758400321006775,0.08664615452289581,-9.278491052100435e-05,0.03233419731259346,0.28634968400001526,0.005479201674461365,0.15536262094974518,-0.0006560981273651123,0.009010685607790947,0.0001817817974369973,0.10827179253101349,0.10756921768188477,0.0010386294452473521,0.00021187007951084524,0.049553100019693375,0.046071406453847885,0.13802815973758698,0.1382482498884201,-0.00017326712259091437,0.016443399712443352,1.1880695637955796e-05,-0.0017502143746241927,5.5380463891196996e-05,0.001161643536761403,0.49171316623687744,0.48526328802108765,0.09225109219551086,0.09333596378564835,-0.0006321027758531272,-0.0005132374353706837,0.46034693717956543,0.3770139217376709,0.3773132562637329,-0.0005116377724334598,0.07828723639249802,0.08109643310308456,-0.0008206457132473588,0.0026318272575736046,1.6018748549839756e-09,4.060566549668465e-09,2.130865972560514e-08,3.930181069478067e-09,4.6715140200603855e-08,1.3972166534870212e-08,-2.6058405211415447e-08,4.005618237101771e-08,-2.482905969714011e-08,6.094575155657367e-08
00:00:00:26.450,61,4.383735330293348e-08,2.2165476565305653e-08,-2.9709189774962397e-08,1.097097968028038e-08,-3.244727864171182e-08,0.015420937910676003,0.4034801423549652,-4.739500525374751e-08,-1.7154961895471388e-08,2.179294789073083e-08,-2.8135254126482323e-08,5.843117989456914e-08,0.015494262799620628,0.40391454100608826,0.0644800066947937,-0.0002572787634562701,0.031217224895954132,0.19666734337806702,0.004188735969364643,0.14601442217826843,-0.0010345954215154052,0.007334260735660791,0.00021066398767288774,0.15045501291751862,0.14769010245800018,0.0004927625996060669,1.1348575753800105e-05,0.044085822999477386,0.041987400501966476,0.10782258957624435,0.11057852953672409,-0.00013172149192541838,0.014443698339164257,-0.00039191992254927754,-0.00177911261562258,-0.0007117235800251365,0.0003811815404333174,0.38435718417167664,0.37960198521614075,0.09619981795549393,0.09627576172351837,-0.0004263760056346655,-0.0002648991358000785,0.45380645990371704,0.3683212399482727,0.3686196804046631,-0.00015301995154004544,0.08498261123895645,0.09065986424684525,-0.0005414792685769498,0.00503369327634573,3.003515214317076e-10,-2.149492495107097e-08,7.404014468193054e-08,-2.6803464336921934e-08,4.7013163140263714e-08,2.435641377473985e-08,-6.891787140972383e-09,7.373280652700487e-08,-4.488974969518722e-09,4.0829181813251125e-08
00:00:00:28.466,61,1.8151476766092856e-08,2.4475157900383238e-08,-2.3571773866137846e-08,8.847564347824743e-10,-1.0859221077907932e-08,0.014490557834506035,0.3419376015663147,-1.8551945757394606e-08,2.3469328702674375e-09,2.8572976873419975e-08,-1.7308629196577385e-08,4.028901301467158e-08,0.014559700153768063,0.3423084020614624,0.046135786920785904,-0.000537346990313381,0.02650812640786171,0.11009669303894043,0.013207219541072845,0.10961310565471649,0.0009384274599142373,0.006587896961718798,6.419475994334789e-06,0.1755271553993225,0.1691157966852188,-0.0003405328025110066,-0.0007866927771829069,0.037324458360672,0.03603420406579971,0.08917883038520813,0.09243600070476532,0.0010921848006546497,0.013129732571542263,0.002093000803142786,0.0006995603325776756,-0.0014139048289507627,-0.00029964582063257694,0.24809658527374268,0.24410252273082733,0.07626370340585709,0.07425655424594879,-0.00022110894497018307,1.1661350981739815e-05,0.45136216282844543,0.36580318212509155,0.36612236499786377,-0.00013682425196748227,0.09524793922901154,0.10235082358121872,0.004733111243695021,0.011081142351031303,-6.670597962887825e-10,-2.1383165460520104e-08,5.444511685936959e-08,-2.6170164701966314e-08,1.5553087706621227e-08,1.3762619488488781e-08,8.661300121559634e-09,4.267320008466413e-08,1.0449439535875626e-08,1.3411045607369942e-09
00:00:00:28.483,61,2.5732441955028662e-08,1.3392418729551991e-08,-1.7797574969335983e-08,6.305053812383221e-09,-1.900829360579337e-08,0.015962136909365654,0.2988215982913971,-2.8284267372669092e-08,-9.890645635834971e-09,1.352280420974239e-08,-1.6987323547823507e-08,3.5073608017910374e-08,0.01603330858051777,0.2991691827774048,0.03664989769458771,-0.0007441165507771075,0.020687546581029892,0.06339576095342636,0.024448975920677185,0.07400473952293396,0.0026347374077886343,0.006137744057923555,5.544086889130995e-05,0.1977270543575287,0.19019582867622375,-0.00014712809934280813,-0.0006708175060339272,0.03196670860052109,0.031341683119535446,0.07423331588506699,0.07605231553316116,0.004549188539385796,0.011625404469668865,0.011798274703323841,0.006901072803884745,-0.0014053082559257746,-0.0002454386558383703,0.17339366674423218,0.16937151551246643,0.06163690611720085,0.059408038854599,-0.0013810503296554089,-0.0011134390952065587,0.44877833127975464,0.35912007093429565,0.35949647426605225,-0.00045899846008978784,0.10897323489189148,0.11779709905385971,0.01649039424955845,0.02357175573706627,1.3737007364955645e-10,-1.3355165862094509e-08,4.442408751970106e-08,-1.607462785102598e-08,2.689659517329801e-08,1.4314427865258494e-08,-3.6880374310044317e-09,4.365108807746765e-08,-2.2165478341662492e-09,2.4102627449451575e-08
00:00:00:29.500,61,-3.7252903539730653e-10,8.102506221518979e-09,-5.746260356431776e-09,-2.0582229254273443e-09,1.6484409393058286e-09,0.017581848427653313,0.27202528715133667,7.450580707946131e-10,5.159527027842614e-09,1.0132789718397817e-08,-2.94297941572097e-09,8.083880231879448e-09,0.017648570239543915,0.27239108085632324,0.034578774124383926,-0.0005520510603673756,0.019008135423064232,0.047130096703767776,0.025613732635974884,0.05645691230893135,0.002532386686652899,0.006830558646470308,-0.00013345388288144022,0.21573054790496826,0.20462429523468018,-0.00018222689686808735,-0.000707613246049732,0.031133294105529785,0.030407633632421494,0.06897057592868805,0.06959733366966248,0.010190019384026527,0.011150511913001537,0.015853947028517723,0.008322385139763355,-0.0008418471552431583,0.00031428158399648964,0.14606481790542603,0.14141632616519928,0.051456961780786514,0.048063330352306366,-0.0017468458972871304,-0.0016096389153972268,0.4535154104232788,0.3567492663860321,0.3571456968784332,-0.00035434190067462623,0.12073543667793274,0.12886151671409607,0.023133551701903343,0.02875596098601818,-4.388857610670982e-10,-6.761402104871195e-09,1.2684613359681407e-08,-8.12113309933693e-09,-2.291053569081214e-09,1.8184073136140455e-09,6.2957408175634555e-09,5.904585265170681e-09,6.463378721122126e-09,-8.381903171539307e-09
00:00:00:30.516,61,3.291293992901956e-08,6.668269492138279e-09,-1.5012920684398523e-08,1.0579824127887605e-08,-2.628192241616034e-08,0.01988101750612259,0.26167717576026917,-3.694556482969347e-08,-1.8998980166884394e-08,3.799796033376879e-09,-1.7811544239521027e-08,3.391876646219316e-08,0.019939595833420753,0.2620418965816498,0.03145910054445267,-0.0005268595996312797,0.017005352303385735,0.03902164846658707,0.02431979402899742,0.05788683518767357,0.002033461816608906,0.00724554480984807,-0.00017651758389547467,0.2240067422389984,0.21043510735034943,0.00013438700989354402,-0.0008715689182281494,0.029661083593964577,0.028995981439948082,0.06287295371294022,0.06287093460559845,0.011424316093325615,0.011729567311704159,0.01665509305894375,0.009813399985432625,-2.3698694349150173e-05,0.0011261003091931343,0.14159458875656128,0.13678143918514252,0.05130196735262871,0.04692038521170616,-0.0017385625978931785,-0.0015868726186454296,0.4439362585544586,0.3458520472049713,0.34625521302223206,-0.00021972782269585878,0.1288250982761383,0.13660725951194763,0.03566776588559151,0.04095858708024025,7.043127192574161e-10,-8.400530049357258e-09,4.0475278240137413e-08,-1.0263175198588215e-08,3.708526463697126e-08,1.5695114541358635e-08,-1.2777745972414323e-08,4.731118607992357e-08,-1.130625637557614e-08,4.1760504387866604e-08
00:00:00:32.533,61,5.002133462994607e-08,2.495944428915209e-08,-3.3788381870181183e-08,1.2600794185857467e-08,-3.710389151478921e-08,0.021422019228339195,0.24981021881103516,-5.436129768554565e-08,-1.972541241457293e-08,2.4475157900383238e-08,-3.218650945768786e-08,6.647780281809901e-08,0.021486561745405197,0.25016623735427856,0.03116903081536293,-0.00032195806852541864,0.016481196507811546,0.04451906308531761,0.027375908568501472,0.07223351299762726,0.001475183991715312,0.006766468286514282,-0.00016758743731770664,0.22174188494682312,0.20848895609378815,0.00026158272521570325,-0.0008223641198128462,0.030007874593138695,0.029282035306096077,0.0639769434928894,0.06371936947107315,0.010413548909127712,0.011957995593547821,0.014870686456561089,0.011875968426465988,0.0002134981332346797,0.001377281965687871,0.1517857313156128,0.1468348652124405,0.05937746539711952,0.05466160923242569,-0.002053107600659132,-0.0019072711002081633,0.4344410002231598,0.33743613958358765,0.33785369992256165,-0.00018438883125782013,0.13111913204193115,0.13871236145496368,0.038882721215486526,0.04499581456184387,3.271270476723487e-10,-2.4437904144747336e-08,8.30367241633212e-08,-3.010034532735517e-08,5.202367958645482e-08,2.727378145550574e-08,-7.748603536583687e-09,8.324160916117762e-08,-5.476176845320424e-09,4.7497451305389404e-08
00:00:00:33.550,61,6.174668953917717e-08,2.0600856132091394e-08,-3.44216815051368e-08,1.789070580571206e-08,-4.750676296794154e-08,0.021171221509575844,0.23964816331863403,-6.799586316219575e-08,-3.058463349248086e-08,1.765787516205819e-08,-3.6233103628546814e-08,7.19726074294158e-08,0.021210927516222,0.23998616635799408,0.02972317300736904,-0.0003318691160529852,0.018858853727579117,0.04825057089328766,0.01649043895304203,0.1053895503282547,0.0006085645873099566,0.006631455849856138,-0.00022846911451779306,0.2069067358970642,0.19419708847999573,-0.00015596389130223542,-0.0010682273423299193,0.027602648362517357,0.026713037863373756,0.06014755368232727,0.06104496866464615,0.0040605561807751656,0.009961330331861973,0.008304309099912643,0.011442973278462887,0.0003237623313907534,0.001397272222675383,0.17102569341659546,0.1661291867494583,0.08223703503608704,0.07704920321702957,-0.0016713218064978719,-0.001495939097367227,0.42275917530059814,0.33061477541923523,0.33103591203689575,-0.00023531672195531428,0.1263698786497116,0.13235323131084442,0.0377938337624073,0.044749535620212555,9.126961408867373e-10,-2.2090970830390688e-08,8.709728405165151e-08,-2.704560841948478e-08,6.664544116574689e-08,3.1280798395982856e-08,-1.7378479100216282e-08,9.501352593588308e-08,-1.4416873028721966e-08,6.861984758188555e-08
00:00:00:33.566,61,4.685484000788165e-08,4.93600982309772e-09,-1.845881314466169e-08,1.605600097320803e-08,-3.776512969011492e-08,0.01870485581457615,0.23298463225364685,-5.27780485981566e-08,-2.9820949265513264e-08,2.2351741291171123e-10,-2.3655593039961786e-08,4.371628037347364e-08,0.01873151957988739,0.23332038521766663,0.028879409655928612,-0.0002597683633212,0.020535707473754883,0.05225599184632301,0.008567140437662601,0.12661007046699524,0.0013220226392149925,0.006672749295830727,-0.0001984655245905742,0.18959754705429077,0.1774723380804062,-0.0004080614307895303,-0.0009290483430959284,0.025710897520184517,0.02472580410540104,0.05675981566309929,0.05869053304195404,0.0015666973777115345,0.008622633293271065,0.005456862505525351,0.011670785024762154,0.0007033518049865961,0.0016954466700553894,0.18838921189308167,0.18297412991523743,0.0998983383178711,0.09495443105697632,-0.0012864288873970509,-0.0011364410165697336,0.41673728823661804,0.3277425467967987,0.3281590938568115,-9.395807865075767e-05,0.1195765808224678,0.12445132434368134,0.03585737571120262,0.04294712841510773,1.23400245577443e-09,-8.251517691348909e-09,5.0365926540507644e-08,-1.0319054055685228e-08,5.345791720401394e-08,2.120155784268718e-08,-2.101063678594528e-08,6.390735762806798e-08,-1.940876259709512e-08,6.314367340110039e-08
00:00:00:35.583,61,2.843327884249902e-08,1.1362135232673154e-08,-1.72108407525684e-08,7.80448328185912e-09,-2.149492495107097e-08,0.01807009056210518,0.23373936116695404,-3.131106396381256e-08,-1.2964010309701735e-08,1.0617076995345087e-08,-1.7331913682028244e-08,3.5259873243376205e-08,0.01807699166238308,0.23407498002052307,0.028463654220104218,-0.0003092391707468778,0.022957531735301018,0.05508284643292427,0.003309102961793542,0.14135122299194336,0.0006489598890766501,0.007030504755675793,8.536651876056567e-06,0.1791238784790039,0.1672298014163971,-0.00025209636078216136,-0.0006129693938419223,0.02324465662240982,0.02206271141767502,0.05817191302776337,0.06104825809597969,0.0006110119866207242,0.007754560559988022,0.0030588784720748663,0.011909429915249348,0.00039612629916518927,0.0012691779993474483,0.20399826765060425,0.19830933213233948,0.1151805892586708,0.11095614731311798,-0.0012676838086917996,-0.0011051767505705357,0.40773919224739075,0.32261601090431213,0.32305392622947693,-0.0003497204161249101,0.11399855464696884,0.11803202331066132,0.037325669080019,0.04501190781593323,3.364402922922949e-10,-1.1604279315235999e-08,4.32878728418018e-08,-1.4398247039082435e-08,3.051012598120906e-08,1.490348999766411e-08,-6.537884456037091e-09,4.5327468001232774e-08,-5.047768425470167e-09,3.0025841368797046e-08
00:00:00:36.600,61,5.43426708077277e-08,5.56930901396413e-09,-2.1122396276496147e-08,1.875683608432155e-08,-4.393979935457537e-08,0.01828596740961075,0.2436971664428711,-6.107613614858565e-08,-3.486871591462659e-08,-1.1175870645585562e-10,-2.725515457768779e-08,5.047768425470167e-08,0.01827925071120262,0.24402910470962524,0.027638697996735573,-0.0002550071512814611,0.025372758507728577,0.058600351214408875,0.0018658790504559875,0.14795014262199402,-0.00011745333904400468,0.00713012833148241,-5.2595732995541766e-05,0.17867770791053772,0.1653481423854828,-7.64644137234427e-05,-0.0006682151579298079,0.021620241925120354,0.02020522579550743,0.05729825794696808,0.06024150922894478,0.00035222768201492727,0.007265962194651365,0.0012202768120914698,0.010856973938643932,0.0003189258568454534,0.0011137916008010507,0.21450012922286987,0.20876210927963257,0.12407884001731873,0.11963190883398056,-0.0011115297675132751,-0.0010187753941863775,0.3932497501373291,0.3173927664756775,0.3178095519542694,-0.0005699868779629469,0.11139800399541855,0.11498996615409851,0.040481939911842346,0.047840360552072525,1.457519882563929e-09,-9.089708541409891e-09,5.804002256581953e-08,-1.1697411927968915e-08,6.264075835815675e-08,2.4675392396034113e-08,-2.484768657495806e-08,7.417052927394252e-08,-2.2724270465346308e-08,7.36117371502587e-08
00:00:00:37.616,61,8.039176435659101e-08,-5.9604643443123e-10,-2.5071203779702955e-08,2.9802322387695312e-08,-6.656162554463663e-08,0.019412366673350334,0.24851705133914948,-9.10554049937673e-08,-5.703419603264592e-08,-1.0840595088268401e-08,-3.733672215844308e-08,6.567686483549551e-08,0.01939409226179123,0.2488427311182022,0.026884596794843674,-0.0003345230361446738,0.027299964800477028,0.05826390162110329,0.0016636258224025369,0.14795871078968048,-0.001235663890838623,0.007022487930953503,-8.065801375778392e-05,0.18218769133090973,0.16810135543346405,-7.469892443623394e-05,-0.0006468224455602467,0.021057242527604103,0.019679607823491096,0.060561440885066986,0.0641709715127945,6.596833554795012e-05,0.006878050044178963,0.00038167371531017125,0.009595335461199284,0.0004731133522000164,0.0011942803394049406,0.22493591904640198,0.21915332973003387,0.12876169383525848,0.12424644827842712,-0.0012635353486984968,-0.0011787634575739503,0.37879276275634766,0.31227293610572815,0.3126901686191559,-0.0009086401551030576,0.11055442690849304,0.11402542144060135,0.04598692059516907,0.05314338579773903,2.5937334502401654e-09,-6.556510889765832e-09,7.284805292329111e-08,-8.90344420412248e-09,9.497627928567454e-08,3.44915314087757e-08,-4.3194742005425724e-08,1.030182446015715e-07,-4.0475278240137413e-08,1.178681827695982e-07
00:00:00:37.633,61,6.563030297002115e-08,-5.718320483794059e-09,-1.662410831215766e-08,2.541579391390769e-08,-5.516223566814915e-08,0.018396520987153053,0.25319981575012207,-7.478520558379387e-08,-4.980713086411015e-08,-1.542270133825241e-08,-2.862885573051699e-08,4.820525489890315e-08,0.01837126538157463,0.253543496131897,0.026826288551092148,-0.0003346015000715852,0.02820443920791149,0.05683593451976776,0.0008661758620291948,0.13966108858585358,-0.0012608063407242298,0.007701209280639887,-0.00010999303049175069,0.19107718765735626,0.17526069283485413,-0.0001662290160311386,-0.0006433493108488619,0.021218599751591682,0.01971166580915451,0.06277331709861755,0.06654441356658936,0.00012157261517131701,0.0064429426565766335,0.0004319912113714963,0.009478366002440453,0.00010524324898142368,0.000787594763096422,0.23194794356822968,0.2261471301317215,0.131613090634346,0.12637528777122498,-0.0010680538835003972,-0.0010532320011407137,0.36892464756965637,0.3057563304901123,0.3061809837818146,-0.000944802537560463,0.10971121490001678,0.11269695311784744,0.04861323907971382,0.05542896315455437,2.381857377997676e-09,-1.247972281070986e-09,5.1930545197365063e-08,-2.3283064365386963e-09,7.91065417615755e-08,2.6971100908212975e-08,-3.933906711495183e-08,7.996335682491917e-08,-3.710389151478921e-08,1.0155141438872306e-07
00:00:00:39.650,61,1.5785918350275097e-08,-2.0563602376455492e-08,9.834766778737958e-09,1.0542571260430122e-08,-1.6530975699424744e-08,0.017872724682092667,0.25355443358421326,-1.997686993604475e-08,-2.3823231387609667e-08,-2.7157366133678806e-08,-2.468004689504255e-10,-7.823109271498652e-09,0.017856165766716003,0.2538929581642151,0.025755692273378372,-0.00022503623040392995,0.027600998058915138,0.05628715455532074,0.0011024796403944492,0.1374332457780838,-0.0008497405215166509,0.007683011703193188,-0.0003392420767340809,0.19896209239959717,0.18299011886119843,-0.00018461942090652883,-0.0006227493286132812,0.020469050854444504,0.01885303296148777,0.06415364891290665,0.06799845397472382,-1.6105175291158957e-06,0.005919978022575378,0.0007063016528263688,0.009609031490981579,0.0001157518127001822,0.0008021278772503138,0.24327915906906128,0.2374439686536789,0.138038769364357,0.13228145241737366,-0.0009753465419635177,-0.000933439121581614,0.35922810435295105,0.30401819944381714,0.3044261634349823,-0.0007647430757060647,0.11103535443544388,0.11426536738872528,0.054002270102500916,0.061264533549547195,1.5192199720459598e-09,1.527368986842248e-08,-1.542270133825241e-08,1.7769634652609057e-08,2.4251640695638343e-08,2.114102226613568e-09,-2.369284679559769e-08,4.665926311986368e-09,-2.402812171453661e-08,4.4815241295736996e-08
00:00:00:39.666,61,6.04614598387343e-08,-1.987442388440286e-08,-4.786997909178581e-09,2.68779700718369e-08,-5.347654052911821e-08,0.016388023272156715,0.24923476576805115,-7.021240833182674e-08,-5.4519624370641395e-08,-3.214925570205196e-08,-2.1290034624144027e-08,2.9653310917865383e-08,0.016354244202375412,0.24957697093486786,0.026216132566332817,-0.00025698397075757384,0.028740141540765762,0.0606880858540535,0.0007518694037571549,0.13812203705310822,-0.0013443445786833763,0.007928682491183281,-0.0003555825969669968,0.2110758274793625,0.1933036595582962,-9.410351776750758e-05,-0.0006517407018691301,0.020823007449507713,0.01924840547144413,0.06484221667051315,0.06939836591482162,0.0004470172571018338,0.005594819784164429,0.00034888394293375313,0.00904293917119503,0.0003340341500006616,0.0010035496670752764,0.2644660472869873,0.2588144838809967,0.146476149559021,0.14051155745983124,-0.001162192551419139,-0.0011569928610697389,0.3607940673828125,0.3039727509021759,0.30438733100891113,-0.00048447272274643183,0.1140873059630394,0.1167365089058876,0.057081107050180435,0.06413266062736511,2.9045623683998656e-09,1.0747462475535485e-08,2.6375055028893257e-08,1.1865049387438376e-08,7.679685865014108e-08,2.1480955680885927e-08,-4.6845524792615834e-08,6.263144314289093e-08,-4.552304844196442e-08,1.0866671829035113e-07
00:00:00:41.683,61,9.862706207286465e-08,-3.520399305401156e-09,-2.8554349995602024e-08,3.71318300551593e-08,-8.210540158870572e-08,0.01482565887272358,0.2458038330078125,-1.1157244728110527e-07,-7.128343071372001e-08,-1.7136335017653437e-08,-4.4628976070271165e-08,7.739290452946079e-08,0.014802527613937855,0.24612316489219666,0.02564389258623123,-1.0027251846622676e-05,0.0287178847938776,0.06712859123945236,0.0006332945777103305,0.141849547624588,-0.000986274448223412,0.007552530150860548,-0.0003615828463807702,0.2175540179014206,0.20139890909194946,-0.0001245269231731072,-0.0007026222301647067,0.020378127694129944,0.019184138625860214,0.06485146284103394,0.07068124413490295,0.00031007410143502057,0.005312075838446617,-0.000553949037566781,0.00851032231003046,2.373646930209361e-05,0.0005557480617426336,0.3040817677974701,0.29890212416648865,0.16483871638774872,0.15871182084083557,-0.0012032443191856146,-0.0011998116970062256,0.35003674030303955,0.30559900403022766,0.3060208559036255,-3.797326280619018e-05,0.11474484205245972,0.11783132702112198,0.06246421858668327,0.07102931290864944,3.305030915612406e-09,-5.6251883151503534e-09,8.519739225221201e-08,-8.195638834251895e-09,1.1699274438115026e-07,4.166271594385762e-08,-5.491077814667733e-08,1.2408010263698088e-07,-5.183741436098899e-08,1.4681369009394984e-07
00:00:00:42.700,61,8.388422401139906e-08,1.3802200271584297e-08,-3.6377461043457515e-08,2.7688219716992535e-08,-6.698071786104265e-08,0.015139307826757431,0.23702117800712585,-9.329989580919573e-08,-5.031004590705379e-08,6.1839817711017986e-09,-4.379078788474544e-08,8.285045538514169e-08,0.01512876246124506,0.2373119741678238,0.026801494881510735,0.00020063291594851762,0.029913149774074554,0.0771559551358223,0.00039278744952753186,0.1419229656457901,-0.0011996995890513062,0.007242320571094751,-0.0004000876797363162,0.22077222168445587,0.20574669539928436,-0.00012334018538240343,-0.0006991830305196345,0.020839553326368332,0.019723404198884964,0.06626582890748978,0.07249844074249268,7.068812556099147e-05,0.00507160322740674,-0.001073051942512393,0.00815033819526434,0.0003646766999736428,0.0008266298682428896,0.3442822992801666,0.3399319052696228,0.18290214240550995,0.17726582288742065,-0.0008968901820480824,-0.0009078740840777755,0.34240031242370605,0.30597519874572754,0.3063769042491913,8.17875552456826e-05,0.11299147456884384,0.11586585640907288,0.061514463275671005,0.07041943818330765,1.9837171905123796e-09,-1.8216669062098845e-08,9.726733196657733e-08,-2.307817403846002e-08,9.529292555043867e-08,3.9383301952966576e-08,-3.419816607674875e-08,1.1837109781254185e-07,-3.1124798738346726e-08,1.079589111441237e-07
00:00:00:42.716,61,8.074566437699104e-08,1.3913958873956744e-08,-3.531575032411638e-08,2.6505439620905236e-08,-6.441027267101163e-08,0.015562392771244049,0.2357245236635208,-8.989125177549795e-08,-4.824250865453905e-08,6.854534273514901e-09,-4.2282046308628196e-08,8.035451060095511e-08,0.015556860715150833,0.2360018491744995,0.0290498249232769,0.00025451480178162456,0.030368641018867493,0.08347440510988235,0.0002786031400319189,0.1400790512561798,-0.001297744456678629,0.006987177766859531,-0.00032837450271472335,0.22862502932548523,0.21452800929546356,-2.851933277270291e-05,-0.00045777170453220606,0.02156144194304943,0.020552752539515495,0.06911550462245941,0.07513795047998428,-0.00010429621033836156,0.005119945853948593,-0.0012974566780030727,0.007412909995764494,-0.00017842542729340494,0.00023920074454508722,0.36667877435684204,0.36201345920562744,0.19230952858924866,0.18689864873886108,-0.0007726478506810963,-0.0007826823275536299,0.33224087953567505,0.3093363642692566,0.30972811579704285,7.659334369236603e-05,0.11391648650169373,0.11723834276199341,0.06609077006578445,0.0756852850317955,1.8719583660953276e-09,-1.8104911347904817e-08,9.499490261077881e-08,-2.2873281935176237e-08,9.167939651888446e-08,3.8086437115225635e-08,-3.2726674703553726e-08,1.1458993043333976e-07,-2.9504299448035454e-08,1.0326504451541041e-07
00:00:00:43.733,61,5.274079839523438e-08,8.400530049357258e-09,-2.276152422098221e-08,1.740641941694321e-08,-4.2095781083162365e-08,0.015971699729561806,0.23844952881336212,-5.877576825241704e-08,-3.198161735440408e-08,3.948807503206808e-09,-2.739951021624165e-08,5.189329499444284e-08,0.01597120799124241,0.23871034383773804,0.02947564795613289,0.0002929597976617515,0.029955942183732986,0.0838007926940918,0.00010278165427735075,0.1374109387397766,-0.0009667503763921559,0.006381117273122072,-0.00032332437695004046,0.2292352318763733,0.21680763363838196,4.497707050177269e-05,-0.0004323890898376703,0.021835464984178543,0.0209201667457819,0.07090688496828079,0.07619792968034744,-0.00022291183995548636,0.004992211703211069,-0.0014729717513546348,0.008806373924016953,-0.00033563480246812105,0.00016624554700683802,0.36321085691452026,0.35863035917282104,0.1943841576576233,0.1897592544555664,-0.0007492059376090765,-0.0007900720811448991,0.3187542259693146,0.3108839690685272,0.311252236366272,-0.0002474638167768717,0.11516889929771423,0.11965270340442657,0.07407663017511368,0.08459071815013885,1.2537930693667931e-09,-1.1418014977948587e-08,6.111338990422155e-08,-1.4286488436709988e-08,6.034970567725395e-08,2.481043281932216e-08,-2.181157476854878e-08,7.458031348051009e-08,-1.9483268332010084e-08,6.832182464222569e-08
00:00:00:45.750,61,5.3886324735685776e-08,-1.1809170530341362e-08,-8.242205140618353e-09,2.257525899551638e-08,-4.651956331258589e-08,0.0161453690379858,0.24129272997379303,-6.190501267155923e-08,-4.539266384995244e-08,-2.1401792338338055e-08,-2.0773150311015343e-08,3.198161735440408e-08,0.016146933659911156,0.24154895544052124,0.02980857342481613,0.0002142320154234767,0.02991505153477192,0.07992158085107803,0.00045974671957083046,0.1367660015821457,-0.0007571828318759799,0.006329417694360018,-0.0002747377729974687,0.23101744055747986,0.21846520900726318,0.00037222803803160787,-0.0003983387432526797,0.021436231210827827,0.02055450528860092,0.0681287869811058,0.07302985340356827,-4.620760591933504e-05,0.004878532607108355,-0.0008368958369828761,0.010361642576754093,-0.0005657530855387449,3.771126284846105e-05,0.3345951437950134,0.32989007234573364,0.1878153681755066,0.1828940361738205,-0.0006571939447894692,-0.0007143351249396801,0.3144593834877014,0.30999597907066345,0.31037017703056335,-0.0002500264090485871,0.11824076622724533,0.12306580692529678,0.07821817696094513,0.08880630135536194,2.31550068008346e-09,5.103647726656391e-09,3.196299047658613e-08,5.0850212929276495e-09,6.699003307630846e-08,2.0524021593359976e-08,-3.753229904646105e-08,6.034039046198814e-08,-3.632158041000366e-08,9.082257435011343e-08
00:00:00:45.766,61,4.1965396491150386e-08,-6.854534273514901e-09,-8.065253354061497e-09,1.70897695994654e-08,-3.583729224487797e-08,0.01719864085316658,0.23244163393974304,-4.820525489890315e-08,-3.410503168765899e-08,-1.3895332884317213e-08,-1.704320240492052e-08,2.723187186859377e-08,0.01719488576054573,0.23268325626850128,0.03054020367562771,-4.242762952344492e-05,0.03130078688263893,0.07356644421815872,0.0008118790574371815,0.1388363242149353,-0.0006666600820608437,0.00584486173465848,-8.746200910536572e-05,0.22413605451583862,0.2122349590063095,0.0002897951053455472,-0.0005890029715374112,0.02135848067700863,0.020752036944031715,0.06897445023059845,0.07556598633527756,-4.5617820433108136e-05,0.004609076306223869,-0.00025990663561969995,0.010919148102402687,-0.00040340566192753613,0.0002408992440905422,0.2981114685535431,0.2934088110923767,0.17545422911643982,0.17011478543281555,-0.0005402189563028514,-0.0004731685039587319,0.3209690749645233,0.3177637755870819,0.31815481185913086,-0.0005524955922737718,0.11875069886445999,0.12383859604597092,0.07711075991392136,0.08741126954555511,1.6915145950591182e-09,2.086162576020456e-09,2.8237700178124214e-08,1.7695128695649487e-09,5.159527205478298e-08,1.6507692990330725e-08,-2.771616003371946e-08,4.870351233421388e-08,-2.6449560763808222e-08,6.88061092546377e-08
00:00:00:47.783,61,5.427747851172171e-08,-1.1846423397798844e-08,-8.307397436624342e-09,2.2714957026437332e-08,-4.666857478241582e-08,0.015306122601032257,0.21028020977973938,-6.264075835815675e-08,-4.582107138162428e-08,-2.1569430685985935e-08,-2.1038577102672207e-08,3.2223759660610085e-08,0.015291906893253326,0.21051357686519623,0.03107323870062828,-4.891142089036293e-05,0.03243798762559891,0.0697747990489006,0.0010089376010000706,0.14003415405750275,-0.0009922522585839033,0.005455279257148504,-0.00012431450886651874,0.2066793590784073,0.1947539895772934,0.00021629109687637538,-0.0006718544755131006,0.021702207624912262,0.021037111058831215,0.07316838949918747,0.08105983585119247,-5.99829108978156e-05,0.004327932372689247,-0.0001245692401425913,0.00942186638712883,1.9738898117793724e-05,0.0006061959429644048,0.26483166217803955,0.2611550986766815,0.1574796736240387,0.15200549364089966,-0.000691255321726203,-0.0006037497660145164,0.3342288136482239,0.32444337010383606,0.32483425736427307,-0.0006442141020670533,0.11213172972202301,0.11613288521766663,0.0675625205039978,0.07634482532739639,2.3236497170842085e-09,4.805624342907322e-09,3.2074748190780156e-08,5.1967798953000965e-09,6.685033326903067e-08,2.0614825402276438e-08,-3.75881796799149e-08,6.069429048238817e-08,-3.632158041000366e-08,9.108335063956474e-08
00:00:00:48.800,61,6.072222902275826e-08,7.357448428280122e-09,-2.4419277266929384e-08,2.0582229254273443e-08,-4.8866496626942535e-08,0.012483320198953152,0.18924379348754883,-6.824731713095389e-08,-3.8426367865440625e-08,1.19209286886246e-09,-3.086402955432277e-08,5.749985731995366e-08,0.01245470717549324,0.18946968019008636,0.03103400208055973,-0.0001526364649180323,0.03296933323144913,0.0661289393901825,0.0008369815186597407,0.14310838282108307,-0.000840013031847775,0.004842537455260754,-0.00014330315752886236,0.18087080121040344,0.1688443124294281,0.0001844298094511032,-0.0009098334703594446,0.021839136257767677,0.02117452397942543,0.07914482057094574,0.08795017004013062,-0.00011350437853252515,0.003819017903879285,-0.00012747406435664743,0.008715402334928513,0.00042197253787890077,0.0009099196176975965,0.2402922511100769,0.23703846335411072,0.1401970535516739,0.1350170075893402,-0.0005922484560869634,-0.0004959875368513167,0.3509066104888916,0.33177390694618225,0.3321474492549896,-0.0005912641645409167,0.10048800706863403,0.10318155586719513,0.052805181592702866,0.06003313139081001,1.5576370193670641e-09,-1.1250376630300707e-08,6.619841030897078e-08,-1.4211982701795023e-08,6.930902429758135e-08,2.784654462573144e-08,-2.659857223363815e-08,8.37352160942828e-08,-2.4288892674917406e-08,8.106231774718253e-08
00:00:00:48.816,61,7.810071167568822e-08,1.1473893835045601e-08,-3.2708047825735775e-08,2.6170164701966314e-08,-6.264075835815675e-08,0.010777974501252174,0.17763671278953552,-8.74511911774789e-08,-4.820525489890315e-08,3.799796033376879e-09,-4.0344893648125435e-08,7.567927440277344e-08,0.010755049996078014,0.17784158885478973,0.03135283663868904,-6.79846853017807e-05,0.03249244764447212,0.06784059852361679,0.0006638371851295233,0.14565129578113556,-0.0009241390507668257,0.004088566638529301,-0.00019100483041256666,0.14745040237903595,0.1371292620897293,0.0002766088000498712,-0.0009658378548920155,0.0226091668009758,0.02192028984427452,0.0879037007689476,0.09703323245048523,-0.00020381600188557059,0.003329694038257003,-0.0002344079257454723,0.006924228742718697,0.0006922681350260973,0.0011208511423319578,0.2298831194639206,0.2272024154663086,0.12171115726232529,0.11679911613464355,-0.0006033420795574784,-0.0005310678388923407,0.3676038980484009,0.33913886547088623,0.339497834444046,-0.0005626476486213505,0.08527267724275589,0.08668725192546844,0.030337948352098465,0.03605927154421806,1.9266734874179292e-09,-1.577660491136612e-08,8.773058368660713e-08,-1.9837170128766957e-08,8.860602918048244e-08,3.618886523781839e-08,-3.295019368465546e-08,1.089368026896409e-07,-3.010034532735517e-08,1.0222196777931458e-07
00:00:00:50.833,61,9.828247016230307e-08,1.639127766850379e-08,-4.2915345943583816e-08,3.243796697915968e-08,-7.855705774773014e-08,0.009356878697872162,0.17886412143707275,-1.0976567921261449e-07,-5.953013726411882e-08,7.562339199296275e-09,-5.159527205478298e-08,9.769573949824917e-08,0.009342527016997337,0.1790575534105301,0.031185491010546684,1.9589961084420793e-05,0.03191397339105606,0.0745789036154747,0.0008350291755050421,0.1514011025428772,-0.0009451473015360534,0.003801106009632349,-0.00017632046365179121,0.10431476682424545,0.09658077359199524,0.0004909330746158957,-0.0005146841867826879,0.022593403235077858,0.021866289898753166,0.0967545211315155,0.1061285212635994,-0.0003586250531952828,0.003416476771235466,-0.0006937429425306618,0.004362761974334717,0.0006521368050016463,0.0009707834105938673,0.22827720642089844,0.22612464427947998,0.10635101050138474,0.10182005167007446,-0.0007332193781621754,-0.0006659650825895369,0.38269779086112976,0.34232985973358154,0.34266960620880127,-0.00043354847002774477,0.070357546210289,0.07040761411190033,0.0070944116450846195,0.011460492387413979,2.3189932196743257e-09,-2.147629807325302e-08,1.1377036912563199e-07,-2.721324499077582e-08,1.110881555632659e-07,4.610745207855871e-08,-3.980472840225957e-08,1.3887881777918665e-07,-3.600493059252585e-08,1.2665987014770508e-07
00:00:00:50.850,61,1.2199394916478923e-07,4.116445850854689e-09,-4.142522769257084e-08,4.403293019095145e-08,-1.0012649198642976e-07,0.009804964996874332,0.1894189864397049,-1.3737938786562154e-07,-8.333474710298105e-08,-1.098960655809833e-08,-5.817506476546441e-08,1.043826358682054e-07,0.009796788915991783,0.18962138891220093,0.03175666183233261,0.00010319128341507167,0.030285390093922615,0.0828961730003357,0.0008112782379612327,0.160420760512352,-0.0005846613785251975,0.004275862593203783,-0.00021200939954724163,0.05115780234336853,0.04547489061951637,0.0006504926132038236,3.229565845686011e-05,0.022150587290525436,0.021143745630979538,0.10669146478176117,0.11590606719255447,-0.00022259741672314703,0.004089330788701773,-0.0006674269097857177,0.002337504643946886,0.0007629694300703704,0.0009850794449448586,0.22693291306495667,0.22430554032325745,0.09179170429706573,0.08768779039382935,-0.0008143615559674799,-0.0007793224067427218,0.3917202353477478,0.341988205909729,0.34231555461883545,-0.000387605803553015,0.0586983859539032,0.05742829293012619,0.0008950717747211456,0.003178233513608575,3.6880374310044317e-09,-1.369044166921185e-08,1.1701136770625453e-07,-1.8086284470086866e-08,1.4217570765140408e-07,5.3436959746022694e-08,-6.157905119152929e-08,1.5990808321930672e-07,-5.7537107522875885e-08,1.7333775303995935e-07
00:00:00:52.866,61,1.3154000555459788e-07,-3.706663864733173e-09,-3.864988684654236e-08,4.937872333243831e-08,-1.0939314876168282e-07,0.009552971459925175,0.20519095659255981,-1.4889053545630304e-07,-9.497627928567454e-08,-2.1867453625645794e-08,-5.982350614885945e-08,1.043826358682054e-07,0.00954366009682417,0.20540101826190948,0.03168298676609993,0.00012425884779077023,0.02891240082681179,0.08925226330757141,0.0008438414079137146,0.16923511028289795,-0.0005704951472580433,0.00446053734049201,-8.172078378265724e-05,0.012511441484093666,0.009315847419202328,0.0023535029031336308,0.0023207401391118765,0.021415920928120613,0.020252864807844162,0.11480820924043655,0.12445514649152756,-0.0001913107989821583,0.004779621958732605,-0.0005474124918691814,0.0014187562046572566,0.0006895486731082201,0.0007960392395034432,0.2221752107143402,0.2191658616065979,0.07875598967075348,0.07563748955726624,-0.0009342455887235701,-0.0008994281524792314,0.39033249020576477,0.33656150102615356,0.3368728756904602,-0.0004741356533486396,0.047699157148599625,0.04605729505419731,-0.00039291000575758517,0.0007416621665470302,4.391186081420528e-09,-8.177011956433944e-09,1.14254653738044e-07,-1.1604279315235999e-08,1.5562400790258835e-07,5.5762939155101776e-08,-7.271766833127913e-08,1.6620383291865437e-07,-6.83590783978616e-08,1.9501894144013932e-07
00:00:00:52.883,61,1.4454126073815132e-07,-1.1213123762843225e-08,-3.708526463697126e-08,5.59818005285706e-08,-1.2149102701641823e-07,0.008211130276322365,0.2212597280740738,-1.6413629566613963e-07,-1.0862946453471523e-07,-3.322958974649737e-08,-6.305519661964354e-08,1.067109423047441e-07,0.00821071770042181,0.22146306931972504,0.03152445703744888,0.00024920201394706964,0.027954494580626488,0.09414808452129364,0.001132324687205255,0.17914600670337677,0.00045707105891779065,0.004574420861899853,-8.65031688590534e-05,0.0019365925109013915,0.00046651839511469007,0.021352920681238174,0.021731464192271233,0.021073665469884872,0.019636502489447594,0.12195780128240585,0.13104082643985748,-0.0003269714070484042,0.005113546270877123,-0.00043065205682069063,0.001021327800117433,0.0005304666119627655,0.0005425131530500948,0.21460185945034027,0.21104927361011505,0.07091459631919861,0.06832911819219589,-0.0011802756926044822,-0.0011816835030913353,0.3868057131767273,0.3272494375705719,0.32756027579307556,-0.00047514791367575526,0.04019233584403992,0.038711972534656525,-0.0004861965717282146,-4.368394729681313e-05,5.182810181025843e-09,-3.1478704087817277e-09,1.1440366165516025e-07,-5.6251883151503534e-09,1.7296522969445505e-07,5.9532467844292114e-08,-8.525326933295219e-08,1.7679296604455885e-07,-8.102506399154663e-08,2.218782952922993e-07
00:00:00:53.900,61,1.2489036294027756e-07,-1.0728836485895954e-08,-3.1292437085994607e-08,4.8615039105470714e-08,-1.0529532801228925e-07,0.008195379748940468,0.2341802716255188,-1.4212913868050236e-07,-9.460374883474287e-08,-2.9876829898967117e-08,-5.417037840516059e-08,9.13068660679528e-08,0.00819418579339981,0.23437529802322388,0.030958883464336395,0.0003384548472240567,0.0275995135307312,0.09640838950872421,0.0018000691197812557,0.18771770596504211,0.002915529068559408,0.00437228474766016,-0.00012346022413112223,-0.0002621859312057495,-0.0009802222484722733,0.05226347967982292,0.05300665274262428,0.019761569797992706,0.01821199804544449,0.12385080009698868,0.1330464780330658,-0.00037909686216153204,0.0050651198253035545,-0.0004470881831366569,0.0012931564124301076,0.0005429788725450635,0.0004931561416015029,0.20210182666778564,0.19820281863212585,0.06370023638010025,0.06121040880680084,-0.0011624235194176435,-0.0011940432013943791,0.37781310081481934,0.3173459470272064,0.31764259934425354,-0.0006573605351150036,0.03482367843389511,0.033245306462049484,-0.00024021416902542114,-0.0002303212822880596,4.549510990159433e-09,-1.955777317874663e-09,9.767710906771754e-08,-3.948807503206808e-09,1.499056878628835e-07,5.126697999457974e-08,-7.461756723614599e-08,1.5208497927687858e-07,-7.111579236607213e-08,1.9278377294540405e-07
00:00:00:54.916,61,1.1336058491906442e-07,-7.63684493421124e-09,-3.011897220517312e-08,4.36324611996497e-08,-9.514391763332242e-08,0.007502881344407797,0.240351602435112,-1.2886710010207025e-07,-8.458271594236066e-08,-2.4326146430553308e-08,-5.000270775212812e-08,8.50111234740325e-08,0.007505937945097685,0.24054206907749176,0.03108345903456211,0.0005128989578224719,0.02745937742292881,0.09681160002946854,0.002575164195150137,0.19009670615196228,0.006255629006773233,0.004788537509739399,-0.000164617202244699,-0.0006213512970134616,-0.0013130360748618841,0.08127784729003906,0.08241048455238342,0.019054792821407318,0.017326675355434418,0.12463095784187317,0.13397705554962158,-0.0005267493543215096,0.004993196576833725,-0.0004710314387921244,0.001247768639586866,0.0003701249370351434,0.0002507857861928642,0.18786680698394775,0.18395072221755981,0.05875976011157036,0.05630297586321831,-0.0009692955063655972,-0.0010682434076443315,0.36872708797454834,0.3024992346763611,0.30279994010925293,-0.0008090577903203666,0.03090502694249153,0.0288930032402277,-0.0002832333848346025,-0.0005731441196985543,4.002358888754998e-09,-3.6694109972756905e-09,9.197741945854432e-08,-5.755573351251542e-09,1.3532117293379997e-07,4.698522459989363e-08,-6.586313361367502e-08,1.396704476519517e-07,-6.265938168326102e-08,1.729279688333918e-07
00:00:00:56.933,61,9.503215636641471e-08,-1.7900019244621035e-08,-1.6987323547823507e-08,3.9227305848044125e-08,-8.168630216687234e-08,0.00842713750898838,0.24484097957611084,-1.0922551041403494e-07,-7.8305603778972e-08,-3.457069297496673e-08,-3.786757574175681e-08,5.9586017897572674e-08,0.00843282975256443,0.24502533674240112,0.030215520411729813,0.000476719782454893,0.025112027302384377,0.09965234994888306,0.004199158865958452,0.191955104470253,0.011601049453020096,0.005200688727200031,-0.0001656353852013126,-0.00031551270512863994,-0.0007872486021369696,0.10445525497198105,0.1060427650809288,0.01829812116920948,0.016520949080586433,0.12153492122888565,0.12973569333553314,-0.0004996204515919089,0.005060641095042229,-0.00046775638475082815,0.0009635755559429526,0.00038098395452834666,0.00033955942490138113,0.17394277453422546,0.16890299320220947,0.04879484698176384,0.04667680338025093,-0.0007651752093806863,-0.0008837670320644975,0.36203357577323914,0.2911730706691742,0.29147613048553467,-0.0009449866483919322,0.029156452044844627,0.027300024405121803,0.00014242887846194208,-0.0009047293569892645,3.9394945083870425e-09,6.2957408175634555e-09,5.992129104015476e-08,6.109476036186834e-09,1.1654570641894679e-07,3.66498724702069e-08,-6.400048846444406e-08,1.082103722183092e-07,-6.163492827226946e-08,1.5657394669688074e-07
00:00:00:56.950,61,8.265487849712372e-08,-1.9855797006584908e-08,-1.162290530487553e-08,3.5110861773546276e-08,-7.185153805266964e-08,0.008870081044733524,0.25064006447792053,-9.535811784644466e-08,-7.079913899588064e-08,-3.546476534665999e-08,-3.137160220489932e-08,4.7367066713377426e-08,0.008870969526469707,0.2508269250392914,0.029852578416466713,0.00042642178595997393,0.02336643636226654,0.10507126152515411,0.006798373069614172,0.20747613906860352,0.02560223825275898,0.0054242885671556,-0.00016875923029147089,-0.00021940261649433523,-0.0006962394691072404,0.12901577353477478,0.13088029623031616,0.016489289700984955,0.014654908329248428,0.1194382831454277,0.12717381119728088,-0.0004142650868743658,0.0049166809767484665,-0.0004341381718404591,0.0006561987102031708,0.0001939696812769398,0.000156184469233267,0.1658407747745514,0.1599082201719284,0.043864741921424866,0.041896313428878784,-0.0008260541944764555,-0.0009201854700222611,0.36333248019218445,0.2895375192165375,0.28984320163726807,-0.0008203530451282859,0.026967380195856094,0.024997863918542862,0.00020208493515383452,-0.0009477881831116974,3.6496203836833274e-09,8.92207019376201e-09,4.582107138162428e-08,9.499490083442197e-09,1.0255724447461034e-07,3.0838418041412297e-08,-5.885958742624098e-08,9.083188956537924e-08,-5.681067705154419e-08,1.408904779509612e-07
00:00:00:57.966,61,7.28759914636612e-08,-9.275972878697303e-09,-1.6149133585940945e-08,2.89827593036307e-08,-6.189569745629342e-08,0.0105214174836874,0.2612606883049011,-8.339993939898704e-08,-5.761161503414769e-08,-2.101063678594528e-08,-3.058929110011377e-08,5.014240755940591e-08,0.010526712983846664,0.2614375650882721,0.030451448634266853,0.00036085318424738944,0.021487612277269363,0.12206745147705078,0.012077287770807743,0.24072696268558502,0.05401984602212906,0.005600904114544392,-0.00019638187950477004,-0.0006135720177553594,-0.001324390759691596,0.155054971575737,0.15699657797813416,0.014698803424835205,0.012791602872312069,0.1175563707947731,0.12404875457286835,-0.00042444051359780133,0.005116179585456848,-0.0002764853707049042,0.0007093402673490345,0.00015896715922281146,0.00017654967086855322,0.16711103916168213,0.16000187397003174,0.03960457444190979,0.03794878348708153,-0.0007136529893614352,-0.0007926696562208235,0.3724044859409332,0.29295411705970764,0.2932521104812622,-0.0004916915204375982,0.023897791281342506,0.022192833945155144,0.0001371553516946733,-0.0011201598681509495,2.809101617984311e-09,1.415610295651959e-09,5.232170252611468e-08,6.146729236711224e-10,8.827075248518668e-08,2.907123430873071e-08,-4.582107138162428e-08,8.632429171484546e-08,-4.364177641491551e-08,1.158192759476151e-07
00:00:00:58.983,61,9.212642737566057e-08,-9.760260155644573e-09,-2.1886080503463745e-08,3.620050748054382e-08,-7.795169665314461e-08,0.010130065493285656,0.2748105823993683,-1.0515563531043881e-07,-7.126480028318838e-08,-2.417713318436654e-08,-3.94647940993309e-08,6.567686483549551e-08,0.010142803192138672,0.2749754786491394,0.031430236995220184,0.0003532356640789658,0.020804807543754578,0.1350075602531433,0.01771017163991928,0.26518839597702026,0.07542191445827484,0.0056998226791620255,-0.0002608763752505183,-0.0015759504167363048,-0.001816152362152934,0.17796729505062103,0.1797921061515808,0.013494765385985374,0.011534485965967178,0.12044742703437805,0.1264193207025528,-0.00039472460048273206,0.005283449776470661,-5.818784120492637e-05,0.0004181808326393366,6.18879494140856e-05,8.615668775746599e-05,0.1696261167526245,0.16179724037647247,0.03483422100543976,0.03373110666871071,-0.0007904675439931452,-0.0008746273815631866,0.38388070464134216,0.3021496832370758,0.3024234473705292,-0.00020572297216858715,0.02022002637386322,0.018956607207655907,-0.0001431435375707224,-0.0014714810531586409,3.437744533485443e-09,7.450580430390374e-11,6.938353180885315e-08,-1.3038515822572094e-09,1.1080876305413767e-07,3.7236603134260804e-08,-5.64008963976903e-08,1.1082738637924194e-07,-5.37559401436738e-08,1.4435499906539917e-07
00:00:01:00.000,61,9.305774995027605e-08,-4.4144687905145474e-09,-2.6235356997972303e-08,3.5306438661564243e-08,-7.774681165528818e-08,0.011403406038880348,0.2887956500053406,-1.0566785846322091e-07,-6.852671674550948e-08,-1.7620623182779127e-08,-4.181172741368755e-08,7.217749953269958e-08,0.011424289084970951,0.288949579000473,0.03312139958143234,0.00023548357421532273,0.01945514976978302,0.14710527658462524,0.025340046733617783,0.27727484703063965,0.09293180704116821,0.006020278204232454,-0.00023108255118131638,-0.001572874840348959,-0.001419627689756453,0.1921059787273407,0.19372402131557465,0.012446076609194279,0.010465145111083984,0.12221311777830124,0.12702254951000214,-0.0003328818129375577,0.0059416331350803375,8.9578032202553e-05,0.00021768674196209759,-0.0002136390976374969,-8.881554094841704e-05,0.17288608849048615,0.16428908705711365,0.030177025124430656,0.029559535905718803,-0.0007261208957061172,-0.0007574813207611442,0.3955332040786743,0.31380540132522583,0.31406575441360474,-8.312996214954183e-05,0.018623298034071922,0.017902053892612457,-7.266893953783438e-05,-0.0015026890905573964,3.2025855301043293e-09,-4.526227836976204e-09,7.817521918696002e-08,-6.537884456037091e-09,1.1051074011447781e-07,3.892462530075136e-08,-5.284324444687627e-08,1.162663068043912e-07,-4.991888857830418e-08,1.404434470941851e-07
00:00:01:00.016,61,9.2494303771673e-08,-5.438923977862942e-09,-2.5182963270253822e-08,3.5306438661564243e-08,-7.747672725599841e-08,0.012291044928133488,0.3004124164581299,-1.0509975112427128e-07,-6.861984758188555e-08,-1.8887222452690366e-08,-4.1169116116179794e-08,7.053836981185668e-08,0.012318155728280544,0.3005581200122833,0.03485588729381561,9.051069355336949e-05,0.018952490761876106,0.15095733106136322,0.0312839113175869,0.27374061942100525,0.10216489434242249,0.0062033189460635185,-0.00018432708748150617,-0.0018295252230018377,-0.0013247894821688533,0.19971615076065063,0.20127634704113007,0.011530539020895958,0.009531439282000065,0.1225748285651207,0.1265721619129181,-0.000305733090499416,0.006952179595828056,2.1245181414997205e-05,-0.00044135525240562856,-0.000409930944442749,-0.00027333328034728765,0.17361488938331604,0.16499748826026917,0.02587059885263443,0.025781836360692978,-0.0009039394790306687,-0.0009114290587604046,0.41236403584480286,0.32624515891075134,0.3264967203140259,0.00019757602422032505,0.017623938620090485,0.017499245703220367,-0.0003083577612414956,-0.0017578951083123684,3.229361000833819e-09,-3.594905040316121e-09,7.595866691190167e-08,-5.271285630215061e-09,1.1022202528465641e-07,3.840890627770932e-08,-5.3383409692742134e-08,1.147063457551667e-07,-5.042180362124782e-08,1.402944320716415e-07
00:00:01:01.033,61,9.79518546273539e-08,-1.1045485415195344e-08,-2.2770837659891185e-08,3.864522923890945e-08,-8.290633246588186e-08,0.013977739959955215,0.31006133556365967,-1.1179596270949332e-07,-7.571652815840935e-08,-2.628192241616034e-08,-4.169996969949352e-08,6.916932449030355e-08,0.01400741096585989,0.31020528078079224,0.035586632788181305,5.104281081003137e-05,0.01871279627084732,0.14674559235572815,0.034453555941581726,0.25406190752983093,0.09782320261001587,0.006463831756263971,-0.00011994953092653304,-0.0019405108178034425,-0.0014519405085593462,0.19587932527065277,0.1975885033607483,0.010661754757165909,0.008522420190274715,0.12378621846437454,0.12739187479019165,-0.00014574945089407265,0.00805647298693657,0.00018842310237232596,-0.0007158514927141368,-0.0005265006329864264,-0.0004133839101996273,0.1694825142621994,0.16116337478160858,0.021797699853777885,0.021734390407800674,-0.0009756501531228423,-0.0009792440105229616,0.4257504940032959,0.33869242668151855,0.33894309401512146,0.0004258601402398199,0.016362546011805534,0.016117125749588013,-0.0004221403505653143,-0.0021541654132306576,3.685709071277188e-09,3.5390257391298974e-10,7.256865330873552e-08,-5.774200007024888e-10,1.1798925925177173e-07,3.9427540343695e-08,-6.029382149108642e-08,1.1739786742737124e-07,-5.761161503414769e-08,1.5407800901812152e-07
00:00:01:03.050,61,1.1535361466030736e-07,-1.575797803354817e-08,-2.4801119380413184e-08,4.616100213183927e-08,-9.818002411066118e-08,0.014602068811655045,0.31993016600608826,-1.3186595992920047e-07,-9.108335063956474e-08,-3.4794211956068466e-08,-4.8172658750900155e-08,7.875263463574811e-08,0.01463001687079668,0.32008543610572815,0.03442000970244408,8.309126133099198e-05,0.018262745812535286,0.13308782875537872,0.032666560262441635,0.22193732857704163,0.0790000855922699,0.006832422222942114,-6.140924961073324e-05,-0.0012217093026265502,-0.0012214321177452803,0.17732876539230347,0.17896801233291626,0.010146509855985641,0.007796720135957003,0.11992916464805603,0.12314773350954056,-6.158291944302619e-05,0.009178594686090946,9.997635788749903e-05,-0.0006381137063726783,-0.0005101232090964913,-0.00045199968735687435,0.1635984629392624,0.1558741331100464,0.018432483077049255,0.01815769635140896,-0.0010409712558612227,-0.0010627391748130322,0.43877097964286804,0.352823406457901,0.35308071970939636,0.0004875578451901674,0.016257472336292267,0.01576271280646324,-0.00031202854006551206,-0.0024877148680388927,4.480825932517973e-09,2.849847025032659e-09,8.132308693120649e-08,2.0302832748342325e-09,1.3976358559375512e-07,4.5773340673349594e-08,-7.325783712985867e-08,1.360382952952932e-07,-7.007270852454894e-08,1.8432736226259294e-07
00:00:01:03.066,61,1.2411736349804414e-07,-1.1883676265256327e-08,-3.02121030415492e-08,4.864763525347371e-08,-1.0476447442897552e-07,0.01526388619095087,0.32463377714157104,-1.414213386397023e-07,-9.48831413438711e-08,-3.116205249398263e-08,-5.349982501456907e-08,8.951872842999364e-08,0.015285954810678959,0.32478445768356323,0.03339577093720436,-8.391574374400079e-05,0.01686389185488224,0.12044739723205566,0.03469831869006157,0.1880701184272766,0.06030651181936264,0.006611335091292858,0.00011298270692350343,-0.0019520246423780918,-0.0014420270454138517,0.13102048635482788,0.13226936757564545,0.010243607684969902,0.00792420282959938,0.117251455783844,0.11964868754148483,0.0002850085438694805,0.011052150279283524,0.00029640854336321354,-0.0008889082819223404,-0.0008062826236709952,-0.0007206880836747587,0.1595098078250885,0.15243791043758392,0.014458772726356983,0.014483906328678131,-0.0013353318208828568,-0.0012610495323315263,0.45609527826309204,0.368691623210907,0.36894387006759644,0.0005181639571674168,0.01549655944108963,0.015632551163434982,-0.00030692756990902126,-0.0018483448075130582,4.566973021979948e-09,-9.685754420729609e-10,9.49576488551429e-08,-2.495944562141972e-09,1.4917924318069709e-07,5.048466888979419e-08,-7.51391056041939e-08,1.5022233412764763e-07,-7.154419989774397e-08,1.9323080380218016e-07
00:00:01:04.083,61,1.1474825356572182e-07,-1.8887222452690366e-08,-2.2267922616947544e-08,4.678964771187566e-08,-9.819865454119281e-08,0.015398502349853516,0.3139464557170868,-1.316331292855466e-07,-9.236857323458025e-08,-3.840774454033635e-08,-4.675239395623976e-08,7.487833642016994e-08,0.015421495772898197,0.31410062313079834,0.03175349161028862,-0.0002275938168168068,0.016719214618206024,0.11149024963378906,0.03339293599128723,0.1594710797071457,0.0410485565662384,0.006734641268849373,0.0003253934846725315,-0.0007377624278888106,-0.00011621355952229351,0.061011895537376404,0.061597295105457306,0.010950990952551365,0.008823821321129799,0.11160793155431747,0.11432888358831406,0.0006217741756699979,0.012154864147305489,0.00041232199873775244,-0.0008304862421937287,-0.0009010605281218886,-0.0008462137193419039,0.1672518104314804,0.1612539440393448,0.016013795509934425,0.01592690870165825,-0.0013892900897189975,-0.001227699569426477,0.46888434886932373,0.38137567043304443,0.38165438175201416,0.0006003447342664003,0.017743509262800217,0.018242815509438515,-0.00040415345574729145,-0.0012805641163140535,4.60422588943743e-09,5.4202975441342005e-09,7.642432819920941e-08,5.122274160385132e-09,1.400895399683577e-07,4.491186800237301e-08,-7.543712854385376e-08,1.3297889722707623e-07,-7.228926079960729e-08,1.8656254496818292e-07
00:00:01:06.100,61,5.955807935720259e-08,9.23872001123982e-09,-2.5276094106629898e-08,1.9771977832760967e-08,-4.773959361159541e-08,0.017208777368068695,0.29920271039009094,-6.670132535191442e-08,-3.5893172878331825e-08,3.7625431659193964e-09,-3.102701029433774e-08,5.824491466910331e-08,0.017242616042494774,0.29937970638275146,0.031161673367023468,-0.00019204516138415784,0.017028218135237694,0.10245203226804733,0.031146276742219925,0.14660710096359253,0.025831522420048714,0.006690169684588909,0.00035020997165702283,0.010220901109278202,0.009427560493350029,0.011102532967925072,0.010802047327160835,0.012222587130963802,0.010241948068141937,0.10895579308271408,0.11246199905872345,0.0004968047142028809,0.011248948983848095,0.00041179091203957796,-0.0008012312464416027,-0.0011378600029274821,-0.0010868016397580504,0.1764514148235321,0.17100884020328522,0.020662855356931686,0.020213456824421883,-0.0010536074405536056,-0.0008484959835186601,0.4812348186969757,0.393982470035553,0.3943007290363312,0.000530415156390518,0.023657331243157387,0.024592924863100052,-0.0013195902574807405,-0.0011021512327715755,1.4307443008121368e-09,-1.2833624829511336e-08,6.802380170256583e-08,-1.5720724277912268e-08,6.780028627417778e-08,2.7688219716992535e-08,-2.4754553962225145e-08,8.321367062080753e-08,-2.2482126382783463e-08,7.700175075342486e-08
00:00:01:07.116,61,5.208887188246081e-08,-1.609325472884393e-08,-4.339963055599583e-09,2.2873281935176237e-08,-4.555098698233451e-08,0.016695823520421982,0.27884963154792786,-6.047077505400011e-08,-4.64543710165799e-08,-2.689659517329801e-08,-1.8556601588670674e-08,2.6021153232136385e-08,0.016743645071983337,0.27904194593429565,0.032793331891298294,-0.00019492719729896635,0.01793116144835949,0.12148056924343109,0.024513745680451393,0.15908175706863403,0.012143968604505062,0.006731546483933926,0.0004361002065706998,0.03956424072384834,0.03832950443029404,0.003136283718049526,0.0024226433597505093,0.014642110094428062,0.012859330512583256,0.10799596458673477,0.11152637749910355,0.00029617964173667133,0.011862716637551785,0.00032633900991640985,-0.0013326144544407725,-0.0012241348158568144,-0.001138910185545683,0.22422543168067932,0.21927088499069214,0.029311776161193848,0.028618376702070236,-0.0011057567317038774,-0.0008439230732619762,0.4892146587371826,0.40049034357070923,0.40081536769866943,0.00037586799589917064,0.027792038396000862,0.02903277426958084,-0.00179568852763623,-0.0014870407758280635,2.4540349752300017e-09,8.530914641369236e-09,2.337619697811988e-08,9.331852623972736e-09,6.541609565147155e-08,1.8514692001758704e-08,-3.943219795132791e-08,5.4249539971351624e-08,-3.855675601016628e-08,9.253621158222813e-08
00:00:01:07.133,61,4.231929651155042e-08,-5.755573351251542e-09,-9.052455673952409e-09,1.6782433220896564e-08,-3.5958365174337814e-08,0.015397604554891586,0.25800806283950806,-4.841946221745275e-08,-3.295019368465546e-08,-1.2479722144576044e-08,-1.7690473086418024e-08,2.881512095598282e-08,0.0154496431350708,0.2581966817378998,0.03562615066766739,-0.00022423159680329263,0.018900003284215927,0.14747004210948944,0.020176254212856293,0.1700088381767273,0.006593303754925728,0.006035742815583944,0.0005687095108442008,0.047200217843055725,0.04660863056778908,0.0011041932739317417,0.0005070707411505282,0.016937704756855965,0.015247533097863197,0.10827376693487167,0.11201602965593338,0.0003289806772954762,0.012301510199904442,0.00012194424925837666,-0.0014037750661373138,-0.0008346086833626032,-0.0006509636295959353,0.2687969505786896,0.2643950581550598,0.03946180269122124,0.03928632289171219,-0.0009790802141651511,-0.0006856083637103438,0.4864559471607208,0.39861810207366943,0.398926705121994,0.0003922407340724021,0.03184870257973671,0.033178914338350296,-0.0016628322191536427,-0.001168244518339634,1.6193371088490949e-09,1.0058284205527457e-09,3.052875285902701e-08,3.5390257391298974e-10,5.159527205478298e-08,1.691048900909209e-08,-2.6859343194018948e-08,4.9965457549205894e-08,-2.548098620991368e-08,6.712973288358626e-08
00:00:01:08.149,61,8.271075557786389e-08,-8.493661773911754e-09,-1.9799918149487894e-08,3.244727864171182e-08,-6.986781642126516e-08,0.013676165603101254,0.25261712074279785,-9.430572589508301e-08,-6.316229672620466e-08,-2.1085142520860245e-08,-3.5432165645943314e-08,5.908310285462903e-08,0.013735554181039333,0.2528052031993866,0.04214425012469292,-0.0002855005150195211,0.02067548781633377,0.17951898276805878,0.01740306057035923,0.17425498366355896,0.0031113254372030497,0.00586426816880703,0.0004942885134369135,0.06464993208646774,0.06444864720106125,0.0014094945508986712,0.0005366657860577106,0.01999238133430481,0.018355006352066994,0.11120687425136566,0.11537457257509232,0.0003863906895276159,0.013580329716205597,0.0003923991462215781,-0.0015800553373992443,-0.00096270558424294,-0.0008258427842520177,0.3181377947330475,0.31359410285949707,0.04643142223358154,0.04576965421438217,-0.0013997870264574885,-0.0010435550939291716,0.48539984226226807,0.40038949251174927,0.4006727635860443,0.00030101172160357237,0.03771317005157471,0.03921660780906677,-0.0020930496975779533,-0.00113569269888103,3.0617228752305437e-09,-3.5390257391298974e-10,6.347895009639615e-08,-1.5832484212552345e-09,9.96515154838562e-08,3.376742796490362e-08,-5.032867278487174e-08,9.997747696388615e-08,-4.8018993226150997e-08,1.2855976194714458e-07
00:00:01:10.166,61,5.09712840823795e-08,3.390014269299968e-09,-1.8272549695552698e-08,1.792795956134796e-08,-4.1546300622030685e-08,0.012562775984406471,0.2487475574016571,-5.726702667629979e-08,-3.354623956397518e-08,-2.4586916946844894e-09,-2.4782494278952072e-08,4.4945625887748974e-08,0.012627745978534222,0.24896091222763062,0.04615287482738495,-0.0002005886344704777,0.0224783755838871,0.19443374872207642,0.014948496595025063,0.17001360654830933,0.0020265758503228426,0.0059775710105896,0.0004623325658030808,0.07336147129535675,0.07267119735479355,0.0012167012318968773,4.772484317072667e-05,0.023674283176660538,0.021963678300380707,0.11545705795288086,0.11912398040294647,0.0005563580780290067,0.013428964652121067,0.0004530379083007574,-0.0012596537126228213,-0.0008626774069853127,-0.0006587547832168639,0.3374777138233185,0.33295056223869324,0.05025448277592659,0.04973109811544418,-0.0011332142166793346,-0.0008416375494562089,0.47695061564445496,0.3967432379722595,0.39701515436172485,0.00024883635342121124,0.04153590649366379,0.0432840920984745,-0.0019769538193941116,-0.000581671018153429,1.4633405598374338e-09,-7.040798610802312e-09,5.1632522257705205e-08,-9.257346000879352e-09,5.9287994957912815e-08,2.2798776200261273e-08,-2.464279447167428e-08,6.793997897602821e-08,-2.276152422098221e-08,7.018446979145665e-08
00:00:01:11.183,61,5.364417887676609e-08,-8.754432179181038e-10,-1.6167760463758896e-08,1.9883737323311834e-08,-4.445202606007115e-08,0.012962038628757,0.24073852598667145,-6.062909818638218e-08,-3.822147931487052e-08,-7.934868762049518e-09,-2.4624169370213167e-08,4.310160761633597e-08,0.013027824461460114,0.24094657599925995,0.04428134113550186,-0.00015604995132889599,0.023793768137693405,0.18029893934726715,0.013318034820258617,0.16328197717666626,0.001879870891571045,0.00509483041241765,0.0003951543476432562,0.08130157738924026,0.07970694452524185,0.0012679529609158635,9.885906911222264e-05,0.023916706442832947,0.022440196946263313,0.11174777895212173,0.11645887047052383,0.0005655753775499761,0.012496765702962875,0.00032017112243920565,-0.001304212841205299,-0.0008136174292303622,-0.0006544949719682336,0.3183392286300659,0.3142603933811188,0.054130326956510544,0.05309535190463066,-0.0009822137653827667,-0.0007485395763069391,0.4601915776729584,0.39043954014778137,0.3907071352005005,0.0003590025007724762,0.04418879374861717,0.04602784663438797,-0.0011587250046432018,0.00032380997436121106,1.7671846208600073e-09,-3.594905040316121e-09,4.779547424504926e-08,-5.5320561465066476e-09,6.35534505022406e-08,2.299435486463608e-08,-2.9243528487654658e-08,6.820075526547953e-08,-2.73808833384237e-08,7.931143386485928e-08
00:00:01:11.199,61,3.5976992052155765e-08,2.4773181284132306e-09,-1.2964010309701735e-08,1.257285475730896e-08,-2.9187649630557644e-08,0.012082895264029503,0.22535854578018188,-4.05404705361434e-08,-2.37114718970588e-08,-1.4528631631094413e-09,-1.7560086718049206e-08,3.179535212893825e-08,0.012135774828493595,0.22557508945465088,0.040576692670583725,-0.00020432256860658526,0.024875333532691002,0.13903990387916565,0.010523626580834389,0.149072527885437,0.0012092840624973178,0.005174638237804174,0.0003206583787687123,0.08933500945568085,0.0861029177904129,0.0009214401361532509,-3.156304228468798e-05,0.02438155561685562,0.02308024652302265,0.10995562374591827,0.11581596732139587,0.0005321174976415932,0.010902789421379566,0.0005966657190583646,-0.0007962739327922463,-0.0008292967104353011,-0.0006463263998739421,0.2581043839454651,0.2546859681606293,0.05961290001869202,0.057627733796834946,-0.0010931753786280751,-0.0008441859390586615,0.4420209527015686,0.381326287984848,0.38165900111198425,0.00047511988668702543,0.0491599477827549,0.050556477159261703,-0.0009322792757302523,0.001056084525771439,1.0372604997144208e-09,-4.7497450417210985e-09,3.632158041000366e-08,-6.51925802230835e-09,4.170462375441275e-08,1.6053672169391575e-08,-1.717358877328934e-08,4.7748908826861225e-08,-1.5944243259014e-08,5.029141902923584e-08
00:00:01:12.216,61,4.326924596398385e-08,1.288950457478677e-08,-2.2854656833715126e-08,1.2842938268420312e-08,-3.3490358930521325e-08,0.010302611626684666,0.2064969688653946,-4.78420396632373e-08,-2.2351741790771484e-08,1.0691582730260052e-08,-2.4754553962225145e-08,4.889443516731262e-08,0.010351673699915409,0.20669017732143402,0.03620608150959015,-0.0002763301017694175,0.024662218987941742,0.09841298311948776,0.011260892264544964,0.12966589629650116,0.001181933912448585,0.004010070580989122,0.00025740376440808177,0.10847688466310501,0.10469495505094528,0.0005450487369671464,-0.0003179407212883234,0.024355631321668625,0.023501506075263023,0.10406175255775452,0.11115489155054092,0.0008988368790596724,0.009334519505500793,0.0011560432612895966,-0.0001793655683286488,-0.0012574250577017665,-0.0009881224250420928,0.19612625241279602,0.19390986859798431,0.061174649745225906,0.05860338732600212,-0.0009355282527394593,-0.0006422078586183488,0.4196487367153168,0.3694384694099426,0.3697926700115204,0.00040915992576628923,0.05528328940272331,0.05782559514045715,-0.0006316644139587879,0.0026976680383086205,7.287599412819645e-10,-1.4044344354147142e-08,5.858019136439907e-08,-1.7564744325682113e-08,4.7534705061025306e-08,2.1629967150715856e-08,-1.3168901524807097e-08,6.535090335546556e-08,-1.1343509243033623e-08,5.029141902923584e-08
00:00:01:14.233,61,4.3446199526897544e-08,8.717178978656648e-09,-1.9855797006584908e-08,1.3904646323226189e-08,-3.432855066876073e-08,0.009620132856070995,0.19452491402626038,-4.866160452365875e-08,-2.529472098444785e-08,5.103647726656391e-09,-2.3362225931577996e-08,4.455447211171304e-08,0.00966421514749527,0.19470801949501038,0.032952144742012024,-0.00040385843021795154,0.02380347065627575,0.07392127066850662,0.014695072546601295,0.11420904099941254,0.0008228635997511446,0.003352642757818103,0.00016893137944862247,0.12685973942279816,0.12257438898086548,0.0003832703805528581,-0.0007492047734558582,0.023948030546307564,0.023405464366078377,0.10039001703262329,0.10761173069477081,0.0014223700854927301,0.008333307690918446,0.0036774908658117056,0.0021630791015923023,-0.0015829545445740223,-0.0012505464255809784,0.16023342311382294,0.15846118330955505,0.06251612305641174,0.06014661863446236,-0.0009052192908711731,-0.0005881881806999445,0.4034837484359741,0.35252705216407776,0.35290277004241943,0.00020314380526542664,0.06429141759872437,0.06822861731052399,0.0004216360975988209,0.005444520618766546,9.54605616776405e-10,-1.0579824127887605e-08,5.2116810422830895e-08,-1.3224780381904111e-08,4.891306204513057e-08,2.0624138841185413e-08,-1.6447156525600803e-08,6.2175097070849e-08,-1.4696269978742293e-08,5.4650008962653374e-08
00:00:01:14.250,61,7.045455419074642e-08,2.6449560319719012e-09,-2.419576006218449e-08,2.5238842127350836e-08,-5.780719192216566e-08,0.010235431604087353,0.18921461701393127,-7.952563407798152e-08,-4.794448571487919e-08,-5.811452652437765e-09,-3.3890827921823075e-08,6.070360569765398e-08,0.010274656116962433,0.18939094245433807,0.031936947256326675,-0.00044745736522600055,0.02328210137784481,0.061643850058317184,0.014436380937695503,0.10623271763324738,0.0007700133137404919,0.002316336613148451,0.00024390917678829283,0.14454278349876404,0.1405913531780243,-8.122324652504176e-05,-0.0010563486721366644,0.02391226217150688,0.02373102493584156,0.09765967726707458,0.1059860959649086,0.001999200088903308,0.007805254310369492,0.012271301820874214,0.008511897176504135,-0.0019995253533124924,-0.0016618770314380527,0.1384579986333847,0.1378372311592102,0.0670676976442337,0.06493847072124481,-0.0014341592323035002,-0.0011151885846629739,0.389398992061615,0.34432339668273926,0.3447139263153076,-0.0003718222724273801,0.07548747211694717,0.08087646216154099,0.0058214799501001835,0.012614097446203232,2.109445729203685e-09,-8.251517691348909e-09,6.806105545820174e-08,-1.0784715342992968e-08,8.214264823891426e-08,3.0766241110313786e-08,-3.52226194877403e-08,9.22800964531234e-08,-3.280118221482553e-08,9.991228466788016e-08
00:00:01:15.266,61,1.5404076236791298e-08,1.1269003508118658e-08,-1.3066455473165206e-08,2.9336661988565993e-09,-1.0719523046986978e-08,0.012472618371248245,0.18455184996128082,-1.67079274859816e-08,-4.0046872484822416e-09,1.2293457807288632e-08,-1.1338852523579135e-08,2.436339840983237e-08,0.012514174915850163,0.1847473531961441,0.030098557472229004,-0.00046016008127480745,0.02173825353384018,0.051572635769844055,0.015063397586345673,0.10005229711532593,0.0021315300837159157,0.00269440864212811,0.0002299080224474892,0.1597464233636856,0.15462999045848846,-0.00012062430323567241,-0.0008848267607390881,0.022704944014549255,0.022552743554115295,0.09155548363924026,0.09978216141462326,0.002464991994202137,0.007447767071425915,0.024004144594073296,0.017666293308138847,-0.0011041647521778941,-0.0006971891270950437,0.12182638049125671,0.12126752734184265,0.06790322065353394,0.06547776609659195,-0.0010125600965693593,-0.0007707488257437944,0.3733265995979309,0.32951611280441284,0.3299027383327484,-0.00030195663566701114,0.08754908293485641,0.09368178993463516,0.01762067899107933,0.02487371861934662,-9.778886728151193e-11,-1.035630692314271e-08,3.086402955432277e-08,-1.2945383431883783e-08,1.5180557255689564e-08,9.133946043959895e-09,5.9604643443123e-10,2.81445675653913e-08,1.3969838619232178e-09,1.1250376630300707e-08
00:00:01:16.283,61,1.5730037716821244e-08,2.274289734316426e-08,-2.130865972560514e-08,5.029142102763728e-10,-9.182840265964387e-09,0.013973617926239967,0.17743438482284546,-1.6167760463758896e-08,2.738088422660212e-09,2.60770320892334e-08,-1.5511178119709257e-08,3.611668830671988e-08,0.01400933787226677,0.1776297241449356,0.028953729197382927,-0.0003810596535913646,0.020332660526037216,0.044008441269397736,0.016459502279758453,0.09339963644742966,0.002294992096722126,0.0028645843267440796,0.00028961870702914894,0.17574264109134674,0.1692754030227661,7.377743895631284e-05,-0.0007173573831096292,0.0222210343927145,0.02209879644215107,0.08495515584945679,0.0923893004655838,0.0032627752516418695,0.006998845841735601,0.028403611853718758,0.02007012628018856,-0.0004256028332747519,7.231749623315409e-05,0.10999488830566406,0.10932867228984833,0.06597886234521866,0.06324924528598785,-0.0014433509204536676,-0.0012491238303482533,0.3614270091056824,0.3220348358154297,0.3224293887615204,-0.0003348654427099973,0.09620533138513565,0.10280214250087738,0.025046665221452713,0.032053425908088684,-6.461050583439487e-10,-1.940876259709512e-08,4.786998175632107e-08,-2.387911024470668e-08,1.2386590420021548e-08,1.1925585852168297e-08,9.089708541409891e-09,3.714114527042511e-08,1.0151415708037348e-08,5.587935669737476e-10
00:00:01:18.300,61,4.09223126496272e-08,2.466142134949223e-08,-3.091991018777662e-08,9.406358358887701e-09,-2.9802322387695312e-08,0.01611095666885376,0.17332519590854645,-4.457309898953099e-08,-1.3615935934296886e-08,2.548098620991368e-08,-2.791173692173743e-08,5.900859889607091e-08,0.01615750417113304,0.17353938519954681,0.027992820367217064,-0.0002615538251120597,0.019686812534928322,0.043918877840042114,0.0187237486243248,0.09631580114364624,0.0036598145961761475,0.0030338489450514317,0.00030968821374699473,0.18447768688201904,0.177967369556427,-7.738351996522397e-05,-0.001002428587526083,0.021640848368406296,0.021432876586914062,0.07823285460472107,0.08477117866277695,0.0035974252969026566,0.0072676045820117,0.02720891311764717,0.0211959108710289,-5.582012363447575e-06,0.000594570767134428,0.11703450977802277,0.11617311835289001,0.07058989256620407,0.06825197488069534,-0.0014068728778511286,-0.0012256097979843616,0.353842556476593,0.3128000795841217,0.3131798207759857,3.2979845855152234e-05,0.10348797589540482,0.11078399419784546,0.03214969485998154,0.03982754424214363,7.334165219585742e-11,-2.3338943222483977e-08,7.444992888849811e-08,-2.8852372935261883e-08,4.181638502132046e-08,2.3408793126122873e-08,-3.0361115843646758e-09,7.150694614210806e-08,-9.685754420729609e-10,3.453344277204451e-08
00:00:01:18.316,61,2.98023217215615e-10,1.2964010309701735e-08,-9.760260155644573e-09,-2.9057263262188826e-09,1.8812715829596982e-09,0.01724717766046524,0.17857635021209717,3.2596289556430236e-10,7.80448328185912e-09,1.6130506708122994e-08,-4.908069950460003e-09,1.3820827149402248e-08,0.01730932481586933,0.17879436910152435,0.02706286497414112,-2.3013577447272837e-05,0.019235221669077873,0.06105395406484604,0.018640346825122833,0.12420505285263062,0.0036415851209312677,0.003578948089852929,0.00016010990657377988,0.18332718312740326,0.17626957595348358,-0.00037298083771020174,-0.0011763739166781306,0.022188061848282814,0.021941926330327988,0.07287195324897766,0.07968001067638397,0.003068711841478944,0.008247893303632736,0.019070133566856384,0.017672574147582054,0.00014133418153505772,0.0007132936734706163,0.15384790301322937,0.15267807245254517,0.08232571929693222,0.07969824224710464,-0.0010947275441139936,-0.0009892380330711603,0.342560738325119,0.30406367778778076,0.3044215738773346,0.00035079673398286104,0.10438026487827301,0.11137478798627853,0.031140532344579697,0.039011482149362564,-6.612390079929753e-10,-1.0691582730260052e-08,2.0265579436795633e-08,-1.305714292243465e-08,-2.8684734587614003e-09,3.213062926832322e-09,9.778887033462524e-09,1.0570511577157049e-08,1.0319054055685228e-08,-1.2777745972414323e-08
00:00:01:19.333,61,4.3027101881421e-09,1.4510005641454882e-08,-1.1958182000171291e-08,-1.8533319323665864e-09,-1.2293458473422447e-09,0.0187555979937315,0.19633132219314575,-4.023313682210983e-09,5.941838132628163e-09,1.7620623182779127e-08,-7.175840366357988e-09,1.8421561165382627e-08,0.018842874094843864,0.19659848511219025,0.029826657846570015,0.00011345524399075657,0.021081939339637756,0.13191814720630646,0.01294193509966135,0.1616770327091217,0.004452345427125692,0.004503091797232628,6.66403429931961e-05,0.17729894816875458,0.17162232100963593,-0.0001775527052814141,-0.0009527432848699391,0.024016249924898148,0.02335704118013382,0.07066205143928528,0.0768459290266037,0.0021101259626448154,0.009612777270376682,0.003579346463084221,0.008314413018524647,0.00027390013565309346,0.0008096948149614036,0.2637823820114136,0.2623441219329834,0.10350257903337479,0.10205364227294922,-0.0013997862115502357,-0.0013129091821610928,0.3342195749282837,0.29373034834861755,0.2940550148487091,0.0007980234804563224,0.10051920264959335,0.10719557106494904,0.022769683972001076,0.031025229021906853,-5.972106142948519e-10,-1.2032687735086256e-08,2.61142858448693e-08,-1.4826655458932692e-08,1.695007134649984e-09,5.2852557885785245e-09,8.530914641369236e-09,1.67079274859816e-08,9.350478613612268e-09,-8.717178978656648e-09
00:00:01:21.350,61,5.107373013402139e-08,1.4752149724017727e-08,-2.6859343194018948e-08,1.535750904224642e-08,-3.9879232360817696e-08,0.01806027442216873,0.22567182779312134,-5.6251884927860374e-08,-2.6449560763808222e-08,1.1846423397798844e-08,-2.881977678725889e-08,5.686655768499804e-08,0.01816355437040329,0.22596487402915955,0.04224923998117447,0.0002247212833026424,0.024932794272899628,0.2055557817220688,0.0062010264955461025,0.17572833597660065,0.002549338387325406,0.0052435994148254395,-8.705254731466994e-05,0.17570656538009644,0.17187188565731049,-0.0003329551254864782,-0.0010085558751598,0.028766276314854622,0.027764050289988518,0.07679267972707748,0.08186528086662292,0.0008152675582095981,0.009667460806667805,-0.0006885629845783114,0.002160686766728759,0.0004954812466166914,0.0010351852979511023,0.4006761312484741,0.3980378806591034,0.12559884786605835,0.12549293041229248,-0.0011853862088173628,-0.0011530810734257102,0.3252977728843689,0.28790295124053955,0.2881825864315033,0.0007814510026946664,0.09479296952486038,0.10044374316930771,0.013989757746458054,0.021597957238554955,9.08039532454552e-10,-1.624226619867386e-08,6.943940888959332e-08,-2.0582229254273443e-08,5.725771146103398e-08,2.570217461084212e-08,-1.6335398811406776e-08,7.717870431633855e-08,-1.3876706006499262e-08,5.837529926111529e-08
00:00:01:22.366,61,5.644746181587834e-08,2.6933848928933912e-08,-3.734603382099522e-08,1.4593824815278822e-08,-4.223547733772648e-08,0.01792813464999199,0.2526571452617645,-6.103888239294974e-08,-2.2947787670091202e-08,2.6151537824148363e-08,-3.556255379066897e-08,7.363036047536298e-08,0.01803928054869175,0.2529689073562622,0.057893991470336914,0.00028615802875719965,0.028273848816752434,0.24477452039718628,0.0032834105659276247,0.15187083184719086,0.0015585649525746703,0.005743622314184904,-8.851042366586626e-05,0.18906459212303162,0.18598651885986328,-0.00015217065811157227,-0.0007655644440092146,0.03586319088935852,0.034489184617996216,0.09311632066965103,0.09646482765674591,0.0002508580801077187,0.009395557455718517,-0.000672485854011029,0.00028004750492982566,0.0005315335001796484,0.0011765006929636002,0.47458747029304504,0.47142547369003296,0.1376713365316391,0.13876527547836304,-0.0007632440538145602,-0.0007723659509792924,0.3191785216331482,0.2849152088165283,0.2851773798465729,0.0006111991824582219,0.09216878563165665,0.09740933775901794,0.010275375097990036,0.017824692651629448,4.726461999560172e-10,-2.6393681906711208e-08,9.249895782659223e-08,-3.2857059295565705e-08,6.059184443074628e-08,3.093155243050205e-08,-1.0058283983482852e-08,9.330921102446155e-08,-7.00354574334483e-09,5.364417887676609e-08
00:00:01:22.383,61,7.28759914636612e-08,2.9504299448035454e-08,-4.420056853859933e-08,2.0014121915323813e-08,-5.5385754649250885e-08,0.017482448369264603,0.2647179365158081,-7.924623446342594e-08,-3.2857059295565705e-08,2.7175993011496757e-08,-4.40515570687694e-08,8.96677363471099e-08,0.017598580569028854,0.2650373578071594,0.0686480700969696,0.0003972720296587795,0.03152812644839287,0.2619158625602722,0.0012747213477268815,0.12721043825149536,0.0002452558255754411,0.005633313674479723,-0.00011891857138834894,0.2078876942396164,0.2051810324192047,-0.00013698219845537096,-0.0006134796421974897,0.04247041046619415,0.04093977436423302,0.10656218230724335,0.10866981744766235,6.728649168508127e-05,0.00884954072535038,-0.00034707842860370874,-0.00041626006714068353,0.0005247110384516418,0.0012488209176808596,0.5129588842391968,0.5100244283676147,0.14693963527679443,0.14848734438419342,-0.0007952296873554587,-0.0008537423564121127,0.3142908811569214,0.2861137092113495,0.28635552525520325,0.0004203673452138901,0.09128893166780472,0.09645938128232956,0.009830392897129059,0.017316102981567383,8.81264006213911e-10,-2.9988587613161144e-08,1.1118128639964198e-07,-3.704801088133536e-08,7.940456470123536e-08,3.8670840751819924e-08,-1.685693895581153e-08,1.1647586006802157e-07,-1.3280660127179544e-08,7.487833642016994e-08
00:00:01:23.399,61,6.692484078030247e-08,1.672655258744271e-08,-3.324821662431532e-08,2.0666048428097383e-08,-5.2498652536314694e-08,0.016014104709029198,0.265682578086853,-7.374212174227068e-08,-3.6526472513287445e-08,1.2293457807288632e-08,-3.683846472313235e-08,7.19353536737799e-08,0.016133876517415047,0.2660064399242401,0.07406210154294968,0.0004259613633621484,0.033828627318143845,0.25062084197998047,0.0005842100363224745,0.10733642429113388,-1.5385150618385524e-05,0.005760867614299059,-0.00013159062655176967,0.23260343074798584,0.22898036241531372,-0.00010875523003051057,-0.0004903232911601663,0.04579062759876251,0.044377222657203674,0.10814867168664932,0.10941443592309952,-0.0001502645027358085,0.008311641402542591,-0.00025971175637096167,-0.0005791735602542758,0.0005293393041938543,0.001301892683841288,0.5298622250556946,0.5275124311447144,0.15417608618736267,0.1553783416748047,-0.0007504418608732522,-0.0008246421930380166,0.3141041100025177,0.28860852122306824,0.28885844349861145,0.00025691092014312744,0.09341935813426971,0.09859119355678558,0.012111945077776909,0.019860362634062767,1.3213139471446311e-09,-1.924112424944724e-08,8.676201446178311e-08,-2.4326146430553308e-08,7.556751313586574e-08,3.311084739721082e-08,-2.305954716064207e-08,9.904150033435144e-08,-2.0172446824062717e-08,7.946044178197553e-08
00:00:01:25.416,61,3.7541614261726863e-08,1.1473893835045601e-08,-2.0181760262971693e-08,1.1064112293013295e-08,-2.8973445864721725e-08,0.015449296683073044,0.26167935132980347,-4.126690456018878e-08,-1.9185245392350225e-08,9.87201964619544e-09,-2.1359882751426085e-08,4.25241886148342e-08,0.015568052418529987,0.2620052397251129,0.07741111516952515,0.0004911918076686561,0.03554469347000122,0.23021076619625092,0.00036659612669609487,0.09294965863227844,-0.00021160126198083162,0.00640521477907896,-0.0002056210651062429,0.24713186919689178,0.2415706217288971,-0.00015466987679246813,-0.0003566277155186981,0.048660144209861755,0.0472911037504673,0.10959287732839584,0.11001167446374893,-0.00026340840850025415,0.007930130697786808,0.0005518537946045399,-0.0008082789136096835,0.0007508782437071204,0.0014931238256394863,0.5293217301368713,0.5277178287506104,0.1573549062013626,0.15750335156917572,-0.0006205865647643805,-0.0007473859004676342,0.3140583038330078,0.2878827750682831,0.2881554365158081,0.00024644084624014795,0.09335916489362717,0.09773866832256317,0.010713322088122368,0.01773071475327015,6.286427489676782e-10,-1.2665987370041876e-08,5.237758315956853e-08,-1.5962868360475113e-08,4.220753879735639e-08,1.9192230027442747e-08,-1.128762949775819e-08,5.7285650001404065e-08,-9.648501553272126e-09,4.2282046308628196e-08
00:00:01:26.433,61,3.983266694262966e-08,2.086162576020456e-09,-1.3979152058141153e-08,1.4193355823977072e-08,-3.26521707449956e-08,0.015959657728672028,0.2570333778858185,-4.472211045936092e-08,-2.6933848928933912e-08,-2.4773181284132306e-09,-1.9171274345808342e-08,3.453344277204451e-08,0.0160629004240036,0.2573542296886444,0.07556009292602539,0.00046024430776014924,0.03649955242872238,0.2085547298192978,0.00048277530004270375,0.08476424962282181,-0.0006724941777065396,0.006946431938558817,-0.00012880150461569428,0.25526225566864014,0.24677468836307526,-0.00021276623010635376,-0.0002884101995732635,0.04933498427271843,0.04808363318443298,0.10680235177278519,0.10672153532505035,-0.0002369522990193218,0.007410664577037096,0.0014175790129229426,-0.0005028832238167524,0.001062252325937152,0.0017721080221235752,0.515564501285553,0.5141609311103821,0.15842990577220917,0.15738070011138916,-8.22946458356455e-05,-0.00025032044504769146,0.308445006608963,0.28649136424064636,0.28679072856903076,0.000159172632265836,0.09449627250432968,0.09777068346738815,0.011219091713428497,0.01722714677453041,1.1967494772946452e-09,-5.029141991741426e-09,4.028901301467158e-08,-6.68689592586702e-09,4.7348439835559475e-08,1.7958226905534502e-08,-1.9706785536754978e-08,5.303882133489424e-08,-1.844018626684374e-08,5.569308925146288e-08
00:00:01:26.449,61,3.0389056604462894e-08,-4.805624342907322e-09,-6.156042342553292e-09,1.2237578950191619e-08,-2.5918707180494494e-08,0.015911389142274857,0.25467944145202637,-3.472901966006248e-08,-2.4233013817820392e-08,-9.38773148106975e-09,-1.2475066313299976e-08,2.019107370188067e-08,0.016009682789444923,0.2549893856048584,0.06925541907548904,0.0004955040058121085,0.037579432129859924,0.17910397052764893,0.00037884421180933714,0.07986132800579071,-0.0008446145220659673,0.006812760606408119,-0.00019059212354477495,0.25920698046684265,0.2492314577102661,-0.0001304131728829816,-7.484167872462422e-05,0.049177080392837524,0.048113755881786346,0.09875022619962692,0.09938142448663712,-0.0003416818508412689,0.007511770818382502,0.0006200927309691906,-0.0003639596689026803,0.0010105419205501676,0.0016990876756608486,0.4790329039096832,0.4782510995864868,0.15764808654785156,0.15537454187870026,-0.00025058595929294825,-0.0004350235976744443,0.30287662148475647,0.28429755568504333,0.28459763526916504,0.00010442234633956105,0.09471073001623154,0.0977802649140358,0.012041114270687103,0.017847782000899315,1.2072268740226377e-09,1.0989605891964516e-09,2.2202730320941555e-08,6.519257911286047e-10,3.7979333455950837e-08,1.2323726039653593e-08,-1.9986181598596886e-08,3.592111141870191e-08,-1.8887222452690366e-08,4.883855453385877e-08
00:00:01:27.466,61,2.849847113850501e-08,5.215406329028838e-09,-1.2628734502584393e-08,9.22009313342187e-09,-2.2640451291522368e-08,0.016400732100009918,0.25320884585380554,-3.1739475048198074e-08,-1.6968696670005556e-08,2.9057263262188826e-09,-1.510139568949853e-08,2.8684734587614003e-08,0.01649278961122036,0.253512978553772,0.061501674354076385,0.0005056727677583694,0.03764060512185097,0.15582165122032166,0.00036615016870200634,0.08040027320384979,-0.0011389184510335326,0.006961010862141848,-0.0001949696015799418,0.2588840425014496,0.2474656105041504,-2.1545291019720025e-05,-0.00011867254943354055,0.04729728773236275,0.04644322395324707,0.08916962891817093,0.09069310128688812,-0.0005215635756030679,0.007901026867330074,-0.0006643900414928794,4.0650365917827e-06,0.0008267778321169317,0.0014661072054877877,0.4402844309806824,0.43952587246894836,0.15493369102478027,0.15164360404014587,-0.0007825717329978943,-0.0009526974172331393,0.29908111691474915,0.27959397435188293,0.27989453077316284,-6.13607480772771e-05,0.0967831015586853,0.09995678067207336,0.014119308441877365,0.01985750161111355,6.705522803684971e-10,-6.537884456037091e-09,3.4961850303716346e-08,-8.6054203762842e-09,3.3006070765395634e-08,1.377426084303579e-08,-1.1436640967588119e-08,4.097353567544815e-08,-1.0225921442952313e-08,3.617256894017373e-08
00:00:01:29.483,61,4.799105113306723e-08,3.3155083123403983e-09,-1.7397105978034233e-08,1.6922131251817518e-08,-3.910623647129796e-08,0.01721879653632641,0.25389158725738525,-5.3849070980049873e-08,-3.1758098373302346e-08,-2.1606683109354208e-09,-2.341344895739894e-08,4.2710453840300033e-08,0.017297610640525818,0.25420668721199036,0.05522311106324196,0.0005122395814396441,0.03771340474486351,0.1414337009191513,0.0002658157027326524,0.08294814825057983,-0.0008984255837276578,0.007263596169650555,-0.00019805916235782206,0.2572314441204071,0.24437245726585388,-1.4319121873995755e-05,-0.00010962277883663774,0.04441435635089874,0.04355265572667122,0.082089863717556,0.08483550697565079,-0.0003641658986452967,0.007856206968426704,-0.0012782254489138722,0.0003468148352112621,0.0005624000332318246,0.0011102667776867747,0.40884262323379517,0.40779244899749756,0.1529274582862854,0.14859309792518616,-0.0008481282275170088,-0.001025257515721023,0.29813912510871887,0.27543315291404724,0.2757442593574524,-4.5177490392234176e-05,0.09981802850961685,0.10282285511493683,0.017570549622178078,0.023065095767378807,1.369044211330106e-09,-6.798654972328677e-09,4.97885039862922e-08,-9.089708541409891e-09,5.6419523275508254e-08,2.170912871690689e-08,-2.3469329590852794e-08,6.443821121138171e-08,-2.130865972560514e-08,6.649643324863064e-08
00:00:01:29.500,61,-1.902692048361132e-08,8.214264823891426e-09,2.2351741291171123e-10,-8.968636500128468e-09,1.719221387475045e-08,0.018574953079223633,0.25209179520606995,2.2035091973293675e-08,1.816079020500183e-08,1.288950457478677e-08,6.021000586997616e-09,-7.450580596923828e-09,0.01864653453230858,0.2524246275424957,0.04874622821807861,0.0004658628604374826,0.03549746051430702,0.1274745911359787,-7.822364568710327e-05,0.08343221992254257,-0.0010683417785912752,0.006653257645666599,-0.0004237590474076569,0.25258931517601013,0.23934617638587952,-0.0003704673144966364,-0.00024405955628026277,0.04218164458870888,0.041407451033592224,0.07661886513233185,0.07978912442922592,-0.0005127805634401739,0.008115229196846485,-0.000739687355235219,0.0008047782466746867,0.0006488688522949815,0.0012007271870970726,0.3836689889431,0.3818169832229614,0.14462080597877502,0.13939982652664185,-0.0009915914852172136,-0.0011832925956696272,0.2934749126434326,0.27005329728126526,0.2703641653060913,8.41995351947844e-05,0.09977344423532486,0.1026214212179184,0.01711241714656353,0.02261939086019993,-1.0209624257129235e-09,-4.712492174263616e-09,-3.837048900834361e-09,-6.034970301271869e-09,-2.3804604509791716e-08,-6.037298660999113e-09,1.5962868360475113e-08,-1.8030405612989853e-08,1.5813856890645184e-08,-3.520399260992235e-08
00:00:01:30.516,61,-2.495944428915209e-08,1.490116086078075e-10,7.748603536583687e-09,-9.341165174703292e-09,2.071261384628542e-08,0.017643969506025314,0.2468159794807434,2.7790665768634426e-08,1.7434357957313296e-08,3.5762786065873797e-09,1.1632218743784506e-08,-2.052635039717643e-08,0.017726168036460876,0.2471228390932083,0.04275262728333473,0.0007649135659448802,0.03394392877817154,0.11490952223539352,-4.6533867134712636e-05,0.09249316900968552,-0.0004806184733752161,0.006343213375657797,-0.0004648359608836472,0.2432083636522293,0.2310728132724762,-0.0003854304668493569,-0.0006912559038028121,0.03936416283249855,0.038644663989543915,0.06698483228683472,0.07029274851083755,-0.0002246475196443498,0.007295823190361261,-0.0005536761600524187,0.0012360853143036366,0.00035352903068996966,0.0009374667424708605,0.3415687084197998,0.3404194712638855,0.1363791525363922,0.13088248670101166,-0.0007815659046173096,-0.0009808784816414118,0.2922329306602478,0.2680158317089081,0.26832446455955505,0.0002778438210953027,0.10112964361906052,0.10480137169361115,0.018964296206831932,0.024596843868494034,-7.916242106276172e-10,2.2351742678949904e-09,-2.147629807325302e-08,2.179294744664162e-09,-2.8423965403590046e-08,-1.0509975112427128e-08,1.337379185173404e-08,-3.186054442494424e-08,1.2610107624766442e-08,-3.5725534530683944e-08
00:00:01:31.533,61,-2.6719645163097994e-08,1.2293458473422447e-09,7.599592066753758e-09,-1.0281801188227746e-08,2.2370368668589435e-08,0.01622570864856243,0.24003036320209503,2.996064552007738e-08,1.9464641454192133e-08,5.327164931401285e-09,1.2055970444180275e-08,-2.086162531611535e-08,0.016283143311738968,0.24032475054264069,0.04063372313976288,0.000319529150146991,0.032745469361543655,0.09439393877983093,0.0008604219765402377,0.09315740317106247,-0.0009083819459192455,0.005740670021623373,-0.000363740895409137,0.230454221367836,0.21716642379760742,-1.3127624697517604e-05,-0.0005881345132365823,0.03787283971905708,0.03736330196261406,0.0670451670885086,0.07224126905202866,0.000276699080131948,0.006967301946133375,-0.00016491561837028712,0.0026858702767640352,-0.0001581877440912649,0.0004767085483763367,0.28265053033828735,0.28150925040245056,0.12886971235275269,0.12301760911941528,-0.0007154488703235984,-0.0007735455292277038,0.2893502116203308,0.258972704410553,0.2593245208263397,-7.707562326686457e-05,0.10011720657348633,0.10418207198381424,0.02003525197505951,0.0259032491594553,-9.022187441587448e-10,1.2852251485284683e-09,-2.134591348124104e-08,1.639127722441458e-09,-3.099441414633475e-08,-1.1019874790463291e-08,1.5031545785859635e-08,-3.3024697643213585e-08,1.415610295651959e-08,-3.967434025753391e-08
00:00:01:33.550,61,-4.714354773227569e-08,-1.272186622713889e-08,2.4139881205087477e-08,-1.4510005641454882e-08,3.6926941504589195e-08,0.017630793154239655,0.22776386141777039,5.162321059515307e-08,2.5052576901885004e-08,-9.38773148106975e-09,2.6458874202717197e-08,-5.189329499444284e-08,0.017687425017356873,0.22803469002246857,0.03600996732711792,0.0002508376492187381,0.02976207807660103,0.08130809664726257,0.0006195897003635764,0.09871681034564972,-0.0009476947598159313,0.005135372281074524,-0.00025389387155883014,0.2192113995552063,0.20745155215263367,-0.0004720920405816287,-0.001268546562641859,0.03515845164656639,0.03481845185160637,0.06043456867337227,0.06705508381128311,2.2310614440357313e-05,0.00734635628759861,0.0005253617418929935,0.003934961743652821,-3.169886622345075e-05,0.0006324124406091869,0.22988741099834442,0.2282942235469818,0.11561145633459091,0.11036533117294312,-0.00034864008193835616,-0.0003472405660431832,0.2777363955974579,0.2539271414279938,0.2542782723903656,-0.000368589157005772,0.10352986305952072,0.10879857838153839,0.03023959882557392,0.035948868840932846,-8.661300010537332e-10,1.4230608691434554e-08,-6.116926698496172e-08,1.752749057004621e-08,-5.13531261958633e-08,-2.3178291286285457e-08,1.5627593441536192e-08,-7.010064706491903e-08,1.3411044719191523e-08,-5.4538251248459346e-08
00:00:01:33.566,61,-3.408640480984104e-08,-1.3560057077199872e-08,2.0638108111370457e-08,-9.434297787436208e-09,2.609565896705135e-08,0.019691038876771927,0.20131880044937134,3.688037253368748e-08,1.527368986842248e-08,-1.2218952072373668e-08,2.0642765719003364e-08,-4.189088897987858e-08,0.019735435023903847,0.2015451192855835,0.032307110726833344,2.5937706595868804e-05,0.028804555535316467,0.06787914037704468,0.0010680797277018428,0.1131846159696579,-0.002136524999514222,0.004146717954427004,-0.00012016041000606492,0.21445724368095398,0.20540596544742584,-0.0008564773015677929,-0.0015314164338633418,0.031747981905937195,0.03160780295729637,0.0528014674782753,0.060089144855737686,-0.00031690477044321597,0.006910471245646477,0.0025018956512212753,0.008551486767828465,-0.0002609239600133151,0.0004998958320356905,0.18687337636947632,0.18509723246097565,0.11975114792585373,0.11556185036897659,-0.00020046174176968634,-9.259164653485641e-05,0.26142922043800354,0.2454492598772049,0.24579490721225739,-0.0007454329752363265,0.11236917227506638,0.11870516091585159,0.04714803397655487,0.05483590066432953,-3.958121053138086e-10,1.3820827149402248e-08,-5.0514938010337573e-08,1.687556583362948e-08,-3.609806142890193e-08,-1.7811544239521027e-08,8.046627364421965e-09,-5.394220181642595e-08,6.388872986207161e-09,-3.4943223425898395e-08
00:00:01:34.583,61,-1.5478581971706262e-08,6.0722231687293515e-09,6.332993573998635e-10,-7.133930779446018e-09,1.4118850089062107e-08,0.021271992474794388,0.14670908451080322,1.7723069234421018e-08,1.4342367293807001e-08,9.499490083442197e-09,5.117617440930644e-09,-6.742775227053244e-09,0.02131870947778225,0.14685414731502533,0.027954235672950745,-0.00016461759514641017,0.026479143649339676,0.04796435311436653,0.002373454626649618,0.11866304278373718,0.0012463080929592252,0.003240058431401849,0.00011194361286470667,0.2108878195285797,0.20445403456687927,-0.0007148426957428455,-0.001087241224013269,0.026388613507151604,0.02645283378660679,0.04149128869175911,0.048336103558540344,-0.00039862678386271,0.006626231130212545,0.019957244396209717,0.024251271039247513,0.00027282521477900445,0.0011652328539639711,0.1416872888803482,0.14026899635791779,0.12189299613237381,0.11873112618923187,-0.0002592220844235271,-9.512156248092651e-05,0.237583726644516,0.23222364485263824,0.23255915939807892,-0.0010450002737343311,0.12017495930194855,0.12799754738807678,0.06972677260637283,0.0795086920261383,-7.788185096835321e-10,-3.390014269299968e-09,-4.61936000561991e-09,-4.060566549668465e-09,-1.9706785536754978e-08,-5.33647837031026e-09,1.288950457478677e-08,-1.5329568725519493e-08,1.2516975012033527e-08,-2.7641654298804497e-08
00:00:01:36.600,61,2.628192241616034e-08,1.4137476966880058e-08,-1.8700957227224535e-08,6.398185981026927e-09,-1.912936653525321e-08,0.023386547341942787,0.08846741914749146,-2.879649407816487e-08,-1.0002404238207419e-08,1.4379620161264484e-08,-1.7322600243119268e-08,3.626569977654981e-08,0.023438429459929466,0.08852403610944748,0.025464681908488274,-0.00020591072097886354,0.023736203089356422,0.034252334386110306,0.00378285045735538,0.11772744357585907,0.00756032345816493,0.0013910993002355099,0.00021100914455018938,0.2153768539428711,0.21112096309661865,-0.0006211045547388494,-0.0010102710220962763,0.023587411269545555,0.02388325147330761,0.04043112322688103,0.04683408886194229,-9.343922101834323e-06,0.0062356553971767426,0.045294638723134995,0.04579184576869011,0.0013319631107151508,0.0023903758265078068,0.11101848632097244,0.11123303323984146,0.12678462266921997,0.1248849481344223,-0.0005009656888432801,-0.0003282737743575126,0.22247974574565887,0.21718677878379822,0.2175084352493286,-0.0012145366054028273,0.13090772926807404,0.14076949656009674,0.08900651335716248,0.10196441411972046,1.350417694334638e-10,-1.3653188801754368e-08,4.552304844196442e-08,-1.6912817812908543e-08,2.7026981541666828e-08,1.4591496011462368e-08,-3.1292437530083816e-09,4.48897488070088e-08,-1.7881393032936899e-09,2.417713318436654e-08
00:00:01:37.616,61,2.883840366507684e-08,3.613531696089467e-09,-1.170672447869947e-08,9.844079329468514e-09,-2.3106112578830107e-08,0.028524314984679222,0.07637311518192291,-3.259629011154175e-08,-1.829117479701381e-08,1.0617077217389692e-09,-1.4817342020023716e-08,2.7492642828974567e-08,0.02859456092119217,0.07639549672603607,0.023199548944830894,-0.00014338750042952597,0.02165079116821289,0.02503097616136074,0.005028162617236376,0.1111888587474823,0.014926922507584095,-0.0002712719142436981,0.0002578703570179641,0.21849405765533447,0.2162025421857834,-0.0006574153667315841,-0.0010139596415683627,0.02094993181526661,0.021613266319036484,0.03922346606850624,0.044958509504795074,0.0007496906328015029,0.005476408172398806,0.06646418571472168,0.06364493817090988,0.003106753807514906,0.004218826070427895,0.09290198981761932,0.09411890804767609,0.12885892391204834,0.1281188428401947,-0.0006199053023010492,-0.0004937613266520202,0.20663943886756897,0.20680516958236694,0.20708702504634857,-0.0009835613891482353,0.13648535311222076,0.14871205389499664,0.10329917818307877,0.11872401088476181,7.427297665785204e-10,-5.606561881421612e-09,3.214925570205196e-08,-6.910413574701124e-09,3.2810493877377667e-08,1.314096120808017e-08,-1.2442469277118562e-08,3.993511299427155e-08,-1.1473893835045601e-08,3.8929282908384266e-08
00:00:01:37.633,61,4.614237525402132e-08,1.9185245392350225e-08,-2.8358773107584057e-08,1.250766246130297e-08,-3.483146571170437e-08,0.03062785230576992,0.05936524271965027,-5.048699591725381e-08,-2.086162531611535e-08,1.7583369427143225e-08,-2.8251669448309258e-08,5.749985731995366e-08,0.030706845223903656,0.05936030298471451,0.02216450683772564,-9.713988401927054e-05,0.020787488669157028,0.020836299285292625,0.0051992363296449184,0.108029305934906,0.019575998187065125,-0.0006100976606830955,0.0003260465746279806,0.2184341549873352,0.2165517956018448,-0.000721197749953717,-0.0011216944549232721,0.019244534894824028,0.01998843625187874,0.04056243970990181,0.04611092060804367,0.0007762196473777294,0.004533727653324604,0.07467279583215714,0.07024307548999786,0.004090412054210901,0.005107426084578037,0.08379783481359482,0.08546648174524307,0.127182736992836,0.12663359940052032,-0.0006258083740249276,-0.0005301465280354023,0.20753344893455505,0.20357242226600647,0.20385196805000305,-0.000778933463152498,0.140419602394104,0.15296831727027893,0.10944370925426483,0.12507665157318115,5.157198557093068e-10,-1.9501895209828035e-08,7.089227693768407e-08,-2.3934990878160534e-08,4.895962746331861e-08,2.4200417669817398e-08,-9.927898503292454e-09,7.390510603499933e-08,-7.916241884231567e-09,4.809349718470912e-08
00:00:01:38.649,61,5.145091463987228e-08,1.4528632519272833e-08,-2.6710331724189018e-08,1.569278573754218e-08,-4.0028243830647625e-08,0.0286827702075243,0.04569649696350098,-5.710869999120405e-08,-2.7492642828974567e-08,1.1380762110491105e-08,-2.9127113165827723e-08,5.724839979848184e-08,0.028760623186826706,0.045677948743104935,0.02142508327960968,4.8439465899718925e-05,0.020419249311089516,0.01592855155467987,0.0043717618100345135,0.10545668751001358,0.02348729409277439,-0.0008427661377936602,0.0004341319145169109,0.21246173977851868,0.2108469009399414,-0.0006258463836275041,-0.0008303511422127485,0.01732056587934494,0.018050484359264374,0.038822025060653687,0.04380049556493759,0.0007412245613522828,0.0037731791380792856,0.07918111234903336,0.07515601068735123,0.005055408459156752,0.006006897892802954,0.07602858543395996,0.07806291431188583,0.12804172933101654,0.1276136338710785,-0.0006859022541902959,-0.0006208652048371732,0.2119656354188919,0.20761600136756897,0.20789365470409393,-0.0005709891556762159,0.13509687781333923,0.1473245918750763,0.10691890865564346,0.1228054016828537,9.266659661832932e-10,-1.6205012443037958e-08,6.852671674550948e-08,-2.0116567966965704e-08,5.661510016352622e-08,2.5436747819185257e-08,-1.637265079068584e-08,7.726717399236804e-08,-1.4342367293807001e-08,6.034970567725395e-08
00:00:01:40.666,61,3.2959505347207596e-08,-1.6763807009212428e-10,-1.0449439535875626e-08,1.2270175098194613e-08,-2.7325004481326687e-08,0.027420759201049805,0.011353105306625366,-3.7727875934479016e-08,-2.3432075835216892e-08,-4.526227836976204e-09,-1.55251473898943e-08,2.7306377603508736e-08,0.027493257075548172,0.011309485882520676,0.021148819476366043,4.990948218619451e-05,0.020048975944519043,0.013999087736010551,0.0038983055856078863,0.11325021833181381,0.027079081162810326,-0.0012610724661499262,0.00045049400068819523,0.19692173600196838,0.1955915242433548,-0.000656933756545186,-0.0007198345847427845,0.01653859205543995,0.01719161681830883,0.039940427988767624,0.04469707980751991,0.0010528076672926545,0.003556650597602129,0.07582094520330429,0.07518390566110611,0.005378084257245064,0.006281804293394089,0.07461802661418915,0.07705837488174438,0.13212962448596954,0.1321159154176712,-0.0005428105359897017,-0.0004989808658137918,0.22083710134029388,0.2133161574602127,0.21358191967010498,-0.0004951099399477243,0.12564615905284882,0.13683722913265228,0.10144244879484177,0.11701737344264984,1.0710209386033398e-09,-2.7939677238464355e-09,3.0286610552821e-08,-3.948807503206808e-09,3.8743017682918435e-08,1.4014076121782182e-08,-1.7546117447864162e-08,4.2435711833377354e-08,-1.6465783403418754e-08,4.857778534983481e-08
00:00:01:41.683,61,2.501532492260594e-08,-1.288950457478677e-08,1.2014060857268305e-09,1.2312084685106583e-08,-2.2947787670091202e-08,0.0300816111266613,0.0006475639529526234,-3.0007214490979095e-08,-2.544373245427778e-08,-1.907348590179936e-08,-7.408671010011858e-09,8.065253354061497e-09,0.030144229531288147,0.0006104850908741355,0.02048588916659355,0.0001063068411895074,0.021328411996364594,0.01883896440267563,0.0039011866319924593,0.14276309311389923,0.03285197913646698,-0.0012761340476572514,0.0004137063806410879,0.17877130210399628,0.17720361053943634,-0.0005924212746322155,-0.0005343460943549871,0.01521941926330328,0.01561331283301115,0.03609713539481163,0.04142887890338898,0.0008829606813378632,0.0035732865799218416,0.06551603227853775,0.06968296319246292,0.006114477291703224,0.006898571737110615,0.08878303319215775,0.09156833589076996,0.1431053876876831,0.14307676255702972,-0.0007046341779641807,-0.0007127219578251243,0.21647904813289642,0.20934772491455078,0.2095998227596283,-0.00023686635540798306,0.1173928827047348,0.12670662999153137,0.09628237783908844,0.11042137444019318,1.437729268971566e-09,7.711350669126205e-09,4.693865740534875e-09,9.201467143782338e-09,3.280118221482553e-08,7.660128531483679e-09,-2.2891908812994188e-08,2.269633192497622e-08,-2.2388995546407386e-08,4.999339608957598e-08
00:00:01:42.700,61,2.1569430685985935e-08,-2.194195936056076e-08,8.810311591389564e-09,1.320615439226458e-08,-2.174638247254279e-08,0.0323062501847744,0.0008327806135639548,-2.7008354663848877e-08,-2.8442592281407997e-08,-2.9653310917865383e-08,-2.5238842127350836e-09,-4.228204453227136e-09,0.032353319227695465,0.0008195305126719177,0.01929277926683426,-5.879327545699198e-06,0.022963006049394608,0.04266767203807831,0.002714951056987047,0.1900985687971115,0.039383161813020706,-0.0008545544696971774,0.0004090321308467537,0.1550551950931549,0.15364450216293335,-0.0007753974059596658,-0.000150607229443267,0.014054026454687119,0.014273111708462238,0.03322563320398331,0.03925909474492073,0.0005732506397180259,0.0039444537833333015,0.042846422642469406,0.055350419133901596,0.005754797253757715,0.006438716780394316,0.1299547255039215,0.13206487894058228,0.1497601568698883,0.1495809406042099,-0.00040219700895249844,-0.00036986105260439217,0.20510664582252502,0.20074871182441711,0.20099931955337524,3.375291998963803e-05,0.10708000510931015,0.11428510397672653,0.0795501172542572,0.09247184544801712,1.7927959117258752e-09,1.5515833950985325e-08,-1.2181699204916185e-08,1.816079020500183e-08,3.116205249398263e-08,4.027969957576261e-09,-2.7958304116282306e-08,1.1166557456476767e-08,-2.8051436729015222e-08,5.4202974553163585e-08
00:00:01:42.716,61,-1.6968696670005556e-08,-1.400709148668966e-08,1.520849757241649e-08,-2.849847025032659e-09,1.1604279315235999e-08,0.03131447732448578,0.0031117526814341545,1.7415732855852184e-08,3.2223761436966925e-09,-1.4416873028721966e-08,1.2600794185857467e-08,-2.7641654298804497e-08,0.03134024143218994,0.0031366951297968626,0.0215266365557909,-0.00028564559761434793,0.026498008519411087,0.10962148755788803,0.0038537783548235893,0.22933714091777802,0.044804010540246964,-0.0006179825868457556,0.0005047988379374146,0.1249825581908226,0.12398822605609894,-0.0006114470888860524,0.00017701387696433812,0.01371015515178442,0.013740068301558495,0.034012798219919205,0.04079947620630264,-9.863972991297487e-06,0.0041642095893621445,0.013849356211721897,0.034819237887859344,0.005278628319501877,0.0059274910017848015,0.19939707219600677,0.20089839398860931,0.14730258285999298,0.14746598899364471,-0.0004746610065922141,-0.00028666912112385035,0.2007211297750473,0.18945831060409546,0.18969643115997314,0.00021185344667173922,0.09479070454835892,0.09963199496269226,0.05440361052751541,0.06580576300621033,1.6530975199824383e-10,1.2461096154936513e-08,-3.529712699901211e-08,1.4994293806580572e-08,-1.6130506708122994e-08,-1.0635703873163038e-08,-1.3783574281944766e-09,-3.2223759660610085e-08,-2.4586916946844894e-09,-9.983778248567887e-09
00:00:01:44.733,61,-4.075467430197932e-08,-1.1064112293013295e-08,2.0787119581200386e-08,-1.2367963542203597e-08,3.1655655874374133e-08,0.029528751969337463,0.017978059127926826,4.459172586734894e-08,2.1848826747827843e-08,-8.27014456916686e-09,2.276152422098221e-08,-4.459172586734894e-08,0.029561595991253853,0.018038854002952576,0.031103020533919334,-0.000207154342206195,0.030817067250609398,0.200811505317688,0.005272046197205782,0.2622441351413727,0.0421370305120945,0.00013405455683823675,0.0003744905407074839,0.09742330759763718,0.0972781777381897,-0.0014193925308063626,-0.0009487533825449646,0.014525086618959904,0.013943621888756752,0.044879984110593796,0.05120192840695381,-8.785724276094697e-06,0.005022914614528418,0.0010586994467303157,0.017772214487195015,0.004936351906508207,0.0054670292884111404,0.3114757239818573,0.3128352761268616,0.15324413776397705,0.15450799465179443,-1.177251306216931e-05,0.00016629963647574186,0.20314793288707733,0.1796092540025711,0.17981094121932983,0.0007632443448528647,0.08345138281583786,0.08633283525705338,0.03294561803340912,0.04209361597895622,-7.299240656344352e-10,1.225620493983115e-08,-5.234032940393263e-08,1.5050172663677586e-08,-4.420056853859933e-08,-2.0056031502235783e-08,1.3262033249361593e-08,-6.045215172889584e-08,1.1697411927968915e-08,-4.7199428365729545e-08
00:00:01:45.750,61,-4.1695312091860615e-08,-1.2218952072373668e-08,2.2090970830390688e-08,-1.2395903858930524e-08,3.225170175369385e-08,0.028691835701465607,0.055714379996061325,4.575587908561829e-08,2.181157476854878e-08,-9.629875563632595e-09,2.375338148397077e-08,-4.680827103697993e-08,0.028726542368531227,0.05582111328840256,0.04638468846678734,-0.00025969691341742873,0.03230886533856392,0.2584845721721649,0.0062623657286167145,0.25075969099998474,0.03416408970952034,0.0009410472121089697,0.00046517967712134123,0.08444265276193619,0.08451256155967712,-2.3887158022262156e-05,-6.620406929869205e-05,0.0177519042044878,0.016603926196694374,0.07393496483564377,0.07977552711963654,-0.0006519377348013222,0.005490726325660944,-0.00031482637859880924,0.00928637757897377,0.004239054396748543,0.004662026651203632,0.3851858377456665,0.38604098558425903,0.15065643191337585,0.15300855040550232,-0.00011338710464769974,2.4483204470016062e-05,0.20635627210140228,0.17650218307971954,0.17668792605400085,0.0006937378784641623,0.07745601236820221,0.07950736582279205,0.019422905519604683,0.026599548757076263,-7.043127192574161e-10,1.3448297586649005e-08,-5.4985285657949134e-08,1.6316771933588825e-08,-4.4796614417919045e-08,-2.0673033063189905e-08,1.2703240237499358e-08,-6.277114295016872e-08,1.0859221077907932e-08,-4.7683716530855236e-08
00:00:01:45.766,61,-3.864988684654236e-08,-1.1492520712863552e-08,2.0479783202631552e-08,-1.1511146702503083e-08,2.9709189774962397e-08,0.028053276240825653,0.10274242609739304,4.2328611726816234e-08,2.0321458293892647e-08,-8.6054203762842e-09,2.197921311619666e-08,-4.323199220834795e-08,0.028103932738304138,0.1029050424695015,0.059087373316287994,-0.0003123155329376459,0.03245674446225166,0.2914324700832367,0.005902816541492939,0.21338427066802979,0.01713825762271881,0.0018549119122326374,0.00034343209699727595,0.09396614879369736,0.09386368095874786,-0.00019244790019001812,-0.0006533169653266668,0.023958835750818253,0.022174634039402008,0.09387078881263733,0.09768262505531311,-0.0005024218698963523,0.006518779322504997,-0.0005169826908968389,0.0048734573647379875,0.0034983945079147816,0.003994673956185579,0.4363093078136444,0.4367794394493103,0.1423531472682953,0.14585445821285248,-0.0005387174896895885,-0.00039753495366312563,0.20221933722496033,0.17026419937610626,0.17043782770633698,0.00036794281913898885,0.07436343282461166,0.07689209282398224,0.010633179917931557,0.017132338136434555,-6.437767541278561e-10,1.2274831817649101e-08,-5.044043049906577e-08,1.4919788071665607e-08,-4.1164458508546886e-08,-1.8957070579972424e-08,1.1604279315235999e-08,-5.790498036617464e-08,1.0132789718397817e-08,-4.425644917205318e-08
00:00:01:46.783,61,-2.9010698288089998e-09,-9.760260155644573e-09,8.177011956433944e-09,1.2293458473422447e-09,5.494802945982258e-10,0.026665108278393745,0.14513742923736572,2.449378477820119e-09,-3.8743017682918435e-09,-1.1548399569960566e-08,5.0198285528324504e-09,-1.2628734502584393e-08,0.026733780279755592,0.14534959197044373,0.06755346059799194,-0.0002441600081510842,0.032661065459251404,0.3183973431587219,0.003246087348088622,0.17066890001296997,0.002440620679408312,0.002643823390826583,0.00011213929974474013,0.11200527101755142,0.11103538423776627,2.3164153390098363e-05,-0.000537516491021961,0.03249885141849518,0.0303118284791708,0.1147463247179985,0.11687691509723663,-0.0001575338828843087,0.007344025187194347,-0.0006536507862620056,0.002057679696008563,0.0029083683621138334,0.0034829876385629177,0.481410413980484,0.48122909665107727,0.13211826980113983,0.13622324168682098,-0.0005683875060640275,-0.00046098470920696855,0.19740252196788788,0.16214028000831604,0.1622997522354126,0.00011455893400125206,0.07008375972509384,0.07306508719921112,0.00460773054510355,0.010203130543231964,4.097819306103645e-10,8.27014456916686e-09,-1.542270133825241e-08,9.369105491430219e-09,6.332993573998635e-10,-3.1536910860552325e-09,-6.332993685020938e-09,-1.0812654771541474e-08,-6.444752287393385e-09,5.699694050065318e-09
00:00:01:48.800,61,4.219356952717135e-08,-6.5006315885796084e-09,-8.419156038996789e-09,1.7238781069295328e-08,-3.626569977654981e-08,0.025296779349446297,0.17463403940200806,-4.7916547174509105e-08,-3.358349331961108e-08,-1.3466924464466956e-08,-1.7071142721647448e-08,2.771616003371946e-08,0.02537020668387413,0.17488181591033936,0.07430870085954666,-0.00023149744083639234,0.03330197185277939,0.33662986755371094,0.0016371795209124684,0.13183754682540894,0.0005222022300586104,0.0035958546213805676,-1.5010740753496066e-05,0.14007948338985443,0.1370914876461029,0.00015451907529495656,-0.0003349733306095004,0.042069245129823685,0.03969557210803032,0.13289394974708557,0.13382786512374878,-0.00020618319103959948,0.008264434523880482,-0.0005588406347669661,0.0003643098461907357,0.0024371317122131586,0.0030242495704442263,0.5117678642272949,0.5111995935440063,0.1202140599489212,0.1243886947631836,-0.00047518490464426577,-0.00038881777436472476,0.19040244817733765,0.15460044145584106,0.15476375818252563,-3.6704390367958695e-05,0.06506197154521942,0.06791675090789795,0.0012213742593303323,0.005901543889194727,1.6973353833549254e-09,1.6577541561701992e-09,3.037974138919708e-08,1.043081288010228e-09,5.305744821271219e-08,1.7060665769008665e-08,-2.803280985119727e-08,4.966277700191313e-08,-2.643093388599027e-08,6.761401749599827e-08
00:00:01:48.816,61,7.176771532613202e-08,2.719461988931471e-09,-2.4419277266929384e-08,2.6021153232136385e-08,-5.914829515063502e-08,0.02455970086157322,0.1939127892255783,-8.02800030896833e-08,-4.870816994184679e-08,-5.941838132628163e-09,-3.402587012146796e-08,6.131827490207797e-08,0.024640697985887527,0.1941853016614914,0.07925522327423096,-9.521089668851346e-05,0.03363019973039627,0.34170395135879517,0.0010434782598167658,0.10551834106445312,0.0004533088067546487,0.004483736120164394,-8.525526209268719e-05,0.16221687197685242,0.15750102698802948,0.0001997852377826348,-0.00025805472978390753,0.0490548275411129,0.04654997959733009,0.1427757740020752,0.14214976131916046,-0.0002620088926050812,0.008666742593050003,-0.00031217694049701095,-0.0003703245602082461,0.0021481618750840425,0.0027816491201519966,0.530423104763031,0.5293987393379211,0.11545644700527191,0.11931876838207245,-0.0006677245837636292,-0.0006325614522211254,0.1854594349861145,0.14446158707141876,0.14462614059448242,-5.009770393371582e-05,0.0640479102730751,0.0668652281165123,-4.6137869503581896e-05,0.004237034823745489,2.1874440037095155e-09,-8.139759088976461e-09,7.079913899588064e-08,-1.1231750640661176e-08,8.549541519187187e-08,3.1979290326944465e-08,-3.656372271620967e-08,9.469687967111895e-08,-3.401190085128292e-08,1.0106712267088369e-07
00:00:01:49.833,61,8.457340072709485e-08,1.1734664795426397e-08,-3.508291968046251e-08,2.8554349995602024e-08,-6.81821248349479e-08,0.023947590962052345,0.20767030119895935,-9.386800314814536e-08,-5.2098183545012944e-08,3.4645200042149327e-09,-4.3087638346150925e-08,8.091330272463892e-08,0.02403300255537033,0.20796333253383636,0.08271782845258713,-5.8817713579628617e-05,0.03393186628818512,0.33740904927253723,0.0006741304532624781,0.08601566404104233,0.0004057347832713276,0.005247143562883139,-0.00014417088823392987,0.18104492127895355,0.17479278147220612,8.493602217640728e-05,-0.00030352771864272654,0.05454587936401367,0.05211411416530609,0.14892947673797607,0.14758767187595367,-0.00034741402487270534,0.009149822406470776,-0.00017091870540753007,-0.000880480685736984,0.002106636529788375,0.002769509330391884,0.5408925414085388,0.5396673083305359,0.11094536632299423,0.1143067330121994,-0.0005735945887863636,-0.0005491638439707458,0.17763008177280426,0.136634960770607,0.136809304356575,-0.00022642582189291716,0.06366048753261566,0.06638917326927185,-0.0007098293281160295,0.003079304937273264,2.1397135174794357e-09,-1.637265079068584e-08,9.56840793264746e-08,-2.1439046093973957e-08,9.811483181465519e-08,3.959983629897579e-08,-3.665685710529942e-08,1.1797528998158668e-07,-3.3173709113043515e-08,1.1038034841703848e-07
00:00:01:50.849,61,6.476417269141166e-08,1.9185245392350225e-08,-3.4272670035306874e-08,1.9464641454192133e-08,-5.045905737688372e-08,0.023291517049074173,0.22113651037216187,-7.071532337477038e-08,-3.3527612686157227e-08,1.5534460828803276e-08,-3.659631886421266e-08,7.236376120545174e-08,0.023380601778626442,0.22144997119903564,0.08370237052440643,-2.2611990061705e-05,0.034121979027986526,0.3252830505371094,0.0005216446588747203,0.07251519709825516,0.0003053867840208113,0.0057177674025297165,-0.00018771941540762782,0.19287361204624176,0.18536832928657532,4.819750756723806e-05,-0.0003364923468325287,0.057987093925476074,0.05570923909544945,0.14860191941261292,0.1467873454093933,-0.00032892345916479826,0.009568905457854271,-0.00018875539535656571,-0.001397621468640864,0.0021036402322351933,0.0028230303432792425,0.5435281991958618,0.5421112179756165,0.10708638280630112,0.10972749441862106,-0.0006196200847625732,-0.0006186258979141712,0.17340099811553955,0.1284663826227188,0.12864412367343903,-0.00035991452750749886,0.06378977745771408,0.06659725308418274,-0.0007631421322003007,0.002664353931322694,1.131556959244051e-09,-2.0824373336836288e-08,8.923932881543806e-08,-2.6319176171796244e-08,7.303431459604326e-08,3.290828232138665e-08,-2.0414590906625563e-08,9.837560099867915e-08,-1.7285346487483366e-08,7.364899090589461e-08
00:00:01:52.866,61,3.147870231146044e-08,1.9185245392350225e-08,-2.3869796805797705e-08,7.096677911988536e-09,-2.2901222251903164e-08,0.022534146904945374,0.23231466114521027,-3.3276155164685406e-08,-9.927898503292454e-09,2.0172446824062717e-08,-2.1131709715405123e-08,4.507601403247463e-08,0.022629939019680023,0.2326411008834839,0.08195333182811737,0.00014322251081466675,0.03351626917719841,0.29155927896499634,0.00031577705522067845,0.06381946802139282,0.00014675676357001066,0.006252569612115622,-0.0001076933549484238,0.1997360736131668,0.19113555550575256,-0.00013120711082592607,-0.0005659335874952376,0.05975994095206261,0.057851243764162064,0.14074383676052094,0.13845863938331604,-0.00023512124607805163,0.009835302829742432,-0.00011728584649972618,-0.0014534645015373826,0.0023040720261633396,0.0031073500867933035,0.5340339541435242,0.5325261950492859,0.10115513205528259,0.10286533087491989,-0.0007194125792011619,-0.0007943058153614402,0.17597652971744537,0.12157367914915085,0.12175816297531128,-0.0004696176329161972,0.06435906141996384,0.06744862347841263,-0.00039908409235067666,0.0027735799085348845,5.4715201119881485e-11,-1.8049030714450964e-08,5.86919490785931e-08,-2.242624752568645e-08,3.386288938145299e-08,1.8558930392487127e-08,-2.7753412901176944e-09,5.54556010001761e-08,-7.636845045233542e-10,2.529472098444785e-08
00:00:01:52.883,61,4.0889133856580884e-08,2.2413441769231213e-08,-2.9128859324600853e-08,9.890063878970068e-09,-3.0163210595901546e-08,0.021436769515275955,0.2507020831108093,-4.3610342004285485e-08,-1.4698598782558747e-08,2.2442545599687946e-08,-2.6645720296869513e-08,5.600508146130778e-08,0.021538827568292618,0.25104403495788574,0.07365439832210541,0.00029656777041964233,0.03263415768742561,0.24246768653392792,0.0009233257733285427,0.06823447346687317,0.0004998591612093151,0.0067486148327589035,-0.00014383041707333177,0.18043729662895203,0.17201057076454163,0.004857120104134083,0.004802668001502752,0.05842693895101547,0.056831229478120804,0.1299763321876526,0.12834134697914124,-0.00021476067195180804,0.010443279519677162,-0.00011752802674891427,-0.0012809357140213251,0.002191954990848899,0.002989436499774456,0.47006621956825256,0.46771857142448425,0.08617258071899414,0.08639407157897949,-0.0006359626422636211,-0.0007481700740754604,0.21189384162425995,0.14826732873916626,0.1484665870666504,-0.0005461577093228698,0.06012167036533356,0.06309632211923599,-0.0003980977926403284,0.0017160364659503102,1.9237632320479037e-10,-2.1415763384879938e-08,7.167225390958265e-08,-2.6714987555465086e-08,4.394969366217083e-08,2.3296742313050345e-08,-5.249166878940059e-09,6.997753843052124e-08,-2.9709190663140816e-09,3.584194985251088e-08
00:00:01:53.899,61,3.488676014740122e-08,1.923646841817117e-08,-2.4843028967325154e-08,8.38073876963108e-09,-2.5766203393118303e-08,0.021216198801994324,0.2650465667247772,-3.7384452866717766e-08,-1.2717209507684402e-08,1.9448343380190636e-08,-2.279353772394188e-08,4.801433561851809e-08,0.021315472200512886,0.26539623737335205,0.05990204960107803,0.0003393503138795495,0.03024357557296753,0.19362904131412506,0.006430796347558498,0.07192347198724747,0.002855199621990323,0.00734835397452116,-0.00023421763035003096,0.15377986431121826,0.14480647444725037,0.01353855337947607,0.013708473183214664,0.05309624224901199,0.05168568715453148,0.1161876991391182,0.11558041721582413,-9.728372242534533e-05,0.011081047356128693,-0.0002990114444401115,-0.0011007307330146432,0.0020975940860807896,0.0028397177811712027,0.37822479009628296,0.3752823770046234,0.06564366072416306,0.0646454244852066,-0.00069021264789626,-0.0008078882237896323,0.24899910390377045,0.17546150088310242,0.1756879687309265,-0.0005831169546581805,0.057649288326501846,0.06050877273082733,-0.00012188949040137231,0.0009589259279891849,1.5861587043808356e-10,-1.8426216996658695e-08,6.131827490207797e-08,-2.2957101109000178e-08,3.755558353191191e-08,1.9905273873632723e-08,-4.244502527228633e-09,5.975540062763685e-08,-2.353917727404564e-09,3.0701048814307796e-08
00:00:01:55.916,61,2.740940630019395e-08,1.5676487663540684e-08,-1.9982689281050625e-08,6.4331104887571655e-09,-2.0051375670959715e-08,0.02042195573449135,0.27346158027648926,-2.9365182285800984e-08,-9.568175585172867e-09,1.6033881777843817e-08,-1.810869498797274e-08,3.8300640881061554e-08,0.020522218197584152,0.27381718158721924,0.0485965833067894,0.00027342530665919185,0.02573169767856598,0.15242351591587067,0.019203059375286102,0.06630819290876389,0.005609701853245497,0.0076995911076664925,-0.0002554289239924401,0.1170114204287529,0.10877057164907455,0.015519112348556519,0.015766538679599762,0.04727833345532417,0.045968733727931976,0.10814071446657181,0.10754051059484482,0.0044478545896708965,0.013697793707251549,-0.0003589194966480136,-0.000763606745749712,0.0019085018429905176,0.0026302828919142485,0.28319570422172546,0.27986645698547363,0.043665457516908646,0.04227815568447113,-0.0003633458982221782,-0.0004402554768603295,0.2811668813228607,0.20004631578922272,0.20029063522815704,-0.0004777854774147272,0.053446780890226364,0.056508682668209076,-4.334280311013572e-05,0.00032732580439187586,1.0491930935163651e-10,-1.4984980367671596e-08,4.8958462173231965e-08,-1.8605497587032005e-08,2.9384391808662258e-08,1.57597241923213e-08,-2.982560642905696e-09,4.747213111500059e-08,-1.3853422853316033e-09,2.3404135518489966e-08
00:00:01:56.933,61,3.906432510802915e-08,6.239861072288022e-09,-1.6849954320719007e-08,1.2991949738250241e-08,-3.1243544640346954e-08,0.01959257945418358,0.27902916073799133,-4.361150729437213e-08,-2.3823231387609667e-08,2.803280940710806e-09,-2.0280713997067323e-08,3.8384460054885494e-08,0.019694441929459572,0.279398113489151,0.04172917455434799,0.0002062877028947696,0.019036147743463516,0.11699457466602325,0.04074297100305557,0.05985426530241966,0.004909269046038389,0.007859465666115284,-6.509298691526055e-05,0.07427269965410233,0.06766221672296524,0.01020059734582901,0.010326158255338669,0.04228079319000244,0.04106957092881203,0.10208917409181595,0.10018762946128845,0.01533332746475935,0.019404858350753784,-0.00014318527246359736,-0.0004075336328241974,0.0016636960208415985,0.0025029373355209827,0.18425728380680084,0.1803208589553833,0.020957186818122864,0.020078539848327637,-0.0006155382143333554,-0.0006280756206251681,0.31484144926071167,0.21999916434288025,0.22026127576828003,-0.0002454793138895184,0.0506712906062603,0.054298847913742065,-0.0006894129328429699,-3.549650136847049e-05,9.505310982760307e-10,-8.31205415607883e-09,4.549976395651356e-08,-1.0617076995345087e-08,4.529021779831055e-08,1.84873343300751e-08,-1.6279518177952923e-08,5.522277035652223e-08,-1.4710240137105757e-08,5.0170346099776e-08
00:00:01:56.950,61,6.950867970090258e-08,1.5005934272949162e-08,-3.285007466047318e-08,2.211483618452803e-08,-5.492707799703567e-08,0.019028490409255028,0.28665947914123535,-7.713446592561013e-08,-3.965571693242964e-08,9.643844833817639e-09,-3.758148636734404e-08,7.240799959618016e-08,0.01914886385202408,0.28705763816833496,0.04026347026228905,3.563471182133071e-05,0.011495944112539291,0.09975913912057877,0.06468876451253891,0.04230334609746933,0.003772290889173746,0.008752012625336647,3.5998262319481e-05,0.04692801833152771,0.04136182740330696,0.006069450173527002,0.005903297569602728,0.040566910058259964,0.03942852094769478,0.10274263471364975,0.09781955927610397,0.029093267396092415,0.026645150035619736,0.0006369506008923054,-0.0005693871644325554,0.0016951545840129256,0.0027240256313234568,0.13649965822696686,0.13161152601242065,0.0049652718007564545,0.005217841826379299,-0.000705145881511271,-0.0006007300689816475,0.3476501703262329,0.24084553122520447,0.24113039672374725,-4.4133514165878296e-05,0.04855256527662277,0.05300392210483551,-0.0008432012982666492,-1.4689750969409943e-05,1.4732358666336154e-09,-1.8064165274722654e-08,8.640345328103649e-08,-2.2653257047977604e-08,7.85302844974467e-08,3.3636169405326655e-08,-2.5915214862948233e-08,1.011416301821555e-07,-2.2962922230362892e-08,8.560484587860628e-08
00:00:01:57.966,61,8.938484796772173e-08,2.0361039076988163e-08,-4.30433999554225e-08,2.8138748220385423e-08,-7.036840798946287e-08,0.017301339656114578,0.29210811853408813,-9.893672370253626e-08,-5.0361268932874736e-08,1.3918615593411232e-08,-4.875299097761854e-08,9.424053359907703e-08,0.017431164160370827,0.29253751039505005,0.03673560544848442,7.03007826814428e-05,0.006384411361068487,0.08903313428163528,0.07959344983100891,0.025870928540825844,0.005647250451147556,0.009733173996210098,-3.47371787938755e-05,0.036562398076057434,0.030691208317875862,0.0012973868288099766,0.0008646927308291197,0.037435032427310944,0.03616752102971077,0.10122795403003693,0.09341294318437576,0.03481322154402733,0.02827632427215576,8.800013893051073e-05,-0.0005778115009889007,0.0013274986995384097,0.002352137351408601,0.11997684836387634,0.11424840986728668,0.0011770915007218719,0.00193535175640136,-0.0007126387790776789,-0.0006277771899476647,0.3746179938316345,0.2601360082626343,0.2604295611381531,0.00022433750564232469,0.04749590903520584,0.05213570222258568,-0.0008513751090504229,-3.0584931664634496e-05,1.8316496097625645e-09,-2.4288892674917406e-08,1.1235940888809637e-07,-3.0191149136271633e-08,1.0032905350954024e-07,4.3466570787131786e-08,-3.2247044146060944e-08,1.3084849115330144e-07,-2.8547365360509502e-08,1.0862946453471523e-07
00:00:01:59.983,61,1.0144373163711862e-07,1.3870885773314967e-08,-4.200905223683549e-08,3.423367189725468e-08,-8.150236396886612e-08,0.01685909554362297,0.2937091588973999,-1.1329015592309588e-07,-6.291898557719833e-08,3.813765747651132e-09,-5.209207287748541e-08,9.737443207313845e-08,0.016995130106806755,0.2941668629646301,0.03554162383079529,0.0001696231629466638,0.002844152506440878,0.08669496327638626,0.09238061308860779,0.012191304937005043,0.007490825839340687,0.010719493962824345,6.250568549148738e-05,0.04847187548875809,0.04122423008084297,0.0004286014009267092,-0.00018710349104367197,0.036346301436424255,0.034955721348524094,0.10019023716449738,0.08930765092372894,0.04195960611104965,0.03109288029372692,-0.0003793237265199423,-0.0008347669499926269,0.0013536043697968125,0.0024210854899138212,0.11916902661323547,0.11268842965364456,-0.00035891096922568977,0.0005467092851176858,-0.0007977107889018953,-0.0007732515223324299,0.3989412784576416,0.2784450054168701,0.2787550687789917,0.0006161542842164636,0.049183595925569534,0.05379825085401535,-0.000908108486328274,-0.0003745501453522593,2.5607005404992833e-09,-1.991633347131483e-08,1.1384370424138979e-07,-2.5220215249532885e-08,1.1618831052828682e-07,4.709916368028644e-08,-4.3758191736742447e-08,1.4136196568870218e-07,-3.980007079462666e-08,1.3308134327871812e-07
00:00:02:00.000,61,9.980053050639981e-08,1.1594965876327024e-08,-3.98093824571788e-08,3.4188850861482933e-08,-8.059200240495556e-08,0.015576771460473537,0.2913808524608612,-1.1162832436184544e-07,-6.314367340110039e-08,1.3597309944657354e-09,-5.050096518743885e-08,9.373761855613338e-08,0.015695007517933846,0.2918410003185272,0.031699422746896744,8.534602966392413e-05,0.001494961092248559,0.08313862979412079,0.09584764391183853,0.008694215677678585,0.009509525261819363,0.011137876659631729,6.779091199859977e-05,0.06280659884214401,0.05383902043104172,0.0003623492957558483,-0.0002520467387512326,0.03215152397751808,0.030480092391371727,0.0991864874958992,0.08794008195400238,0.03543583303689957,0.028291065245866776,-0.00041585610597394407,-0.0007555478950962424,0.0007211082265712321,0.0016409069066867232,0.12767565250396729,0.1207960769534111,-0.0008024338167160749,-0.00019823864568024874,-0.00045511298230849206,-0.00044635552330873907,0.4259324371814728,0.29733237624168396,0.29765424132347107,0.0006744377315044403,0.05247604474425316,0.056694649159908295,-0.001046541379764676,-0.0008066381560638547,2.607703164514419e-09,-1.789070580571206e-08,1.088622951783691e-07,-2.2901222251903164e-08,1.1492520712863552e-07,4.582922130680345e-08,-4.452653357134295e-08,1.3734680237575958e-07,-4.070810888379128e-08,1.3319775860054506e-07
00:00:02:00.016,61,8.16327485608781e-08,5.284091386670298e-09,-2.9543297586087647e-08,2.8904178606126152e-08,-6.664893703600683e-08,0.014959483407437801,0.28581497073173523,-9.178009463539638e-08,-5.408772096870962e-08,-3.903405598748577e-09,-3.986992069826556e-08,7.239170685124918e-08,0.015063755214214325,0.286251962184906,0.03079219162464142,3.519498204695992e-05,0.0035004871897399426,0.08360403776168823,0.08610346168279648,0.025399699807167053,0.008504386059939861,0.011654214933514595,2.009726631513331e-05,0.07776031643152237,0.06692030280828476,-0.00032652541995048523,-0.001094400999136269,0.02866556867957115,0.026642827317118645,0.09818972647190094,0.08965142071247101,0.02521180547773838,0.024752845987677574,6.045261397957802e-05,-0.0016628995072096586,0.00025586728588677943,0.0010769879445433617,0.1449374556541443,0.13866347074508667,-8.278869063360617e-05,-0.0008335611200891435,-0.00031002325704321265,-0.0003125621296931058,0.45413103699684143,0.31766459345817566,0.3180030882358551,0.0009068772196769714,0.05921828746795654,0.06285934150218964,-0.00011043150152545422,1.7417325580026954e-05,2.3330357645789945e-09,-1.134467275676343e-08,8.295173614669693e-08,-1.4699762296288554e-08,9.507756004722978e-08,3.653098090694584e-08,-3.95718977586057e-08,1.0920077642140313e-07,-3.653578417583958e-08,1.1312775427541055e-07
00:00:02:01.033,61,5.431589755744426e-08,-1.162290530487553e-08,-8.570496312643172e-09,2.269633192497622e-08,-4.6974747647254844e-08,0.013167998753488064,0.2799418270587921,-6.262794727263099e-08,-4.5257621650307556e-08,-2.1515880632705375e-08,-2.115150010695288e-08,3.2617244016819313e-08,0.013245368376374245,0.2803598642349243,0.030420659109950066,-3.0687544494867325e-05,0.007157723419368267,0.08752580732107162,0.05355813354253769,0.07055995613336563,0.0069819227792322636,0.011160416528582573,-0.00014013958571013063,0.09213901311159134,0.08211599290370941,0.0003029467770829797,-7.328912761295214e-05,0.026848526671528816,0.024789804592728615,0.09301431477069855,0.08775888383388519,0.014985618181526661,0.020464414730668068,0.0008675687713548541,-0.001613446045666933,-0.0004169234016444534,0.00033336636261083186,0.172716423869133,0.16556186974048615,0.012127398513257504,0.009616096504032612,-0.0006730671739205718,-0.000679901335388422,0.48356175422668457,0.3389735519886017,0.3393121361732483,0.001003874116577208,0.06550556421279907,0.06854750961065292,-0.0005622893804684281,-0.00010508835111977533,2.3060420240028634e-09,4.63100136016692e-09,3.2864043930658227e-08,4.637986439348651e-09,6.750458680926386e-08,2.0803417655201883e-08,-3.7716237244467266e-08,6.095622495649877e-08,-3.6377461043457515e-08,9.10554049937673e-08
00:00:02:02.049,61,5.910638734007989e-08,-1.3216631344903362e-08,-8.931383632670986e-09,2.48342981734595e-08,-5.109701461947225e-08,0.011784243397414684,0.26643404364585876,-6.817514019985538e-08,-4.96010770234534e-08,-2.409331578689944e-08,-2.2923050124745714e-08,3.5080592653002896e-08,0.011852323077619076,0.26684120297431946,0.03452136740088463,-3.471796298981644e-05,0.012148027308285236,0.0939292162656784,0.033059630542993546,0.10246658325195312,0.005127611570060253,0.010781540535390377,-0.0002418686490273103,0.10621047019958496,0.09685008972883224,0.00022050438565202057,-0.0002376528864260763,0.026389189064502716,0.024413086473941803,0.09374991059303284,0.09116968512535095,0.010252905078232288,0.01776144467294216,0.00032990731415338814,-0.0014717731392011046,-0.0007013804279267788,-2.0153000150457956e-05,0.22075986862182617,0.2137812077999115,0.046642571687698364,0.0431632362306118,-0.000865472829900682,-0.0007685613818466663,0.512871503829956,0.36024680733680725,0.3606167137622833,0.0011762321228161454,0.07316765934228897,0.07573696225881577,-0.0003509122470859438,0.0019043684005737305,2.5251938318149314e-09,5.464535046684205e-09,3.4820985206351907e-08,5.702022409792562e-09,7.31355953575985e-08,2.2387103726373425e-08,-4.1498569913756e-08,6.576127020707645e-08,-3.9925797779005734e-08,9.99262539380652e-08
00:00:02:03.066,61,4.463829128553698e-08,-6.188638490556286e-09,-9.569339098902674e-09,1.777196345642551e-08,-3.789318725466728e-08,0.010093149729073048,0.22477014362812042,-5.12832762922244e-08,-3.533903480956724e-08,-1.3411044719191523e-08,-1.8709107152403703e-08,3.0430964415018025e-08,0.010167563334107399,0.22513778507709503,0.03935219720005989,0.00015334069030359387,0.018169669434428215,0.0996648296713829,0.02475413866341114,0.13061010837554932,0.004325369838625193,0.009758131578564644,-0.00039456706144846976,0.11772682517766953,0.10838846117258072,0.00030639729811809957,-0.0002608410140965134,0.025454144924879074,0.02356809563934803,0.09577784687280655,0.09571173787117004,0.007798225153237581,0.015074014663696289,4.364117921795696e-05,-0.0008593264501541853,-0.0007468739640899003,-0.00019273046927992254,0.27799922227859497,0.2726244628429413,0.08611880987882614,0.08204880356788635,-0.0006416645483113825,-0.000578865990974009,0.5392696857452393,0.3791656196117401,0.3795466721057892,0.0011283442145213485,0.0789918303489685,0.0806412473320961,0.0008065064321272075,0.004410644061863422,1.709850039333105e-09,9.778886589373315e-10,3.191642505839809e-08,6.100162597277858e-10,5.403999381314861e-08,1.7765559690019472e-08,-2.8107315586112236e-08,5.2631367708499965e-08,-2.7082860398763842e-08,7.153488468247815e-08
00:00:02:05.083,61,5.482695897285339e-08,1.2608943222858215e-08,-2.644432228748883e-08,1.725740794711328e-08,-4.305154988060167e-08,0.009165783412754536,0.16758468747138977,-6.108253813863485e-08,-3.0747614232495835e-08,8.62870397355664e-09,-3.014341842799695e-08,5.818088411047029e-08,0.009232775308191776,0.16786402463912964,0.04135217145085335,0.000261201144894585,0.023935316130518913,0.10302724689245224,0.014279540628194809,0.16410794854164124,0.0047216759994626045,0.008180400356650352,-0.0005801331135444343,0.12760747969150543,0.11897359788417816,0.0003718888619914651,-9.265886910725385e-05,0.023614928126335144,0.021918410435318947,0.09463086724281311,0.09707450121641159,0.0024899488780647516,0.011760763823986053,-0.00012190807319711894,-0.0002949629270005971,-0.0010600138921290636,-0.0006063321488909423,0.3169114589691162,0.3129519522190094,0.12115839123725891,0.11610028147697449,-0.0005961795686744153,-0.0005323764635249972,0.5635815262794495,0.402632474899292,0.40300628542900085,0.0011725210351869464,0.08546923846006393,0.08613549917936325,0.0020133722573518753,0.007207191549241543,1.0988151499802257e-09,-1.49151304640327e-08,6.89353356619904e-08,-1.875683608432155e-08,6.081536696456169e-08,2.6469788139138473e-08,-1.9352883739998106e-08,8.006638552160439e-08,-1.7358688708668524e-08,6.688758702466657e-08
00:00:02:06.100,61,5.724141516338932e-08,4.125758845674454e-09,-2.090353490302732e-08,2.0131700750880555e-08,-4.644971340894699e-08,0.007321781013160944,0.11977262794971466,-6.464426149932478e-08,-3.774650281229697e-08,-2.2165478341662492e-09,-2.825865585975862e-08,5.1464883910057324e-08,0.007375112269073725,0.11998174339532852,0.043674491345882416,0.00037709317984990776,0.029083169996738434,0.10679776966571808,0.003047070698812604,0.1874421238899231,0.0020049982704222202,0.006627803668379784,-0.0005580908618867397,0.1339726448059082,0.1280578225851059,0.0002352396841160953,5.788356247649062e-07,0.021700864657759666,0.020260104909539223,0.09367313981056213,0.09715999662876129,0.00023290283570531756,0.008405664935708046,-0.0006287705036811531,0.0014321532798931003,-0.0011169526260346174,-0.0006438429118134081,0.35354530811309814,0.35088616609573364,0.1584465056657791,0.15416915714740753,-0.0004603852576110512,-0.0004334722470957786,0.5850127339363098,0.42411094903945923,0.42447730898857117,0.0012337611988186836,0.08841031044721603,0.08839583396911621,0.004880745895206928,0.012179137207567692,1.6055128337910674e-09,-8.326023426263873e-09,5.835201477566443e-08,-1.0789372062447455e-08,6.573274902166304e-08,2.5435292982933788e-08,-2.7103816080398246e-08,7.65291048310246e-08,-2.5201588371714934e-08,7.937662616086527e-08
00:00:02:07.116,61,6.965652232793218e-08,6.849877554060413e-09,-2.677785282401146e-08,2.4090986983082985e-08,-5.631707722386636e-08,0.00605789665132761,0.08717450499534607,-7.852271721731086e-08,-4.48699566391042e-08,-6.204936564557784e-10,-3.500143108681186e-08,6.434041921465905e-08,0.006103200372308493,0.08734547346830368,0.04593227803707123,0.000501169532071799,0.03374156355857849,0.10660572350025177,0.0011065044673159719,0.20080479979515076,0.0006297355866990983,0.005972372833639383,-0.0003702037502080202,0.1375226527452469,0.13331368565559387,0.0001618020614841953,0.00016456171579193324,0.02053252048790455,0.01905749924480915,0.09582525491714478,0.10006529837846756,-0.00027514135581441224,0.006144880782812834,-0.0006958477897569537,0.0025907487142831087,-0.0011923344573006034,-0.0006899219006299973,0.37847357988357544,0.3768071234226227,0.18196959793567657,0.17823003232479095,-0.00027432909701019526,-0.0003162036882713437,0.6071733236312866,0.4441918432712555,0.4445623457431793,0.0009431283106096089,0.09191598743200302,0.09106512367725372,0.011243343353271484,0.01973637193441391,1.8651917788048422e-09,-1.1665979293695727e-08,7.359427200981372e-08,-1.4605466169825831e-08,7.981550709246221e-08,3.1501549813128804e-08,-3.180699437166368e-08,9.473500739431984e-08,-2.9214424657197924e-08,9.465264128039053e-08
00:00:02:07.133,61,3.265682479991483e-08,-4.041940115939724e-09,-7.1525572131747595e-09,1.3010576616068192e-08,-2.759508710425962e-08,0.0042500183917582035,0.0689338967204094,-3.798864867121665e-08,-2.5704503414658575e-08,-9.313225746154785e-09,-1.3941899190683671e-08,2.278014932244332e-08,0.004268857650458813,0.0690968930721283,0.04894307255744934,0.00035749145899899304,0.03736577928066254,0.10758671909570694,-6.728708831360564e-05,0.21401512622833252,-6.375551311066374e-05,0.00534709170460701,-0.0003870896762236953,0.12782520055770874,0.12362785637378693,8.702486957190558e-05,0.00018073916726280004,0.019806137308478355,0.018486332148313522,0.09739313274621964,0.10271010547876358,-0.0005190670490264893,0.004753969144076109,-0.0012602463830262423,0.004069490358233452,-0.001206118380650878,-0.0006968600791878998,0.3891049921512604,0.388454794883728,0.20102031528949738,0.19787289202213287,-0.00022028446255717427,-0.00024071693769656122,0.6235041618347168,0.4550890326499939,0.4554634392261505,0.0005590430810116231,0.09162422269582748,0.08976258337497711,0.015951843932271004,0.025333890691399574,1.2270174876150008e-09,3.3527614018424856e-10,2.3785979408330604e-08,7.450580430390374e-11,3.91155481338501e-08,1.2991949738250241e-08,-2.0265579436795633e-08,3.887805988256332e-08,-1.9483268332010084e-08,5.2303075648296726e-08
00:00:02:08.149,61,2.681277777583091e-08,-6.8359078397861595e-09,-3.259629011154175e-09,1.1427328416857563e-08,-2.3134052895557033e-08,0.004338080063462257,0.05514887347817421,-3.164634065910832e-08,-2.3581087305046822e-08,-1.210719347000122e-08,-1.0319054055685228e-08,1.5366822481155396e-08,0.0043540834449231625,0.05528230965137482,0.04960046708583832,0.0004658329416997731,0.03951851278543472,0.1072336733341217,-0.0004458993789739907,0.2386889010667801,-3.4980774216819555e-05,0.004594208672642708,-0.00036611882387660444,0.10403397679328918,0.1015760600566864,0.0001390239631291479,0.00023952215269673616,0.01822473667562008,0.016933178529143333,0.10097898542881012,0.10771111398935318,-0.00018841579731088132,0.004204769618809223,-0.0017272749682888389,0.006385945249348879,-0.0013105301186442375,-0.0008907027076929808,0.38754624128341675,0.3874927759170532,0.21871142089366913,0.2159719467163086,-1.945853182405699e-05,-3.212094452464953e-05,0.6153093576431274,0.4447702169418335,0.4451449513435364,0.0004612874472513795,0.08955138921737671,0.08748190850019455,0.020993923768401146,0.03150389716029167,1.1944212285897038e-09,3.073364451822158e-09,1.385808001685973e-08,3.5390257391298974e-09,3.280118221482553e-08,9.77655911782449e-09,-1.9036233922520296e-08,2.913177077346063e-08,-1.8719584105042486e-08,4.649162121950212e-08
00:00:02:09.166,61,7.1059913508975114e-09,-4.395842356785806e-09,1.0337680711458574e-09,3.613531696089467e-09,-6.388872986207161e-09,0.006097276229411364,0.02313310094177723,-9.350478613612268e-09,-8.139759088976461e-09,-6.351620118749679e-09,-2.128072162932426e-09,1.8347054986378453e-09,0.006106541026383638,0.023207027465105057,0.0467429980635643,0.0006036103586666286,0.04227898642420769,0.10247696191072464,-0.0005205458146519959,0.2905680239200592,0.0005084598087705672,0.0038011071737855673,-0.00023241435701493174,0.06186078116297722,0.061741627752780914,-4.4731496018357575e-05,0.00022156954219099134,0.016813412308692932,0.01542486622929573,0.10284795612096786,0.11111293733119965,-6.866022886242718e-05,0.003781838808208704,-0.00175628368742764,0.009706312790513039,-0.0010899892076849937,-0.0006464913603849709,0.36331263184547424,0.3634299337863922,0.2286360114812851,0.22654926776885986,0.0002590835210867226,0.0002005970454774797,0.5965069532394409,0.4364003837108612,0.4367871880531311,0.0001371112884953618,0.08310632407665253,0.0798206552863121,0.02155764400959015,0.03303535282611847,4.23751783662496e-10,2.9988587169071934e-09,-4.097819306103645e-10,3.390014269299968e-09,8.810311591389564e-09,1.8149148850454822e-09,-6.798654972328677e-09,5.671754621516811e-09,-6.891787140972383e-09,1.6018748993928966e-08
00:00:02:10.183,61,4.0642916587785294e-08,-5.401670777338552e-10,-1.2367963542203597e-08,1.508276881168058e-08,-3.356486644179313e-08,0.006832059472799301,0.003551316214725375,-4.674307874097394e-08,-2.926215536547261e-08,-6.034970301271869e-09,-1.902692048361132e-08,3.331340892032131e-08,0.006830719765275717,0.0035855185706168413,0.04278673231601715,0.0005608132923953235,0.043825406581163406,0.0940883457660675,-0.0011270034592598677,0.35903698205947876,0.001729303621686995,0.0030961178708821535,-4.002686546300538e-05,0.02788371965289116,0.028803164139389992,0.0006765633588656783,0.0006641292711719871,0.014634723775088787,0.013147515244781971,0.10234542191028595,0.11214082688093185,-4.870340126217343e-05,0.003503182902932167,-0.001403567148372531,0.014277278445661068,-0.0006574161816388369,-0.00020600279094651341,0.3426971137523651,0.3423153758049011,0.23380284011363983,0.23218576610088348,-9.188413969241083e-05,-0.00013828277587890625,0.5863407254219055,0.4296215772628784,0.43001434206962585,-0.00024493157980032265,0.07469827681779861,0.07029398530721664,0.02028966136276722,0.03254496678709984,1.3248063757131945e-09,-3.0640512349577875e-09,3.566965389723009e-08,-4.13507228458343e-09,4.70411016806338e-08,1.710141006583399e-08,-2.1681190176536802e-08,5.161855298752016e-08,-2.067536186700636e-08,6.072222902275826e-08
00:00:02:12.200,61,7.204246088576838e-08,-1.0803341554677104e-09,-2.194195936056076e-08,2.6826747046015953e-08,-5.9539452479384636e-08,0.0079835569486022,0.0009001648286357522,-8.21333401290758e-08,-5.168840289115906e-08,-1.0635703873163038e-08,-3.346474741761085e-08,5.8487056975309315e-08,0.007975053042173386,0.0009284854168072343,0.039512261748313904,0.0004205960431136191,0.043737124651670456,0.08772453665733337,-0.00128500338178128,0.4172462522983551,0.005440675187855959,0.0028329254128038883,0.00010850610124180093,0.009846679866313934,0.010373953729867935,0.0020452176686376333,0.0020614201202988625,0.01337437517940998,0.011810015887022018,0.1028173416852951,0.11342332512140274,-8.750527922529727e-05,0.0030129391234368086,-0.0013035216834396124,0.016839275136590004,-0.00018622647621668875,0.00022533710580319166,0.3307320475578308,0.328775554895401,0.23217220604419708,0.23072238266468048,-0.0004016828606836498,-0.0004369282687548548,0.5762712359428406,0.4212076663970947,0.4216131567955017,-0.0005519843543879688,0.06705641001462936,0.061772026121616364,0.01699921302497387,0.02883283607661724,2.3480970501310594e-09,-5.299225502852778e-09,6.357208093277222e-08,-7.413327729466346e-09,8.403323903394266e-08,3.0499649028570275e-08,-3.872439435781416e-08,9.151175817123658e-08,-3.665685710529942e-08,1.0656192728220049e-07
00:00:02:13.216,61,7.592607431661236e-08,-2.9988587169071934e-09,-2.16439364209009e-08,2.8745271052343924e-08,-6.310641964546448e-08,0.0075292643159627914,0.000494613079354167,-8.671544549088139e-08,-5.5637212170722705e-08,-1.369044166921185e-08,-3.4524127556778694e-08,5.9586017897572674e-08,0.007515477016568184,0.0005042165284976363,0.035933975130319595,0.00028837440186180174,0.04328082129359245,0.08141282945871353,-0.0014481443213298917,0.47954118251800537,0.011679742485284805,0.0025228168815374374,0.00027291750302538276,0.0022004127968102694,0.002301717409864068,0.012257732450962067,0.012336316518485546,0.012696363963186741,0.011189606972038746,0.10457189381122589,0.1165241226553917,1.3787448551738635e-05,0.0027873509097844362,-0.0010585301788523793,0.018427317962050438,0.00017611816292628646,0.0005968143814243376,0.3243360221385956,0.3204847276210785,0.22685566544532776,0.2255551964044571,-0.0005486917216330767,-0.0005734634469263256,0.5671849846839905,0.41265395283699036,0.41308310627937317,-0.0008768869447521865,0.05854807049036026,0.052644699811935425,0.0120680071413517,0.02367320843040943,2.585584191194812e-09,-3.9394945083870425e-09,6.401911178954833e-08,-5.830079530255716e-09,8.906237525252436e-08,3.1624221463744107e-08,-4.231929651155042e-08,9.485520280350102e-08,-4.008412446410148e-08,1.1434778457442007e-07
00:00:02:14.233,61,8.374918536446785e-08,-3.725290298461914e-09,-2.3599714182864773e-08,3.171153295511431e-08,-6.97094932888831e-08,0.006196740083396435,0.000658990116789937,-9.552575619409254e-08,-6.159767451663356e-08,-1.5329568725519493e-08,-3.7930441010303184e-08,6.536953378599719e-08,0.006180456839501858,0.0006601774948649108,0.03281690180301666,0.00019233085913583636,0.04200531914830208,0.07744767516851425,-0.0012643891386687756,0.543007493019104,0.027748459950089455,0.0025172203313559294,0.00043959252070635557,0.0007054746383801103,0.0003672543098218739,0.040449295192956924,0.040629930794239044,0.011640751734375954,0.01024576649069786,0.10906857252120972,0.1224929615855217,1.9526183677953668e-05,0.0027932054363191128,-0.0008622664026916027,0.020071692764759064,0.0005557654658332467,0.0009321924881078303,0.32109054923057556,0.31498104333877563,0.22260011732578278,0.22130972146987915,-0.0006884503527544439,-0.0007294845418073237,0.5571154356002808,0.4050467014312744,0.40549683570861816,-0.0008768094121478498,0.05084642767906189,0.04438668116927147,0.00969074945896864,0.02137509547173977,2.8591602418970297e-09,-4.023313682210983e-09,6.970017807361728e-08,-5.923211698899422e-09,9.832903913320479e-08,3.4756958200432564e-08,-4.7031790018081665e-08,1.0419636709002589e-07,-4.453584523389509e-08,1.2649223890548456e-07
00:00:02:14.250,61,9.149778890105154e-08,-3.073364451822158e-09,-2.6589258794729176e-08,3.43844277495009e-08,-7.604714369335852e-08,0.004664438311010599,0.0012335622450336814,-1.0426155938603188e-07,-6.655231032937081e-08,-1.5646218542997303e-08,-4.181172741368755e-08,7.247552247235944e-08,0.00464799115434289,0.0012172567658126354,0.030360346660017967,0.00013586341810878366,0.04059482738375664,0.07500633597373962,-0.0009675920009613037,0.5974349975585938,0.0546124167740345,0.00224847043864429,0.0005321906646713614,-1.1724978321581148e-05,-0.0001690766221145168,0.06520609557628632,0.06532749533653259,0.009913664311170578,0.008641351014375687,0.1133054569363594,0.12757308781147003,1.0917186955339275e-05,0.0027203350327908993,-0.00019264280854258686,0.022294851019978523,0.0009955174755305052,0.00137336237821728,0.318224161863327,0.31006261706352234,0.21975955367088318,0.21838955581188202,-0.000817418098449707,-0.0008470320608466864,0.5488288402557373,0.39861881732940674,0.3990781307220459,-0.0005934460205025971,0.04330647364258766,0.03669781982898712,0.008617226034402847,0.02072913944721222,3.0687079544122753e-09,-5.448236972682707e-09,7.793307332804034e-08,-7.506460342199262e-09,1.0713003462115012e-07,3.8193537221786755e-08,-5.044043049906577e-08,1.1462252302862908e-07,-4.7665089653037285e-08,1.3710931057175912e-07
00:00:02:15.266,61,1.0138843009599441e-07,-9.723007288187091e-09,-2.4875625115328148e-08,3.961846317679374e-08,-8.540693841041502e-08,0.0032629072666168213,0.002927082823589444,-1.1589843751380613e-07,-7.739290452946079e-08,-2.5220215249532885e-08,-4.406319931149483e-08,7.387250633428266e-08,0.0032484049443155527,0.0029102074913680553,0.02929091453552246,0.0001266712642973289,0.039154279977083206,0.07600756734609604,-0.00048005758435465395,0.6393601894378662,0.08599790930747986,0.002296565566211939,0.0006493116961792111,-0.0006360195693559945,-0.0005582389421761036,0.08450236916542053,0.08462678641080856,0.008583842776715755,0.007355540990829468,0.11778638511896133,0.1325588822364807,-4.5258700993144885e-05,0.0029049378354102373,0.00034601331572048366,0.02429044246673584,0.001398039166815579,0.0017763933865353465,0.31707054376602173,0.30721229314804077,0.21499012410640717,0.21378372609615326,-0.0008645462803542614,-0.0008937096572481096,0.5427932739257812,0.3927004933357239,0.3931638300418854,-8.218232687795535e-05,0.03737708181142807,0.03073113225400448,0.007693426217883825,0.02042725868523121,3.7171412614611654e-09,-9.220093577511079e-10,7.668509738323337e-08,-2.1606683109354208e-09,1.203455042286805e-07,4.082336246824525e-08,-6.086192883003605e-08,1.2202653465465119e-07,-5.79282648516255e-08,1.5804543807007576e-07
00:00:02:16.283,61,1.0209623724222183e-07,-1.565553198190628e-08,-2.077780614229141e-08,4.126690456018878e-08,-8.703675291599211e-08,0.0018404716392979026,0.007702093105763197,-1.1723954429498917e-07,-8.152797903449027e-08,-3.26149169893597e-08,-4.233326933444914e-08,6.82566323462197e-08,0.0018351417966187,0.007686730474233627,0.027989262714982033,0.0002212213003076613,0.037720631808042526,0.07721096277236938,-0.00014418020145967603,0.6804073452949524,0.11771810799837112,0.002309604547917843,0.000634657742921263,-0.0012767696753144264,-0.0011589291971176863,0.10018783807754517,0.10043033957481384,0.00760899530723691,0.006398064084351063,0.12013101577758789,0.13535736501216888,-0.00013325542386155576,0.0030185445211827755,0.0010383952176198363,0.026161476969718933,0.0017900785896927118,0.002166477497667074,0.3209497928619385,0.30952852964401245,0.21542087197303772,0.21415935456752777,-0.0007119941874407232,-0.000776126398704946,0.537175178527832,0.38794201612472534,0.3884117603302002,0.0005079017719253898,0.03297124803066254,0.026275262236595154,0.007459167391061783,0.020719798281788826,4.031462719211731e-09,3.809109472285854e-09,6.87688554990018e-08,3.4645200042149327e-09,1.2276694860702264e-07,3.9715086330716076e-08,-6.561167253948952e-08,1.1841766678344356e-07,-6.312504297056876e-08,1.6493723364874313e-07
00:00:02:17.299,61,9.157695046724257e-08,-1.7834826948615046e-08,-1.5916302942287075e-08,3.79327680377628e-08,-7.86921035000887e-08,0.0010828259401023388,0.013188332319259644,-1.055933509519491e-07,-7.541850521874949e-08,-3.410503168765899e-08,-3.667315340294408e-08,5.748123044213571e-08,0.0010879469336941838,0.01317109540104866,0.026573728770017624,0.0002639514277689159,0.0365728884935379,0.07502754032611847,3.1025261705508456e-05,0.7218539714813232,0.1510467678308487,0.002279226202517748,0.0006723665283061564,-0.0020831271540373564,-0.0017729756655171514,0.11161743104457855,0.11181957274675369,0.006294735707342625,0.00512305274605751,0.12293302267789841,0.1386651247739792,-0.0003156346210744232,0.002866436028853059,0.0024783837143331766,0.02981821820139885,0.0023103507701307535,0.0027049994096159935,0.3239554464817047,0.3113040626049042,0.21998852491378784,0.21880333125591278,-0.0008016419596970081,-0.0008883094997145236,0.5289849042892456,0.38436537981033325,0.384845495223999,0.0012223123339936137,0.027567630633711815,0.020986013114452362,0.009478600695729256,0.023530686274170876,3.810855631058985e-09,6.463378721122126e-09,5.5935235110382564e-08,6.789341533419702e-09,1.110136480519941e-07,3.4658004466336934e-08,-6.185844370065752e-08,1.031300058684792e-07,-5.968846039650089e-08,1.5230848759983928e-07
00:00:02:18.316,61,1.225760257739239e-07,-1.4379620161264484e-08,-2.822838673921524e-08,4.853587753927968e-08,-1.0367482872197797e-07,0.0006717461510561407,0.01534886285662651,-1.4020595529018465e-07,-9.496696407040872e-08,-3.3844262503635036e-08,-5.228677935065207e-08,8.647329963196171e-08,0.0006818819092586637,0.015325485728681087,0.02583368867635727,0.00021807696612086147,0.03594371676445007,0.0752481147646904,0.00043281869147904217,0.7527217268943787,0.17752763628959656,0.00235478556714952,0.0006400799611583352,-0.0019579583313316107,-0.0013952022418379784,0.12357547134160995,0.1238521933555603,0.005535127595067024,0.004368246998637915,0.12739013135433197,0.14318811893463135,-0.00040799021371640265,0.0025725276209414005,0.0050857048481702805,0.033695515245199203,0.0030510479118674994,0.003492021467536688,0.3275511562824249,0.31358015537261963,0.21940097212791443,0.21822765469551086,-0.0008112192153930664,-0.0009011817164719105,0.5235069990158081,0.3828137218952179,0.38328808546066284,0.001737973652780056,0.023990577086806297,0.01750686578452587,0.011508890427649021,0.026051808148622513,4.618777804665797e-09,9.592622252085903e-10,8.938834383798167e-08,-1.7695128695649487e-10,1.4632939837611048e-07,4.882575055376037e-08,-7.566064397224181e-08,1.4568678352588904e-07,-7.235445309561328e-08,1.93677848869811e-07
00:00:02:20.333,61,1.1971685864864412e-07,-1.385808001685973e-08,-2.7734786911537412e-08,4.7306528472290665e-08,-1.0120682247816148e-07,0.00019732296641450375,0.017443867400288582,-1.3682991095720354e-07,-9.252689636696232e-08,-3.263354386717765e-08,-5.120644175349298e-08,8.487142366675471e-08,0.00021403729624580592,0.017416520044207573,0.02536388672888279,0.0002545416646171361,0.035009872168302536,0.07708630710840225,0.0007660457631573081,0.7680442929267883,0.1975145787000656,0.0022964244708418846,0.0006429485511034727,-0.0018347423756495118,-0.0011627209605649114,0.13317668437957764,0.1333121508359909,0.00467657670378685,0.003515882883220911,0.1301356554031372,0.1459459364414215,-0.000417076051235199,0.002307187533006072,0.007485477719455957,0.03484995290637016,0.003653919091448188,0.004086080938577652,0.32719868421554565,0.3128543794155121,0.21632717549800873,0.21504665911197662,-0.0008711576228961349,-0.0009788752067834139,0.5178020596504211,0.3797253370285034,0.380186527967453,0.0023259681183844805,0.02046557515859604,0.01399959996342659,0.01295766793191433,0.02723419852554798,4.500034123111618e-09,6.798654972328677e-10,8.763745285023106e-08,-4.004687137459939e-10,1.4275312310019217e-07,4.7737266584135796e-08,-7.366761423099888e-08,1.424923539161682e-07,-7.032416959873444e-08,1.8892809805493016e-07
00:00:02:21.350,61,1.274282084295919e-07,-4.647299434168417e-09,-3.6908314626771244e-08,4.802830488870313e-08,-1.0608695788505429e-07,-0.00016260087431874126,0.017664095386862755,-1.4458316854870645e-07,-9.221955821203665e-08,-2.229586293367447e-08,-5.803536495818662e-08,1.0061077659884177e-07,-0.00013935625611338764,0.01763640157878399,0.026152748614549637,0.0002643661864567548,0.03404095023870468,0.08380687981843948,0.0025003862101584673,0.7795367240905762,0.21636582911014557,0.00255653727799654,0.0006150704575702548,-0.0018901217263191938,-0.00134495017118752,0.1448395550251007,0.14497900009155273,0.004424195736646652,0.003220704849809408,0.13393530249595642,0.14914275705814362,-0.00045449077151715755,0.0023431105073541403,0.009429540485143661,0.03557801619172096,0.004012571182101965,0.004451922606676817,0.32766854763031006,0.3126482665538788,0.20665305852890015,0.20512759685516357,-0.0008309078402817249,-0.000957190990447998,0.5176123976707458,0.3779466152191162,0.3784005641937256,0.0027528204955160618,0.018120788037776947,0.011529126204550266,0.012460202910006046,0.026029212400317192,4.285248156321586e-09,-7.273629254456182e-09,1.0822899554341348e-07,-1.0170042585855299e-08,1.4944002657557576e-07,5.3230905905365944e-08,-7.081776942641227e-08,1.5942845266181394e-07,-6.695277932067256e-08,1.907721127736295e-07
00:00:02:22.366,61,1.1475989936116093e-07,-6.398185981026927e-09,-3.156252148528438e-08,4.371628037347364e-08,-9.583774840393744e-08,-0.0010342139285057783,0.021536946296691895,-1.3049691460764734e-07,-8.439645426960851e-08,-2.2798776200261273e-08,-5.149981063823361e-08,8.832662956592685e-08,-0.0010055131278932095,0.02149464376270771,0.026728009805083275,0.00033024378353729844,0.033142492175102234,0.09173474460840225,0.004354999400675297,0.7818021178245544,0.23278206586837769,0.0023102802224457264,0.0005939857219345868,-0.0015497690765187144,-0.0011502249399200082,0.1578054577112198,0.15782593190670013,0.0039389291778206825,0.0027659800834953785,0.13833364844322205,0.15347807109355927,-0.0005159981665201485,0.002053954405710101,0.00984220765531063,0.03316027298569679,0.004309308249503374,0.004707524552941322,0.32595008611679077,0.3107849955558777,0.1918419897556305,0.19004005193710327,-0.000784754753112793,-0.0009418511181138456,0.5145364999771118,0.37682366371154785,0.37726345658302307,0.0030987593345344067,0.014734518714249134,0.008098024874925613,0.011329030618071556,0.0235646590590477,3.965687778162419e-09,-4.777684914358815e-09,9.412877233216932e-08,-7.022172177073571e-09,1.3496726580797258e-07,4.734145520046695e-08,-6.54067875416331e-08,1.4174962359447818e-07,-6.203539726357121e-08,1.7423182896436629e-07
00:00:02:22.383,61,9.507173359679655e-08,-9.30391230724581e-09,-2.3301691243204914e-08,3.715045693297725e-08,-8.000061058055508e-08,-0.0010666442103683949,0.03025897778570652,-1.0846648024198657e-07,-7.228926079960729e-08,-2.386048514324557e-08,-4.126923158764839e-08,6.90575703288232e-08,-0.0010305267060175538,0.03021824359893799,0.02836279384791851,0.00035431134165264666,0.03155554458498955,0.10485459119081497,0.00933620985597372,0.7703357934951782,0.2507319748401642,0.0023284300696104765,0.0005308084655553102,-0.0011711365077644587,-0.0009552437113597989,0.17629022896289825,0.17629659175872803,0.0034448113292455673,0.0022705208975821733,0.13927379250526428,0.1531117558479309,-0.0005106577300466597,0.0019042860949411988,0.007861340418457985,0.02816682867705822,0.004425098188221455,0.004803776275366545,0.31904280185699463,0.30372098088264465,0.1688402146100998,0.16661140322685242,-0.0005605101468972862,-0.0007198905805125833,0.5104684233665466,0.37642747163772583,0.3768465518951416,0.0035471057053655386,0.012733777984976768,0.006108722183853388,0.009033290669322014,0.01917770318686962,3.4802360993069215e-09,-7.729977213877248e-10,7.19726074294158e-08,-1.90921123355281e-09,1.1256430099138015e-07,3.818422555923462e-08,-5.71645806246579e-08,1.1417083101150638e-07,-5.4603443544465335e-08,1.486763352431808e-07
00:00:02:23.399,61,1.0391464400072437e-07,-7.255002820727441e-09,-2.7348287190420706e-08,3.999099007501172e-08,-8.704140697091134e-08,-0.0012737977085635066,0.04248661920428276,-1.181848361397897e-07,-7.719732764144283e-08,-2.2649764730431343e-08,-4.6039932755093105e-08,7.82683500233361e-08,-0.0012342255795374513,0.04243932291865349,0.03125645965337753,0.00028367218328639865,0.02933267131447792,0.12779416143894196,0.020399153232574463,0.7307232618331909,0.2795240879058838,0.0025076670572161674,0.0006168059771880507,-0.0011154896346852183,-0.0017061561811715364,0.19620949029922485,0.19634902477264404,0.003397917142137885,0.0022632263135164976,0.13848863542079926,0.15052637457847595,-0.00046344101428985596,0.0021637168247252703,0.0038113573100417852,0.01733287423849106,0.004134591668844223,0.004473438020795584,0.2981957197189331,0.28280165791511536,0.12044338881969452,0.11744870990514755,-0.0004048132977914065,-0.0005371880251914263,0.5131381154060364,0.37680602073669434,0.37720000743865967,0.003933503292500973,0.009646265767514706,0.003011519555002451,0.004104841500520706,0.010094273835420609,3.6583513995935846e-09,-3.166496842510469e-09,8.284114016987587e-08,-4.908069950460003e-09,1.2231059542955336e-07,4.242640017082522e-08,-6.034970567725395e-08,1.2694624729192583e-07,-5.752779586032375e-08,1.591630223174434e-07
00:00:02:24.416,61,1.3577751190041454e-07,9.406357914798491e-10,-4.343688431163173e-08,4.980247325647724e-08,-1.1201947813788138e-07,-0.0006438678246922791,0.059933047741651535,-1.5329104030570306e-07,-9.438954151619328e-08,-1.6633421751066635e-08,-6.369780436443762e-08,1.1282041612048488e-07,-0.0005983990267850459,0.0598720945417881,0.036728523671627045,5.960397538729012e-05,0.026729021221399307,0.17116235196590424,0.044476140290498734,0.6468641757965088,0.3039781153202057,0.0026861291844397783,0.0005798631464131176,-0.0016058540204539895,-0.002034865552559495,0.21891681849956512,0.21906055510044098,0.002841801615431905,0.0018038669368252158,0.13287442922592163,0.1410999745130539,-0.00026553988573141396,0.004122007172554731,0.000882275402545929,0.00542530557140708,0.0033520811703056097,0.00363335688598454,0.26214978098869324,0.24831832945346832,0.0599115751683712,0.05654281750321388,-0.000633213494438678,-0.000661143974866718,0.5211999416351318,0.37956610321998596,0.3799194395542145,0.004227521829307079,0.008116139099001884,0.0019749135244637728,0.0007794667617417872,0.002210968639701605,4.256726082729756e-09,-1.2582168196217935e-08,1.2421980954968603e-07,-1.6679987169254673e-08,1.5750526927149622e-07,5.811918413201056e-08,-7.091090026278835e-08,1.7425976750473637e-07,-6.690621034977084e-08,1.9630417114058218e-07
00:00:02:25.433,61,2.0604115036348958e-07,2.4084002347990463e-08,-8.221715575018607e-08,7.043126970529556e-08,-1.663481867808514e-07,0.000447912811068818,0.08717691153287888,-2.3043713781589759e-07,-1.2972391516541393e-07,2.8125941575751767e-09,-1.044431670038648e-07,1.940224336749452e-07,0.0004917174810543656,0.08710169047117233,0.04452529922127724,-5.328387123881839e-05,0.02522747963666916,0.20651093125343323,0.07462560385465622,0.5352776646614075,0.3160989284515381,0.003173203207552433,0.000500514404848218,-0.001979012507945299,-0.0016823053592815995,0.23834770917892456,0.23842960596084595,0.0032922583632171154,0.0021129953674972057,0.12755338847637177,0.13176068663597107,0.0002224993659183383,0.007253091782331467,1.8849670595955104e-05,0.0012589028337970376,0.0022411891259253025,0.002546455943956971,0.2188599407672882,0.20811958611011505,0.02649509347975254,0.023641234263777733,-0.0006518417503684759,-0.0006043207831680775,0.538750410079956,0.38728001713752747,0.3876052796840668,0.004278187640011311,0.0075909155420959,0.0016815694980323315,-0.00042796999332495034,-0.0007692620274610817,5.36325384103975e-09,-3.694556482969347e-08,2.2200867988431128e-07,-4.6929343966439774e-08,2.3420899708526122e-07,9.38097954872319e-08,-9.102746645339721e-08,2.823118165906635e-07,-8.390284733650333e-08,2.750381895566534e-07
00:00:02:27.450,61,2.2281892597675323e-07,2.4400652165468273e-08,-8.789822203425501e-08,7.650815092574703e-08,-1.80182979647725e-07,0.0023074131458997726,0.1174510195851326,-2.4946405119408155e-07,-1.4159827799176128e-07,1.1548400014049776e-09,-1.1229887775243697e-07,2.0798296418433893e-07,0.0023666236083954573,0.11740688234567642,0.05159156024456024,-0.0002041434490820393,0.022785231471061707,0.2352585792541504,0.10890571773052216,0.46293818950653076,0.3288603723049164,0.003888713661581278,0.00037175777833908796,-0.001293941168114543,-0.0004677116812672466,0.2587929964065552,0.2585515081882477,0.003558241529390216,0.0023031493183225393,0.12359374016523361,0.12408914417028427,0.00031539081828668714,0.011320387944579124,-0.00016536592738702893,0.00011356979666743428,0.001334905275143683,0.0015397602692246437,0.1883307248353958,0.18016976118087769,0.010788673534989357,0.008338382467627525,-0.000894805183634162,-0.0007639515679329634,0.5541869401931763,0.39319634437561035,0.3934917151927948,0.004469312261790037,0.009366925805807114,0.00418366864323616,-0.0006921988679096103,-0.0018477541161701083,5.888287191169184e-09,-3.881752519419024e-08,2.379715482447864e-07,-4.913657747351863e-08,2.540834316278051e-07,1.0116258408743306e-07,-9.98284690467699e-08,3.0429566777456785e-07,-9.205191986438876e-08,2.9906630061304895e-07
00:00:02:28.466,61,2.425210539058753e-07,2.259388587333433e-08,-9.258278055312985e-08,8.425675446233072e-08,-1.9686297036969336e-07,0.0038220463320612907,0.14814241230487823,-2.718111602462159e-07,-1.568347158809047e-07,-3.967434381024759e-09,-1.2066215049344464e-07,2.2190623383266939e-07,0.003897495334967971,0.148131862282753,0.05455056577920914,-0.00023722409969195724,0.020204370841383934,0.24679423868656158,0.13724346458911896,0.41902419924736023,0.34270066022872925,0.0046957251615822315,0.0002638805890455842,-0.0013285363093018532,-8.796453766990453e-05,0.27543506026268005,0.2750522494316101,0.003445447189733386,0.002015436999499798,0.12129568308591843,0.11863567680120468,0.0009754383354447782,0.014805390499532223,-0.00020990133634768426,-7.256515527842566e-05,0.0009325547725893557,0.001143834087997675,0.16738106310367584,0.1604280024766922,0.005016402807086706,0.003186427755281329,-0.0008932179189287126,-0.0007305458420887589,0.566735029220581,0.3983749747276306,0.3986523151397705,0.0048162247985601425,0.009779183194041252,0.005230071488767862,-0.0007821733015589416,-0.0018298286013305187,6.614718550679299e-09,-3.871507914254835e-08,2.5277958570768533e-07,-4.932284269898446e-08,2.7780421874012973e-07,1.0913586834249145e-07,-1.1179596270949332e-07,3.279885163465224e-07,-1.035071903743301e-07,3.295577926110127e-07
00:00:02:29.483,61,2.5894959776451287e-07,2.73808833384237e-08,-1.0134652228543928e-07,8.923001360017224e-08,-2.0962674796010106e-07,0.005184615962207317,0.17067725956439972,-2.897996580486506e-07,-1.6523524948297563e-07,-5.587935322792781e-11,-1.2996373754958768e-07,2.403184851118567e-07,0.005268356297165155,0.17069977521896362,0.0540325753390789,-0.0002206306962762028,0.017728939652442932,0.24357666075229645,0.15574310719966888,0.37506210803985596,0.3433060050010681,0.005535645876079798,0.0001573060144437477,-0.0018581306794658303,-0.0005804526736028492,0.28266602754592896,0.2824718952178955,0.0031718015670776367,0.001579931704327464,0.11617027223110199,0.11120174080133438,0.0016841685865074396,0.01765269599854946,-0.0002302491629961878,-0.00010571286111371592,0.0007693853112868965,0.0009709404548630118,0.14647193253040314,0.14052389562129974,0.002762032672762871,0.0011121892603114247,-0.0011009173467755318,-0.0009283290710300207,0.5727667808532715,0.39882028102874756,0.39909595251083374,0.005308049265295267,0.009761346504092216,0.005434692371636629,-0.0009623533696867526,-0.0020268976222723722,6.905756855246636e-09,-4.396773789494546e-08,2.749077907537867e-07,-5.597248531330479e-08,2.9596500894513156e-07,1.1733616389619783e-07,-1.1712312897316224e-07,3.5282224075672275e-07,-1.0786578030774763e-07,3.4818424410332227e-07
00:00:02:29.500,61,2.5550369286975183e-07,3.138557147508436e-08,-1.0320916743467023e-07,8.699949916035621e-08,-2.0602718109330453e-07,0.006270495243370533,0.1842028796672821,-2.855621232811245e-07,-1.6024335991460248e-07,5.438923977862942e-09,-1.298542997574259e-07,2.4178063995350385e-07,0.006361884064972401,0.18425621092319489,0.0508740060031414,-0.00018758744408842176,0.015088732354342937,0.22808100283145905,0.16237203776836395,0.32936859130859375,0.3386496603488922,0.006250198930501938,1.9289589545223862e-05,-0.002079610712826252,-0.0006621170323342085,0.28194621205329895,0.2822977900505066,0.003376712091267109,0.0017644161125645041,0.10692407935857773,0.10039442032575607,0.0021271193400025368,0.019112106412649155,-0.00028711557388305664,-7.98021283117123e-05,0.0005613268003799021,0.0007790162926539779,0.12261608242988586,0.11696569621562958,0.0011173641541972756,-0.00043498576269485056,-0.001087870099581778,-0.0008938750834204257,0.5706437826156616,0.394875168800354,0.39516544342041016,0.005719972308725119,0.010497648268938065,0.006373115349560976,-0.0011785232927650213,-0.0019660196267068386,6.5879430799498095e-09,-4.699453626244576e-08,2.7809292646452377e-07,-5.960464477539063e-08,2.908986118654866e-07,1.1687399847915003e-07,-1.1179596270949332e-07,3.516580875384534e-07,-1.028925211699061e-07,3.387779088370735e-07
00:00:02:30.516,61,2.3227650558510504e-07,2.5499611311374792e-08,-9.162351233271693e-08,7.980037253219052e-08,-1.8775463672682235e-07,0.007663784082978964,0.19127415120601654,-2.5995075247919885e-07,-1.4774501266856532e-07,1.247972281070986e-09,-1.1701136770625453e-07,2.168212063224928e-07,0.007759542670100927,0.1913469284772873,0.04689820110797882,-0.00014983199071139097,0.01297066081315279,0.20857340097427368,0.1615673005580902,0.2879059314727783,0.3328767418861389,0.00696416012942791,-0.00010787917562993243,-0.0021027589682489634,-0.0005832577007822692,0.2765323221683502,0.27750590443611145,0.0033464243169873953,0.0016481351340189576,0.09659698605537415,0.08866800367832184,0.0022744620218873024,0.019630061462521553,-0.00036680788616649806,5.2034705731784925e-05,0.00045410526217892766,0.0006974067655391991,0.1025616005063057,0.09682822972536087,-0.0001887178368633613,-0.0015169865218922496,-0.0009136313456110656,-0.0007254144293256104,0.5617797374725342,0.3876526355743408,0.3879508078098297,0.006046246737241745,0.010663453489542007,0.006715886760503054,-0.0011600875295698643,-0.0017296092119067907,6.146728903644316e-09,-4.035420886339125e-08,2.4829060407682846e-07,-5.1334499318045346e-08,2.651196098213404e-07,1.0549440077056715e-07,-1.0397285166163783e-07,3.1736215078126406e-07,-9.579584059338231e-08,3.112852482445305e-07
00:00:02:31.533,61,2.0653008903082082e-07,1.799315185735395e-08,-7.804483459494804e-08,7.209833796650855e-08,-1.677684480227981e-07,0.009015237912535667,0.19454729557037354,-2.3182481356798235e-07,-1.3424083533664088e-07,-4.880130077822287e-09,-1.0241987524750584e-07,1.8791295985920442e-07,0.009117399342358112,0.1946427971124649,0.04277419671416283,-5.4278672905638814e-05,0.01054042112082243,0.18910911679267883,0.15513916313648224,0.2526584267616272,0.3199736475944519,0.007630589418113232,-0.0002663139021024108,-0.001842017751187086,-0.00028358519193716347,0.2692428231239319,0.27081969380378723,0.003409747499972582,0.0016771808732300997,0.08747104555368423,0.07878541946411133,0.0024822212290018797,0.019325094297528267,-0.0004812386760022491,0.00018443465523887426,0.00036970735527575016,0.0006070725503377616,0.08605415374040604,0.08010656386613846,-0.0006467407802119851,-0.001617703470401466,-0.0007570329471491277,-0.0005918171955272555,0.549347460269928,0.377080500125885,0.3773841857910156,0.006241265684366226,0.011061115190386772,0.007397002540528774,-0.0010550119914114475,-0.0014983792789280415,5.693873372791813e-09,-3.201887111003998e-08,2.135895158517087e-07,-4.088506244670498e-08,2.369936566992692e-07,9.264098821404332e-08,-9.609386353304217e-08,2.78535310371808e-07,-8.888542879503802e-08,2.8194858714414295e-07
00:00:02:32.549,61,1.885928213596344e-07,1.0095536850940334e-08,-6.66547563810127e-08,6.719492517959225e-08,-1.5429220923124376e-07,0.009304490871727467,0.1960071325302124,-2.1221116242031712e-07,-1.2658536263643327e-07,-1.2330710674746115e-08,-9.131152012287203e-08,1.6512349532149528e-07,0.009404486045241356,0.1961173117160797,0.0379166454076767,3.7413239624584094e-05,0.009019642136991024,0.16466465592384338,0.136461079120636,0.22413276135921478,0.2973487973213196,0.0080055957660079,-0.0003861292207147926,-0.002033290220424533,-0.0007822042680345476,0.2551553249359131,0.25736454129219055,0.003295239293947816,0.0015577070880681276,0.07887895405292511,0.07013005018234253,0.0018971168901771307,0.017582116648554802,-0.0004438909818418324,7.45829165680334e-05,0.00032156676752492785,0.0005610843072645366,0.07531831413507462,0.06866784393787384,-0.0006313163321465254,-0.0013567262794822454,-0.0005686807562597096,-0.00044917644117958844,0.5367845296859741,0.3672354817390442,0.3675444424152374,0.006228665821254253,0.010464545339345932,0.006948168855160475,-0.0009368604514747858,-0.00124438910279423,5.518086432232394e-09,-2.419576006218449e-08,1.8550082359070075e-07,-3.1273813760890334e-08,2.178456668389117e-07,8.302507836788209e-08,-9.246170407095633e-08,2.493010811122076e-07,-8.596107647917961e-08,2.6430933530718903e-07
00:00:02:33.566,61,1.6163103566668724e-07,-4.4703482582342247e-10,-5.0468369039435856e-08,5.980953687867441e-08,-1.3379380447986478e-07,0.009224558249115944,0.198068767786026,-1.829117479701381e-07,-1.1388212328711234e-07,-2.1737069033633816e-08,-7.511116706382381e-08,1.3238749829724838e-07,0.009321864694356918,0.19820472598075867,0.03327709063887596,0.0001200402548420243,0.007784345652908087,0.13891486823558807,0.10307115316390991,0.20903711020946503,0.24936620891094208,0.008610083721578121,-0.0005254426505416632,-0.0019048035610467196,-0.0011988956248387694,0.23510314524173737,0.23833869397640228,0.0031788793858140707,0.001327988225966692,0.0743103176355362,0.06640873849391937,0.0014526546001434326,0.014982381835579872,-0.0001803237246349454,-0.00034319295082241297,0.00043460234883241355,0.0006384008447639644,0.07887497544288635,0.07076249271631241,-0.000755135144572705,-0.00125866977032274,-0.000530996301677078,-0.0004383724881336093,0.5232751369476318,0.357819139957428,0.35813048481941223,0.005768350325524807,0.010020473040640354,0.006677365396171808,-0.0007405597134493291,-0.001503132632933557,5.176989503752338e-09,-1.3504177331924438e-08,1.4577061335785402e-07,-1.8235295939916796e-08,1.8897466702583188e-07,6.896909354736636e-08,-8.599832312938815e-08,2.0662788813297084e-07,-8.093193315517055e-08,2.3584813391153148e-07
00:00:02:35.583,61,1.2268311877505766e-07,-9.126961408867373e-09,-3.200024423222203e-08,4.730187441737144e-08,-1.0305084430228817e-07,0.008251463994383812,0.20218224823474884,-1.3965181722142006e-07,-9.179115068036481e-08,-2.7474015951156616e-08,-5.397945557206185e-08,9.145587398506905e-08,0.008337344974279404,0.20232222974300385,0.02831106446683407,0.00019959926430601627,0.006856963504105806,0.11420640349388123,0.06759356707334518,0.20392480492591858,0.19060450792312622,0.00854556541889906,-0.0005076581728644669,-0.001742581371217966,-0.0013519739732146263,0.202884241938591,0.20650286972522736,0.0026342577766627073,0.0007745767943561077,0.07014941424131393,0.06436499208211899,0.0006184363155625761,0.012563209980726242,0.00012245117977727205,-0.001101578469388187,0.0003932080289814621,0.0005006499122828245,0.09515916556119919,0.08603069186210632,0.0004326961061451584,-0.0003443188907112926,-0.000722370168659836,-0.0006881809094920754,0.5092245936393738,0.3525702655315399,0.3528800904750824,0.005113818682730198,0.009792953729629517,0.006673809140920639,-0.00024267197295557708,-0.0018427872564643621,4.349276494508558e-09,-3.2037497099679513e-09,9.758397823134146e-08,-5.234032762757579e-09,1.4564022876584204e-07,5.0193630585226856e-08,-7.19726074294158e-08,1.4994293451309204e-07,-6.834044796732996e-08,1.8827617509487027e-07
00:00:02:36.600,61,9.542331014245065e-08,-1.3895332884317213e-08,-1.9930302741499872e-08,3.8444994743258576e-08,-8.134171025631076e-08,0.006797413341701031,0.20505112409591675,-1.0931864125041102e-07,-7.539987478821786e-08,-2.9802322387695312e-08,-3.95718977586057e-08,6.418675013719621e-08,0.006871528457850218,0.20518840849399567,0.024444781243801117,0.00022173092293087393,0.006828146055340767,0.09401365369558334,0.04057009518146515,0.19435836374759674,0.13397501409053802,0.007838143035769463,-0.0004223901778459549,-0.0016937442123889923,-0.0017270524986088276,0.15591010451316833,0.15910327434539795,0.003262625075876713,0.0014266814105212688,0.0691758543252945,0.06579376012086868,0.00012482404417824,0.010954919271171093,0.0005433267215266824,-0.001815464231185615,0.00032623799052089453,0.00037751541822217405,0.11542067676782608,0.10634017735719681,0.004023091867566109,0.002839637454599142,-0.0006832790095359087,-0.000705850136000663,0.49293652176856995,0.35237637162208557,0.35266998410224915,0.004243930801749229,0.010287485085427761,0.007823927327990532,-4.5039654651191086e-05,-0.002156476955860853,3.728782616008175e-09,3.1106173192796405e-09,6.573274902166304e-08,2.607703164514419e-09,1.1493452234390134e-07,3.7387945184264026e-08,-6.109475947368992e-08,1.1122320131562446e-07,-5.8505683853127266e-08,1.535564706500736e-07
00:00:02:37.616,61,1.0076909973122383e-07,-8.009374496964483e-09,-2.5751068832846613e-08,3.9041040622578294e-08,-8.464790823836665e-08,0.006388668902218342,0.2057211697101593,-1.1486001483262953e-07,-7.562339021660591e-08,-2.309679913992113e-08,-4.4163314782963425e-08,7.459893680561436e-08,0.006444885861128569,0.2058686465024948,0.021323837339878082,0.00010127224231837317,0.008539863862097263,0.07776036113500595,0.02346060983836651,0.19225963950157166,0.10542376339435577,0.007051668129861355,-0.00018641877977643162,-0.0020785992965102196,-0.0021576937288045883,0.07592937350273132,0.07828084379434586,0.003440489061176777,0.0016798216383904219,0.06230577826499939,0.06121173873543739,-0.0001203536958200857,0.009641698561608791,0.00017597198893781751,-0.0015026789624243975,5.3275674872566015e-05,0.00012469083594623953,0.13198374211788177,0.12347708642482758,0.02403748594224453,0.02262890338897705,-0.000637347693555057,-0.000612204079516232,0.4795505106449127,0.3536267876625061,0.3539268374443054,0.003814377123489976,0.013832051306962967,0.012521658092737198,-0.0005247366498224437,-0.0011711191618815064,3.610039156498601e-09,-2.1606683109354208e-09,7.94790651070798e-08,-3.8743017682918435e-09,1.2008473504465655e-07,4.117493546118567e-08,-5.932524871354872e-08,1.2271105731542775e-07,-5.6568534745338184e-08,1.5527010077676096e-07
00:00:02:37.633,61,1.1010095590791025e-07,-8.363276293721356e-09,-2.8526409678875098e-08,4.257075403302224e-08,-9.236857323458025e-08,0.005516950972378254,0.2014913558959961,-1.2536533233742375e-07,-8.262693995675363e-08,-2.4754553962225145e-08,-4.830770095054504e-08,8.204951740253819e-08,0.005559824872761965,0.20163509249687195,0.01888980343937874,3.331944390083663e-05,0.011284279637038708,0.06744197010993958,0.013367192819714546,0.19954656064510345,0.08889730274677277,0.006261472124606371,-2.7248095648246817e-05,-0.0011933407513424754,-0.0009583240607753396,0.011427014134824276,0.013060040771961212,0.0035752751864492893,0.0019611376337707043,0.056151989847421646,0.057252950966358185,-0.00035176039091311395,0.008360183797776699,0.00021138459851499647,-0.00013315111573319882,-0.00014544390433002263,-1.2479871656978503e-05,0.14353086054325104,0.13596075773239136,0.049591973423957825,0.04789195954799652,-0.0006428623455576599,-0.0005456161452457309,0.4659954011440277,0.35293444991111755,0.3532605767250061,0.0035145306028425694,0.018364738672971725,0.017807690426707268,-0.0012843942968174815,0.0001541304518468678,3.942986825933303e-09,-2.4773181284132306e-09,8.724629907419512e-08,-4.563480704433687e-09,1.3107434426729014e-07,4.515983320629857e-08,-6.459653434376378e-08,1.3450160452066484e-07,-6.152316700536176e-08,1.6946346192980855e-07
00:00:02:38.649,61,8.486211555691625e-08,-3.81842246710562e-09,-2.3804604509791716e-08,3.216788257986991e-08,-7.066875440386866e-08,0.004076853860169649,0.19794435799121857,-9.650364773960973e-08,-6.208196623447293e-08,-1.5310943624058382e-08,-3.819819482941966e-08,6.59562644500511e-08,0.0041219983249902725,0.19807136058807373,0.01894042268395424,7.05345009919256e-05,0.014045544900000095,0.05990605801343918,0.010709251277148724,0.18702465295791626,0.07907160371541977,0.005064078606665134,-4.278501364751719e-05,0.005099216476082802,0.006262124981731176,0.0027680015191435814,0.0037530851550400257,0.0035913423635065556,0.002174073364585638,0.05370969697833061,0.05627577751874924,-0.0003959733294323087,0.00786930788308382,-0.0001233500224770978,0.000592405500356108,-0.0003391905047465116,-0.00018110811652150005,0.1409168839454651,0.1347612589597702,0.05930755287408829,0.05791693553328514,-0.0011525440495461226,-0.0010108804563060403,0.4574155807495117,0.35002678632736206,0.35035771131515503,0.0030713826417922974,0.023092465475201607,0.02348734624683857,-0.0018870007479563355,0.0015552735421806574,2.897577289218134e-09,-4.0046872484822416e-09,7.163733073412004e-08,-6.146728903644316e-09,1.0050833054719988e-07,3.542285398339118e-08,-4.777684736723131e-08,1.0579824305523289e-07,-4.518777174666866e-08,1.2759119272232056e-07
00:00:02:39.666,61,4.7665089653037285e-08,5.606561881421612e-09,-1.8905847554151478e-08,1.6232952759764885e-08,-3.837049078470045e-08,0.003487644251435995,0.1993137001991272,-5.372799805059003e-08,-3.026798367500305e-08,9.313225746154785e-10,-2.4265609965823387e-08,4.505738715465668e-08,0.003524639643728733,0.19943980872631073,0.019239479675889015,-0.00017687752551864833,0.016282854601740837,0.052536848932504654,0.009403874166309834,0.16038985550403595,0.06865107268095016,0.004055945668369532,4.910964344162494e-05,0.05048952251672745,0.04984397441148758,0.00036122917663306,0.0007617261726409197,0.004320478532463312,0.003198277438059449,0.0505230538547039,0.054358601570129395,-0.0003562080964911729,0.006818865425884724,0.00023707076616119593,0.0009930743835866451,-0.0007893535657785833,-0.0005814991891384125,0.12732256948947906,0.12233982235193253,0.057958897203207016,0.05662177875638008,-0.0011407113634049892,-0.0009087729267776012,0.449340283870697,0.3474041819572449,0.34774720668792725,0.002502980176359415,0.030598020181059837,0.03271730616688728,-0.00145402189809829,0.0032805711962282658,1.2363307044793714e-09,-8.419156038996789e-09,5.152076454351118e-08,-1.0840595088268401e-08,5.4370612900811466e-08,2.1604355637805384e-08,-2.102926366376323e-08,6.524845730382367e-08,-1.9352883739998106e-08,6.429851140410392e-08
00:00:02:40.683,61,7.049180794638232e-08,6.034970301271869e-09,-2.6626512550365078e-08,2.4521723318571276e-08,-5.706213457301601e-08,0.002369319787248969,0.20161643624305725,-7.931143386485928e-08,-4.583969825944223e-08,-1.5646218765041908e-09,-3.5073608017910374e-08,6.426125764846802e-08,0.0024052418302744627,0.20172740519046783,0.01773437298834324,-0.0003181319043505937,0.01635557971894741,0.04309374466538429,0.009715693071484566,0.13459831476211548,0.06159587949514389,0.003522832877933979,0.00020638119895011187,0.08812417089939117,0.0876462459564209,0.00039540918078273535,0.00048650638200342655,0.004581994842737913,0.0038110632449388504,0.04586826264858246,0.04903300106525421,-0.00046845554606989026,0.006157143507152796,0.0008367264526896179,0.0017560729756951332,-0.0015419108094647527,-0.0012444996973499656,0.11828835308551788,0.11397168785333633,0.05594842508435249,0.05497903749346733,-0.0009647822589613497,-0.0007014274597167969,0.4402179419994354,0.34241047501564026,0.34276604652404785,0.002004514914005995,0.037963997572660446,0.04194469749927521,0.0006824463489465415,0.006934642791748047,1.9383150640095437e-09,-1.097097968028038e-08,7.312744543241934e-08,-1.3932585751774695e-08,8.126720985046632e-08,3.158580597073524e-08,-3.278255533700758e-08,9.508337939223566e-08,-3.0286610552821e-08,9.670853273746616e-08
00:00:02:42.700,61,8.312985499969727e-08,2.1997839994014612e-08,-4.1993335031520473e-08,2.552755162810172e-08,-6.494112625432535e-08,0.0019440674223005772,0.2048942595720291,-9.206123507965458e-08,-4.515051799103276e-08,1.655891601615167e-08,-4.644971340894699e-08,9.05431818409852e-08,0.001969361212104559,0.20502007007598877,0.017993459478020668,-0.000627197150606662,0.016105301678180695,0.03521045669913292,0.010448484681546688,0.11355549842119217,0.05789003521203995,0.0034241534303873777,0.0002725918311625719,0.11063283681869507,0.10922742635011673,0.0001238220138475299,9.249895811080933e-05,0.0054607512429356575,0.0050733075477182865,0.04213797673583031,0.04555077850818634,-0.0003001072909682989,0.006146456114947796,0.004952215123921633,0.0048966980539262295,-0.0013554254546761513,-0.0009652628214098513,0.10891049355268478,0.10471116751432419,0.052665214985609055,0.05177338421344757,-0.0012564873322844505,-0.0008675646968185902,0.43751734495162964,0.33500993251800537,0.3353980779647827,0.0014496970688924193,0.047981228679418564,0.05305694043636322,0.00557754235342145,0.01281500980257988,1.5529804109348788e-09,-2.466142134949223e-08,1.0780990322700745e-07,-3.060326037029881e-08,9.188428862216824e-08,4.0631274345059865e-08,-2.7604400543168595e-08,1.231022110914637e-07,-2.419576006218449e-08,9.883195417614843e-08
00:00:02:43.716,61,8.776783744224304e-08,2.2202730320941555e-08,-4.377216100692749e-08,2.719461988931471e-08,-6.871297841826163e-08,0.002004887443035841,0.20158004760742188,-9.72859552916816e-08,-4.8168004695980926e-08,1.6465783403418754e-08,-4.879198911567073e-08,9.486451801876683e-08,0.002029410097748041,0.20171786844730377,0.017629221081733704,-0.0007143510156311095,0.014928054064512253,0.030403578653931618,0.010802927426993847,0.09823349118232727,0.05064237490296364,0.003290162654593587,0.0002804395626299083,0.12695014476776123,0.12492435425519943,-0.00017056196520570666,-0.000234716382692568,0.006295122671872377,0.006113834213465452,0.04012903571128845,0.043080806732177734,0.00021206974633969367,0.0060248295776546,0.011296986602246761,0.009281299076974392,-0.0010287015466019511,-0.0005700954934582114,0.10319392383098602,0.09926452487707138,0.0506925955414772,0.049758318811655045,-0.001161861466243863,-0.000737047172151506,0.4340139627456665,0.33083993196487427,0.3312318027019501,0.001180871739052236,0.055838774889707565,0.06170378625392914,0.010512139648199081,0.01819194108247757,1.6903505262177987e-09,-2.5387853597180765e-08,1.127645390397447e-07,-3.147870231146044e-08,9.711831694403372e-08,4.277564613630602e-08,-2.9820949265513264e-08,1.295097149522917e-07,-2.624467043688128e-08,1.0501593550316102e-07
00:00:02:44.733,61,7.928348821906184e-08,2.4624169370213167e-08,-4.280358467667611e-08,2.354383532576776e-08,-6.124377449623353e-08,0.001959170214831829,0.19524431228637695,-8.746981450258318e-08,-4.088506244670498e-08,2.0302831416074696e-08,-4.571862532998239e-08,9.041279724897322e-08,0.0019903946667909622,0.1953916996717453,0.017255282029509544,-0.0007198263774625957,0.01380113884806633,0.028271719813346863,0.01097226981073618,0.09540852904319763,0.04544959217309952,0.0032483679242432117,0.00015665043611079454,0.1372094303369522,0.13492713868618011,-0.00042454927461221814,-0.0004459503397811204,0.006976119242608547,0.006982780527323484,0.038946136832237244,0.04170294106006622,0.0008092072675935924,0.006012641359120607,0.01654801517724991,0.013319108635187149,-0.0007232730276882648,-0.0001593850611243397,0.10396303236484528,0.10023166984319687,0.05325887352228165,0.05221082270145416,-0.0011455405037850142,-0.0007200717809610069,0.43276864290237427,0.32910510897636414,0.329488068819046,0.0011251684045419097,0.06254173070192337,0.0691465437412262,0.013456229120492935,0.021829551085829735,1.2898817569606535e-09,-2.6617199111456102e-08,1.0829418783941946e-07,-3.291293992901956e-08,8.638948401085145e-08,3.96347594744384e-08,-2.3320318121022865e-08,1.2032687379814888e-07,-1.9930302741499872e-08,9.045005100460912e-08
00:00:02:45.750,61,7.98329722329072e-08,1.832842855264971e-08,-3.83518639068825e-08,2.5238842127350836e-08,-6.28642737865448e-08,0.0021595251746475697,0.18846309185028076,-8.862465961101407e-08,-4.516914486885071e-08,1.2330710674746115e-08,-4.372559558873945e-08,8.441507759471278e-08,0.0022042912896722555,0.18861034512519836,0.017321202903985977,-0.0005468585295602679,0.01273934356868267,0.029987402260303497,0.009897597134113312,0.10554729402065277,0.038304105401039124,0.003457459853962064,5.507273453986272e-05,0.1406145542860031,0.13793115317821503,-0.00030725865508429706,-0.0003318980452604592,0.007986345328390598,0.007970032282173634,0.037923336029052734,0.04002398997545242,0.0015679991338402033,0.006066968664526939,0.019107917323708534,0.016689272597432137,-0.00032992393244057894,0.00033632517443038523,0.11656402796506882,0.11320660263299942,0.060671743005514145,0.05956432223320007,-0.0008944952278397977,-0.0005423772381618619,0.4367996156215668,0.32569000124931335,0.32606005668640137,0.0013669836334884167,0.06696649640798569,0.0738297626376152,0.011987529695034027,0.020682938396930695,1.6344711140092727e-09,-2.1550803808167984e-08,9.937211586930061e-08,-2.6822089438383045e-08,8.862465961101407e-08,3.83518639068825e-08,-2.846121738286911e-08,1.1609867556217068e-07,-2.5350599841544863e-08,9.793788535716885e-08
00:00:02:45.766,61,4.8484654513458736e-08,1.082196821045045e-08,-2.3134052895557033e-08,1.5329568725519493e-08,-3.813766014104658e-08,0.002419467316940427,0.1849733144044876,-5.400739766514562e-08,-2.7641654298804497e-08,7.00354574334483e-09,-2.6444904932532154e-08,5.107373013402139e-08,0.0024672262370586395,0.18513579666614532,0.01761273480951786,-0.00048599427100270987,0.01403215155005455,0.03836126625537872,0.006246405653655529,0.12656591832637787,0.02843266911804676,0.003882878227159381,1.5712845197413117e-05,0.13569776713848114,0.13321125507354736,-0.00022888161765877157,-0.00021327100694179535,0.008976111188530922,0.008851643651723862,0.038710638880729675,0.04083307087421417,0.0012677531922236085,0.005940644070506096,0.01401333138346672,0.015267844311892986,0.00011521462147356942,0.0008687649387866259,0.1439715325832367,0.1407562643289566,0.07226806879043579,0.07112094759941101,-0.0009902524761855602,-0.0006560730980709195,0.4383581578731537,0.32544875144958496,0.32580527663230896,0.0011656343704089522,0.06937575340270996,0.0761130079627037,0.00947794783860445,0.0182994082570076,9.930226640975093e-10,-1.2908130564426301e-08,5.982816020377868e-08,-1.5944243259014e-08,5.392357849132168e-08,2.3166649043560028e-08,-1.7434357957313296e-08,7.013790082055493e-08,-1.559033968590029e-08,6.001442898195819e-08
00:00:02:46.783,61,4.731118607992357e-08,1.974403751603404e-09,-1.6279518177952923e-08,1.704320240492052e-08,-3.885477894982614e-08,0.002786885481327772,0.1939575970172882,-5.3718686388037895e-08,-3.194436359876818e-08,-3.8743017682918435e-09,-2.2873281935176237e-08,4.101544703871696e-08,0.0028269696049392223,0.1941462904214859,0.01767425425350666,-0.00036438240204006433,0.015784451737999916,0.06129836663603783,0.004799164365977049,0.16028527915477753,0.02090632915496826,0.004086700268089771,-0.00010660346742952242,0.11920441687107086,0.1173129454255104,-0.000575024401769042,-0.0004959787474945188,0.009887678548693657,0.009468887001276016,0.04304076358675957,0.04546313360333443,0.000961272104177624,0.006309941411018372,0.003574714995920658,0.009359893389046192,4.884626832790673e-05,0.0007975990301929414,0.1874135136604309,0.18362563848495483,0.0832938477396965,0.08201371878385544,-0.001230126596055925,-0.0009256720659323037,0.4369640350341797,0.32902050018310547,0.3293605446815491,0.0011657114373520017,0.0683673843741417,0.07377226650714874,0.004072402138262987,0.012692916207015514,1.403968830082647e-09,-5.6251883151503534e-09,4.5727936992534524e-08,-7.48783346438131e-09,5.505978961650726e-08,2.064509274646298e-08,-2.369284679559769e-08,6.194226642719514e-08,-2.225860917803857e-08,6.772577876290597e-08
00:00:02:47.799,61,3.9730220890987766e-08,-3.3527614018424856e-10,-1.2237578950191619e-08,1.480802858111474e-08,-3.2959505347207596e-08,0.002685267711058259,0.21075104176998138,-4.520639862448661e-08,-2.847984426068706e-08,-5.662441182607836e-09,-1.8449499705752714e-08,3.235414780533574e-08,0.0027347442228347063,0.21095336973667145,0.020746147260069847,-0.0001707094197627157,0.020010048523545265,0.09893055260181427,0.003254898125305772,0.1974778026342392,0.013959747739136219,0.00467025488615036,-0.00020817774930037558,0.08669782429933548,0.08644457161426544,-0.00017429410945624113,-8.507624443154782e-05,0.010821778327226639,0.009973922744393349,0.053535185754299164,0.05640936270356178,0.0005895650247111917,0.006774459034204483,-0.0002778297639451921,0.004520032554864883,9.801812120713294e-05,0.0007518447237089276,0.2509591579437256,0.2465154528617859,0.09779474139213562,0.09663471579551697,-0.0010799742303788662,-0.0008648145012557507,0.4404558837413788,0.33099061250686646,0.33130934834480286,0.0011306940577924252,0.06212104856967926,0.06579121202230453,-0.00038617535028606653,0.006560815963894129,1.281732719959905e-09,-2.94297941572097e-09,3.529712699901211e-08,-4.153698718312171e-09,4.712492085445774e-08,1.692911588691004e-08,-2.134591348124104e-08,5.052424967288971e-08,-2.0246952558977682e-08,5.900859889607091e-08
00:00:02:48.816,61,3.251247093771781e-08,1.7322600021074663e-09,-1.1418014977948587e-08,1.1520460141412059e-08,-2.656132025435909e-08,0.0034965688828378916,0.23007747530937195,-3.6777930034759265e-08,-2.2053718851111626e-08,-1.7881393032936899e-09,-1.5832483768463135e-08,2.879649407816487e-08,0.003546603722497821,0.2302970290184021,0.02522270195186138,2.400316225248389e-05,0.022869346663355827,0.12384858727455139,0.0022368119098246098,0.219014972448349,0.01158467773348093,0.005194623023271561,-0.00024841041886247694,0.057281237095594406,0.05746075510978699,-0.00011398434435250238,-8.473336492897943e-05,0.012065350078046322,0.010733578354120255,0.06197449564933777,0.0650940015912056,0.0002791762235574424,0.007422603201121092,-0.001020047115162015,0.0022906360682100058,0.0002040804538410157,0.0007719986606389284,0.2919304370880127,0.2870466113090515,0.10812017321586609,0.10695598274469376,-0.0007711958605796099,-0.0006343531422317028,0.44206589460372925,0.3349629342556,0.3352622091770172,0.00114173605106771,0.057688333094120026,0.059872817248106,-0.0013559864601120353,0.0044438703916966915,9.278300905357639e-10,-3.967434381024759e-09,3.2410024886075917e-08,-5.550682580235389e-09,3.7979333455950837e-08,1.4367978806717474e-08,-1.5832483768463135e-08,4.2878092187947914e-08,-1.4547258508912364e-08,4.619359827984226e-08
00:00:02:50.833,61,4.250556173701625e-08,1.7136335683787252e-09,-1.4733522846199776e-08,1.5264376429513504e-08,-3.474764653788043e-08,0.003488510614261031,0.2406742423772812,-4.792585883706124e-08,-2.89827593036307e-08,-3.2410025774254336e-09,-2.044253122335249e-08,3.6843122330765254e-08,0.0035400390625,0.2408924549818039,0.028645796701312065,6.621792999794707e-05,0.024388302117586136,0.14285977184772491,0.002073330571874976,0.23103725910186768,0.010447335429489613,0.005266422405838966,-0.00023026354028843343,0.03854389488697052,0.03971843048930168,-6.067663343856111e-05,7.357105641858652e-05,0.012538876384496689,0.01104459073394537,0.06693063676357269,0.07038085162639618,-7.956981426104903e-05,0.00762123754248023,-0.00080236850772053,0.0010952961165457964,0.00025870531680993736,0.0007513836026191711,0.31882429122924805,0.3137012720108032,0.11283857375383377,0.1122133657336235,-0.0007197499508038163,-0.0005913472268730402,0.4420109987258911,0.33693182468414307,0.3372161388397217,0.0011230474337935448,0.05317947268486023,0.05476243793964386,-0.0011249965755268931,0.003453643061220646,1.2607779265039198e-09,-4.898756955640238e-09,4.149973520384265e-08,-6.556510889765832e-09,4.9732626905552024e-08,1.8719584105042486e-08,-2.1122396276496147e-08,5.5767596762734684e-08,-1.9781291271669943e-08,6.109475947368992e-08
00:00:02:51.850,61,5.554407778163295e-08,-3.743916732190655e-09,-1.4603138254187797e-08,2.1373853797967968e-08,-4.642642892349613e-08,0.004404245875775814,0.2426513284444809,-6.30784811050944e-08,-4.157423916240077e-08,-1.1920929132713809e-08,-2.4456531022565287e-08,4.166737355149053e-08,0.004459183197468519,0.24285362660884857,0.032014165073633194,6.439111893996596e-05,0.025201641023159027,0.15760262310504913,0.002071216469630599,0.22946912050247192,0.009364861994981766,0.0052408454939723015,-0.0001196506418637,0.02947121299803257,0.031274303793907166,-2.197161302319728e-05,0.00028532056603580713,0.013522394001483917,0.012097412720322609,0.07247905433177948,0.0760730430483818,-0.0003736734506674111,0.007456336636096239,-0.000738643400836736,0.00010094463505083695,0.0002728795225266367,0.0006517102010548115,0.3333187401294708,0.32819879055023193,0.10870768874883652,0.10814093798398972,-0.0006072545074857771,-0.00047923802048899233,0.4390847384929657,0.336256206035614,0.3365379273891449,0.0009404963348060846,0.050562430173158646,0.05154500901699066,-0.0010846900986507535,0.0023934615310281515,1.9674188944662774e-09,-1.8440187155022159e-09,4.533678321649859e-08,-2.9243529819922287e-09,6.662681784064262e-08,2.3092143308645063e-08,-3.2410024886075917e-08,6.848946298987357e-08,-3.069639120667489e-08,8.467584677873674e-08
00:00:02:52.866,61,6.536953378599719e-08,-1.1250376630300707e-08,-1.240521640966108e-08,2.681277777583091e-08,-5.588866613948085e-08,0.0052947793155908585,0.24837344884872437,-7.487833642016994e-08,-5.29922559167062e-08,-2.2202730320941555e-08,-2.6398337737987276e-08,4.218891191953844e-08,0.0053498102352023125,0.24857093393802643,0.034831687808036804,9.36728683882393e-05,0.025313394144177437,0.17229755222797394,0.002479737624526024,0.22191375494003296,0.00909002497792244,0.005481390282511711,-7.452275895047933e-05,0.02021130360662937,0.022695403546094894,0.0007264740997925401,0.0012310654856264591,0.015197639353573322,0.01355818286538124,0.07742288708686829,0.07989022135734558,-0.0003809332847595215,0.008153681643307209,-0.0007667708559893072,-0.0005595937254838645,0.00027565271011553705,0.0006328675081022084,0.34453433752059937,0.3396110534667969,0.10095218569040298,0.10075385868549347,-0.0006662654923275113,-0.0005576455732807517,0.4330255389213562,0.3325295150279999,0.3327876627445221,0.0008369790157303214,0.047112878412008286,0.04777143523097038,-0.0010689967311918736,0.0016215384239330888,2.6600901481543815e-09,3.4645200042149327e-09,4.362314953709756e-08,2.9988587169071934e-09,8.044764143733119e-08,2.5697518779566053e-08,-4.32506190861659e-08,7.56885825126119e-08,-4.138797393693494e-08,1.0702758856950823e-07
00:00:02:52.883,61,9.510666387768651e-08,-2.6356428151075306e-08,-1.0514631831881616e-08,4.136934705911699e-08,-8.326955480697507e-08,0.0060821957886219025,0.257472962141037,-1.0975636399734867e-07,-8.333474710298105e-08,-4.533678321649859e-08,-3.476161580806547e-08,5.079433407217948e-08,0.006141306832432747,0.25767630338668823,0.03626469522714615,3.816362368525006e-05,0.024279646575450897,0.18281562626361847,0.0036030251067131758,0.20551830530166626,0.008070082403719425,0.005996487103402615,2.950888119812589e-05,0.02348209358751774,0.026305081322789192,0.002312898403033614,0.002786800963804126,0.017996421083807945,0.016317205503582954,0.08267681300640106,0.08352378755807877,-0.0003816497337538749,0.009551430121064186,-0.0006858265260234475,-0.0012687151320278645,0.0002511403290554881,0.0005905120633542538,0.34646642208099365,0.34097540378570557,0.0796254575252533,0.07949871569871902,-0.0009206327958963811,-0.0008141705184243619,0.4285019040107727,0.3255855441093445,0.32581740617752075,0.0005685814539901912,0.043304443359375,0.04423738643527031,-0.0014721080660820007,0.0003279483935330063,4.385364960057814e-09,1.3262033249361593e-08,4.7981739470515095e-08,1.4603138254187797e-08,1.194700587348052e-07,3.495719269608344e-08,-7.087364650715244e-08,1.0228716007532057e-07,-6.826594756148552e-08,1.6577541828155518e-07
00:00:02:53.899,61,9.782612409026115e-08,-3.531575032411638e-08,-4.759058480630074e-09,4.446134127533696e-08,-8.705072218617715e-08,0.00630191620439291,0.27007728815078735,-1.1360273077798411e-07,-9.063631267736127e-08,-5.710869999120405e-08,-3.271270543336868e-08,4.3530018700721484e-08,0.0063697220757603645,0.2702997624874115,0.03681917488574982,-0.00011051416367990896,0.02141502872109413,0.18820858001708984,0.008637032471597195,0.16376575827598572,0.004521524533629417,0.00686786649748683,2.2229998648981564e-05,0.038534827530384064,0.040741462260484695,0.0024349670857191086,0.0027932964731007814,0.02282813936471939,0.021143656224012375,0.08944879472255707,0.08795652538537979,-0.00029006958357058465,0.012062391266226768,-0.0001706504845060408,-0.0015829105395823717,4.438480391399935e-05,0.0004639828111976385,0.32654744386672974,0.3206380009651184,0.041232939809560776,0.04094383120536804,-0.0007749262731522322,-0.0006083890912123024,0.4274248480796814,0.3159167170524597,0.3161545991897583,0.000322082603815943,0.040014032274484634,0.04150765389204025,-0.00157893355935812,-0.00109116081148386,4.916218987460752e-09,2.035871204952855e-08,3.729015674025504e-08,2.2873281935176237e-08,1.2518837877451006e-07,3.402587012146796e-08,-7.897615716956352e-08,9.858980831722874e-08,-7.657334322175302e-08,1.7888844183744368e-07
00:00:02:54.916,61,9.978190007586818e-08,-2.5685876536840624e-08,-1.240521640966108e-08,4.297122302432399e-08,-8.704140697091134e-08,0.008260313421487808,0.28814852237701416,-1.1482276107699363e-07,-8.601695355991978e-08,-4.515051799103276e-08,-3.704335682641613e-08,5.5022539413585037e-08,0.008339758031070232,0.28840556740760803,0.03579122573137283,3.593228757381439e-05,0.0182306207716465,0.16806907951831818,0.022923460230231285,0.11780701577663422,0.0026462983805686235,0.00759107805788517,-7.1297490649158135e-06,0.05263252183794975,0.05355384945869446,0.0008181094890460372,0.0009149897377938032,0.026598669588565826,0.024900130927562714,0.09493595361709595,0.09153483062982559,0.0006232440355233848,0.014951327815651894,-9.072243847185746e-05,-0.0010268762707710266,-4.421634730533697e-05,0.00041998541564680636,0.2739555239677429,0.26872438192367554,0.012880545109510422,0.011385265737771988,-0.0006831157952547073,-0.00048740938655100763,0.42003631591796875,0.3064480721950531,0.30672433972358704,0.0002968574408441782,0.039247430860996246,0.04130450636148453,-0.0016382676549255848,-0.0018258079653605819,4.495959604611244e-09,1.2535601889851478e-08,5.302950611962842e-08,1.3299286116819076e-08,1.2522563963557332e-07,3.711320317734135e-08,-7.286667624839538e-08,1.0830350305468528e-07,-7.048249273111651e-08,1.719966462587763e-07
00:00:02:55.933,61,1.537054714617625e-07,-8.251517691348909e-09,-4.220753879735639e-08,5.876645303715122e-08,-1.2874603783075145e-07,0.009730377234518528,0.3023843765258789,-1.7399899832071242e-07,-1.1326745408268835e-07,-3.0323864308456905e-08,-6.823800191568807e-08,1.1717900605390241e-07,0.009850982576608658,0.30268386006355286,0.036177802830934525,2.6826412067748606e-05,0.012849203310906887,0.1436832845211029,0.08775214105844498,0.048727359622716904,0.005187690258026123,0.008737454190850258,5.775652880402049e-06,0.05436723679304123,0.05322469770908356,0.0011320781195536256,0.00043420493602752686,0.03206266090273857,0.030589595437049866,0.10492481291294098,0.09692352265119553,0.009768190793693066,0.023040030151605606,-0.002157308394089341,0.0012313639745116234,0.0006259705405682325,0.0012095330748707056,0.21596378087997437,0.21302394568920135,0.0009816825622692704,0.00010938644118141383,-0.000846988579723984,-0.0006458106799982488,0.4076925218105316,0.2961644232273102,0.29647430777549744,0.0002824461553245783,0.03838176280260086,0.0411045178771019,-0.0015688746934756637,-0.0017048888839781284,5.3539408462199845e-09,-6.444752287393385e-09,1.2829899276312062e-07,-9.648501553272126e-09,1.8415973102037242e-07,6.454996537286206e-08,-8.843839083283456e-08,1.913681586529492e-07,-8.350238545062894e-08,2.3175030605671054e-07
00:00:02:57.950,61,2.0694919555808156e-07,9.778887033462524e-09,-7.20471149406876e-08,7.419846781431261e-08,-1.6960315463165898e-07,0.011184776201844215,0.31587156653404236,-2.322345977745499e-07,-1.3954937116977817e-07,-1.5087426419313488e-08,-9.929761546345617e-08,1.791119643712591e-07,0.011376980692148209,0.3162759840488434,0.04730267450213432,0.0006463191821239889,0.0033790110610425472,0.13850648701190948,0.1328030228614807,0.003552099224179983,0.003480526152998209,0.0115657402202487,0.0001672046782914549,0.042345646768808365,0.03853980079293251,0.0019642519764602184,0.0011752182617783546,0.0469265952706337,0.04583914577960968,0.11391540616750717,0.0973309725522995,0.06793108582496643,0.047799091786146164,-0.0008415398187935352,0.0002284124493598938,0.002446539932861924,0.0038016834296286106,0.17112459242343903,0.16530048847198486,-0.0010332405799999833,-0.00023584366135764867,-0.0008660766761749983,-0.0008784410310909152,0.39472174644470215,0.28967905044555664,0.29001837968826294,0.0011478172382339835,0.04187600314617157,0.04562968388199806,-0.0017919421661645174,-0.002046038396656513,6.1618630198267965e-09,-2.5518238189192743e-08,2.0373612130697438e-07,-3.309920515448539e-08,2.4165959189303976e-07,9.171431969434707e-08,-1.0330229827104631e-07,2.737622821769037e-07,-9.585171767412248e-08,2.899020898894378e-07
00:00:02:58.966,61,2.4884008098524646e-07,1.7154961895471388e-08,-9.076669726937325e-08,8.801929851642853e-08,-2.0304695169670595e-07,0.014653313905000687,0.32715821266174316,-2.7892178877664264e-07,-1.6428529647782852e-07,-1.1324882365215672e-08,-1.2148638006692636e-07,2.2135674271339667e-07,0.014880265109241009,0.32762932777404785,0.05426619574427605,0.0008772513247095048,-0.00146970571950078,0.13780397176742554,0.1471579670906067,0.0014552271459251642,0.0030463291332125664,0.013831567950546741,0.00018908717902377248,0.02655046433210373,0.02282761037349701,0.0030627166852355003,0.002409202978014946,0.05592650547623634,0.0550893098115921,0.11945321410894394,0.09841901808977127,0.10087228566408157,0.06317301094532013,0.00047023073420859873,0.00015754849300719798,0.003606443991884589,0.005406093783676624,0.14662039279937744,0.13852161169052124,-0.0016956472536548972,-1.0100603503815364e-05,-0.001488229027017951,-0.0015472775558009744,0.38553833961486816,0.2852509617805481,0.28560227155685425,0.001629366772249341,0.04279346764087677,0.04705628380179405,-0.002136197406798601,-0.002338013844564557,7.115304345717277e-09,-3.512948865136423e-08,2.5317072527286655e-07,-4.535541009431654e-08,2.889893835344992e-07,1.1156313206583945e-07,-1.1995435045264458e-07,3.335624967348849e-07,-1.1086464013487785e-07,3.4298747664252005e-07
00:00:02:59.983,61,2.70931053591994e-07,1.8384307409746725e-08,-9.87760699899809e-08,9.584240956428403e-08,-2.210773573096958e-07,0.017887180671095848,0.3392642140388489,-3.037601743471896e-07,-1.789070722679753e-07,-1.2442469277118562e-08,-1.3234559048669325e-07,2.4113805352499185e-07,0.018133211880922318,0.3397594094276428,0.058748677372932434,0.0009750945609994233,-0.0032910213340073824,0.13697053492069244,0.14835719764232635,0.0005543804145418108,0.0029463779646903276,0.014871841296553612,0.00023309688549488783,0.00969808828085661,0.006899944506585598,0.005453014280647039,0.004985936917364597,0.059875134378671646,0.05919996276497841,0.12046666443347931,0.09797508269548416,0.11830653995275497,0.0723610669374466,0.002297875937074423,-0.0005782264634035528,0.004365487024188042,0.00646202452480793,0.13386602699756622,0.1252191662788391,-0.0021346628200262785,-0.0001108765573007986,-0.0016584667610004544,-0.0016982085071504116,0.38091662526130676,0.2816298007965088,0.28198954463005066,0.0020568380132317543,0.0429060161113739,0.047460928559303284,-0.0023097272496670485,-0.0024400418624281883,7.764901610585184e-09,-3.840774454033635e-08,2.7544797376322094e-07,-4.9248338740426334e-08,3.1443312309420435e-07,1.214723965858866e-07,-1.3079494465273456e-07,3.631692493399896e-07,-1.2090430345779168e-07,3.739073974884377e-07
00:00:03:00.000,61,2.701766845802922e-07,1.3019889166798748e-08,-9.445473381219927e-08,9.681097878910805e-08,-2.2139400357445993e-07,0.018575211986899376,0.34817132353782654,-3.0329451305988187e-07,-1.8171965621149866e-07,-1.9222497371629288e-08,-1.300359144806862e-07,2.349354275565929e-07,0.018808966502547264,0.34867191314697266,0.05576822906732559,0.000961372978053987,-0.0037022545002400875,0.1294950544834137,0.1427215188741684,3.529846799210645e-05,0.0037750161718577147,0.01487906463444233,0.0002493053616490215,0.0050344085320830345,0.002643831307068467,0.012459924444556236,0.012115870602428913,0.056846775114536285,0.05595845356583595,0.11923988163471222,0.09705839306116104,0.1132006049156189,0.06931581348180771,0.002536527579650283,-0.0006952991825528443,0.004113542381674051,0.006149584427475929,0.12557071447372437,0.11705600470304489,-0.00188477395568043,3.305196878500283e-05,-0.0016106462571769953,-0.001665605348534882,0.37643593549728394,0.27678239345550537,0.2771443724632263,0.002130370819941163,0.04238128289580345,0.046814098954200745,-0.0021366991568356752,-0.0024260147474706173,7.99889665614728e-09,-3.403052772910087e-08,2.669915488695551e-07,-4.379078788474544e-08,3.148987843815121e-07,1.198425820803095e-07,-1.3420358868643234e-07,3.579631311367848e-07,-1.2479722499847412e-07,3.780424719934672e-07
00:00:03:00.016,61,2.502277425264765e-07,5.997717433814387e-09,-8.314847832480154e-08,9.110197396466901e-08,-2.0622275087589514e-07,0.018730832263827324,0.35363662242889404,-2.8156674147794547e-07,-1.717731379358156e-07,-2.5071203779702955e-08,-1.1832919000198672e-07,2.1129847027623327e-07,0.018941927701234818,0.35413092374801636,0.046896982938051224,0.0008183895843103528,-0.0037042954936623573,0.12502872943878174,0.14210523664951324,0.00019978643103968352,0.006016009021550417,0.014640514738857746,0.00011697025911416858,0.0035470593720674515,0.001020711613819003,0.017984772101044655,0.017623508349061012,0.04872460290789604,0.04737178981304169,0.1180955320596695,0.09657261520624161,0.09232915192842484,0.05853673815727234,0.00040679381345398724,-0.0004056921461597085,0.0031338559929281473,0.004850787576287985,0.1256774663925171,0.11744850128889084,-0.0020236445125192404,-0.00022679328685626388,-0.0014320510672405362,-0.0015121889300644398,0.3739272356033325,0.27114152908325195,0.2714774012565613,0.001980711705982685,0.04071444645524025,0.0451207160949707,-0.0019205267308279872,-0.002373105613514781,7.710187155396397e-09,-2.656132025435909e-08,2.3853033326304285e-07,-3.4607946730602634e-08,2.935715031071595e-07,1.0960967955497836e-07,-1.2913719160678738e-07,3.270059778515133e-07,-1.2051313547090103e-07,3.562122685707436e-07
00:00:03:01.033,61,2.2381544795280206e-07,6.090849602458093e-09,-7.476657515326224e-08,8.134171025631076e-08,-1.8435530080296303e-07,0.019655534997582436,0.35992109775543213,-2.5171786433020316e-07,-1.5329570146604965e-07,-2.1904707381281696e-08,-1.0600313515851667e-07,1.8963589809573023e-07,0.019860196858644485,0.3604007065296173,0.04070289433002472,0.0007377808797173202,-0.004139744210988283,0.12380435317754745,0.14237259328365326,0.0018665706738829613,0.009640651755034924,0.01506294496357441,-8.489939500577748e-05,0.003158675506711006,0.00019218325905967504,0.030225684866309166,0.030175337567925453,0.04266217350959778,0.04083497077226639,0.11859554052352905,0.09743456542491913,0.07605179399251938,0.05072954297065735,8.795261237537488e-06,0.00020129448967054486,0.0023843031376600266,0.003834920236840844,0.12922093272209167,0.12095297873020172,-0.002313161501660943,-0.0007841068436391652,-0.0013691532658413053,-0.0014971655327826738,0.37187135219573975,0.2690891921520233,0.26941436529159546,0.001983239082619548,0.03957869112491608,0.04368510842323303,-0.0015987289370968938,-0.002315196907147765,6.8615189086074224e-09,-2.4065375470172512e-08,2.1412968465028825e-07,-3.168359441474422e-08,2.6248395101902133e-07,9.817770063591524e-08,-1.1492520712863552e-07,2.928264564161509e-07,-1.0721385734768774e-07,3.181025363119261e-07
00:00:03:02.049,61,1.748558133840561e-07,1.3485550454106487e-08,-6.461515766886805e-08,6.154179743589339e-08,-1.4267861558892037e-07,0.021474137902259827,0.36571571230888367,-1.9593164779507788e-07,-1.1449679959696368e-07,-6.444752287393385e-09,-8.584466115735268e-08,1.568347158809047e-07,0.02168164774775505,0.366180956363678,0.03753530979156494,0.0006074384436942637,-0.0037265459541231394,0.13060499727725983,0.1474420726299286,0.012249469757080078,0.022847287356853485,0.015207290649414062,-0.00029393029399216175,0.003505195491015911,0.001058460446074605,0.047908104956150055,0.04825539141893387,0.03779549524188042,0.035639189183712006,0.12377603352069855,0.10499750077724457,0.05935763940215111,0.04507851228117943,-3.147304232697934e-05,0.0012677538907155395,0.001422530971467495,0.0026298079174011946,0.1375349760055542,0.13044403493404388,-0.0018320310628041625,-0.00041455269092693925,-0.0010753667447715998,-0.0012287211138755083,0.36978036165237427,0.26891595125198364,0.26925498247146606,0.0017644278705120087,0.038316741585731506,0.042247846722602844,-0.0015491252997890115,-0.002192567801102996,4.944158860098469e-09,-2.561137080192566e-08,1.802109181880951e-07,-3.3173709113043515e-08,2.033822283920017e-07,7.885974184773659e-08,-8.357688585647338e-08,2.353638421936921e-07,-7.690861991704878e-08,2.397224250216823e-07
00:00:03:03.066,61,1.230463340107235e-07,1.1902302254895858e-08,-4.74601975497535e-08,4.263594632902823e-08,-1.0007060780026222e-07,0.023777827620506287,0.36928802728652954,-1.3772398688161047e-07,-7.895752673903189e-08,-1.415610295651959e-09,-6.136484387297969e-08,1.1291354695686096e-07,0.02398410066962242,0.3696947395801544,0.03262839838862419,0.0004688095359597355,-0.0010456639574840665,0.15607771277427673,0.14758509397506714,0.0866018682718277,0.06150418892502785,0.013900090008974075,-0.0002246113435830921,0.0025993632152676582,0.0018828356405720115,0.09581170976161957,0.09705256670713425,0.030253339558839798,0.027883009985089302,0.12730279564857483,0.11521786451339722,0.02942146547138691,0.035699814558029175,-0.0006231755251064897,0.0008567702607251704,0.00024654538719914854,0.0010507293045520782,0.16772595047950745,0.16226664185523987,-0.001789228292182088,-0.0007138514774851501,-0.0005341708892956376,-0.0006583148497156799,0.37238267064094543,0.27410879731178284,0.2744157314300537,0.001575909904204309,0.038856372237205505,0.042313747107982635,-0.0005391013692133129,-0.0014430639566853642,3.3504330421152417e-09,-2.0172446824062717e-08,1.3085082173347473e-07,-2.562999767974361e-08,1.430697693649563e-07,5.613081199840053e-08,-5.7127326869022e-08,1.6741454089697072e-07,-5.2284448770478775e-08,1.6577541828155518e-07
00:00:03:05.083,61,1.2999400667013106e-07,-1.0952353690640848e-08,-3.306195139884949e-08,5.0533561335441846e-08,-1.0971911024171277e-07,0.02345123328268528,0.3832601308822632,-1.4770776601835678e-07,-9.816140078555691e-08,-3.065913745103899e-08,-5.652196577443647e-08,9.536743306171047e-08,0.0236201174557209,0.3836410641670227,0.030991582199931145,-0.00010043665679404512,0.0035204088781028986,0.21092747151851654,0.09439758211374283,0.19327054917812347,0.08491399884223938,0.01304071769118309,-0.0001586941652931273,0.003483125474303961,0.0032539700623601675,0.11254618316888809,0.11458870023488998,0.024187613278627396,0.021549608558416367,0.11610964685678482,0.11048638075590134,0.006071355193853378,0.026483049616217613,-0.00011410057777538896,-0.0005469897296279669,-0.0007337339920923114,-0.00019650027388706803,0.22520139813423157,0.21682780981063843,0.0007624673889949918,0.0013382768956944346,-0.0010047140531241894,-0.0009407839388586581,0.38070356845855713,0.27590489387512207,0.276214063167572,0.0014593080850318074,0.03806918114423752,0.040830135345458984,0.0003988914249930531,-0.0008747553220018744,4.720641211264365e-09,-2.421438605182402e-09,1.0326504451541041e-07,-4.265457320684618e-09,1.5707686884525174e-07,5.3646509456939384e-08,-7.793307332804034e-08,1.5880912940247072e-07,-7.374212174227068e-08,1.9956380015173636e-07
00:00:03:06.100,61,1.3773329499144893e-07,2.0489096530518225e-10,-4.3530018700721484e-08,5.073845343872563e-08,-1.1418946144203801e-07,0.026373982429504395,0.3965270519256592,-1.5507451678331563e-07,-9.620562479994987e-08,-1.7639250060597078e-08,-6.398185803391243e-08,1.1308118530450884e-07,0.02652939409017563,0.39688071608543396,0.038754478096961975,-0.0002905841975007206,0.00866689719259739,0.2669278383255005,0.06302269548177719,0.25943291187286377,0.08647962659597397,0.011362424120306969,3.733638732228428e-05,-0.0010641455883160233,-0.00024633228895254433,0.0956488698720932,0.09671089053153992,0.021997181698679924,0.01941988244652748,0.1100897565484047,0.10824552178382874,0.0012360858963802457,0.02296135574579239,0.0008780741482041776,-0.0021850967314094305,-0.0006972397677600384,-0.00022245809668675065,0.3072066605091095,0.29744085669517517,0.010695981793105602,0.01155750174075365,-0.0016054207226261497,-0.0014550037449225783,0.38455140590667725,0.278359979391098,0.2786221206188202,0.001463035587221384,0.035663582384586334,0.03871379792690277,-6.990254041738808e-05,-0.0013396873837336898,4.39817071651305e-09,-1.208856659218327e-08,1.2703239349320938e-07,-1.6521662260515768e-08,1.6336329622390622e-07,5.96372444761073e-08,-7.344409880261082e-08,1.7726328849221318e-07,-6.871297841826163e-08,1.9870698508839268e-07
00:00:03:07.116,61,8.313916310953573e-08,-1.1213123762843225e-08,-1.7918646122438986e-08,3.321096286867942e-08,-7.095746923369006e-08,0.02467416226863861,0.3965567648410797,-9.452924132347107e-08,-6.509944938670742e-08,-2.4270265797099455e-08,-3.455672370478169e-08,5.6754796418090336e-08,0.024808727204799652,0.396912157535553,0.04611733555793762,-0.0002642124891281128,0.014563181437551975,0.28620225191116333,0.04139404371380806,0.2664746046066284,0.06503967940807343,0.010083611123263836,1.2594303370860871e-05,-0.0013777894200757146,0.0004061371146235615,0.05326446518301964,0.05322914570569992,0.022852789610624313,0.02003498561680317,0.10519301146268845,0.1053878590464592,0.0003904962504748255,0.02053358592092991,0.0011271011317148805,-0.0019824744667857885,-0.00023306779621634632,0.00031046272488310933,0.36781632900238037,0.35859137773513794,0.036035407334566116,0.0377124659717083,-0.0015053034294396639,-0.0013496899046003819,0.3827730417251587,0.27975618839263916,0.27998408675193787,0.0016606374410912395,0.036190710961818695,0.03927381709218025,-0.0007885755621828139,-0.0009026068728417158,3.2247045034239363e-09,1.8067658480447335e-09,6.031245192161805e-08,8.19563861220729e-10,1.0221265256404877e-07,3.3482209005342156e-08,-5.29922559167062e-08,9.83616317284941e-08,-5.027279215141789e-08,1.3131648302078247e-07
00:00:03:07.133,61,6.171874389337972e-08,-2.020970057969862e-08,-4.637986439348651e-09,2.7334317920235662e-08,-5.4584816666647384e-08,0.02134789526462555,0.38819220662117004,-7.110647715080631e-08,-5.574896988491673e-08,-3.3006070765395634e-08,-2.1313317333238047e-08,2.9522926325853405e-08,0.021468644961714745,0.388541579246521,0.05082903802394867,-0.0002977186522912234,0.018932506442070007,0.277579128742218,0.025628939270973206,0.24971847236156464,0.041063081473112106,0.009426102042198181,-0.000168690545251593,0.001607786980457604,0.003951439633965492,0.0003843414888251573,-0.00021917105186730623,0.02469487488269806,0.02163318358361721,0.09780985116958618,0.0978354662656784,0.00022576093033421785,0.01834873855113983,0.0008448809385299683,-0.001887496211566031,5.2428989874897525e-05,0.0007305134786292911,0.4030606746673584,0.3946056365966797,0.06359944492578506,0.06600192189216614,-0.0013039368204772472,-0.0011353385634720325,0.37805241346359253,0.28454217314720154,0.28475242853164673,0.0016174878692254424,0.04013393446803093,0.04353711009025574,-0.0015523305628448725,0.00028978363843634725,3.0000228967708154e-09,1.1157244017567791e-08,2.706423352094589e-08,1.2069940602543738e-08,7.951631886271571e-08,2.2135209221119112e-08,-4.8149377818162975e-08,6.379559636116028e-08,-4.643574413876195e-08,1.0967254837623841e-07
00:00:03:08.149,61,6.372108884988847e-08,-1.19209286886246e-09,-1.902692048361132e-08,2.3655593039961786e-08,-5.3020194457076286e-08,0.020004069432616234,0.3700208365917206,-7.177703054139783e-08,-4.556029864488664e-08,-9.797513911280475e-09,-2.902466889054267e-08,5.0701199683089726e-08,0.020126009359955788,0.3703177571296692,0.05240102857351303,-0.00019918546604458243,0.022988608106970787,0.2535174489021301,0.01494551170617342,0.20990842580795288,0.013096864335238934,0.008516674861311913,-0.0001604768040124327,0.05437671020627022,0.05639089643955231,-0.00012849271297454834,-0.0010530096478760242,0.02799389325082302,0.02538425661623478,0.0947745218873024,0.0950324609875679,-0.00012398719263728708,0.016041263937950134,0.0007468569092452526,-0.002219864632934332,-0.0003350217593833804,0.00037364676245488226,0.4274388551712036,0.4203387498855591,0.08389163762331009,0.08630497008562088,-0.0013647937448695302,-0.0012075018603354692,0.3763446509838104,0.2896323800086975,0.2898328900337219,0.001295870984904468,0.047740716487169266,0.05206704139709473,-0.0018065014155581594,0.002249520504847169,2.1012964701583314e-09,-4.4144687905145474e-09,5.6903807887920266e-08,-6.649643058409538e-09,7.655471279122139e-08,2.7413479486426695e-08,-3.4607946730602634e-08,8.089467939953465e-08,-3.26521707449956e-08,9.324401872845556e-08
00:00:03:09.166,61,7.74674120407326e-08,1.4826655458932692e-08,-3.4943223425898395e-08,2.497807116697004e-08,-6.15138588955233e-08,0.021218758076429367,0.34451112151145935,-8.579343813153173e-08,-4.5280902583044735e-08,8.27014456916686e-09,-4.1038727971454136e-08,7.849186545172415e-08,0.021324533969163895,0.34476974606513977,0.05012081190943718,-0.0002498309186194092,0.027050349861383438,0.209098681807518,0.005814048461616039,0.17478957772254944,0.0007161039393395185,0.007128221448510885,-0.00015701213851571083,0.13134391605854034,0.13001668453216553,0.0006222337251529098,-0.00029861091752536595,0.028986895456910133,0.027076341211795807,0.09021788835525513,0.09184518456459045,-0.00020206451881676912,0.01348675973713398,0.0004372787370812148,-0.0023923825938254595,-0.0009796330705285072,-0.0003374949155841023,0.4287646412849426,0.4231667220592499,0.10493213683366776,0.10575994849205017,-0.0014224100159481168,-0.0012873768573626876,0.37010496854782104,0.29230672121047974,0.292512446641922,0.0010264284210279584,0.054481104016304016,0.05993477255105972,-0.002168797655031085,0.003285124199464917,1.739244859244593e-09,-1.830980167483176e-08,9.307638038080768e-08,-2.3283064365386963e-08,8.804723705679862e-08,3.6987476192962276e-08,-2.9988587613161144e-08,1.1067837135669834e-07,-2.689659517329801e-08,9.689480151564567e-08
00:00:03:10.183,61,1.0655261917236203e-07,1.7601996304961176e-08,-4.6044586810012333e-08,3.5176054069552265e-08,-8.52253307925821e-08,0.019490515813231468,0.3126058280467987,-1.1864118221183162e-07,-6.379559636116028e-08,7.748603536583687e-09,-5.565118144090775e-08,1.0523945093154907e-07,0.01959383673965931,0.3128475844860077,0.04691792652010918,-6.604507507290691e-05,0.029651829972863197,0.1643228977918625,0.0025135779287666082,0.1470220386981964,3.6782621464226395e-05,0.006365235894918442,-0.00040102441562339664,0.16597425937652588,0.16189466416835785,-3.955066131311469e-05,-0.000661125173792243,0.029599152505397797,0.028105389326810837,0.08659162372350693,0.08873700350522995,-0.0002993899688590318,0.011115927249193192,0.00037454068660736084,-0.002029068535193801,-0.001436077174730599,-0.0008946731686592102,0.4027266800403595,0.3991018533706665,0.12294159084558487,0.12187433987855911,-0.001216747798025608,-0.0011880791280418634,0.3534415364265442,0.28492310643196106,0.2851460576057434,0.000961878162343055,0.06244153901934624,0.06832814961671829,-2.4716109692235477e-05,0.005911617074161768,2.5250483925987055e-09,-2.322718550828995e-08,1.2401491744640225e-07,-2.9187649630557644e-08,1.2125819637276436e-07,5.0175003707408905e-08,-4.354864202582576e-08,1.5026890309854934e-07,-3.9413571073509956e-08,1.3623386507788382e-07
00:00:03:12.200,61,7.431022908122031e-08,3.1925736720950226e-08,-4.647299789439785e-08,1.9855797006584908e-08,-5.600042740638855e-08,0.017087547108530998,0.28636062145233154,-8.083880231879448e-08,-3.231689404969984e-08,3.0137599082991073e-08,-4.573259460016743e-08,9.344890372631198e-08,0.017171258106827736,0.2865819036960602,0.041553717106580734,4.699729470303282e-05,0.031351663172245026,0.12413202226161957,0.0007844294887036085,0.13052314519882202,0.00019495963351801038,0.0059936679899692535,-0.0005357243353500962,0.1859244406223297,0.1797167956829071,-0.00010381400352343917,-0.0004717630217783153,0.02981160208582878,0.028755204752087593,0.08158111572265625,0.0845400020480156,-0.0002196657587774098,0.010036597028374672,-0.00010075091995531693,-0.0009558905730955303,-0.0013126949779689312,-0.0008108307374641299,0.3595746159553528,0.35708001255989075,0.13816004991531372,0.1357012242078781,-0.000829222786705941,-0.0008651703828945756,0.32983988523483276,0.27034857869148254,0.2706083357334137,0.001001153839752078,0.06830637902021408,0.07390385121107101,0.008193998597562313,0.015142017975449562,7.869676021954319e-10,-3.179535212893825e-08,1.1596828386473135e-07,-3.945082482914586e-08,7.953494929324734e-08,3.964174410953092e-08,-1.5646218542997303e-08,1.198239658606326e-07,-1.208856659218327e-08,7.461756723614599e-08
00:00:03:13.216,61,8.539296914022998e-08,4.3381007230891555e-08,-5.837529926111529e-08,2.1420419216156006e-08,-6.319955048184056e-08,0.01352222915738821,0.2636736035346985,-9.239651177495034e-08,-3.3341347460691395e-08,4.254281549265215e-08,-5.501788180595213e-08,1.1468306126971584e-07,0.013579810969531536,0.2638930082321167,0.0361640527844429,2.5848894438240677e-05,0.03221648931503296,0.09625954926013947,-9.3668102636002e-05,0.11642210930585861,-0.000775529129896313,0.005934734363108873,-0.0005756050813943148,0.19989031553268433,0.1898222714662552,0.00013996780035085976,-0.0003565570805221796,0.029319005087018013,0.02853558585047722,0.07300961762666702,0.07708051800727844,3.62896935257595e-05,0.008302709087729454,-0.0005971777718514204,0.0008776430622674525,-0.0009673266904428601,-0.00048012143815867603,0.3105141520500183,0.3085572421550751,0.13803593814373016,0.1342805027961731,-0.0007955837063491344,-0.0008295809966512024,0.30215680599212646,0.25293436646461487,0.25322237610816956,0.0005061102565377951,0.07299134135246277,0.07812551409006119,0.018237214535474777,0.024649515748023987,5.715992124066815e-10,-4.1946769613332435e-08,1.4271587644998363e-07,-5.1632522257705205e-08,8.940696716308594e-08,4.7043432260807094e-08,-1.2926757442244252e-08,1.4285556915183406e-07,-8.791684713571613e-09,7.946044178197553e-08
00:00:03:14.233,61,9.49576488551429e-08,2.5909393741585518e-08,-4.8764050575300644e-08,2.89455055479948e-08,-7.414259073357243e-08,0.011087932623922825,0.24851375818252563,-1.0476447442897552e-07,-5.096197241982736e-08,1.974403929239088e-08,-5.329027885636606e-08,1.0456889754095755e-07,0.01111445389688015,0.24871601164340973,0.03138907998800278,-0.00013287962065078318,0.03208304941654205,0.07302536815404892,0.00015474454266950488,0.10511661320924759,-0.0009645390673540533,0.005375551991164684,-0.0004408696258906275,0.20295953750610352,0.1912558376789093,0.0001522684033261612,-0.00039011836634017527,0.028621966019272804,0.028247805312275887,0.06560338288545609,0.07068917900323868,-0.00019815206178463995,0.0074001788161695,-0.0006197571055963635,0.002473975531756878,-0.0007360065937973559,-0.0001875147281680256,0.2552551031112671,0.2531367540359497,0.12336383014917374,0.11908160895109177,-0.0006328578456304967,-0.000630207359790802,0.2809680104255676,0.23768268525600433,0.23798389732837677,-7.998384535312653e-05,0.07287421077489853,0.0779603123664856,0.02526021935045719,0.03156762197613716,1.7439014676767783e-09,-2.896413242581275e-08,1.2582168551489303e-07,-3.600493059252585e-08,1.0523945093154907e-07,4.7066713193544274e-08,-3.116205249398263e-08,1.419708155481203e-07,-2.7101487276581793e-08,1.1138617850292576e-07
00:00:03:14.250,61,8.841976750773028e-08,1.8421561165382627e-08,-4.123896246710501e-08,2.833083279085713e-08,-6.992370060743269e-08,0.009490281343460083,0.2423795461654663,-9.806826994918083e-08,-5.0999222622749585e-08,1.1473893835045601e-08,-4.751142057557445e-08,9.13441198235887e-08,0.0095038628205657,0.2425929605960846,0.027554437518119812,-0.0002240353060187772,0.030664926394820213,0.05665621906518936,0.00022550344874616712,0.09636164456605911,-0.001170908217318356,0.005760740023106337,-0.0005223149200901389,0.197731614112854,0.18477843701839447,-9.603023499948904e-05,-0.0006003445596434176,0.028282156214118004,0.027974599972367287,0.061612311750650406,0.06723953038454056,-0.0002060875267488882,0.006969519425183535,-0.000739049632102251,0.003690153593197465,-0.0006068241782486439,-3.160268170177005e-05,0.22130298614501953,0.2185622751712799,0.11320444196462631,0.10824758559465408,-0.0005603726021945477,-0.0005448320298455656,0.2655962109565735,0.22474771738052368,0.22508029639720917,-0.00035414902959018946,0.07198399305343628,0.07663378119468689,0.02892879955470562,0.03500780835747719,1.9138679530072977e-09,-2.2184103443123604e-08,1.0853633369833915e-07,-2.8051436729015222e-08,9.96142617282203e-08,4.249159246683121e-08,-3.326684350213327e-08,1.2760982315285219e-07,-2.97464435305983e-08,1.0982155629335466e-07
00:00:03:15.266,61,9.191222716253833e-08,2.533197474008375e-08,-4.7348439835559475e-08,2.8023496412288296e-08,-7.170252303012603e-08,0.008158253505825996,0.23780910670757294,-1.0138377604107518e-07,-4.932284269898446e-08,1.9297003106544253e-08,-5.152076454351118e-08,1.0110437642651959e-07,0.008159351535141468,0.23802612721920013,0.024202534928917885,-0.0003211575676687062,0.028775077313184738,0.04591001570224762,0.0001552712928969413,0.09911474585533142,-0.000566213158890605,0.005679590627551079,-0.00041557851363904774,0.18418800830841064,0.17143100500106812,-0.0001712764787953347,-0.0007295783143490553,0.025683758780360222,0.025345727801322937,0.0567077174782753,0.06260395050048828,-0.0003584417572710663,0.0064154877327382565,-0.0002506810415070504,0.005361458286643028,-0.0007536333869211376,-0.00018635988817550242,0.19126059114933014,0.18802088499069214,0.10630214959383011,0.10145089775323868,-0.0007385688950307667,-0.000636284938082099,0.25206103920936584,0.2116142064332962,0.211962029337883,-0.000651962764095515,0.07125347852706909,0.07575464248657227,0.031052689999341965,0.03743015602231026,1.6810371983311256e-09,-2.8125942463930187e-08,1.2163073392912338e-07,-3.52226194877403e-08,1.0188669108401882e-07,4.553934473960908e-08,-3.006309157171927e-08,1.3737007975578308e-07,-2.594664749722142e-08,1.0780990322700745e-07
00:00:03:16.283,61,6.676651764792041e-08,2.7567148563889532e-08,-4.086643556888703e-08,1.820735562318987e-08,-5.049631113251962e-08,0.00815797969698906,0.24073170125484467,-7.28107991676552e-08,-3.02121030415492e-08,2.544373245427778e-08,-4.0512531995773315e-08,8.247792493421002e-08,0.008149315603077412,0.2409489005804062,0.02195870317518711,-0.00046752142952755094,0.027336910367012024,0.03911455720663071,0.0003125253424514085,0.10317885130643845,-0.000375627278117463,0.005406911484897137,-0.00028866075444966555,0.16474251449108124,0.15276870131492615,-9.45678330026567e-05,-0.0007105945842340589,0.023641008883714676,0.023272795602679253,0.053761716932058334,0.059620361775159836,-0.0002839726221282035,0.005616119597107172,0.0003623345401138067,0.007252086419612169,-0.0003947840305045247,0.0002279244363307953,0.1683594137430191,0.16488401591777802,0.09952663630247116,0.09538068622350693,-0.00079256237950176,-0.0006742739933542907,0.2401767373085022,0.19996517896652222,0.20031431317329407,-0.0008330505806952715,0.06843465566635132,0.07324753701686859,0.029939018189907074,0.03663870692253113,7.613562003072616e-10,-2.7604400543168595e-08,1.0188669108401882e-07,-3.434717754657868e-08,7.174909200102775e-08,3.517838109701188e-08,-1.4938414949483558e-08,1.0648741977092868e-07,-1.1920929132713809e-08,6.869435509315736e-08
00:00:03:17.299,61,4.237517714500427e-08,1.4305114426349519e-08,-2.373009877487675e-08,1.2302771246197608e-08,-3.259629011154175e-08,0.008289056830108166,0.25127047300338745,-4.6528874975138024e-08,-2.1122396276496147e-08,1.225620493983115e-08,-2.47033309364042e-08,4.9415977088074214e-08,0.008280458860099316,0.2514880895614624,0.01961144618690014,-0.0003956582513637841,0.02644822560250759,0.0350002720952034,0.0008610570221208036,0.11435535550117493,0.0015086785424500704,0.004959976300597191,-0.00035686141927726567,0.13884349167346954,0.12858402729034424,-0.00017718590970616788,-0.0007208460592664778,0.020602893084287643,0.020166926085948944,0.05167398601770401,0.058095984160900116,-0.0005841991514898837,0.004671270027756691,0.0009496796410530806,0.008790918625891209,9.53094640863128e-05,0.000737109046895057,0.15189871191978455,0.14855730533599854,0.09319662302732468,0.08931972831487656,-0.00037693142076022923,-0.000263180147157982,0.23253418505191803,0.1947002410888672,0.19504399597644806,-0.0010008231038227677,0.06388221681118011,0.0686754584312439,0.02735159546136856,0.03428473323583603,6.332993573998635e-10,-1.495704005094467e-08,6.04242060830984e-08,-1.87754629621395e-08,4.643574413876195e-08,2.1597371002712862e-08,-1.1511146702503083e-08,6.531364959982966e-08,-9.816139900920007e-09,4.712492085445774e-08
00:00:03:18.316,61,3.42167929545667e-08,1.6894190935090592e-08,-2.3040920282824118e-08,8.642673243741683e-09,-2.535991328045384e-08,0.007683622185140848,0.25875991582870483,-3.706663775915331e-08,-1.369044166921185e-08,1.6465783403418754e-08,-2.1820888207457756e-08,4.535541009431654e-08,0.007673248182982206,0.25896838307380676,0.01712678372859955,-0.0004482586809899658,0.024684397503733635,0.032933756709098816,0.0010943246306851506,0.12536899745464325,0.013368522748351097,0.004644500557333231,-0.0002455814101267606,0.10492222011089325,0.09739027917385101,-0.0002100011770380661,-0.0005938260001130402,0.016824983060359955,0.016325870528817177,0.04882068186998367,0.05579302832484245,-0.0008579993154853582,0.004156474024057388,0.0020065652206540108,0.009919563308358192,0.0004815621650777757,0.001125148730352521,0.13550999760627747,0.1323789358139038,0.08294257521629333,0.07998821139335632,-0.00038182883872650564,-0.00023740052711218596,0.22770822048187256,0.18838009238243103,0.18871009349822998,-0.0008941541891545057,0.05668840557336807,0.061389144510030746,0.019969839602708817,0.026823177933692932,2.421438605182402e-10,-1.6465783403418754e-08,5.681067705154419e-08,-2.0582229254273443e-08,3.6228449573627586e-08,1.8677674518130516e-08,-5.364418242947977e-09,5.686655768499804e-08,-3.632158129818208e-09,3.218650945768786e-08
00:00:03:20.333,61,4.805624342907322e-08,1.829117479701381e-08,-2.8442592281407997e-08,1.3401732168460967e-08,-3.6526472513287445e-08,0.00685157161206007,0.2691534161567688,-5.252659462939846e-08,-2.246350128132235e-08,1.6652046852527747e-08,-2.8740615221067856e-08,5.807727632145543e-08,0.0068460325710475445,0.26935410499572754,0.01615993306040764,-0.00039156764978542924,0.022689562290906906,0.03118881769478321,0.0015520703746005893,0.1304350346326828,0.028979871422052383,0.004412790760397911,-9.564084029989317e-05,0.0682440847158432,0.06361504644155502,-0.0004349303198978305,-0.0004136571369599551,0.01473269984126091,0.01416343729943037,0.05009167268872261,0.05730874836444855,-0.0011425637640058994,0.003855685004964471,0.002014651196077466,0.010126118548214436,0.0005068842438049614,0.0011245032073929906,0.12116321921348572,0.11775214970111847,0.07262817025184631,0.07036204636096954,-0.000519102206453681,-0.0003928107034880668,0.2255174070596695,0.18653759360313416,0.186858132481575,-0.0008027069270610809,0.04941939935088158,0.05393318831920624,0.014725156128406525,0.02127557247877121,6.111804395914078e-10,-1.892447443196943e-08,7.160007697848414e-08,-2.3283064365386963e-08,5.234032940393263e-08,2.5017651950065556e-08,-1.1846423397798844e-08,7.579102856425379e-08,-9.443611226345183e-09,5.047768425470167e-08
00:00:03:21.350,61,7.553957459549565e-08,1.2814998839871805e-08,-3.296882056247341e-08,2.4940819187690977e-08,-6.016343689907444e-08,0.005973655730485916,0.28149792551994324,-8.407048568415121e-08,-4.518777174666866e-08,6.109476036186834e-09,-3.9562582543339886e-08,7.50645980929221e-08,0.005972033366560936,0.2817051410675049,0.01463376171886921,-0.0002721802156884223,0.020468011498451233,0.02989686280488968,0.001764381187967956,0.13227109611034393,0.0404021255671978,0.0043456461280584335,-0.0001168697708635591,0.03924147039651871,0.03681480139493942,-0.00040329917101189494,4.232510764268227e-05,0.013167152181267738,0.012494840659201145,0.051564767956733704,0.0588054284453392,-0.0008024304988794029,0.0035366243682801723,0.002047833288088441,0.009176217019557953,0.0005126532050780952,0.0011154386447742581,0.11140766739845276,0.10765163600444794,0.06389792263507843,0.062221650034189224,-0.0005825370317324996,-0.0004918437916785479,0.22783271968364716,0.1861848086118698,0.18647979199886322,-0.00047362991608679295,0.04345109313726425,0.047938719391822815,0.009350830689072609,0.015379653312265873,1.7648562611327634e-09,-1.6838312077993578e-08,8.832662956592685e-08,-2.130865972560514e-08,8.586793853737618e-08,3.5553238575403157e-08,-3.054737973684496e-08,1.0690651919276206e-07,-2.7734786911537412e-08,9.6522271064714e-08
00:00:03:22.366,61,8.89785596314141e-08,7.897615006413616e-09,-3.373250478944101e-08,3.091991018777662e-08,-7.208436869632351e-08,0.005409592296928167,0.2914743721485138,-9.955838464748012e-08,-5.757436127851179e-08,-1.4901161415892261e-09,-4.411209530985616e-08,8.121132566429878e-08,0.005404348950833082,0.2916882038116455,0.013776911422610283,-0.0001768257498042658,0.01868680864572525,0.030680976808071136,0.002889285096898675,0.13418178260326385,0.04417424276471138,0.004400032572448254,3.140118860756047e-05,0.019799774512648582,0.019232390448451042,3.231301889172755e-05,0.0005810415605083108,0.011707253754138947,0.010932693257927895,0.055214930325746536,0.062482643872499466,-0.0004488560662139207,0.003429780714213848,0.0019912272691726685,0.0075909970328211784,0.00044313608668744564,0.0010339590953662992,0.10816287994384766,0.10433487594127655,0.05623611435294151,0.055013250559568405,-0.0005899625830352306,-0.00053623371059075,0.23019681870937347,0.18668967485427856,0.18697552382946014,-0.0001703563757473603,0.038059551268815994,0.04219578579068184,0.005936762318015099,0.011276554316282272,2.444721758365631e-09,-1.400709148668966e-08,9.33557728899359e-08,-1.8216669062098845e-08,1.0296702157575055e-07,4.028435895975235e-08,-4.1332096856194767e-08,1.2042931984979077e-07,-3.818422555923462e-08,1.209974271887404e-07
00:00:03:22.383,61,8.96677363471099e-08,1.4230608691434554e-08,-3.8594006213088505e-08,2.981163405024745e-08,-7.171183824539185e-08,0.006435076706111431,0.3030848205089569,-9.978190007586818e-08,-5.409121683896956e-08,5.9604645663569045e-09,-4.6612694148961964e-08,8.795410622042255e-08,0.0064347172155976295,0.3033195436000824,0.013211225159466267,-0.00011002384417224675,0.0171501487493515,0.030899669975042343,0.003154435195028782,0.14223049581050873,0.04916422814130783,0.005160609260201454,-1.634320324228611e-05,0.012362396344542503,0.010959281586110592,0.0006689959554933012,0.0013615727657452226,0.010580897331237793,0.009528071619570255,0.054849252104759216,0.06125824153423309,-7.281183934537694e-05,0.0033065276220440865,0.001564295613206923,0.006983114406466484,0.0004363814659882337,0.0010574829066172242,0.10871671885251999,0.10432931780815125,0.05158405378460884,0.05002210661768913,-0.0006389784975908697,-0.0006075769779272377,0.23067902028560638,0.18568065762519836,0.18598133325576782,0.00014498848759103566,0.03614899143576622,0.03961366415023804,0.0029599471017718315,0.007912716828286648,2.15135509407105e-09,-1.8980353289066443e-08,1.0296702157575055e-07,-2.4233013817820392e-08,1.0225922153495048e-07,4.201428893679804e-08,-3.706663775915331e-08,1.2600794718764519e-07,-3.360212019742903e-08,1.1570751468070739e-07
00:00:03:23.399,61,8.081085667299703e-08,1.266598714799727e-09,-2.6337803049614195e-08,2.9588118621859394e-08,-6.66175026253768e-08,0.005419157911092043,0.30366796255111694,-9.100884312829294e-08,-5.582347384347486e-08,-8.493661773911754e-09,-3.799796033376879e-08,6.765127125163417e-08,0.005421115085482597,0.3038715720176697,0.01322949305176735,-4.003882349934429e-05,0.017074892297387123,0.034033048897981644,0.0034216581843793392,0.15566731989383698,0.0447472482919693,0.00490361824631691,-0.00011883147817570716,0.008742078207433224,0.007710624951869249,0.0007903820369392633,0.0013389367377385497,0.009798514656722546,0.008789613842964172,0.057636335492134094,0.06462249904870987,-6.12151634413749e-05,0.0031954047735780478,0.0012526720529422164,0.006374505814164877,7.127061689971015e-05,0.0007296061376109719,0.12563537061214447,0.12177456170320511,0.05548679828643799,0.05435924232006073,-0.000650351052172482,-0.0006429815548472106,0.23097358644008636,0.18366317451000214,0.1839459240436554,0.0002386861597187817,0.03370937705039978,0.03739164024591446,0.0017437046626582742,0.006826523691415787,2.516899355597957e-09,-7.916241884231567e-09,7.621943609592563e-08,-1.0747462475535485e-08,9.525567179480277e-08,3.521330782518817e-08,-4.2282046308628196e-08,1.049321127766234e-07,-3.9245932725862076e-08,1.1608004513163905e-07
00:00:03:24.416,61,7.900409570993361e-08,1.6018748993928966e-08,-3.634020728782161e-08,2.552755162810172e-08,-6.276182773490291e-08,0.005918813869357109,0.3029816448688507,-8.757226055422507e-08,-4.5578925522704594e-08,9.313225746154785e-09,-4.220753879735639e-08,8.10436873166509e-08,0.005927571095526218,0.3031894564628601,0.01335526630282402,-3.319985989946872e-05,0.01705184392631054,0.04714461788535118,0.002325803739950061,0.17306894063949585,0.030853213742375374,0.004801956471055746,-0.000361822108970955,0.00929279625415802,0.007630595937371254,0.001164314104244113,0.001619791961275041,0.009229850023984909,0.008049910888075829,0.06134532019495964,0.06861244887113571,8.37683637655573e-06,0.003791822586208582,0.0001768776710378006,0.004658102057874203,0.0001884499506559223,0.0008026617579162121,0.16456489264965057,0.16059230268001556,0.06677611172199249,0.06576371937990189,-0.0006963348132558167,-0.0006740218377672136,0.22820651531219482,0.17835792899131775,0.17862826585769653,0.00027999799931421876,0.03396140784025192,0.03741300106048584,0.0013803696492686868,0.0062010944820940495,1.7334241819710883e-09,-1.9501895209828035e-08,9.60752402079379e-08,-2.4586915614577265e-08,8.953735175509792e-08,3.7876887404308945e-08,-3.02121030415492e-08,1.1368654639909437e-07,-2.7082860398763842e-08,9.860843164233302e-08
00:00:03:25.433,61,7.105991528533195e-08,8.549541519187187e-09,-2.8386711647954144e-08,2.4288892674917406e-08,-5.741603814612972e-08,0.005787733010947704,0.2999947667121887,-7.919035738268576e-08,-4.451721835607714e-08,1.0058284205527457e-09,-3.581401131214079e-08,6.660818741011099e-08,0.005812851712107658,0.30019086599349976,0.013783647678792477,3.343671414768323e-05,0.018159635365009308,0.0744025707244873,0.001958513166755438,0.18122299015522003,0.011590570211410522,0.005217950325459242,-0.0005694277351722121,0.019009923562407494,0.017244460061192513,8.420705853495747e-05,0.00024047106853686273,0.009942647069692612,0.008693715557456017,0.06675823777914047,0.0739898756146431,-0.00019958078337367624,0.004830067977309227,-0.0006405696040019393,0.0022481679916381836,0.0001406436349498108,0.0006377543322741985,0.22684422135353088,0.22354304790496826,0.08348795771598816,0.08326088637113571,-0.000668482796754688,-0.000671077985316515,0.22471481561660767,0.17127647995948792,0.1715284287929535,0.0003699244698509574,0.034560758620500565,0.03819592297077179,-9.11787137738429e-05,0.004678439348936081,1.8393621070700306e-09,-1.272186622713889e-08,7.793307332804034e-08,-1.6279518177952923e-08,8.203089407743391e-08,3.2773240121741765e-08,-3.138557147508436e-08,9.778887033462524e-08,-2.8777867200346918e-08,9.480864093802666e-08
00:00:03:26.449,61,6.712041766832044e-08,3.0919908855508993e-09,-2.3283064365386963e-08,2.4037435153445585e-08,-5.5022539413585037e-08,0.0069534205831587315,0.29749971628189087,-7.533468249221187e-08,-4.5113264235396855e-08,-4.880130077822287e-09,-3.21259712166011e-08,5.804002256581953e-08,0.006986474618315697,0.29769009351730347,0.015039494261145592,8.520484016116825e-07,0.019561082124710083,0.10439412295818329,0.0021448403131216764,0.17655125260353088,0.00260505685582757,0.005606146063655615,-0.0004865250666625798,0.05422726646065712,0.05146019533276558,6.979807949392125e-05,-0.00011517390521476045,0.011506002396345139,0.010308594442903996,0.07039070129394531,0.07700791954994202,-0.00020151496573816985,0.005470464006066322,-0.0005874967318959534,0.0006953196716494858,8.469635940855369e-05,0.0005077467649243772,0.28317633271217346,0.2799411118030548,0.09361257404088974,0.09390772134065628,-0.0004974001785740256,-0.0005268734530545771,0.21821315586566925,0.16459684073925018,0.16483204066753387,0.0005162546876817942,0.03760546073317528,0.041868869215250015,-0.0010721477447077632,0.003690724726766348,1.995358545059389e-09,-8.065253354061497e-09,6.642192573735883e-08,-1.0877847955725883e-08,7.892027298339599e-08,2.989079916915216e-08,-3.3508985808339276e-08,8.877366752813032e-08,-3.119930624961853e-08,9.454786464857534e-08
00:00:03:28.466,61,8.169561738213815e-08,-7.431954163195087e-09,-2.020970057969862e-08,3.1841917547126286e-08,-6.892718573681123e-08,0.00790305994451046,0.29809537529945374,-9.272247325498029e-08,-6.185844370065752e-08,-2.0004808476414837e-08,-3.520865021755526e-08,5.923211432445896e-08,0.007942580617964268,0.29828619956970215,0.018235910683870316,-3.322072370792739e-05,0.020941630005836487,0.12412968277931213,0.0023925609420984983,0.16349327564239502,0.0005033424822613597,0.0058467816561460495,-0.0003697367792483419,0.09574189782142639,0.09148092567920685,9.593710274202749e-05,-0.0003639692149590701,0.014284133911132812,0.013098088093101978,0.07128504663705826,0.0767451673746109,-0.00013365149789024144,0.006141973193734884,-0.00024193048011511564,3.710314558702521e-05,-0.00016687203606124967,0.0002758595219347626,0.3218649625778198,0.31863880157470703,0.10049093514680862,0.1010114848613739,-0.00034370063804090023,-0.0003676986671052873,0.21020182967185974,0.15698784589767456,0.15720945596694946,0.0004226398013997823,0.04251038655638695,0.04768993332982063,-0.0005646400386467576,0.00471406290307641,2.9918738597700667e-09,-1.1175871339474952e-09,6.459653434376378e-08,-2.533197429599454e-09,9.883195417614843e-08,3.3711547331449765e-08,-4.89875660036887e-08,9.948387713620832e-08,-4.662200936422778e-08,1.2613833177965716e-07
00:00:03:29.483,61,7.862225004373613e-08,-7.63684493421124e-09,-1.8998980166884394e-08,3.0808152473582595e-08,-6.636604865661866e-08,0.00846776645630598,0.29696953296661377,-8.906237525252436e-08,-5.971640604229833e-08,-1.9781291271669943e-08,-3.361143185998117e-08,5.647540035624843e-08,0.008502884767949581,0.2971736192703247,0.020586680620908737,-8.845716365613043e-05,0.022051053121685982,0.13511796295642853,0.00212132278829813,0.14232487976551056,-0.0003367117024026811,0.006094163749366999,-0.0003760813851840794,0.12516453862190247,0.11910291016101837,2.1841526177013293e-05,-0.00034235240309499204,0.017450649291276932,0.01631704531610012,0.07082781195640564,0.07523011416196823,-4.8519374104216695e-05,0.006397656165063381,5.3232906793709844e-05,-0.0003649064456112683,-0.0004888533148914576,-1.11436847873847e-05,0.34862393140792847,0.34490275382995605,0.10163957625627518,0.10175582766532898,-0.0002647268702276051,-0.00029231191729195416,0.19673271477222443,0.14899271726608276,0.14920486509799957,0.00033469521440565586,0.04656162112951279,0.05192489176988602,0.0002538323460612446,0.00556890619918704,2.9045623683998656e-09,-5.587935669737476e-10,6.139278241334978e-08,-1.862645149230957e-09,9.540468681734637e-08,3.235414780533574e-08,-4.779547424504926e-08,9.533017930607457e-08,-4.537403697213449e-08,1.2151896555678832e-07
00:00:03:29.500,61,8.576549248573428e-08,-6.146728903644316e-09,-2.2407620647868498e-08,3.3127143694855476e-08,-7.206573826579188e-08,0.009240123443305492,0.29785147309303284,-9.697861713675593e-08,-6.394461138370389e-08,-1.892447443196943e-08,-3.7434510602452065e-08,6.37397192804201e-08,0.009282388724386692,0.29806992411613464,0.02304616943001747,-0.00011192016245331615,0.023017313331365585,0.14058174192905426,0.0018713426543399692,0.11784859001636505,-0.0004709094646386802,0.006117676384747028,-0.000360906298737973,0.14817610383033752,0.14105293154716492,-8.535385131835938e-05,-0.0003868096973747015,0.021717404946684837,0.020673608407378197,0.07089658081531525,0.07384943962097168,-0.0001922368974192068,0.00661088339984417,4.646271554520354e-05,-0.0004845114308409393,-0.00045132034574635327,0.000100725817901548,0.36787110567092896,0.36384010314941406,0.09614525735378265,0.09600868076086044,-0.0003984400536864996,-0.0004080736543983221,0.18368251621723175,0.1399328112602234,0.14013026654720306,0.00015123269986361265,0.05055642127990723,0.05634171515703201,0.0011278921738266945,0.006532873958349228,3.0605589174115266e-09,-2.291053569081214e-09,6.99609543630686e-08,-4.116445850854689e-09,1.0384246706962585e-07,3.5820995947233314e-08,-5.0533561335441846e-08,1.0570511221885681e-07,-4.7646462775219334e-08,1.3079494465273456e-07
00:00:03:30.516,61,1.1490657669810389e-07,4.284083754413359e-09,-3.9357690440056103e-08,4.145316623294093e-08,-9.444542570236081e-08,0.009805419482290745,0.29150286316871643,-1.2882054534202325e-07,-7.770955789965228e-08,-9.834766778737958e-09,-5.4691916773208504e-08,9.845942372521677e-08,0.009854359552264214,0.29173097014427185,0.02247663587331772,-0.00015257566701620817,0.02178826741874218,0.13672994077205658,0.0009116884903050959,0.07969480752944946,-0.00039725154056213796,0.005972396116703749,-0.0004205175500828773,0.16436932981014252,0.15605048835277557,3.507196743157692e-05,-0.0002277335588587448,0.024951225146651268,0.023969871923327446,0.06767741590738297,0.06775021553039551,0.00018150210962630808,0.007027502171695232,-2.0994246369809844e-05,-0.0005455653881654143,-0.00026899573276750743,0.00037692338810302317,0.33081191778182983,0.3268994390964508,0.062306374311447144,0.061534978449344635,-0.0002986207546200603,-0.000289597810478881,0.16788135468959808,0.13025958836078644,0.13043469190597534,-8.847803110256791e-05,0.051048699766397476,0.057573482394218445,0.0005686584045179188,0.004731302615255117,3.4680125438057985e-09,-1.3392418729551991e-08,1.1239200858881304e-07,-1.767650203987614e-08,1.3524666542252817e-07,5.084555709800043e-08,-5.841255301675119e-08,1.5120953378300328e-07,-5.412846704189178e-08,1.6205012798309326e-07
00:00:03:31.533,61,1.0101124559014352e-07,4.8615036440935455e-09,-3.5241246365558254e-08,3.6228449573627586e-08,-8.294358622151776e-08,0.010818498209118843,0.27998507022857666,-1.1315569281578064e-07,-6.776303251854188e-08,-7.48783346438131e-09,-4.842877388000488e-08,8.735806034110283e-08,0.01086987741291523,0.28023600578308105,0.021503079682588577,-0.00037466251524165273,0.016453664749860764,0.08447334170341492,0.015554236248135567,0.02345862239599228,0.00047335325507447124,0.006303700152784586,-0.00034090637927874923,0.1680162101984024,0.158175989985466,-0.00020374386804178357,-0.00038334904820658267,0.02713327668607235,0.026484282687306404,0.06714851409196854,0.06487922370433807,-1.5828609321033582e-05,0.007633721921592951,-0.00021750778250861913,-0.000496269145514816,-9.050041262526065e-05,0.000623030646238476,0.2168288379907608,0.21282266080379486,0.014698692597448826,0.012734289281070232,-0.0003708970616571605,-0.0002732574939727783,0.1568882018327713,0.11716154217720032,0.11733957380056381,-0.0005395495682023466,0.0496445931494236,0.05692914500832558,0.0010266064200550318,0.0030690126586705446,3.008171933771564e-09,-1.2442469277118562e-08,1.0006129969042377e-07,-1.6354023912867888e-08,1.1861324367146153e-07,4.49270025626447e-08,-5.049631113251962e-08,1.3359822048641945e-07,-4.708767065153552e-08,1.4141201631900913e-07
00:00:03:32.549,61,1.2745150002047012e-07,1.0933726812822897e-08,-4.8168004695980926e-08,4.455447211171304e-08,-1.0370276726234806e-07,0.011091248132288456,0.26604676246643066,-1.4247372348563658e-07,-8.270144746802544e-08,-2.9057263262188826e-09,-6.294808940765506e-08,1.1552125300795524e-07,0.011165396310389042,0.2663676142692566,0.018582511693239212,-9.472504461882636e-05,0.0064047533087432384,0.05791856348514557,0.04498451203107834,0.0014435022603720427,0.00010213554196525365,0.00829522218555212,-0.00043284587445668876,0.16353702545166016,0.15033426880836487,0.0002729891275521368,-0.00025381147861480713,0.028567245230078697,0.027904141694307327,0.06150229275226593,0.0542520172894001,0.016830777749419212,0.012464630417525768,0.00021683632803615183,-0.0005726380622945726,0.00033706321846693754,0.001194198033772409,0.1251388043165207,0.11889033019542694,0.002404953818768263,0.0007671880885027349,-0.0004817912122234702,-0.0004885044763796031,0.1485673487186432,0.1008412167429924,0.10103973746299744,6.311908236966701e-06,0.046323757618665695,0.05362941697239876,0.0003889799118041992,0.0007159178494475782,3.5366973794026535e-09,-1.9632279801840014e-08,1.330114969277929e-07,-2.5387853597180765e-08,1.4789402769110893e-07,5.768844957287911e-08,-5.993992147068639e-08,1.7210841463111137e-07,-5.5301935475426944e-08,1.7341226055123116e-07
00:00:03:33.566,61,1.231022110914637e-07,8.344650304081824e-09,-4.48897488070088e-08,4.3511391822903533e-08,-1.0053626908756996e-07,0.011329986155033112,0.25012603402137756,-1.3777986396235065e-07,-8.113682525845434e-08,-5.662441182607836e-09,-6.003305230706246e-08,1.0931864125041102e-07,0.011414158158004284,0.25048914551734924,0.017076371237635612,5.2029339713044465e-05,0.0021391715854406357,0.05049339309334755,0.05359697341918945,0.00015818238898646086,9.873509043245576e-06,0.00954175740480423,-0.00033036567037925124,0.1601269692182541,0.14551900327205658,0.00010956734331557527,-0.00047196776722557843,0.029540708288550377,0.028928274288773537,0.0559900626540184,0.04665103927254677,0.028524117544293404,0.01584329642355442,0.00034463315387256444,-0.0007852230919525027,0.0005143434391357005,0.00148918223567307,0.09709139913320541,0.0897035002708435,0.0014275169232860208,0.0006099080783315003,-0.0005739137413911521,-0.0006563751376233995,0.14042533934116364,0.08740054816007614,0.08761123567819595,0.0003553091664798558,0.04454783350229263,0.051812801510095596,0.00034468292142264545,0.00028012634720653296,3.528548342401905e-09,-1.735985222239833e-08,1.2524425585525023e-07,-2.2202730320941555e-08,1.434236764907837e-07,5.5176204938334195e-08,-5.939975267210684e-08,1.6463920360365591e-07,-5.5171550883414966e-08,1.699477394367932e-07
00:00:03:35.583,61,1.2429431706095784e-07,-1.303851610012785e-10,-3.9041040622578294e-08,4.595145597363626e-08,-1.0287389073937447e-07,0.011463211849331856,0.23205310106277466,-1.398660174345423e-07,-8.713453780728742e-08,-1.6354023912867888e-08,-5.760695742651478e-08,1.0164454522509914e-07,0.011553524993360043,0.23243343830108643,0.01655949093401432,0.00011163212184328586,0.0010203069541603327,0.048130106180906296,0.05772755295038223,-0.0006861877627670765,-0.0003531157854013145,0.010369574651122093,-0.0004508335259743035,0.16543549299240112,0.14843246340751648,0.000166369674843736,-0.000463794480310753,0.030811848118901253,0.030118625611066818,0.052768439054489136,0.042765211313962936,0.032751597464084625,0.017635269090533257,0.0005794449243694544,-0.0009498260915279388,0.0007614099886268377,0.0017538364045321941,0.09009630233049393,0.08246578276157379,0.001285202451981604,0.0003855800605379045,-0.0004770559025928378,-0.0006104361964389682,0.13463300466537476,0.07812671363353729,0.07834137231111526,0.0004551549209281802,0.04735158756375313,0.05408022552728653,0.0005630964296869934,6.704568659188226e-05,3.981404095299013e-09,-1.0635703873163038e-08,1.1380761577584053e-07,-1.4267861558892037e-08,1.468509367441584e-07,5.365116351185861e-08,-6.631016447045113e-08,1.5961937549491267e-07,-6.228685123232935e-08,1.8056482531392248e-07
00:00:03:36.600,61,1.272279774866547e-07,-3.166496842510469e-09,-3.7793071783198684e-08,4.7683716530855236e-08,-1.0578892783996707e-07,0.011296183802187443,0.22010475397109985,-1.434981840020555e-07,-9.097158937265704e-08,-2.0749867601921324e-08,-5.7872384218171646e-08,1.0091811475376744e-07,0.011390557512640953,0.2204778641462326,0.01545048039406538,0.00011268943489994854,0.0013669522013515234,0.04650571942329407,0.05705731362104416,-0.000947965367231518,-0.00015653789159841835,0.010846814140677452,-0.0005202330066822469,0.1764213889837265,0.15762336552143097,-8.479714597342536e-05,-0.0007754308171570301,0.030950332060456276,0.030168917030096054,0.05095057561993599,0.04166974499821663,0.030133241787552834,0.016964923590421677,0.0009529414819553494,-0.0013616515789180994,0.0007394547574222088,0.001685179304331541,0.09736596792936325,0.09079643338918686,0.0009442797163501382,-8.040398097364232e-05,-0.0004203879798296839,-0.0006247675628401339,0.12766723334789276,0.07556723803281784,0.07578342407941818,0.0005015683709643781,0.05264618247747421,0.0591503269970417,0.0015253403689712286,0.0008896395447663963,4.224712135680875e-09,-8.27014456916686e-09,1.1190772397640103e-07,-1.1865049387438376e-08,1.5106051876045967e-07,5.41680478249873e-08,-7.010996228018485e-08,1.6105360600704444e-07,-6.61052794725947e-08,1.8775463672682235e-07
00:00:03:37.616,61,1.0198913713566071e-07,-2.9876829898967117e-08,-1.0514631831881616e-08,4.453584523389509e-08,-8.940696716308594e-08,0.011577797122299671,0.20444156229496002,-1.17458405668458e-07,-8.957460551073382e-08,-5.0216911517964036e-08,-3.672670700893832e-08,5.297362903888825e-08,0.011670658364892006,0.20474693179130554,0.014549735002219677,-0.00014870066661387682,0.004245573189109564,0.046349845826625824,0.04682696983218193,0.002512143924832344,0.0002988934575114399,0.009623390622437,-0.0006394570227712393,0.19226491451263428,0.17345546185970306,0.0001656651438679546,-0.0005442362744361162,0.029774928465485573,0.029197674244642258,0.04465637356042862,0.03801991790533066,0.016677044332027435,0.014691497199237347,0.0011909987078979611,-0.0016558879287913442,0.0002394731272943318,0.0010797146242111921,0.12485794723033905,0.12042032927274704,0.004252655431628227,0.0019313740776851773,2.4534463591407984e-05,-7.721901056356728e-05,0.12296566367149353,0.07670220732688904,0.07689357548952103,0.0002109676570398733,0.058963194489479065,0.06568600237369537,0.007965197786688805,0.008126216009259224,4.7462527241748376e-09,1.5050172663677586e-08,4.97885039862922e-08,1.654028913833372e-08,1.285038848664044e-07,3.7087591664430875e-08,-7.659196654685729e-08,1.0839663389106136e-07,-7.42636601103186e-08,1.7821788844685216e-07
00:00:03:37.633,61,5.231238731084886e-08,-3.512948865136423e-08,8.996575928676975e-09,2.7436762195520714e-08,-4.930421582116651e-08,0.011476044543087482,0.19509097933769226,-6.194226642719514e-08,-5.807727632145543e-08,-5.0365926540507644e-08,-1.1781230213614435e-08,6.68689592586702e-09,0.011561725288629532,0.19533199071884155,0.013498219661414623,-0.00022111907310318202,0.009627883322536945,0.050755128264427185,0.020159849897027016,0.030453884974122047,-0.0007825684733688831,0.008012735284864902,-0.0006623674998991191,0.21067047119140625,0.19422313570976257,1.2415051060088445e-05,-0.000548610114492476,0.028203114867210388,0.02792220190167427,0.03382166847586632,0.03177810087800026,0.0037115972954779863,0.011517913080751896,0.00100157770793885,-0.0016151124145835638,-0.0004571961471810937,0.00024122298054862767,0.17992939054965973,0.17784637212753296,0.04132508859038353,0.03809088096022606,-0.0003066045173909515,-0.0003161865461152047,0.11657833307981491,0.07863283902406693,0.07881491631269455,5.7134329836117104e-05,0.06784442067146301,0.07518846541643143,0.021960780024528503,0.024241065606474876,3.4307594543037112e-09,2.3525208447949808e-08,-3.483146437943674e-09,2.754852168607158e-08,7.152557657263969e-08,1.4423858551992907e-08,-5.431473226735761e-08,4.050787438814041e-08,-5.379319034659602e-08,1.1190772397640103e-07
00:00:03:38.649,61,4.754401672357744e-08,-2.4121254327269526e-08,2.6635824657006424e-09,2.3189931752654047e-08,-4.340894577126164e-08,0.013613718561828136,0.18799857795238495,-5.544163172999106e-08,-4.82238817767211e-08,-3.613531518453783e-08,-1.3350509142640021e-08,1.3913958873956744e-08,0.013695795089006424,0.18821845948696136,0.013638777658343315,-9.24662163015455e-05,0.014562152326107025,0.05550665780901909,0.0033882902935147285,0.05058947205543518,-0.00043808697955682874,0.0076324213296175,-0.0005877707153558731,0.23348957300186157,0.21789366006851196,-0.0002088099718093872,-0.0004446360399015248,0.026863761246204376,0.02667483314871788,0.02542179822921753,0.025228429585695267,0.0007769513176754117,0.00975421629846096,0.00044618637184612453,-0.00045847371802665293,-0.0005599801079370081,1.885995334305335e-05,0.23773536086082458,0.235869899392128,0.08717601001262665,0.08358005434274673,-0.0002577358391135931,-0.00026498734951019287,0.10889968276023865,0.07855939120054245,0.0787600576877594,0.0002263524365844205,0.07876594364643097,0.08614832162857056,0.039333585649728775,0.043808337301015854,2.7252826662049756e-09,1.5404076236791298e-08,8.288770558806391e-09,1.7900019244621035e-08,6.299465837855678e-08,1.4924443902941675e-08,-4.349276494508558e-08,4.278495779885816e-08,-4.280358467667611e-08,9.402632628052743e-08
00:00:03:39.666,61,3.657303793147548e-08,2.179294744664162e-09,-1.2870877696968819e-08,1.305714292243465e-08,-2.98675146837013e-08,0.016657384112477303,0.18497391045093536,-4.0810554935433174e-08,-2.4568288736759314e-08,-2.309680002809955e-09,-1.748558098313424e-08,3.1907109843132275e-08,0.016746455803513527,0.1851678043603897,0.014845297671854496,-4.280470420781057e-06,0.017798058688640594,0.06144833192229271,0.001575305126607418,0.06407125294208527,-0.00020469904120545834,0.006779149640351534,-0.0004970668232999742,0.24923312664031982,0.23502133786678314,-7.49436003388837e-05,-0.00030060141580179334,0.026854215189814568,0.026959657669067383,0.02064366638660431,0.021031593903899193,0.000323848711559549,0.008990611881017685,-0.00015410453488584608,0.0009561899350956082,-0.0005553127266466618,3.261536403442733e-05,0.2680564522743225,0.26648351550102234,0.11301402747631073,0.10992294549942017,-0.00023283482005354017,-0.00023532331397291273,0.09908159077167511,0.07685656100511551,0.07704846560955048,0.00015194066509138793,0.08602938055992126,0.09430906176567078,0.05164802446961403,0.05804261192679405,1.0582152931704059e-09,-4.61936000561991e-09,3.676861481949345e-08,-6.239861072288022e-09,4.3064357413413745e-08,1.6302800887046942e-08,-1.7937273000256937e-08,4.8633665983288665e-08,-1.6577541117612782e-08,5.137175307368125e-08
00:00:03:40.683,61,3.329478204250336e-08,-7.171183646903501e-09,-5.234032762757579e-09,1.4025718364507611e-08,-2.874992865997683e-08,0.017849445343017578,0.1830706000328064,-3.806315262977478e-08,-2.8256327055942165e-08,-1.337379185173404e-08,-1.272186622713889e-08,1.9688158658937027e-08,0.017925089225172997,0.18324193358421326,0.014691734686493874,-5.717866224586032e-05,0.02058250643312931,0.058733806014060974,0.001006939448416233,0.06810753792524338,0.00022932409774512053,0.006230174098163843,-0.0004845379153266549,0.25836262106895447,0.24427051842212677,-7.021486817393452e-05,-0.0002245211653644219,0.0253938976675272,0.025645531713962555,0.01733018085360527,0.01853678748011589,0.00013685226440429688,0.008027181960642338,-0.0005399856017902493,0.0027711926959455013,-0.00039243377977982163,0.00018746271962299943,0.26610228419303894,0.2640147805213928,0.12448487430810928,0.12101974338293076,6.593018770217896e-05,6.478518480435014e-05,0.09587600827217102,0.08122536540031433,0.08142570406198502,0.00010828524682438001,0.0921434685587883,0.10044693201780319,0.062838114798069,0.06999983638525009,1.4435499462450707e-09,3.278255444882916e-09,1.9967556497135774e-08,3.3527611797978807e-09,4.170462375441275e-08,1.2682285444043373e-08,-2.3189931752654047e-08,3.7159772148243064e-08,-2.2482126382783463e-08,5.647540035624843e-08
00:00:03:41.699,61,3.3061950954760277e-09,-9.294598868336834e-09,5.774199784980283e-09,3.3807010524355974e-09,-4.265457320684618e-09,0.01737426407635212,0.18336616456508636,-4.488974969518722e-09,-8.251517691348909e-09,-1.2069940602543738e-08,1.8766150855498154e-09,-6.984919309616089e-09,0.01744222827255726,0.18354099988937378,0.016146166250109673,-0.00011318005272187293,0.021843470633029938,0.05895603075623512,0.0011122316354885697,0.06463170051574707,0.00021205723169259727,0.00600819569081068,-0.0005576590192504227,0.2620203495025635,0.24808456003665924,-0.0003302559198345989,-0.0005188494687899947,0.025594497099518776,0.025978166610002518,0.01809169352054596,0.019694305956363678,0.00018664657545741647,0.0070777274668216705,-0.00018758847727440298,0.0034734427463263273,0.0001287197374040261,0.0007479470805265009,0.2614325284957886,0.25937122106552124,0.12470817565917969,0.12091650813817978,0.00034524203510954976,0.00034923016210086644,0.10098760575056076,0.09408897161483765,0.09429459273815155,0.0001142769688158296,0.09612901508808136,0.10452450066804886,0.06638331711292267,0.07360583543777466,5.797483049185814e-10,7.431954163195087e-09,-1.0393559790600193e-08,8.549541519187187e-09,7.1525572131747595e-09,-6.379559658320488e-10,-8.977949939037444e-09,-2.7753412901176944e-09,-8.884817326304528e-09,1.5236437889143417e-08
00:00:03:43.716,61,-2.1737069033633816e-08,-1.6652046852527747e-08,1.9147991636714323e-08,-4.153698718312171e-09,1.525506299060453e-08,0.01746051385998726,0.18067607283592224,2.3134052895557033e-08,4.6566128730773926e-09,-1.7918646122438986e-08,1.6214325881946934e-08,-3.5446138468842037e-08,0.01752563565969467,0.18085375428199768,0.01698852702975273,-0.0002859479864127934,0.02287965826690197,0.06024230644106865,0.0016549605643376708,0.06552549451589584,0.0002744352677837014,0.005596361588686705,-0.0005464244750328362,0.25490817427635193,0.24129801988601685,-7.149144948925823e-05,-0.0003419527492951602,0.02566833421587944,0.026125583797693253,0.021140189841389656,0.023149050772190094,0.00027550460072234273,0.006529886741191149,0.0002575723920017481,0.0038953751791268587,0.0004964948166161776,0.0011594882234930992,0.24739162623882294,0.2447323352098465,0.11508342623710632,0.11078990995883942,0.0006156635354273021,0.0006870251963846385,0.1117963045835495,0.11173450201749802,0.11195667088031769,-0.00019380800949875265,0.09856429696083069,0.10682866722345352,0.06637372821569443,0.07273010164499283,1.5832483934996588e-10,1.5646218542997303e-08,-4.4479964600441235e-08,1.8663705247945472e-08,-2.037733715098966e-08,-1.3231765905175052e-08,-1.1175871339474952e-09,-4.0931627864893017e-08,-2.086162576020456e-09,-1.3299286116819076e-08
00:00:03:44.733,61,-2.2407620647868498e-08,-1.987442388440286e-08,2.166256329871885e-08,-3.6414713466825788e-09,1.529231674624043e-08,0.01679382473230362,0.17252901196479797,2.3199245191563023e-08,2.9988587169071934e-09,-2.1681190176536802e-08,1.753214817767912e-08,-3.898516354183812e-08,0.01685325615108013,0.17269878089427948,0.016941379755735397,-0.0002612562966533005,0.0222616046667099,0.05865892022848129,0.001966937445104122,0.06564347445964813,-0.0005761897773481905,0.005208767484873533,-0.0003765595320146531,0.2408202588558197,0.2284986525774002,-0.0002807712589856237,-0.0006677791243419051,0.02457614243030548,0.025077905505895615,0.023143239319324493,0.025205325335264206,0.00024793267948552966,0.0059114075265824795,0.0005477470112964511,0.003682459704577923,0.0011549508199095726,0.001871426124125719,0.2230249047279358,0.22059616446495056,0.10128232091665268,0.09688959270715714,0.00012046992924297228,0.0002555811370257288,0.12622731924057007,0.13061943650245667,0.1308618038892746,-0.0002711267734412104,0.09499967843294144,0.10243351012468338,0.05919485166668892,0.06454005092382431,2.840533919190591e-10,1.8421561165382627e-08,-5.010515380377001e-08,2.1569430685985935e-08,-2.0451842885904625e-08,-1.4298129791256997e-08,-2.9802322831784522e-09,-4.4181941660781376e-08,-4.4330956683324985e-09,-1.0803342220810919e-08
00:00:03:45.750,61,-8.72591066070072e-09,-3.1339004724628694e-09,4.9278607860969714e-09,-2.593151249286052e-09,6.761402104871195e-09,0.017288414761424065,0.17776475846767426,9.444192983210087e-09,3.7602148061921525e-09,-2.4563633349572456e-09,5.211914011482577e-09,-1.032603869077775e-08,0.017355216667056084,0.17793364822864532,0.018764711916446686,-0.0002777205954771489,0.022006332874298096,0.05754656717181206,0.005382957868278027,0.06284862756729126,-0.0006405743770301342,0.0039656441658735275,-0.00017461499373894185,0.22535033524036407,0.2152741253376007,-0.00037359484122134745,-0.0007519995560869575,0.02575508877635002,0.026283325627446175,0.03239692002534866,0.03478338569402695,0.0001036625326378271,0.0052368007600307465,0.0007380248862318695,0.0037406831979751587,0.0015087046194821596,0.002312483498826623,0.18732504546642303,0.1849973499774933,0.07705192267894745,0.07327979058027267,-0.000279708910966292,-9.12498144316487e-05,0.1610744148492813,0.16384054720401764,0.16409246623516083,-0.0005070507759228349,0.09257211536169052,0.1003216952085495,0.046977151185274124,0.05148649215698242,-1.127773430198431e-10,3.4295952744400893e-09,-1.2353994272018554e-08,3.6729033148219514e-09,-8.908100035398547e-09,-4.4374610652653246e-09,2.5529880431918173e-09,-1.3592070580159543e-08,2.083834216293212e-09,-8.798670236842554e-09
00:00:03:45.766,61,3.817258509286603e-09,5.166512107024346e-09,-4.908069950460003e-09,1.4784745649976117e-10,-2.0756851792924635e-09,0.01563473790884018,0.18595708906650543,-3.866152731291095e-09,3.376044444003412e-10,5.918554979444934e-09,-3.525056024855644e-09,8.239876336801899e-09,0.01569525897502899,0.18613092601299286,0.021366143599152565,-0.00026799936313182116,0.021525030955672264,0.05568580701947212,0.008680280297994614,0.06437411904335022,-0.00035847723484039307,0.00370208453387022,-9.682730888016522e-05,0.20596915483474731,0.19672194123268127,-0.0003203129454050213,-0.0007789783412590623,0.02581886202096939,0.0261378176510334,0.041063953191041946,0.04409205541014671,0.0003161289496347308,0.005180024541914463,0.0014847660204395652,0.003949660807847977,0.001504496089182794,0.002328848000615835,0.16571056842803955,0.1634160876274109,0.0694538950920105,0.06592477113008499,-0.0007375848945230246,-0.0005337229231372476,0.19778946042060852,0.19440880417823792,0.19468915462493896,-0.00035415461752563715,0.08720998466014862,0.0943014994263649,0.03668777272105217,0.04098005220293999,-1.3271346521737115e-10,-4.372559647691787e-09,1.1501834151772528e-08,-5.615875320330588e-09,3.5297125222655268e-09,2.885353733717011e-09,1.890584799824069e-09,8.863862532848543e-09,2.2561288393063705e-09,6.23986140535493e-10
00:00:03:46.783,61,8.945935547899353e-09,-2.0547303858364785e-09,-1.402804650219025e-09,3.6275014103637204e-09,-7.545459368429874e-09,0.014813296496868134,0.19377277791500092,-1.039647035128155e-08,-7.683411240577698e-09,-3.4202820575757187e-09,-3.4191180997567017e-09,5.273613989942305e-09,0.01487977709621191,0.19394724071025848,0.02231987565755844,-0.00025597948115319014,0.020198816433548927,0.049819011241197586,0.011892943643033504,0.06032875180244446,0.0005482527776621282,0.0030571704264730215,-8.56356473377673e-06,0.19353553652763367,0.1866549849510193,-0.0002565419126767665,-0.0007295098039321601,0.025828547775745392,0.02623310312628746,0.046800389885902405,0.05059216171503067,0.0015664526727050543,0.004825592506676912,0.006782284937798977,0.006964664440602064,0.0014352889265865088,0.00228342623449862,0.1405504047870636,0.13854457437992096,0.06366743892431259,0.06161711737513542,-0.00031708553433418274,-0.0001130027521867305,0.22350428998470306,0.22203709185123444,0.22232632339000702,-0.0004927127156406641,0.08318645507097244,0.09121911227703094,0.032622579485177994,0.037498440593481064,3.8962752468840733e-10,8.172355570046363e-10,5.434267258408454e-09,5.715992124066815e-10,1.1426164014949336e-08,3.42974093570092e-09,-5.96977756117667e-09,1.0057119581574625e-08,-5.956971804721434e-09,1.5385449358973347e-08
00:00:03:47.799,61,2.4074688909081488e-08,7.543712876589836e-10,-8.009374496964483e-09,8.572824228281206e-09,-1.959502782256095e-08,0.014452716335654259,0.199514240026474,-2.7259812185320698e-08,-1.6754492904169638e-08,-2.132728660342309e-09,-1.1502997665502335e-08,2.0465813932446508e-08,0.014526134356856346,0.1996825784444809,0.02177492342889309,-0.00014853780157864094,0.019163811579346657,0.037424392998218536,0.011746049858629704,0.060066107660532,0.0017204880714416504,0.0026366841048002243,-1.745398185448721e-05,0.19057592749595642,0.18438126146793365,-8.311927376780659e-05,-0.0007412049453705549,0.024403708055615425,0.024799125269055367,0.04880337789654732,0.05360337719321251,0.003508742433041334,0.0051191323436796665,0.0178292915225029,0.013857364654541016,0.0014420953812077641,0.002283830428496003,0.1087811067700386,0.1071200966835022,0.059532392770051956,0.05797670781612396,-0.0004908930859528482,-0.00031682863482274115,0.24665191769599915,0.24478945136070251,0.24508410692214966,-0.00048752501606941223,0.08460283279418945,0.09358369559049606,0.036166220903396606,0.04185740649700165,7.243943223045335e-10,-2.7287752057958414e-09,2.3236498947198925e-08,-3.548338955994268e-09,2.8284267372669092e-08,1.0462245292330863e-08,-1.2232922230737131e-08,3.149267158164548e-08,-1.145526784540607e-08,3.4756958200432564e-08
00:00:03:48.816,61,4.667031916483211e-08,8.547212715370733e-09,-2.1050219345397636e-08,1.5161932154228452e-08,-3.7034041611150315e-08,0.012691007927060127,0.2005928009748459,-5.2128452665556324e-08,-2.7645146616350758e-08,4.720641211264365e-09,-2.4893088479416292e-08,4.7233189803819187e-08,0.012768290005624294,0.20074477791786194,0.0219082310795784,-0.00013630119792651385,0.01826217956840992,0.028101425617933273,0.011069881729781628,0.060092076659202576,0.002745249541476369,0.0019403380574658513,5.651532774209045e-05,0.19086240231990814,0.18628036975860596,-4.500105933402665e-05,-0.0008843221585266292,0.023470120504498482,0.024014916270971298,0.0522143617272377,0.05787035822868347,0.004713483154773712,0.005154520273208618,0.030576180666685104,0.02410743199288845,0.0014155975077301264,0.002296359511092305,0.09243862330913544,0.09169980883598328,0.06337206810712814,0.06262990087270737,-0.0005137510597705841,-0.0003452457603998482,0.2644757330417633,0.2645485997200012,0.2648473083972931,-0.0005352736334316432,0.08778633177280426,0.09825679659843445,0.04132373258471489,0.049143608659505844,1.0567601238520297e-09,-1.0993098875644591e-08,5.531590474561199e-08,-1.3799872355946263e-08,5.266570823891925e-08,2.201908522181384e-08,-1.8307472871015307e-08,6.657937490217591e-08,-1.645996228205604e-08,5.949521408865621e-08
00:00:03:50.833,61,5.417328807766353e-08,-2.451706615502758e-09,-1.5415716703159887e-08,2.050306591172557e-08,-4.5116756552943116e-08,0.01200302504003048,0.19011840224266052,-6.158835930136775e-08,-3.975583240389824e-08,-9.953510016202927e-09,-2.450717140334291e-08,4.2251777188084816e-08,0.01208842545747757,0.19024108350276947,0.02162124216556549,-3.910706800525077e-05,0.017872657626867294,0.02447296865284443,0.011814797297120094,0.0666835755109787,0.0047216578386723995,0.0014901221729815006,8.739989425521344e-05,0.1910061240196228,0.18785491585731506,-3.473304241197184e-05,-0.0008921328117139637,0.02206876315176487,0.02265815995633602,0.05593327432870865,0.062145981937646866,0.004823669325560331,0.0051587666384875774,0.04321088641881943,0.034593578428030014,0.0015657212352380157,0.00241878186352551,0.08331701159477234,0.08358413726091385,0.07066450268030167,0.0704943835735321,-0.0004625378060154617,-0.0003155778395012021,0.2801307737827301,0.2805159389972687,0.2808365225791931,-0.0004379872989375144,0.09149166196584702,0.10265854746103287,0.046124860644340515,0.056056272238492966,1.8480932340025902e-09,-2.810265797847933e-09,4.5830383044176415e-08,-3.993045449846022e-09,6.427522691865306e-08,2.2584426773164523e-08,-3.045424890046888e-08,6.76803750820909e-08,-2.885703054289479e-08,8.177012489340996e-08
00:00:03:51.850,61,6.316462730637795e-08,-3.632158129818208e-09,-1.7288838805029627e-08,2.4132896569994955e-08,-5.2758842628009006e-08,0.010750079527497292,0.16106808185577393,-7.196387485919331e-08,-4.687462862307257e-08,-1.2724195030955343e-08,-2.8309587563057903e-08,4.837987788164355e-08,0.010843426920473576,0.16114410758018494,0.021766332909464836,-4.794615233549848e-05,0.01747019775211811,0.021395020186901093,0.011961250565946102,0.07450773566961288,0.0065108658745884895,0.0005638988222926855,0.00014921797264833003,0.19498972594738007,0.19374588131904602,-0.0001293646200792864,-0.0009967100340873003,0.021330848336219788,0.02212785929441452,0.05820921063423157,0.06502367556095123,0.00410720519721508,0.005239835008978844,0.05604546517133713,0.04642469808459282,0.0018443134613335133,0.0027456306852400303,0.07998599857091904,0.08148737996816635,0.08326136320829391,0.08366014808416367,-0.00028579108766280115,-0.0001019308328977786,0.29322320222854614,0.29323986172676086,0.2935619056224823,-0.00039119538269005716,0.09740567952394485,0.10947807133197784,0.05375642329454422,0.06614223122596741,2.2081803052742544e-09,-2.6565976085635157e-09,5.218433329901018e-08,-3.856839736471329e-09,7.493537879099677e-08,2.6156994792359e-08,-3.6229611311000554e-08,7.831695114646209e-08,-3.446941221341149e-08,9.613810192377059e-08
00:00:03:52.866,61,5.186302587389946e-08,7.916242106276172e-10,-1.700129281800855e-08,1.8905847554151478e-08,-4.262663466647609e-08,0.011271042749285698,0.10517552495002747,-5.8910810452061924e-08,-3.6126003521985695e-08,-5.559995575055154e-09,-2.471497317912963e-08,4.393979935457537e-08,0.011372162029147148,0.10518959164619446,0.022005047649145126,4.9275418859906495e-05,0.01722114533185959,0.020134536549448967,0.01077482383698225,0.08633866906166077,0.006821600254625082,-5.450092430692166e-05,0.00013006401422899216,0.20177966356277466,0.20204614102840424,-0.0001776666904333979,-0.0009533509728498757,0.020902931690216064,0.02185281738638878,0.057610634714365005,0.06396305561065674,0.0035927966237068176,0.00518137076869607,0.0649501383304596,0.056071147322654724,0.0022063215728849173,0.003209237474948168,0.08176613599061966,0.08406632393598557,0.09895392507314682,0.09974633157253265,-9.848549962043762e-05,6.464749458245933e-05,0.30442965030670166,0.3020382821559906,0.3023594319820404,-0.00018165752408094704,0.10591613501310349,0.11829252541065216,0.06313923001289368,0.07771791517734528,1.6076956432797829e-09,-5.317851936581519e-09,4.885718141167672e-08,-7.040798610802312e-09,6.01867213845253e-08,2.233078788549392e-08,-2.666376452964414e-08,6.727408674578328e-08,-2.516433639243587e-08,7.519498268493408e-08
00:00:03:52.883,61,2.733548143396547e-08,6.2305480774682565e-09,-1.3199751514036961e-08,8.65227800517232e-09,-2.1475134559523212e-08,0.01293508056551218,0.05078889802098274,-3.083026811623313e-08,-1.5539116660079344e-08,4.307366907596588e-09,-1.523672921166508e-08,2.9234797693789005e-08,0.013036735355854034,0.05076133832335472,0.021849408745765686,0.00012578946189023554,0.018165213987231255,0.020752988755702972,0.009315566159784794,0.10328616946935654,0.008016513660550117,-0.0005505545996129513,0.0001540228840894997,0.20784713327884674,0.20852230489253998,-0.0003452030068729073,-0.0008999794954434037,0.019711781293153763,0.02078317105770111,0.05592542141675949,0.06207035109400749,0.0028852459508925676,0.004964455030858517,0.07051750272512436,0.06405956298112869,0.002900562947615981,0.003860665950924158,0.08936821669340134,0.09238045662641525,0.11750876158475876,0.11828871071338654,-9.399194095749408e-05,3.0291355869849212e-05,0.31587618589401245,0.30775967240333557,0.3080918490886688,-7.002372512943111e-06,0.11694503575563431,0.12875069677829742,0.07414504885673523,0.09020907431840897,5.577021622293898e-10,-7.34697103155213e-09,3.420631244921424e-08,-9.184004667872614e-09,2.986926261883127e-08,1.2926247627831344e-08,-9.610085172084837e-09,3.9674631580055575e-08,-8.622882852193925e-09,3.420515071184127e-08
00:00:03:53.899,61,1.4782417956382687e-08,5.853362239349735e-09,-8.84989237448508e-09,4.0966550152177206e-09,-1.1175870895385742e-08,0.014805811457335949,0.02191130444407463,-1.6755656417899445e-08,-7.029157256255303e-09,5.201436614754584e-09,-9.19855658310098e-09,1.8330757356466165e-08,0.014902388677001,0.021866098046302795,0.022044014185667038,0.00024027915787883103,0.020315170288085938,0.024612698704004288,0.007694104686379433,0.12797775864601135,0.009149616584181786,-0.0007989967707544565,0.0002952564973384142,0.21879856288433075,0.21985317766666412,-0.0003581370401661843,-0.0006461179000325501,0.019658001139760017,0.020789632573723793,0.05333204194903374,0.0592924989759922,0.002128697233274579,0.004687084350734949,0.07014621049165726,0.06880971789360046,0.003509027883410454,0.004391923546791077,0.10507497191429138,0.10817544162273407,0.14159055054187775,0.14232732355594635,-7.508438284276053e-05,3.554932845872827e-05,0.3219466507434845,0.30983513593673706,0.31018662452697754,7.461396307917312e-05,0.12933935225009918,0.14050528407096863,0.08287152647972107,0.10037506371736526,1.7695128695649487e-10,-5.976762640358402e-09,2.1867453625645794e-08,-7.466878670925325e-09,1.518637837705228e-08,7.4226407242861114e-09,-3.3061950954760277e-09,2.3233006629652664e-08,-2.689193978611115e-09,1.6386620060870882e-08
00:00:03:54.916,61,4.080007798279439e-08,-4.647299434168417e-09,-9.529758315807157e-09,1.6194535490399176e-08,-3.461900632828474e-08,0.015145714394748211,0.011415109969675541,-4.724017443891171e-08,-3.190944042330557e-08,-1.1280644862665667e-08,-1.758424339470821e-08,2.8996728573815744e-08,0.015231471508741379,0.011376423761248589,0.022687437012791634,0.00034762435825541615,0.022411225363612175,0.03153907135128975,0.006283706985414028,0.15651342272758484,0.011276147328317165,-0.0007973611354827881,0.00045958065311424434,0.22938358783721924,0.23078766465187073,-0.0006406549364328384,-0.000769902253523469,0.01895895041525364,0.019986214116215706,0.04958048462867737,0.05578714236617088,0.0017399984644725919,0.004610094707459211,0.06786253303289413,0.07203015685081482,0.0038174763321876526,0.0046604410745203495,0.12759950757026672,0.13104480504989624,0.16948659718036652,0.1705901026725769,-0.0005422505200840533,-0.0004591725009959191,0.3224904537200928,0.307541161775589,0.30788108706474304,0.0004087646375410259,0.1390499621629715,0.15000662207603455,0.08925764262676239,0.10848443955183029,1.5360274163711551e-09,3.771856438294918e-10,3.0362279801465775e-08,-3.1082891815970015e-10,4.8812943020948296e-08,1.6285047976793976e-08,-2.5066547948426887e-08,4.887522564445135e-08,-2.4079344740357556e-08,6.496208015960292e-08
00:00:03:55.933,61,5.095033017710193e-08,-1.0170042585855299e-08,-8.656643402105146e-09,2.1278392381418598e-08,-4.3900218571479854e-08,0.01596825197339058,0.01381556037813425,-5.918787948644422e-08,-4.2393804022822223e-08,-1.9567087505834024e-08,-2.0352890928165834e-08,3.164168305147541e-08,0.016039565205574036,0.013784978538751602,0.023700041696429253,0.0003114445134997368,0.02458084374666214,0.05095469579100609,0.0036476338282227516,0.18872062861919403,0.00748791079968214,-0.0006241083610802889,0.0004678791156038642,0.2367568016052246,0.23817260563373566,-0.001033932319842279,-0.0010581001406535506,0.018391022458672523,0.0192661564797163,0.04586594179272652,0.052998196333646774,0.0010475541930645704,0.004760687239468098,0.059285372495651245,0.07105543464422226,0.004110543057322502,0.004961671307682991,0.16781215369701385,0.1715124547481537,0.19530647993087769,0.1964917629957199,-0.0009031835361383855,-0.0007867391686886549,0.3188152015209198,0.3014126121997833,0.30176785588264465,0.0005960301496088505,0.1504945307970047,0.16109775006771088,0.09057866781949997,0.11175611615180969,2.139422639046984e-09,4.014000243302007e-09,3.149267158164548e-08,3.906898360384048e-09,6.215181258539815e-08,1.929001847145173e-08,-3.4840777374256504e-08,5.765818045233573e-08,-3.358349331961108e-08,8.552335373224196e-08
00:00:03:56.949,61,5.4295814067018e-08,-2.7974602634373014e-09,-1.5156111032865738e-08,2.0822044533019834e-08,-4.53961561674987e-08,0.018347039818763733,0.03143841773271561,-6.21570492853607e-08,-4.0306478155116565e-08,-1.0690419216530245e-08,-2.4446054069926504e-08,4.20113792642951e-08,0.018400544300675392,0.03144124522805214,0.027053026482462883,9.914096153806895e-05,0.027882346883416176,0.11059215664863586,0.0037914500571787357,0.21395902335643768,0.0073808287270367146,-0.0005351285799406469,0.0007153585320338607,0.23304136097431183,0.23610904812812805,-0.0008594981045462191,-0.0009976355358958244,0.018412429839372635,0.01914341002702713,0.04902850091457367,0.05683333799242973,0.00012207950931042433,0.004647233989089727,0.03056485392153263,0.05254581943154335,0.0035306671634316444,0.004419459030032158,0.24524544179439545,0.2484624683856964,0.20092816650867462,0.2028910517692566,-0.0016147056594491005,-0.0013659872347489,0.3104952275753021,0.29876625537872314,0.29911214113235474,0.0006127457600086927,0.15202578902244568,0.16223914921283722,0.0855790451169014,0.10656949132680893,1.88243576282332e-09,-2.3026951456728284e-09,4.5967752271280915e-08,-3.753230171099631e-09,6.445566924639934e-08,2.2619424555614387e-08,-3.0846567966591465e-08,6.77278180205576e-08,-2.9145740043645674e-08,8.25477783905626e-08
00:00:03:58.966,61,4.601897529710186e-08,5.702022409792562e-09,-1.867650922804387e-08,1.5737022351913765e-08,-3.7106218542248826e-08,0.021560881286859512,0.056898169219493866,-5.165347971569645e-08,-2.8882642055805263e-08,1.2200325194555717e-09,-2.349377581367662e-08,4.376517637183497e-08,0.021617431193590164,0.05696845427155495,0.04475833475589752,-1.8635248125065118e-05,0.03317219763994217,0.21340663731098175,0.004614774137735367,0.22537383437156677,0.004439976066350937,0.00019004156638402492,0.0006922499160282314,0.22509650886058807,0.2295336127281189,-0.0002546016767155379,-0.0006055802223272622,0.022702615708112717,0.022796913981437683,0.06231316551566124,0.06877860426902771,-0.0006776036461815238,0.005801414139568806,0.00305781583301723,0.02577095478773117,0.003015698166564107,0.003823182312771678,0.4025436341762543,0.40481308102607727,0.21089348196983337,0.21401140093803406,-0.0012269038707017899,-0.0009037525160238147,0.3069150745868683,0.29680123925209045,0.29711681604385376,0.0006006675539538264,0.14292575418949127,0.15082615613937378,0.07105377316474915,0.08894281089305878,1.1976226677035129e-09,-8.626375169740186e-09,5.1471872097863525e-08,-1.1259690069209682e-08,5.3001567579258335e-08,2.1222367863060754e-08,-2.0146835311152245e-08,6.37129389247093e-08,-1.8461141948478144e-08,6.11250285942333e-08
00:00:03:59.983,61,8.946052076908018e-08,1.3022799727480106e-08,-3.754277599909983e-08,3.0144292395561934e-08,-7.195398410431153e-08,0.020783040672540665,0.07372675091028214,-9.980460191627571e-08,-5.479320108747743e-08,4.480825932517973e-09,-4.607427328551239e-08,8.643372240157987e-08,0.020843898877501488,0.0738787055015564,0.08045202493667603,0.00014933249622117728,0.0366470031440258,0.29454827308654785,0.0026936072390526533,0.14709390699863434,0.000600057072006166,0.0018746814457699656,0.000388578133424744,0.24843290448188782,0.2516167163848877,-0.0005004812846891582,-0.0006278631626628339,0.03828692063689232,0.03714386373758316,0.11674611270427704,0.11848010122776031,-0.0006493538385257125,0.005819923244416714,-0.0005982531001791358,0.010491191409528255,0.0027977710124105215,0.0035225513856858015,0.5355756282806396,0.5376338958740234,0.21455654501914978,0.21856452524662018,-0.0008154495153576136,-0.0006578120519407094,0.30732491612434387,0.3011290729045868,0.3014187514781952,0.00044370428076945245,0.12981726229190826,0.13466554880142212,0.0585903599858284,0.07153437286615372,2.2252424347612987e-09,-1.8219580510958622e-08,1.0205083356140676e-07,-2.3202737509109284e-08,1.0255316595930708e-07,4.1759850688549705e-08,-3.8218569642367584e-08,1.2517790537458495e-07,-3.4720287089839985e-08,1.1612777939262742e-07
00:00:04:00.000,61,1.5101861094990454e-07,2.516433639243587e-08,-6.582587985803912e-08,4.997942681939094e-08,-1.2090430345779168e-07,0.01851836033165455,0.09605182707309723,-1.6795470969555026e-07,-9.043142057407749e-08,1.1362135232673154e-08,-7.892493414374258e-08,1.4941207382435095e-07,0.018579725176095963,0.09627462178468704,0.09735101461410522,0.0002661161997821182,0.04032951965928078,0.35359227657318115,0.0006955713033676147,0.0954800397157669,-0.0004251027130521834,0.0030464010778814554,4.3423966417321935e-05,0.268265038728714,0.2692808508872986,-0.0002600896405056119,-0.0004990327288396657,0.05223197862505913,0.05006302893161774,0.16347838938236237,0.163114532828331,-0.0004978906945325434,0.00571636576205492,-0.0011287087108939886,0.00435913261026144,0.002104658866301179,0.0027730436995625496,0.5904427170753479,0.5926432609558105,0.2122584879398346,0.21734611690044403,-0.0008114516967907548,-0.0007339632720686495,0.31264179944992065,0.3086198568344116,0.3088906407356262,0.0002443132980260998,0.11816182732582092,0.12165026366710663,0.04972183704376221,0.060420017689466476,3.5739504689047408e-09,-3.33786012163273e-08,1.7626210535581777e-07,-4.220753879735639e-08,1.7192215295835922e-07,7.121823841771402e-08,-6.169080535300964e-08,2.1377577752446086e-07,-5.584210072129281e-08,1.9257888084212027e-07
00:00:04:00.016,61,1.6808509428756224e-07,3.019347616373125e-08,-7.484108266453404e-08,5.507841649432521e-08,-1.341104507446289e-07,0.01775333099067211,0.11299913376569748,-1.8657185307802138e-07,-9.928830024819035e-08,1.5385449358973347e-08,-8.855946020958072e-08,1.68420370982858e-07,0.017818281427025795,0.11325601488351822,0.10475540161132812,0.00023746736405882984,0.04185858741402626,0.3670513927936554,0.00014426186680793762,0.07323118299245834,-0.0007578170043416321,0.0037311220075935125,-9.342778503196314e-05,0.2783156633377075,0.2775220572948456,-0.0003360104456078261,-0.0006872945814393461,0.06019488349556923,0.057754840701818466,0.18104419112205505,0.17976558208465576,-0.00047031999565660954,0.006197331473231316,-0.000702778110280633,0.0014897477813065052,0.0017385616665706038,0.0024418439716100693,0.6095446944236755,0.6115193367004395,0.20304878056049347,0.20809362828731537,-0.0011697768932208419,-0.0011085749138146639,0.3093886077404022,0.30562764406204224,0.30589616298675537,-7.366165391431423e-06,0.11127840727567673,0.11404186487197876,0.04090933874249458,0.050300873816013336,3.864988773472078e-09,-3.8743017682918435e-08,1.9917264637570042e-07,-4.8801304330936546e-08,1.9066035861214914e-07,7.973169147135195e-08,-6.692484078030247e-08,2.3945233351696515e-07,-6.029382149108642e-08,2.1221116242031712e-07
00:00:04:01.033,61,1.2816860817110864e-07,3.1255186883072383e-08,-6.280839670580463e-08,4.0093436126653614e-08,-1.0092742996903326e-07,0.018598729744553566,0.1271178275346756,-1.4158896988192282e-07,-7.068738483440029e-08,2.196058623837871e-08,-7.048016215094322e-08,1.3685784949757362e-07,0.018687326461076736,0.12739714980125427,0.11076346039772034,0.00025562726659700274,0.04157906025648117,0.3284114897251129,-4.2119027057196945e-05,0.06559359282255173,-0.0008981275605037808,0.00443026889115572,4.185555371805094e-05,0.2823292315006256,0.2811413109302521,-0.0003896123089361936,-0.0007002240163274109,0.06522207707166672,0.06319127976894379,0.1797003149986267,0.1779615581035614,-0.0004500353243201971,0.006973430048674345,-0.0004663863801397383,7.3264840466436e-05,0.001471463474445045,0.002299519022926688,0.6089292168617249,0.610675573348999,0.1948813647031784,0.19916628301143646,-0.0012764609418809414,-0.001229541259817779,0.3008427619934082,0.29609325528144836,0.29639434814453125,-0.0003017470589838922,0.10952211171388626,0.11245571076869965,0.03323810175061226,0.042455364018678665,2.5471671438737076e-09,-3.613531518453783e-08,1.640431577243362e-07,-4.516914486885071e-08,1.4343298460062215e-07,6.275367780972374e-08,-4.4982879643384877e-08,1.888396212734733e-07,-3.959983629897579e-08,1.5350059356933343e-07
00:00:04:02.049,61,8.077361002278849e-08,2.6021153232136385e-08,-4.414469145785915e-08,2.3748725652694702e-08,-6.249174333561314e-08,0.020501427352428436,0.13401387631893158,-8.867122147648843e-08,-4.054978575140922e-08,2.162530954308295e-08,-4.6631321026779915e-08,9.246170407095633e-08,0.020610572770237923,0.13427507877349854,0.10140647739171982,0.0003317400114610791,0.041138194501399994,0.2512328326702118,6.907194619998336e-05,0.08119922876358032,-0.001018498558551073,0.004295784514397383,0.00012523213808890432,0.2733388841152191,0.27114570140838623,-0.0007515913457609713,-0.0007993400213308632,0.06354033201932907,0.06260721385478973,0.14968502521514893,0.14942245185375214,-0.00037316561792977154,0.008047431707382202,0.0002817994391079992,0.0001449508999940008,0.0016157786594703794,0.002509351586923003,0.558610200881958,0.5601568818092346,0.18904604017734528,0.19127428531646729,-0.0010255873203277588,-0.000995793379843235,0.28709545731544495,0.2811540961265564,0.2814657986164093,-0.00037638473440892994,0.10755831003189087,0.11116060614585876,0.030678153038024902,0.04025106504559517,1.2922101166878974e-09,-2.7585775441707483e-08,1.1285766987612078e-07,-3.4458935260772705e-08,8.868053669175424e-08,4.099449313343939e-08,-2.3618341060682724e-08,1.2366101032057486e-07,-2.006068910986869e-08,9.045005100460912e-08
00:00:04:03.066,61,8.7963414330261e-08,2.5816261128852602e-08,-4.630535954674997e-08,2.643093388599027e-08,-6.84335859091334e-08,0.019457517191767693,0.13470743596553802,-9.687617108511404e-08,-4.567205991179435e-08,2.0284206314613584e-08,-4.991888857830418e-08,9.831040870267316e-08,0.01955726183950901,0.13496039807796478,0.07976314425468445,0.0004077834018971771,0.041016317903995514,0.20065931975841522,0.0001859734911704436,0.09030503034591675,-0.0007616638904437423,0.004414229188114405,-0.00012639956548810005,0.2719687521457672,0.2660614848136902,-0.0003678506473079324,-0.0004023688961751759,0.057680074125528336,0.057183656841516495,0.12413499504327774,0.126886248588562,-0.00046068758820183575,0.008093457669019699,0.00031628995202481747,0.0007662010029889643,0.0013582882238551974,0.0020556417293846607,0.4905184805393219,0.49196213483810425,0.1855684071779251,0.18525424599647522,-0.0010416853474453092,-0.0010489880805835128,0.27048924565315247,0.26204022765159607,0.262368381023407,7.429644483636366e-06,0.10796249657869339,0.11142895370721817,0.032622672617435455,0.041830118745565414,1.525040760341767e-09,-2.816319444320925e-08,1.1900439744749747e-07,-3.505498114009242e-08,9.691342484074994e-08,4.398869180022302e-08,-2.7325004481326687e-08,1.3274606658342236e-07,-2.3767352530512653e-08,1.0140239936617945e-07
00:00:04:04.083,61,7.5101851848558e-08,2.0489096641540527e-08,-3.8426367865440625e-08,2.2873281935176237e-08,-5.858019136439907e-08,0.016899263486266136,0.13028307259082794,-8.277594787386988e-08,-4.0009616952829674e-08,1.557171280808234e-08,-4.2077154205344414e-08,8.236617077272967e-08,0.016984479501843452,0.13051317632198334,0.06833731383085251,0.000344595784554258,0.040471769869327545,0.1745929718017578,0.00017928556189872324,0.0940297320485115,-0.0004670482885558158,0.004438347648829222,-0.00011786565301008523,0.2728103995323181,0.2660914361476898,-0.0003957597946282476,-0.00037715525832027197,0.05337859317660332,0.053266678005456924,0.11101584136486053,0.11522997170686722,-0.00033460615668445826,0.0074835955165326595,-4.2980609578080475e-05,0.0014492013724520802,0.0008770739077590406,0.0014657865976914763,0.4604295492172241,0.4618939161300659,0.1877990961074829,0.18677276372909546,-0.0006786730955354869,-0.0007079797796905041,0.2527707815170288,0.2447936236858368,0.24514266848564148,6.853223021607846e-05,0.10559568554162979,0.10909509658813477,0.03524614870548248,0.04495124891400337,1.3713724600350474e-09,-2.274289734316426e-08,9.933486921909207e-08,-2.864748260833494e-08,8.320435540554172e-08,3.719702235116529e-08,-2.4475157900383238e-08,1.1215452389023994e-07,-2.134591348124104e-08,8.795410622042255e-08
00:00:04:05.099,61,6.538815711110146e-08,1.3392418729551991e-08,-3.0137599082991073e-08,2.099201168448417e-08,-5.184672602354112e-08,0.015006951987743378,0.12532970309257507,-7.257796852400134e-08,-3.75881796799149e-08,7.674097801668722e-09,-3.5045669477540287e-08,6.711110245305463e-08,0.015078118070960045,0.12553401291370392,0.061094120144844055,0.00032721884781494737,0.040191542357206345,0.16085903346538544,-1.6089081327663735e-05,0.09261979162693024,-0.0004808062221854925,0.004204804077744484,-0.00010321239096811041,0.2788231670856476,0.2713374197483063,-0.00047545231063850224,-0.0004367107176221907,0.049343738704919815,0.04947225749492645,0.10044176131486893,0.10581853985786438,-0.0003062161849811673,0.00673925643786788,-0.0005206577479839325,0.0026930870953947306,0.0007175370119512081,0.0012111158575862646,0.45295631885528564,0.454426109790802,0.19483613967895508,0.19334588944911957,-0.0005375540349632502,-0.0005689096287824214,0.2367170751094818,0.23252098262310028,0.2328803986310959,0.00014042503607925028,0.1068415641784668,0.11035074293613434,0.04221837967634201,0.05255872383713722,1.4214310839477662e-09,-1.6167760463758896e-08,8.003786433619098e-08,-2.0414590906625563e-08,7.364899090589461e-08,3.137392923235893e-08,-2.4754553962225145e-08,9.422656432889198e-08,-2.214685146384454e-08,8.154660235959454e-08
00:00:04:06.116,61,4.550442156414647e-08,1.4249235569252505e-08,-2.4605542492395216e-08,1.343898503591845e-08,-3.520399260992235e-08,0.01388823427259922,0.11432307958602905,-4.999339608957598e-08,-2.324581060975106e-08,1.1511146702503083e-08,-2.6170164701966314e-08,5.185604123880694e-08,0.01394667662680149,0.11449501663446426,0.05549813434481621,0.00030162386246956885,0.039398323744535446,0.15295347571372986,-5.0841270422097296e-05,0.09062239527702332,-0.0006453501991927624,0.0034153873566538095,-9.933873661793768e-05,0.278313547372818,0.27088606357574463,-0.0005870783352293074,-0.0006164065562188625,0.04614191874861717,0.046531494706869125,0.09410645812749863,0.10011360049247742,-0.00024074435350485146,0.005801189690828323,-0.0006260660011321306,0.0036437339149415493,0.0005615944974124432,0.0010115397162735462,0.4447709023952484,0.44604864716529846,0.19565315544605255,0.19402308762073517,-0.0003545737126842141,-0.0003897297428920865,0.22581714391708374,0.22354108095169067,0.22388982772827148,0.00013301912986207753,0.10571659356355667,0.10947329550981522,0.0475577637553215,0.05810678377747536,7.497146792267984e-10,-1.51433052764105e-08,6.351619674660469e-08,-1.912936653525321e-08,4.995614233394008e-08,2.3033935647731596e-08,-1.3578683066839403e-08,6.94347548346741e-08,-1.1511146702503083e-08,5.1781533727535134e-08
00:00:04:07.133,61,2.229586293367447e-08,9.313225746154785e-09,-1.3727694536669333e-08,6.016343867543128e-09,-1.685693895581153e-08,0.0125751793384552,0.1034596636891365,-2.4372711848741346e-08,-1.0002404238207419e-08,9.015202806494926e-09,-1.3709068547029801e-08,2.7976930994100258e-08,0.012614123523235321,0.10359802097082138,0.049726467579603195,0.0002831338788382709,0.039235714823007584,0.13876235485076904,2.1392106646089815e-05,0.09997091442346573,-0.0010202544508501887,0.003092076163738966,-0.00011675868881866336,0.2648698687553406,0.25717249512672424,-0.0005061644478701055,-0.0006015715189278126,0.04338875412940979,0.0438510999083519,0.08670423179864883,0.09298236668109894,-0.00019360482110641897,0.005376312881708145,-0.0009748663287609816,0.0043133762665092945,0.0006704750121571124,0.0011507857125252485,0.4050038158893585,0.40618225932121277,0.18930339813232422,0.1872287392616272,-0.00024087309429887682,-0.00028440236928872764,0.21806690096855164,0.21761231124401093,0.21795634925365448,0.0002277554594911635,0.10343191027641296,0.10696868598461151,0.048525866121053696,0.05906548351049423,2.514571051381864e-10,-9.331852623972736e-09,3.4924596548080444e-08,-1.1734664795426397e-08,2.402812171453661e-08,1.1904631058712312e-08,-4.805624342907322e-09,3.5958365174337814e-08,-3.725290298461914e-09,2.3469329590852794e-08
00:00:04:09.150,61,-2.4400650389111433e-09,-1.8998980166884394e-09,2.3655593039961786e-09,-4.190951474747351e-10,1.685693806763311e-09,0.011277338489890099,0.1005091592669487,2.495944562141972e-09,3.5390257391298974e-10,-2.2351742678949904e-09,1.890584799824069e-09,-4.0978194171259474e-09,0.011294796131551266,0.10062096267938614,0.04108059033751488,0.00010599143570289016,0.03774594888091087,0.1122087687253952,0.00031469151144847274,0.12521500885486603,-0.0016270893393084407,0.0028960544150322676,-0.00011096453090431169,0.23063777387142181,0.22205504775047302,-0.0002484268043190241,-0.0006353664211928844,0.039205972105264664,0.039616458117961884,0.07844343036413193,0.08546614646911621,0.00011282913328614086,0.005863416939973831,-0.0011897259391844273,0.0048525272868573666,0.000842248322442174,0.001366520649753511,0.31379520893096924,0.31421658396720886,0.16757561266422272,0.1647767424583435,-3.80218043574132e-05,-1.9249915567343123e-05,0.21050120890140533,0.21537506580352783,0.2157151997089386,0.0001733643002808094,0.0970231220126152,0.1003473550081253,0.04588201642036438,0.055460575968027115,2.7939676613963904e-11,2.0302832748342325e-09,-4.4144687905145474e-09,2.3469328702674375e-09,-2.1047890097491972e-09,-1.4901161415892261e-09,-2.2351741291171123e-10,-4.7031791794438504e-09,-5.029142102763728e-10,-9.685754420729609e-10
00:00:04:10.166,61,2.1355226920150017e-08,-2.94297941572097e-09,-4.4144687905145474e-09,8.58679438664467e-09,-1.812353644936593e-08,0.012321843765676022,0.10831587761640549,-2.4540350196389227e-08,-1.6931444690726494e-08,-6.37024655247842e-09,-8.814968310844051e-09,1.4360994171624952e-08,0.01230680476874113,0.10842912644147873,0.0324367992579937,-0.0002065817971015349,0.03578021004796028,0.08548136055469513,0.0015015415847301483,0.15387162566184998,-0.0011491798795759678,0.0033387942239642143,0.0001474389573559165,0.18288351595401764,0.17457455396652222,-0.00022901296324562281,-0.000832671532407403,0.03249331936240196,0.0323624424636364,0.07182210683822632,0.07941970974206924,-0.00013992101594340056,0.005784351844340563,-0.0008656739955767989,0.007333857007324696,0.0011290631955489516,0.001715968712233007,0.21598872542381287,0.21557176113128662,0.13753317296504974,0.1351020485162735,-0.00036378621007315814,-0.0002513075014576316,0.207275390625,0.21604564785957336,0.21637557446956635,-0.0004056049801874906,0.08762191981077194,0.09051693230867386,0.042459916323423386,0.05106422305107117,8.300412579487215e-10,6.146729236711224e-10,1.5832483768463135e-08,4.4703482582342247e-10,2.6058405211415447e-08,8.554198238641675e-09,-1.3727694536669333e-08,2.529472098444785e-08,-1.3001263177159217e-08,3.486871591462659e-08
00:00:04:11.183,61,-2.12620943074171e-08,-3.077089871794669e-08,2.929940734475167e-08,-6.519257911286047e-10,1.2451782716027537e-08,0.013184506446123123,0.12335684150457382,2.1066517419399133e-08,-4.265457320684618e-09,-3.5576523060854015e-08,2.0889565632842277e-08,-4.937872333243831e-08,0.01316397450864315,0.1234603226184845,0.02604016102850437,-0.00024841970298439264,0.03326928988099098,0.06945354491472244,0.002358793979510665,0.17300158739089966,0.001940995454788208,0.002833367558196187,8.830908336676657e-05,0.12923474609851837,0.12356209009885788,0.00026633829111233354,-0.0004081332590430975,0.027565008029341698,0.027199668809771538,0.06783203035593033,0.07648540288209915,-0.00045268103713169694,0.005790234077721834,-0.0002690896508283913,0.006863524205982685,0.0011056921212002635,0.001685360330156982,0.1709064543247223,0.17009872198104858,0.10722245275974274,0.10565771162509918,-3.690540688694455e-05,7.11679458618164e-05,0.20795731246471405,0.2166847586631775,0.21700584888458252,-0.0007606857107020915,0.07354690879583359,0.0762164518237114,0.029882002621889114,0.037665124982595444,8.614733926215479e-10,2.6803464336921934e-08,-6.485730352778774e-08,3.200024423222203e-08,-1.6577541117612782e-08,-1.649372194378884e-08,-1.1920929132713809e-08,-5.107373013402139e-08,-1.3597309944657354e-08,1.6018748549839756e-09
00:00:04:12.200,61,-1.8626451769865326e-10,-2.4866313452776012e-08,1.832842855264971e-08,5.774199784980283e-09,-4.032626677030748e-09,0.010737279430031776,0.1370837688446045,-2.309680002809955e-09,-1.529231674624043e-08,-3.091991018777662e-08,8.870847167941065e-09,-2.5667249659022673e-08,0.010695754550397396,0.13719305396080017,0.02346317283809185,-0.0003507126239128411,0.029790427535772324,0.06056150421500206,0.004757980816066265,0.18087421357631683,0.04103803634643555,0.0028591013979166746,0.0003176806785631925,0.0685979574918747,0.06496633589267731,7.941574040160049e-06,-0.0001272648514714092,0.022809462621808052,0.02228032983839512,0.06166515871882439,0.07080838829278946,-0.0006153865251690149,0.005536550190299749,0.00026453734608367085,0.00465185334905982,0.0008996411925181746,0.001389525830745697,0.13016918301582336,0.12833532691001892,0.07201239466667175,0.07001518458127975,-0.0004034203302580863,-0.00026308654923923314,0.21038947999477386,0.21272912621498108,0.21306201815605164,-0.0006566689116880298,0.05948702245950699,0.060553062707185745,0.018230006098747253,0.023888440802693367,1.2386590642066153e-09,2.037733715098966e-08,-3.702938400351741e-08,2.417713318436654e-08,6.4074994199359026e-09,-6.074551528456595e-09,-1.8738210982860437e-08,-1.9678845220028052e-08,-1.9520520311289147e-08,2.626329731469923e-08
00:00:04:13.216,61,3.074295662486293e-08,-1.3429671597009474e-08,2.60770322002557e-10,1.4575197937460871e-08,-2.769753315590151e-08,0.010973364114761353,0.15325942635536194,-3.6209822695809635e-08,-3.0174852838626975e-08,-2.0600856132091394e-08,-9.587965976720625e-09,1.1678785050150964e-08,0.010950579307973385,0.15336903929710388,0.020684415474534035,-0.00031641111127100885,0.024666205048561096,0.05888040363788605,0.017365965992212296,0.16260787844657898,0.1079111099243164,0.0031642303802073,0.0004469416744541377,0.003240044694393873,0.0031511271372437477,-0.0007425846415571868,0.0006956193828955293,0.019543714821338654,0.01893066242337227,0.05233629047870636,0.05987472087144852,-0.00047314257244579494,0.005179310217499733,0.0008103194995783269,0.002751437947154045,0.0011551027419045568,0.0016904770163819194,0.09452556818723679,0.09129507094621658,0.029724251478910446,0.028491131961345673,-0.00041583419078961015,-0.00028903959901072085,0.21803005039691925,0.20866140723228455,0.2089904397726059,0.00014961391570977867,0.04792393371462822,0.04798443615436554,0.006596189923584461,0.00996385794132948,1.6659033041932503e-09,8.568167508826718e-09,8.158385966794413e-09,9.462237215984715e-09,3.9562582543339886e-08,9.965151370749936e-09,-2.643093388599027e-08,2.9020011282909763e-08,-2.5965272598682532e-08,5.956739101975472e-08
00:00:04:14.233,61,4.997476921175803e-08,-7.469207474741779e-09,-1.0281801188227746e-08,2.0181760262971693e-08,-4.2496250074464115e-08,0.011647692881524563,0.16777250170707703,-5.732290375703997e-08,-3.999099007501172e-08,-1.542270133825241e-08,-2.0600856132091394e-08,3.354623956397518e-08,0.011646926403045654,0.16787762939929962,0.017788149416446686,-0.0003380159323569387,0.017204362899065018,0.06119522079825401,0.03708549961447716,0.14137522876262665,0.17677536606788635,0.003475473029538989,0.00032750441459938884,-0.0009691590094007552,0.0006350165349431336,0.055085573345422745,0.05813777446746826,0.015439734794199467,0.015025990083813667,0.04546760395169258,0.04985789209604263,-0.00018322616233490407,0.005735602229833603,0.0006337056984193623,0.0005405297852121294,0.0011942508863285184,0.0017305773217231035,0.06015491858124733,0.05548066645860672,0.006169542204588652,0.005431788973510265,-0.0007268762565217912,-0.000616301316767931,0.22732368111610413,0.20323529839515686,0.2035481482744217,0.0017145616002380848,0.038890182971954346,0.03870072215795517,0.0009519660379737616,0.00276155024766922,1.9825530106487577e-09,1.7881393032936899e-09,3.4794211956068466e-08,1.4528631631094413e-09,6.044283651363003e-08,1.9681174023844505e-08,-3.242865176389387e-08,5.844049155712128e-08,-3.0938537065594574e-08,8.113682525845434e-08
00:00:04:14.250,61,8.65384919279677e-08,1.7136335683787252e-09,-2.851709801632296e-08,3.161840211873823e-08,-7.111579236607213e-08,0.012533779256045818,0.18341273069381714,-9.75374163658671e-08,-5.997717522632229e-08,-9.313225746154785e-09,-4.086643556888703e-08,7.286667624839538e-08,0.012563393451273441,0.18352371454238892,0.014865497127175331,-0.0002718153700698167,0.011508188210427761,0.06777403503656387,0.06356589496135712,0.12599000334739685,0.2548251450061798,0.004298447165638208,0.00022514289594255388,-0.002159698633477092,0.0009381103445775807,0.08646778017282486,0.08993262052536011,0.011465015821158886,0.011048355139791965,0.03814760595560074,0.03897446021437645,-9.485244663665071e-05,0.007828090339899063,0.0003522254410199821,-4.02979931095615e-05,0.000689482840243727,0.0011323974467813969,0.03810430318117142,0.03322327136993408,0.00011176944099133834,-3.047734480787767e-06,-0.000737351190764457,-0.0006259930087253451,0.23559381067752838,0.19981449842453003,0.20011161267757416,0.0036226538941264153,0.031799741089344025,0.031804874539375305,-0.00030084489844739437,0.0012842662399634719,2.6868656188838713e-09,-8.661300121559634e-09,8.158385611523045e-08,-1.1548399569960566e-08,1.0099262226503924e-07,3.760680655773285e-08,-4.48524950513729e-08,1.1255033172119511e-07,-4.183500834642473e-08,1.24350194141698e-07
00:00:04:15.266,61,1.3914890928390378e-07,-8.456408906454271e-09,-3.759749134246704e-08,5.347654052911821e-08,-1.1652708309384252e-07,0.014691071584820747,0.20140384137630463,-1.5786848450716207e-07,-1.0311603659829416e-07,-2.8684734587614003e-08,-6.168149724317118e-08,1.0563060470758501e-07,0.014731361530721188,0.20154596865177155,0.015258903615176678,-0.00022776513651479036,0.008905045688152313,0.07991506904363632,0.08535414934158325,0.1170373186469078,0.3044538199901581,0.005395306274294853,0.00017382283112965524,-0.002602730877697468,0.001012657885439694,0.11098787188529968,0.11453775316476822,0.009854661300778389,0.009177902713418007,0.034594953060150146,0.032743003219366074,0.00013889133697375655,0.01007954590022564,-0.0002952332142740488,3.841355282929726e-05,0.0008768465486355126,0.0013533581513911486,0.025939106941223145,0.021190788596868515,-0.0008162656449712813,-0.0006940391613170505,-0.0007487642578780651,-0.0006564688519574702,0.2424464076757431,0.19673694670200348,0.19703543186187744,0.004855543840676546,0.028586173430085182,0.028593139722943306,-0.0006443107267841697,0.0009689536527730525,4.8824584375495306e-09,-5.010515558012685e-09,1.1401250787912431e-07,-7.711350669126205e-09,1.6550534098769276e-07,5.7790895624521e-08,-8.057802602934316e-08,1.721503224416665e-07,-7.642432819920941e-08,2.1085142520860245e-07
00:00:04:16.283,61,1.5886966764355748e-07,3.837048900834361e-09,-5.2787363813422417e-08,5.78910110959896e-08,-1.3073906757199438e-07,0.016431421041488647,0.21349799633026123,-1.7891638037781377e-07,-1.0926276416967085e-07,-1.5981495238293064e-08,-7.518101341474903e-08,1.3438052803849132e-07,0.01648673042654991,0.2136363387107849,0.015803959220647812,-0.00023780249466653913,0.0074535757303237915,0.08918175846338272,0.09992793202400208,0.1148361787199974,0.3388000726699829,0.005918483249843121,8.208255167119205e-05,-0.002363926265388727,0.0013153266627341509,0.127181276679039,0.13041895627975464,0.008139781653881073,0.007425609976053238,0.03373176231980324,0.030832935124635696,0.000582528708036989,0.011717013083398342,-0.0003764108696486801,0.00015751198225189,0.0008374144672416151,0.00127572868950665,0.016670940443873405,0.012074928730726242,-0.0014531341148540378,-0.0009883212624117732,-0.0007280355785042048,-0.0006162119098007679,0.24636335670948029,0.19518475234508514,0.1954748034477234,0.005986147094517946,0.023893065750598907,0.024098942056298256,-0.0009982329793274403,0.0009161835769191384,4.898756955640238e-09,-1.668930060816365e-08,1.5044584245060832e-07,-2.1886080503463745e-08,1.8551014591139392e-07,6.919610484601435e-08,-8.169561738213815e-08,2.0701904190900677e-07,-7.640570487410514e-08,2.2700056945268443e-07
00:00:04:17.299,61,1.8248334754389361e-07,4.507601403247463e-09,-6.081536696456169e-08,6.64172716824396e-08,-1.501291961858442e-07,0.018434463068842888,0.21519050002098083,-2.0543113521398482e-07,-1.253746404472622e-07,-1.829117479701381e-08,-8.63755147406664e-08,1.5433877820214548e-07,0.0184955857694149,0.21531955897808075,0.01638856902718544,-0.00017751409905031323,0.006732769776135683,0.09716615825891495,0.10914282500743866,0.11609214544296265,0.351785272359848,0.006245168391615152,4.0836064727045596e-05,-0.0026638759300112724,0.0008379364153370261,0.1382499635219574,0.14143900573253632,0.00714929448440671,0.0063116298988461494,0.03484688699245453,0.031048091128468513,0.0009462547022849321,0.013050896115601063,-0.00025931716663762927,0.00023243189207278192,0.0008547519100829959,0.0012116801226511598,0.012369837611913681,0.008012644946575165,-0.0013730740174651146,-0.0012559873284772038,-0.0007629263564012945,-0.0006687903660349548,0.24737155437469482,0.19272927939891815,0.19301436841487885,0.0066337003372609615,0.020887892693281174,0.020759133622050285,-0.0010737163247540593,0.0004888910334557295,5.610054198967873e-09,-1.9054859023981408e-08,1.7264858342969092e-07,-2.5406480474998716e-08,2.1294690100148728e-07,7.947441105216058e-08,-9.372830334086757e-08,2.3779925584221928e-07,-8.773058368660713e-08,2.6032327582470316e-07
00:00:04:18.316,61,1.907954043645077e-07,1.305714292243465e-08,-6.980262412525917e-08,6.741378655306107e-08,-1.5550293142041482e-07,0.020735984668135643,0.2067262828350067,-2.140179304888079e-07,-1.2582168551489303e-07,-8.679926111199165e-09,-9.333714956483163e-08,1.7018057008044707e-07,0.02081415243446827,0.20684482157230377,0.016590936109423637,-0.00011462412658147514,0.006477402988821268,0.10015811771154404,0.11282096803188324,0.11690119653940201,0.3547428250312805,0.006245484575629234,5.4677548178005964e-05,-0.0028334164526313543,0.0005266129737719893,0.13919036090373993,0.14243069291114807,0.006582575384527445,0.0057671451941132545,0.034927185624837875,0.03099318966269493,0.0011082834098488092,0.013856785371899605,-0.00014956742234062403,0.00029018937493674457,0.0009111450053751469,0.0011557867983356118,0.010321302339434624,0.006183742079883814,-0.001330501982010901,-0.0012855279492214322,-0.000802169437520206,-0.0007045739912427962,0.24642719328403473,0.1929245889186859,0.1931982785463333,0.006984782870858908,0.01941034384071827,0.019153103232383728,-0.0008808636921457946,0.00025640250532887876,5.4412523375901856e-09,-2.68779700718369e-08,1.9328668088292034e-07,-3.468245424187444e-08,2.2051855808058463e-07,8.51112389455011e-08,-9.149312774070495e-08,2.5512184720355435e-07,-8.495524639329233e-08,2.6330351943215646e-07
00:00:04:19.333,61,1.8175691707256192e-07,7.897615006413616e-09,-6.30784811050944e-08,6.533693408528052e-08,-1.4889053545630304e-07,0.021222546696662903,0.20751337707042694,-2.042856124262471e-07,-1.2258067272341577e-07,-1.400709148668966e-08,-8.734409107091778e-08,1.5735626845980732e-07,0.02129773609340191,0.20763538777828217,0.015518217347562313,-9.079866140382364e-05,0.006009900476783514,0.09549413621425629,0.10663794726133347,0.11364109069108963,0.334443062543869,0.006058679427951574,0.0001030591520247981,-0.003016846254467964,0.000266102550085634,0.1329655647277832,0.1362714320421219,0.005963323172181845,0.005146689247339964,0.03439219668507576,0.031072009354829788,0.0009722989634610713,0.013744131661951542,-0.00018703698879107833,0.0002911674964707345,0.0009064240148290992,0.001063087023794651,0.00932755321264267,0.005298615898936987,-0.001340335002169013,-0.001292878994718194,-0.0008845344418659806,-0.0007916984031908214,0.24834823608398438,0.19790500402450562,0.19817370176315308,0.006890514399856329,0.017609138041734695,0.017318323254585266,-0.0007858705357648432,7.237792306113988e-05,5.407491787678964e-09,-2.197921311619666e-08,1.7719342793043324e-07,-2.8610228852699038e-08,2.1122396276496147e-07,7.991911843419075e-08,-9.059905892172537e-08,2.392707472154143e-07,-8.458271594236066e-08,2.5566666295162577e-07
00:00:04:20.349,61,1.3613141902624193e-07,6.7241487933245025e-09,-4.792585883706124e-08,4.8717485157112606e-08,-1.1150725498509928e-07,0.021136021241545677,0.2052193135023117,-1.5318393309371459e-07,-9.125098898721262e-08,-9.22009313342187e-09,-6.579794131766903e-08,1.189857741223932e-07,0.021202197298407555,0.20534440875053406,0.014911098405718803,-7.14737907401286e-05,0.005958922673016787,0.08536573499441147,0.09224008768796921,0.11358311027288437,0.2752514183521271,0.00573520315811038,0.00012940079614054412,-0.002065498847514391,0.000693976879119873,0.11899814754724503,0.12221744656562805,0.005955591332167387,0.0050597707740962505,0.038462650030851364,0.036607526242733,0.0005165064358152449,0.012751437723636627,-2.0233243049005978e-05,0.00041609167237766087,0.0011239581508561969,0.0012336291838437319,0.012295357882976532,0.00805361196398735,-0.0009079009178094566,-0.000614610908087343,-0.0007316803676076233,-0.000644971732981503,0.2495720535516739,0.20342479646205902,0.20370250940322876,0.0058794827200472355,0.017328495159745216,0.017087146639823914,-0.0005167219205759466,0.00014601736620534211,4.000030529027754e-09,-1.7061829282738472e-08,1.3384968156060495e-07,-2.2202730320941555e-08,1.5780329931658343e-07,5.995854479579066e-08,-6.729737123123414e-08,1.797359487909489e-07,-6.262212792762512e-08,1.909956353074449e-07
00:00:04:21.366,61,9.224750385783409e-08,-5.9604643443123e-10,-2.889894012980676e-08,3.409572002510686e-08,-7.633119736283334e-08,0.02004283480346203,0.20499712228775024,-1.041684285496558e-07,-6.500631855033134e-08,-1.2386590420021548e-08,-4.282221155449406e-08,7.539987478821786e-08,0.020099980756640434,0.20512402057647705,0.013715448789298534,-4.519447884376859e-06,0.005257829558104277,0.07039403915405273,0.07013178616762161,0.11906100064516068,0.19630783796310425,0.0051985085010528564,0.0001836192823247984,-0.0029893338214606047,-0.000540682696737349,0.08853626251220703,0.09141441434621811,0.006400323938578367,0.005522389896214008,0.04406782612204552,0.04390685260295868,0.00020122528076171875,0.011559060774743557,7.44241478969343e-05,9.27286600926891e-05,0.0010488703846931458,0.001156884478405118,0.025448165833950043,0.02091069705784321,-0.0010369645897299051,-0.0005669427919201553,-0.0006767603917978704,-0.0006281918031163514,0.2481197714805603,0.20707273483276367,0.20736061036586761,0.00452018715441227,0.016678955405950546,0.01700463891029358,-0.00042281686910428107,-7.560432277387008e-05,2.9522926325853405e-09,-7.599592066753758e-09,8.335337042808533e-08,-1.033768093350318e-08,1.0823831075867929e-07,3.93902865880591e-08,-4.9397350210256263e-08,1.1778902120340717e-07,-4.634260974967219e-08,1.3444572743992467e-07
00:00:04:22.383,61,9.449198756783517e-08,-4.3027101881421e-09,-2.6784837459103983e-08,3.5911799756149776e-08,-7.884577257755154e-08,0.017963357269763947,0.1996491253376007,-1.0713934983641593e-07,-6.886199344080524e-08,-1.7378479100216282e-08,-4.24869348591983e-08,7.327646045496294e-08,0.01801345683634281,0.19976280629634857,0.01386494655162096,-4.829607860301621e-05,0.006233413238078356,0.06332820653915405,0.052972182631492615,0.1365204155445099,0.1404053270816803,0.004838088061660528,0.00023389601847156882,-0.0018392220372334123,-0.0008433410548605025,0.035246189683675766,0.03693291172385216,0.007883118465542793,0.007012226618826389,0.05381340533494949,0.05640125647187233,-3.0053854061407037e-05,0.01075915340334177,0.0006977063603699207,-0.0005926722078584135,0.0006485443445853889,0.0007218739483505487,0.051483429968357086,0.0475720539689064,0.000643077481072396,0.0007069742423482239,-0.0008024334674701095,-0.000729873776435852,0.24170978367328644,0.21163493394851685,0.21193090081214905,0.0033776964992284775,0.018301472067832947,0.01927378959953785,-0.0007821035105735064,-0.00029835282475687563,3.236345857970946e-09,-4.61936000561991e-09,7.973984139653112e-08,-6.761402104871195e-09,1.1203810856841301e-07,3.94973902473339e-08,-5.364417887676609e-08,1.1784955944449393e-07,-5.0384549865611916e-08,1.4171004636409634e-07
00:00:04:24.400,61,5.263835234359249e-08,-1.4714896856560244e-08,-5.662441182607836e-09,2.2901222251903164e-08,-4.6128405983836274e-08,0.016271669417619705,0.18869610130786896,-6.078742131876425e-08,-4.6081840565648235e-08,-2.5257469005168787e-08,-1.928303383635921e-08,2.786517150354939e-08,0.01632830873131752,0.18880032002925873,0.013263486325740814,3.135964288958348e-05,0.007327563129365444,0.05974322184920311,0.039006032049655914,0.16488441824913025,0.10035243630409241,0.004195583052933216,0.00015626629465259612,0.002064164960756898,0.0028503136709332466,0.0027866356540471315,0.003415071638301015,0.008802068419754505,0.008006952702999115,0.05872632935643196,0.06390467286109924,-0.00018250822904519737,0.009944429621100426,0.0006967100780457258,-0.0013669030740857124,0.00024590312386862934,0.00033885761513374746,0.09000813215970993,0.08669012039899826,0.01641531102359295,0.01623830944299698,-0.0007654011133126915,-0.0006898295832797885,0.23489218950271606,0.2154492735862732,0.21573391556739807,0.002611857606098056,0.022615084424614906,0.02431647852063179,-0.0006374823860824108,0.0007344370824284852,2.4097972506353926e-09,7.580966077114226e-09,2.643093388599027e-08,8.177011956433944e-09,6.582587985803912e-08,1.9059516631614315e-08,-3.9245932725862076e-08,5.600973906894069e-08,-3.771856427192688e-08,9.197741945854432e-08
00:00:04:25.416,61,5.394220181642595e-08,-2.37114718970588e-08,3.911554691260477e-10,2.5471672771004705e-08,-4.868954306402884e-08,0.01364684384316206,0.1690937876701355,-6.319023526657475e-08,-5.224719501484287e-08,-3.6358834165639564e-08,-1.6693956439439717e-08,1.987442388440286e-08,0.013686394318938255,0.1691872775554657,0.013720891438424587,3.7340596463764086e-05,0.010307515040040016,0.060191359370946884,0.02236458845436573,0.19345217943191528,0.06925122439861298,0.0043119569309055805,9.666775440564379e-05,0.029983509331941605,0.029895886778831482,0.0006995301228016615,0.0007654394139535725,0.009241152554750443,0.008427084423601627,0.061397865414619446,0.06762827187776566,-5.660116585204378e-05,0.009097724221646786,7.895127055235207e-05,-0.00030035601230338216,6.112366827437654e-05,7.499292405555025e-05,0.13085384666919708,0.12805767357349396,0.05768445506691933,0.057497940957546234,-0.0007601749966852367,-0.0006633973098360002,0.22721169888973236,0.21361082792282104,0.2139168232679367,0.002317988546565175,0.028475696220993996,0.030456561595201492,-0.0004260474524926394,0.0033732480369508266,2.896413109354512e-09,1.4733522846199776e-08,1.4118850089062107e-08,1.672655258744271e-08,6.949529307576086e-08,1.749023859076715e-08,-4.662200936422778e-08,5.083158782781538e-08,-4.56534330339764e-08,1.028180136586343e-07
00:00:04:26.433,61,6.236135874360116e-08,-2.7436762195520714e-08,5.21540644005114e-10,2.9420480274211513e-08,-5.626119659041251e-08,0.013134794309735298,0.15034666657447815,-7.295980708477146e-08,-6.064772861691381e-08,-4.254281549265215e-08,-1.9222497371629288e-08,2.2891908812994188e-08,0.013164644129574299,0.15038995444774628,0.013969825580716133,6.852809019619599e-05,0.016014833003282547,0.06747724860906601,0.009052974171936512,0.23324798047542572,0.043597083538770676,0.0031377123668789864,3.665762778837234e-05,0.05963345989584923,0.06044632941484451,0.00043799279956147075,0.0002697530435398221,0.009949138388037682,0.009382027201354504,0.06223105266690254,0.07044924050569534,-0.0004672747745644301,0.007239311933517456,-0.0007582977414131165,0.0024655116721987724,-0.00015669927233830094,-0.00011207625357201323,0.18320682644844055,0.18091492354869843,0.10339830070734024,0.10397910326719284,-0.0006329381722025573,-0.0005216383724473417,0.21506787836551666,0.2137203812599182,0.2140185534954071,0.0018809670582413673,0.03373377025127411,0.03649317845702171,0.0033326938282698393,0.010780982673168182,3.3632385765258732e-09,1.719221387475045e-08,1.588836262556015e-08,1.955777406692505e-08,8.041038768169528e-08,2.019107370188067e-08,-5.3849070980049873e-08,5.873385688914823e-08,-5.269423297704634e-08,1.192465362009898e-07
00:00:04:27.450,61,7.65640280064872e-08,-1.6354023912867888e-08,-1.2060627163634763e-08,3.212131716168187e-08,-6.619841030897078e-08,0.013757027685642242,0.13591857254505157,-8.818693686407642e-08,-6.396323470880816e-08,-3.0621887248116764e-08,-2.9779039678601293e-08,4.6063213687830284e-08,0.013775854371488094,0.13592733442783356,0.015653187409043312,8.939902909332886e-05,0.022460248321294785,0.07824274897575378,0.002940906211733818,0.2726500928401947,0.020821476355195045,0.002451102714985609,0.00025460580945946276,0.0827515572309494,0.08416677266359329,0.0003703224647324532,-5.425333802122623e-05,0.010793264955282211,0.010314203798770905,0.06414688378572464,0.07351621985435486,-0.00031821185257285833,0.006331795826554298,-0.0016151615418493748,0.0069460514932870865,-0.00022310145141091198,-7.005497900536284e-05,0.2338319718837738,0.23215769231319427,0.14675970375537872,0.14803895354270935,-0.0008522224379703403,-0.0007386934594251215,0.20832790434360504,0.21480198204517365,0.21510912477970123,0.0014088030438870192,0.04068724066019058,0.043822288513183594,0.011799720115959644,0.022780293598771095,3.2642857306086626e-09,7.022172177073571e-09,4.556029864488664e-08,7.00354574334483e-09,9.428709546455138e-08,2.9050278627096304e-08,-5.302950611962842e-08,8.575618437589583e-08,-5.122274160385132e-08,1.2852251529693604e-07
00:00:04:28.466,61,7.560476689150164e-08,-1.5683472298633205e-08,-1.2265518378740126e-08,3.155320982273224e-08,-6.533228003036129e-08,0.016386888921260834,0.1288788914680481,-8.688308383852927e-08,-6.267801211379265e-08,-2.9411166835302538e-08,-2.962071476986239e-08,4.6063213687830284e-08,0.01640172302722931,0.12886780500411987,0.018434517085552216,8.788339619059116e-05,0.02839907445013523,0.09349828958511353,0.0009516137652099133,0.27821704745292664,0.006522394251078367,0.0017486615106463432,0.0003575120063032955,0.10441777855157852,0.10587596893310547,9.979247988667339e-05,-0.0004136383649893105,0.011978077702224255,0.011649882420897484,0.06569606065750122,0.07605798542499542,-0.0005602476885542274,0.005553186405450106,-0.0015058517456054688,0.010825615376234055,-0.00023759968462400138,-2.6839077690965496e-05,0.28231656551361084,0.28186726570129395,0.17885564267635345,0.18067580461502075,-0.0006936549907550216,-0.0005626380443572998,0.20615489780902863,0.21992076933383942,0.2202206403017044,0.0008515476947650313,0.05003909021615982,0.05366281419992447,0.0226878859102726,0.03581951931118965,3.209570387241456e-09,6.444752287393385e-09,4.56906867896123e-08,6.4074994199359026e-09,9.305774995027605e-08,2.8843059496352907e-08,-5.202367958645482e-08,8.506700055477268e-08,-5.010515380377001e-08,1.2654811598622473e-07
00:00:04:29.483,61,8.211470969854417e-08,-9.965151370749936e-09,-1.860782461449162e-08,3.2689420947917824e-08,-6.977468558488908e-08,0.017566589638590813,0.12436586618423462,-9.370036480049748e-08,-6.35907042578765e-08,-2.3171304874836096e-08,-3.465451214879067e-08,5.718320750247585e-08,0.01757703348994255,0.12436150759458542,0.023290514945983887,7.610309694427997e-05,0.0323314368724823,0.11529553681612015,0.0003574064467102289,0.24978582561016083,0.0017802589572966099,0.0013642001431435347,0.00036595191340893507,0.1251077502965927,0.12620247900485992,-2.2110343707026914e-05,-0.0004888272378593683,0.013026162050664425,0.012739045545458794,0.06538735330104828,0.07552897185087204,-0.0004554147890303284,0.004912033211439848,-0.0014419471845030785,0.01073864009231329,-6.744073471054435e-05,0.0001617702073417604,0.32753539085388184,0.32856476306915283,0.1958782970905304,0.19796809554100037,-0.0007815778371877968,-0.0006386631866917014,0.21458078920841217,0.22661438584327698,0.22689643502235413,0.0008570195059292018,0.058009639382362366,0.06185160204768181,0.02876695618033409,0.042533989995718,3.1082891815970015e-09,1.0989605891964516e-09,6.048009026926593e-08,7.450580430390374e-11,9.946525381110405e-08,3.3054966763756966e-08,-5.120411472603337e-08,9.790993971137141e-08,-4.8801304330936546e-08,1.2975186791663873e-07
00:00:04:29.500,61,9.171665027452036e-08,-2.4586916946844894e-09,-2.6859343194018948e-08,3.448687380114279e-08,-7.64522667395795e-08,0.0177101269364357,0.12306731939315796,-1.0371208247761388e-07,-6.597488777515537e-08,-1.5161932154228452e-08,-4.155095822966359e-08,7.247552247235944e-08,0.017715835943818092,0.12308105826377869,0.030099811032414436,9.365908772451803e-05,0.03436596319079399,0.13916634023189545,7.518917118432e-05,0.2130071073770523,-0.0004608112503774464,0.001050467137247324,0.00039422273403033614,0.14753547310829163,0.14790824055671692,-0.0002028876479016617,-0.0006658667116425931,0.01530459150671959,0.015083322301506996,0.06979798525571823,0.07961620390415192,-0.00045051038614474237,0.004051742143929005,-0.0013265844900161028,0.00779949314892292,0.00012588061508722603,0.0003505049680825323,0.36633190512657166,0.3680117726325989,0.19329671561717987,0.19496950507164001,-0.0007591259200125933,-0.0006337275844998658,0.22556030750274658,0.23499129712581635,0.23525844514369965,0.0008510994957759976,0.06412244588136673,0.06787671148777008,0.032671332359313965,0.04523018002510071,3.0663795946850314e-09,-5.587935447692871e-09,8.029863352021493e-08,-8.214264823891426e-09,1.0900199498564689e-07,3.899214817693064e-08,-5.096197241982736e-08,1.1590309156872536e-07,-4.777684736723131e-08,1.3623386507788382e-07
00:00:04:30.516,61,1.0211020651240688e-07,4.805624342907322e-09,-3.566965389723009e-08,3.651715729802163e-08,-8.363277004264091e-08,0.017588399350643158,0.12691229581832886,-1.1459924564860557e-07,-6.847083255934194e-08,-6.966292875887348e-09,-4.90946696629635e-08,8.881092128376622e-08,0.017596164718270302,0.1269562691450119,0.03806095942854881,0.00013167269935365766,0.035392262041568756,0.15846170485019684,-6.849467899883166e-05,0.17647941410541534,-0.0008227711659856141,0.0009392097126692533,0.0003417392144910991,0.1700965315103531,0.1691785603761673,-9.962618059944361e-05,-0.0004974085022695363,0.019504524767398834,0.01932220160961151,0.07613622397184372,0.08494070172309875,-0.00048200786113739014,0.0038462476804852486,-0.0012818456161767244,0.005102928727865219,0.0003554244467522949,0.0006133934366516769,0.4007534086704254,0.40272629261016846,0.1864139884710312,0.187454953789711,-0.0007868629763834178,-0.0006778549868613482,0.23611900210380554,0.24241903424263,0.24267782270908356,0.000731723674107343,0.06840509176254272,0.07194529473781586,0.03145042806863785,0.042580004781484604,3.012828431181447e-09,-1.2759119094596372e-08,1.012906452046991e-07,-1.6838312077993578e-08,1.1928379706205305e-07,4.5353079514143246e-08,-5.0514938010337573e-08,1.353398033643316e-07,-4.697590938462781e-08,1.4316290730675973e-07
00:00:04:31.533,61,9.599141748140028e-08,4.339963055599583e-09,-3.3155082235225564e-08,3.4393742964766716e-08,-7.868744233974212e-08,0.017851784825325012,0.13514071702957153,-1.0780990322700745e-07,-6.463378809939968e-08,-7.115304345717277e-09,-4.59654252438213e-08,8.296221665204939e-08,0.017875006422400475,0.1352102905511856,0.045197080820798874,0.0001811949914554134,0.03610900416970253,0.17537471652030945,-2.3570657504023984e-05,0.15029257535934448,-0.0009447437478229403,0.0010374147677794099,0.000281490501947701,0.18583495914936066,0.18430981040000916,-0.00015432834334205836,-0.0004781514289788902,0.025251979008316994,0.025159301236271858,0.08545828610658646,0.0937110111117363,-0.0005773896118625998,0.0039368076249957085,-0.0009608122636564076,0.0027241604402661324,0.00034436502028256655,0.0005845275009050965,0.4269682765007019,0.42888832092285156,0.17506222426891327,0.17567840218544006,-0.0007431432604789734,-0.000656541611533612,0.24387913942337036,0.24910540878772736,0.24934974312782288,0.00054798589553684,0.07009527087211609,0.07357829809188843,0.028095850721001625,0.03761865198612213,2.848682845169037e-09,-1.1529773580321034e-08,9.465962591548305e-08,-1.5404076236791298e-08,1.1228024732190534e-07,4.255212715520429e-08,-4.777684736723131e-08,1.268554541411504e-07,-4.453584523389509e-08,1.3507901996945293e-07
00:00:04:32.549,61,1.0017305385190411e-07,2.2538007016237316e-09,-3.29967591028435e-08,3.6507845635469494e-08,-8.255243244548183e-08,0.01892269216477871,0.14744672179222107,-1.12652777772837e-07,-6.87688554990018e-08,-1.0393559790600193e-08,-4.710629752935347e-08,8.41356779801572e-08,0.018955742940306664,0.14753888547420502,0.04917758330702782,0.00017190583457704633,0.03674136847257614,0.18423807621002197,5.569428321905434e-05,0.1370084136724472,-0.0009142971248365939,0.0013677205424755812,0.00022328493651002645,0.19215510785579681,0.1899617314338684,-0.00021649510017596185,-0.0005149143980816007,0.029467469081282616,0.0293496735394001,0.09124681353569031,0.09883583337068558,-0.0006601554341614246,0.0043930248357355595,-0.0006957891746424139,0.0016770069487392902,0.00041507979040034115,0.0006962323095649481,0.4381032884120941,0.43977275490760803,0.16856445372104645,0.16893936693668365,-0.0006721839308738708,-0.0005893531488254666,0.24816028773784637,0.2533053457736969,0.2535396218299866,0.00032134258071891963,0.0710662454366684,0.07447417080402374,0.024908795952796936,0.03348706290125847,3.094319245278143e-09,-1.0170042585855299e-08,9.52743022253344e-08,-1.3932585751774695e-08,1.1784955944449393e-07,4.383036866784096e-08,-5.1669776013341107e-08,1.3048760649780888e-07,-4.824250865453905e-08,1.4323741481803154e-07
00:00:04:33.566,61,7.547438229948966e-08,5.327164931401285e-09,-2.7436762195520714e-08,2.6654452867092004e-08,-6.158835930136775e-08,0.01804659515619278,0.1610468626022339,-8.456409261725639e-08,-4.963949251646227e-08,-3.3527611797978807e-09,-3.6759303156941314e-08,6.712973288358626e-08,0.018084529787302017,0.16115377843379974,0.050879575312137604,0.0003100130707025528,0.03723433241248131,0.18156227469444275,0.0003120976616628468,0.13248313963413239,-0.0010737455449998379,0.0015056675765663385,0.0001363726769341156,0.18913882970809937,0.18702609837055206,-0.0002798825444187969,-0.0007233083015307784,0.03244912624359131,0.032316841185092926,0.09822478890419006,0.10548320412635803,-0.0005993503145873547,0.0043524787761271,-0.0005098211695440114,0.0013070587301626801,0.0006300639361143112,0.0009279362857341766,0.42641302943229675,0.4281105101108551,0.1627902090549469,0.16289746761322021,-0.0003916764399036765,-0.0003595188318286091,0.2521740198135376,0.2549815773963928,0.25521939992904663,0.00041148942545987666,0.07091237604618073,0.0744979977607727,0.021600671112537384,0.02979385294020176,2.156011813525538e-09,-1.0542571260430122e-08,7.728115036798044e-08,-1.3615935934296886e-08,8.82148754044465e-08,3.39350663125515e-08,-3.632158041000366e-08,1.0118819915305721e-07,-3.3471732052703373e-08,1.043826358682054e-07
00:00:04:34.583,61,6.68689636995623e-08,7.823109382520954e-10,-2.149492495107097e-08,2.4521723318571276e-08,-5.5171550883414966e-08,0.01746767945587635,0.1694522351026535,-7.519498268493408e-08,-4.664063624204573e-08,-7.562339199296275e-09,-3.119464864198562e-08,5.5469573823074825e-08,0.01750044710934162,0.16958503425121307,0.047879111021757126,0.00031128429691307247,0.037434350699186325,0.15036755800247192,0.0006366908783093095,0.13507838547229767,-0.0007370072416961193,0.002075152238830924,7.68219688325189e-05,0.17494331300258636,0.17135272920131683,2.3273825718206353e-05,-0.00044582426198758185,0.03403405845165253,0.0338822565972805,0.10079248249530792,0.1090514287352562,-0.0002894627978093922,0.004904612433165312,-0.0012037683045491576,0.0016886229859665036,0.0004892822471447289,0.0008217321592383087,0.34391891956329346,0.34589844942092896,0.15123966336250305,0.15025638043880463,-0.0005521647399291396,-0.0005426343996077776,0.2577071487903595,0.2556946873664856,0.25597161054611206,0.000367625238141045,0.06971972435712814,0.0731985867023468,0.016337398439645767,0.023938031867146492,2.0989683324756925e-09,-6.351620118749679e-09,6.284565046144053e-08,-8.512288651729705e-09,7.91065417615755e-08,2.9115472699459133e-08,-3.505498114009242e-08,8.66129994392395e-08,-3.2708047825735775e-08,9.633600939196185e-08
00:00:04:35.599,61,5.25731600475865e-08,-2.607703164514419e-09,-1.4528632519272833e-08,1.999549503750586e-08,-4.380941476256339e-08,0.015674151480197906,0.17650045454502106,-5.968846039650089e-08,-3.8612633090906456e-08,-1.0170042585855299e-08,-2.3483298861037838e-08,4.0344893648125435e-08,0.015690799802541733,0.17662952840328217,0.03720474988222122,7.997751527000219e-05,0.035817984491586685,0.0982399731874466,0.0004864652582909912,0.12813381850719452,-0.0011696112342178822,0.0018670656718313694,0.00010278818808728829,0.17047390341758728,0.16530604660511017,-0.00026810227427631617,-0.0007553392788395286,0.032694071531295776,0.03291191905736923,0.09060879796743393,0.10132752358913422,-0.0005381408263929188,0.005333812907338142,-0.0007741496083326638,0.0025459029711782932,-0.00020662941096816212,0.0001869828993221745,0.22260387241840363,0.2240096628665924,0.12085232138633728,0.11867649853229523,-0.00048726380919106305,-0.0003930282546207309,0.2595301568508148,0.2532924711704254,0.2536090016365051,-0.00011153105879202485,0.06978370994329453,0.07400280237197876,0.015650147572159767,0.022702129557728767,1.816079064909104e-09,-2.309680002809955e-09,4.414469145785915e-08,-3.520399305401156e-09,6.303191213419268e-08,2.204440541220265e-08,-3.0174852838626975e-08,6.548128794747754e-08,-2.864748260833494e-08,7.972121096599949e-08
00:00:04:36.616,61,6.136484387297969e-08,-3.073364451822158e-09,-1.7303973365301317e-08,2.324581060975106e-08,-5.1101668674391476e-08,0.01413394883275032,0.18398010730743408,-6.962567766777283e-08,-4.500150652120283e-08,-1.1399388100130636e-08,-2.7585775441707483e-08,4.760920901958343e-08,0.014140879735350609,0.18410344421863556,0.03085608035326004,-0.0002735184971243143,0.032607968896627426,0.06256504356861115,0.0027000592090189457,0.11695218086242676,-0.0008772271685302258,0.0014174310490489006,0.00034921112819574773,0.1626502275466919,0.15806777775287628,-0.0003054562257602811,-0.0009160435292869806,0.029404589906334877,0.029792826622724533,0.08547971397638321,0.09787525236606598,-0.0007913969457149506,0.005271055735647678,0.0066771614365279675,0.00926895160228014,-0.000699027325026691,-0.00026094928034581244,0.14400821924209595,0.14489522576332092,0.09906917810440063,0.09716954082250595,-0.00015742391406092793,5.293845970300026e-05,0.2594383955001831,0.25068774819374084,0.2510460913181305,-0.0007444318616762757,0.07130855321884155,0.07663903385400772,0.022038951516151428,0.029900433495640755,2.108281549340063e-09,-3.296881878611657e-09,5.21540641784668e-08,-4.488974969518722e-09,7.301569127093899e-08,2.5774351541940632e-08,-3.485008903680864e-08,7.675960489450517e-08,-3.3006070765395634e-08,9.238719655968453e-08
00:00:04:37.633,61,8.26455632818579e-08,7.525086331838793e-09,-3.149732918927839e-08,2.873130178215888e-08,-6.698071786104265e-08,0.013151676394045353,0.18805837631225586,-9.277835744114782e-08,-5.360692867384387e-08,-1.3411045607369942e-09,-4.1122547145278077e-08,7.558614356639737e-08,0.01316136121749878,0.18818071484565735,0.02721722610294819,-0.0003433054662309587,0.02836654707789421,0.04296373203396797,0.00597016466781497,0.09486425668001175,-0.0001718866842566058,0.0009352000197395682,0.0003722971596289426,0.16090568900108337,0.15671226382255554,5.002945545129478e-05,-0.0007282104925252497,0.02706330269575119,0.027427926659584045,0.08481825143098831,0.09672974795103073,-0.00016053348372224718,0.005002373363822699,0.02653421461582184,0.023730242624878883,-9.222507651429623e-05,0.0004163196717854589,0.10039295256137848,0.10179363191127777,0.08564238250255585,0.08443283289670944,-0.0004389345704112202,-0.0002533721853978932,0.25811871886253357,0.24920104444026947,0.24956683814525604,-0.0010782950557768345,0.07347717136144638,0.08037065714597702,0.029050178825855255,0.038209058344364166,2.266606236034363e-09,-1.320615439226458e-08,8.666887651997968e-08,-1.6801060098714515e-08,9.544194057298228e-08,3.7304126010440086e-08,-3.8295983273428646e-08,1.120008548127771e-07,-3.546476534665999e-08,1.1287629320122505e-07
00:00:04:39.650,61,8.12951483908364e-08,3.4458935704861915e-09,-2.8256327055942165e-08,2.921558994728457e-08,-6.659887930027253e-08,0.01219259388744831,0.19024105370044708,-9.170733505925455e-08,-5.524605484197309e-08,-6.1839817711017986e-09,-3.91155481338501e-08,7.042661565037633e-08,0.012210327200591564,0.19036035239696503,0.02419319562613964,-0.0003702012181747705,0.02384880557656288,0.0318220853805542,0.009402581490576267,0.07870978116989136,0.0015982011100277305,0.0004266810428816825,0.0003839073469862342,0.1584082841873169,0.15538978576660156,5.8169960539089516e-05,-0.0008126044413074851,0.024589821696281433,0.025069894269108772,0.08421400189399719,0.09590023010969162,0.0008081270498223603,0.004613323602825403,0.040076225996017456,0.03289647027850151,0.0005213902331888676,0.001043757889419794,0.07419600337743759,0.07620855420827866,0.07255914062261581,0.07193949073553085,-0.0004069441638421267,-0.0002322977816220373,0.25712916254997253,0.2489541620016098,0.24931354820728302,-0.0010198456002399325,0.07527366280555725,0.0835663378238678,0.03275451064109802,0.042536865919828415,2.422602785046024e-09,-9.87201964619544e-09,7.953494929324734e-08,-1.2777745972414323e-08,9.486451801876683e-08,3.579538443432284e-08,-4.038214740376134e-08,1.0725111110332364e-07,-3.777444490538073e-08,1.1514872255702358e-07
00:00:04:40.666,61,9.490177177440273e-08,1.5646218542997303e-08,-4.1164458508546886e-08,3.14321368932724e-08,-7.58655360755256e-08,0.012536942958831787,0.1949562430381775,-1.0581687348576452e-07,-5.7220457705398076e-08,6.8359078397861595e-09,-4.9672088664465264e-08,9.389594168851545e-08,0.012561428360641003,0.19507905840873718,0.022462783381342888,-0.00036743193049915135,0.020710665732622147,0.025772076100111008,0.011513040401041508,0.0689329206943512,0.0032606543973088264,0.0004220365663059056,0.0003691174788400531,0.15418776869773865,0.15188242495059967,-2.0917057554470375e-05,-0.0009332663030363619,0.02307279407978058,0.023638969287276268,0.0837726965546608,0.09479410201311111,0.001980207161977887,0.004396097268909216,0.04799016937613487,0.03797505423426628,0.0010337779531255364,0.0015803348505869508,0.060523372143507004,0.06267806887626648,0.06347907334566116,0.06312307715415955,-0.0005914843059144914,-0.0004351842508185655,0.25704631209373474,0.25001055002212524,0.2503640353679657,-0.0008096515666693449,0.07486012578010559,0.0839487835764885,0.03373721241950989,0.04369516670703888,2.2514723418964877e-09,-2.0656734989188408e-08,1.0967254837623841e-07,-2.5872141762306455e-08,1.075491340429835e-07,4.444736845243824e-08,-3.872439435781416e-08,1.3387295894062845e-07,-3.5092234895728325e-08,1.22375780620132e-07
00:00:04:41.683,61,8.597969980428388e-08,1.799315185735395e-08,-3.997236319719377e-08,2.7567148563889532e-08,-6.812624775420772e-08,0.011792819947004318,0.2039395570755005,-9.548850243845663e-08,-4.969537314991612e-08,1.0766089353353436e-08,-4.631932881693501e-08,8.879229085323459e-08,0.011820461601018906,0.204059898853302,0.021285224705934525,-0.00036864177673123777,0.019183574244379997,0.02243528887629509,0.012277014553546906,0.06742224097251892,0.005413445178419352,0.00028712250059470534,0.00032524054404348135,0.14778415858745575,0.14596886932849884,-0.00012149036047048867,-0.001099276589229703,0.021929603070020676,0.0225649643689394,0.08335323631763458,0.09460189193487167,0.002833631122484803,0.004165591672062874,0.05117597430944443,0.04004085436463356,0.0013190727913752198,0.001890705549158156,0.05242621526122093,0.05482158809900284,0.05787568911910057,0.057709112763404846,-0.0006726968567818403,-0.0005055117653682828,0.2582150399684906,0.24996745586395264,0.25031962990760803,-0.0006710171001031995,0.07380678504705429,0.08347482979297638,0.03068864531815052,0.04075358435511589,1.8533319323665864e-09,-2.16439364209009e-08,1.0455027421585328e-07,-2.7101487276581793e-08,9.64850173090781e-08,4.1122547145278077e-08,-3.2242386538428036e-08,1.2395904036566208e-07,-2.8870999813079834e-08,1.0684132689675607e-07
00:00:04:42.700,61,8.633359982468392e-08,9.201467143782338e-09,-3.386288938145299e-08,2.9774382070968386e-08,-6.997957768817287e-08,0.011450221762061119,0.21906109154224396,-9.679235546400378e-08,-5.520880108633719e-08,7.450580430390374e-11,-4.343688431163173e-08,8.033588727585084e-08,0.011466163210570812,0.21919769048690796,0.02078406512737274,-0.0002767597616184503,0.018707776442170143,0.021281985566020012,0.01269126683473587,0.07212494313716888,0.006139953155070543,0.0006500157178379595,0.00034346201573498547,0.1388414353132248,0.1372440755367279,-5.5063963372958824e-05,-0.0009405958699062467,0.02155696414411068,0.021974828094244003,0.08439032733440399,0.09521807730197906,0.0032981080003082752,0.0039523025043308735,0.05065656825900078,0.040645528584718704,0.001794976880773902,0.002413975540548563,0.05292660742998123,0.05486779659986496,0.05669911205768585,0.05687170848250389,-0.0007458036998286843,-0.0006153655122034252,0.2568078339099884,0.25154104828834534,0.25189194083213806,-0.0005974929081276059,0.07093500345945358,0.08033342659473419,0.02870672009885311,0.038750067353248596,2.312008362537199e-09,-1.4659017111284811e-08,9.229406572330845e-08,-1.8812716717775402e-08,9.935349254419634e-08,3.929482872422341e-08,-3.9078294378214196e-08,1.1784024422922812e-07,-3.5874546000513874e-08,1.1667609101095877e-07
00:00:04:43.716,61,6.708316391268454e-08,1.8812715829596982e-09,-2.242624752568645e-08,2.4419277266929384e-08,-5.5255370057238906e-08,0.010349532589316368,0.242688849568367,-7.567927440277344e-08,-4.615634807692004e-08,-6.556510889765832e-09,-3.185589037002501e-08,5.6885184562815994e-08,0.01036898884922266,0.2428235560655594,0.020502502098679543,-0.00018473599629942328,0.019060168415308,0.024461235851049423,0.013095464557409286,0.12188251316547394,0.009774701669812202,0.0008390200091525912,0.0003330875188112259,0.12270215898752213,0.12285413593053818,-7.536709017585963e-05,-0.0009074067929759622,0.020955048501491547,0.02131268009543419,0.08520340919494629,0.09734933823347092,0.0029961394611746073,0.0044466592371463776,0.04497354477643967,0.03999773785471916,0.002071702852845192,0.002791325096040964,0.08486801385879517,0.08702162653207779,0.07363538444042206,0.07463951408863068,-0.0007977199275046587,-0.0006764042191207409,0.25824248790740967,0.25232023000717163,0.25266146659851074,-0.00029545181314460933,0.06816737353801727,0.07763876765966415,0.02170293778181076,0.03303633630275726,2.0721926397015977e-09,-7.1525572131747595e-09,6.407499597571586e-08,-9.53674295089968e-09,7.880851882191564e-08,2.9273797608198038e-08,-3.451481589422656e-08,8.746981450258318e-08,-3.213062882423401e-08,9.611248685814644e-08
00:00:04:44.733,61,5.2899121527616444e-08,-2.3283064365386963e-09,-1.5068799541495537e-08,2.0116567966965704e-08,-4.425644917205318e-08,0.010635888203978539,0.2749810516834259,-6.003305230706246e-08,-3.870576747999621e-08,-9.834766778737958e-09,-2.377666596942163e-08,4.108995099727508e-08,0.010636984370648861,0.27515357732772827,0.020576538518071175,-0.00033583687036298215,0.020210538059473038,0.060553885996341705,0.014015760272741318,0.17116981744766235,0.014139767736196518,0.0016484576044604182,0.0003250424633733928,0.09302367269992828,0.0936405286192894,-0.0005020254757255316,-0.0008841654635034502,0.02033793181180954,0.0202780868858099,0.08733607083559036,0.10076586902141571,0.0019949236884713173,0.005070203449577093,0.025982003659009933,0.03041766583919525,0.0015234280144795775,0.0022578975185751915,0.12575018405914307,0.1267015039920807,0.07945113629102707,0.08057772368192673,-0.0008629497606307268,-0.0006902235909365118,0.2594328224658966,0.25231239199638367,0.2526552081108093,-0.00026393006555736065,0.06421098858118057,0.07252819836139679,0.010844666510820389,0.02173718623816967,1.8405262869336525e-09,-2.4586916946844894e-09,4.49270025626447e-08,-4.0046872484822416e-09,6.346031966586452e-08,2.2270251420763998e-08,-3.0137599082991073e-08,6.607733382679726e-08,-2.834945966867508e-08,7.949769553761143e-08
00:00:04:45.750,61,6.870366320299581e-08,9.592622696175113e-09,-2.864748260833494e-08,2.307817403846002e-08,-5.5134297127779064e-08,0.014346451498568058,0.3131677806377411,-7.653608946611712e-08,-4.205852732752646e-08,3.0919908855508993e-09,-3.5194680947370216e-08,6.629154114534686e-08,0.014336628839373589,0.3133904039859772,0.023255152627825737,-0.0005205281195230782,0.023850522935390472,0.13379552960395813,0.014682944864034653,0.2439279407262802,0.028624890372157097,0.002786993980407715,0.0002623360196594149,0.0379665270447731,0.0402061752974987,5.083829091745429e-05,2.2335945686791092e-05,0.019107628613710403,0.018349498510360718,0.0910007655620575,0.10478442907333374,0.00035517930518835783,0.00636933371424675,0.0032620884012430906,0.01659255661070347,0.0013037127209827304,0.0020222363527864218,0.21284133195877075,0.2110634297132492,0.0974218100309372,0.09938696026802063,-0.0008327248506247997,-0.0005711165140382946,0.2633762061595917,0.2495020627975464,0.24983026087284088,-0.00011449168232502416,0.058586154133081436,0.06463107466697693,0.0016644776333123446,0.011217992752790451,1.7241109651067177e-09,-1.3578683066839403e-08,7.737428120435652e-08,-1.7452984835131247e-08,7.925554967869175e-08,3.196531750404574e-08,-2.9504299448035454e-08,9.559094849009853e-08,-2.6635825989274053e-08,8.955598218562955e-08
00:00:04:45.766,61,6.699003307630846e-08,5.606561881421612e-09,-2.5033950024067053e-08,2.3450702713034843e-08,-5.4566189788829433e-08,0.015495372004806995,0.34773576259613037,-7.478520558379387e-08,-4.360452265927961e-08,-1.9371508841459217e-09,-3.284309002538066e-08,6.031245192161805e-08,0.015491535887122154,0.3479929268360138,0.03406393527984619,-0.0003262300742790103,0.029200777411460876,0.21073657274246216,0.012831661850214005,0.28393736481666565,0.031620386987924576,0.004041819367557764,0.0001352369727101177,0.007150415331125259,0.009574430994689465,0.0026323532219976187,0.0026045716367661953,0.019453858956694603,0.017843417823314667,0.10012385994195938,0.1130170077085495,3.467619535513222e-05,0.00739492941647768,-0.0012753900373354554,0.007012335583567619,0.001369741279631853,0.0019177654758095741,0.3181830048561096,0.3145226836204529,0.11666887253522873,0.11921605467796326,-0.0006677955389022827,-0.0005080813425593078,0.2719539999961853,0.2481933832168579,0.24847564101219177,0.0003852898662444204,0.051785554736852646,0.05534043908119202,-0.0009244549437426031,0.005629097111523151,1.887092260233203e-09,-9.834766778737958e-09,6.983056977105662e-08,-1.3187527514446629e-08,7.877126506627974e-08,3.043562202265093e-08,-3.18139790067562e-08,9.030103598206551e-08,-2.928078224329056e-08,9.149312774070495e-08
00:00:04:46.783,61,5.425885163390376e-08,4.582107138162428e-09,-2.0172446824062717e-08,1.904554736142927e-08,-4.430301459024122e-08,0.014577113091945648,0.3766283392906189,-6.056390589037619e-08,-3.529712699901211e-08,-1.3411045607369942e-09,-2.6570633693268064e-08,4.885718141167672e-08,0.014577817171812057,0.3769152760505676,0.04619947075843811,-0.00027652495191432536,0.03214814513921738,0.2513740658760071,0.010355114936828613,0.2625442445278168,0.020520132035017014,0.005098059307783842,0.00019162733224220574,0.005688166711479425,0.008162123151123524,0.002037737285718322,0.0017292979173362255,0.022420454770326614,0.020222149789333344,0.11678154021501541,0.1284804493188858,-0.00037942768540233374,0.00776758324354887,-0.0013876280281692743,0.0022197298239916563,0.000986637081950903,0.0014484545681625605,0.38254883885383606,0.3782062232494354,0.11908886581659317,0.12243922054767609,-0.0006190299754962325,-0.000497606408316642,0.2829417884349823,0.25117039680480957,0.2514289617538452,0.0002572581870481372,0.0483986958861351,0.05102979764342308,-0.0012226339895278215,0.0036556916311383247,1.5343539772061376e-09,-8.232891701709377e-09,5.759298815632974e-08,-1.1008232547737862e-08,6.427988097357229e-08,2.4884938554237124e-08,-2.5872141762306455e-08,7.3499975883351e-08,-2.37114718970588e-08,7.376074506737496e-08
00:00:04:47.799,61,5.8021395688001576e-08,7.1525572131747595e-09,-2.3450702713034843e-08,1.9837170128766957e-08,-4.6929343966439774e-08,0.013959868811070919,0.40046730637550354,-6.443821121138171e-08,-3.613531518453783e-08,1.415610295651959e-09,-2.9271468804381584e-08,5.461275520701747e-08,0.013979819603264332,0.40076935291290283,0.05610743165016174,-0.00019932643044739962,0.03390377014875412,0.27820923924446106,0.008184278383851051,0.2292754054069519,0.00825378019362688,0.005527296103537083,0.00010325908806407824,0.012867038138210773,0.016977988183498383,0.0004890960408374667,-0.00010586917051114142,0.028342230245471,0.02582804672420025,0.13274303078651428,0.14317922294139862,-0.0006573164719156921,0.0085302060469985,-0.001119448570534587,0.0002442674303893,0.0007410214166156948,0.0012428495101630688,0.4336574971675873,0.42941874265670776,0.11863833665847778,0.12302932143211365,-0.0006704744882881641,-0.0005487328744493425,0.2910503149032593,0.2571218013763428,0.2573629319667816,2.5959649065043777e-05,0.046922702342271805,0.04974369704723358,-0.0014889437006786466,0.0032066695857793093,1.5122350038865306e-09,-1.065432986280257e-08,6.485730352778774e-08,-1.4118850089062107e-08,6.822869380584962e-08,2.7185306450405733e-08,-2.5890766863767567e-08,8.046627186786282e-08,-2.3338943222483977e-08,7.614493569008118e-08
00:00:04:48.816,61,7.326714523969713e-08,5.215406329028838e-09,-2.6710331724189018e-08,2.5890766863767567e-08,-5.980953687867441e-08,0.014121339656412601,0.42142051458358765,-8.165836362650225e-08,-4.8018993226150997e-08,-3.0919908855508993e-09,-3.560911920885701e-08,6.51925802230835e-08,0.01415522675961256,0.42175009846687317,0.06402895599603653,-0.00015872060612309724,0.035033561289310455,0.30181315541267395,0.005358596332371235,0.19978900253772736,0.0009922555182129145,0.005941102281212807,8.465535756840836e-06,0.031793683767318726,0.03590467944741249,0.0003759637475013733,-0.00029112279298715293,0.034781694412231445,0.031984537839889526,0.14770649373531342,0.15677034854888916,-0.0005478406092152,0.009134604595601559,-0.0007361304596997797,-0.0004482607473619282,0.0005889674066565931,0.0011440380476415157,0.47220921516418457,0.46764305233955383,0.11572715640068054,0.1205410361289978,-0.0006681266240775585,-0.0005476382211782038,0.29793646931648254,0.264573335647583,0.2648058831691742,-0.00015401408018078655,0.04597138240933418,0.048991549760103226,-0.0014958796091377735,0.0028912993147969246,2.109445729203685e-09,-1.0393559790600193e-08,7.59400435867974e-08,-1.3932585751774695e-08,8.685514529815919e-08,3.335066267595721e-08,-3.5390257835388184e-08,9.854323934632703e-08,-3.2521782600269944e-08,1.0028481511881182e-07
00:00:04:49.833,61,9.754672447570556e-08,5.662441182607836e-09,-3.448687380114279e-08,3.4775585078250515e-08,-7.982365701764138e-08,0.013893436640501022,0.4400790333747864,-1.0896474123001099e-07,-6.485730352778774e-08,-5.941838132628163e-09,-4.6906063033702594e-08,8.50856309853043e-08,0.013936358503997326,0.4404253661632538,0.06937218457460403,-0.00010505743557587266,0.035640355199575424,0.3180161416530609,0.003551857778802514,0.17179462313652039,-0.00018589406681712717,0.006276106461882591,-2.133636735379696e-05,0.05959917977452278,0.06303146481513977,0.0005995443207211792,-0.00012583137140609324,0.0408695712685585,0.037869106978178024,0.15967558324337006,0.1674354374408722,-0.0006052923272363842,0.009516364894807339,-0.0005660021561197937,-0.0007575386553071439,0.00031119122286327183,0.0009039368596859276,0.4960017502307892,0.49107542634010315,0.11183760315179825,0.11673406511545181,-0.0007915038149803877,-0.0006646490073762834,0.3046208620071411,0.2721135914325714,0.2723428010940552,-0.00017762157949618995,0.04471687227487564,0.0480286180973053,-0.0016385546186938882,0.002519798930734396,2.8801150353530147e-09,-1.2628734502584393e-08,9.825453162193298e-08,-1.687556583362948e-08,1.1544674549668343e-07,4.3853653153291816e-08,-4.811212406252707e-08,1.2990086872832762e-07,-4.444271439751901e-08,1.353398033643316e-07
00:00:04:50.849,61,1.0652467352656458e-07,7.431954163195087e-09,-3.878027143855434e-08,3.763474509810294e-08,-8.701346843054125e-08,0.013227355666458607,0.4542977809906006,-1.1890195139585558e-07,-7.003545476891304e-08,-4.786997909178581e-09,-5.176756445735009e-08,9.454786464857534e-08,0.013270213268697262,0.4546653628349304,0.07308656722307205,-0.00010662726708687842,0.036293528974056244,0.3223148584365845,0.002513799350708723,0.1506783366203308,-0.0005400389200076461,0.006701979786157608,-3.298624505987391e-05,0.08478124439716339,0.08675852417945862,0.000532281119376421,-0.00022176295169629157,0.04592747986316681,0.042844828218221664,0.16580936312675476,0.1726304590702057,-0.0005656004068441689,0.010012868791818619,-0.0004598134837578982,-0.0010779601288959384,0.00020546991436276585,0.000834267120808363,0.5111416578292847,0.5058292150497437,0.10781710594892502,0.11249368637800217,-0.0008617484709247947,-0.0007369190570898354,0.30986249446868896,0.2782062590122223,0.2784317433834076,-0.00027652925928123295,0.044285938143730164,0.0476786345243454,-0.0018552920082584023,0.0021398516837507486,3.0687079544122753e-09,-1.4863908326390174e-08,1.0939314876168282e-07,-1.9781291271669943e-08,1.2552365546980582e-07,4.819827026381063e-08,-5.1651149135523156e-08,1.42971984473661e-07,-4.738569359119538e-08,1.4632939837611048e-07
00:00:04:51.866,61,1.0921619519876913e-07,1.352280420974239e-08,-4.392117247675742e-08,3.726221464717128e-08,-8.801929851642853e-08,0.012625783681869507,0.46325457096099854,-1.2130476534366608e-07,-6.817280961968208e-08,2.533197429599454e-09,-5.516223566814915e-08,1.0287389073937447e-07,0.012672522105276585,0.4636349380016327,0.07524329423904419,-7.887728861533105e-05,0.03672226518392563,0.3152269721031189,0.0020936443470418453,0.13498379290103912,-0.0005288911052048206,0.007143141236156225,-4.1438899643253535e-05,0.10273000597953796,0.10347219556570053,0.0003961980401072651,-0.0003210526774637401,0.04982278496026993,0.046833448112010956,0.16801586747169495,0.17425069212913513,-0.000554376863874495,0.010440671816468239,-0.0003306233847979456,-0.001312671578489244,0.00012778402015101165,0.0007751821540296078,0.5188068747520447,0.5132608413696289,0.10468319058418274,0.10886294394731522,-0.0008282774942927063,-0.0007225120207294822,0.3129485547542572,0.28298327326774597,0.283216655254364,-0.000343602936482057,0.04446111619472504,0.047814808785915375,-0.0020588121842592955,0.001797276083379984,2.8405338081682885e-09,-1.9799918149487894e-08,1.2079253508545662e-07,-2.5890766863767567e-08,1.2706965435427264e-07,5.078036480199444e-08,-4.8466027635640785e-08,1.5106051876045967e-07,-4.410743770222325e-08,1.4428049155412737e-07
00:00:04:52.883,61,1.0142102979671108e-07,1.87754629621395e-08,-4.5346094879050725e-08,3.3108516817037525e-08,-8.083880231879448e-08,0.011996529996395111,0.4676634967327118,-1.12103300864419e-07,-5.960464477539063e-08,1.002103111602537e-08,-5.339272490800795e-08,1.0183080689785129e-07,0.012043526396155357,0.4680483341217041,0.0757438912987709,-5.6326760386582464e-05,0.03686777502298355,0.29372090101242065,0.0017445917474105954,0.1244024857878685,-0.0006453448440879583,0.007461236789822578,-2.6637148039299063e-05,0.11410528421401978,0.11365356296300888,0.0002645987260621041,-0.0004076767072547227,0.05225007236003876,0.04955581575632095,0.16648857295513153,0.17274318635463715,-0.0005262184422463179,0.010805309750139713,-0.0002704396902117878,-0.001553105073980987,0.00013515252794604748,0.0008012109901756048,0.5159567594528198,0.5102077722549438,0.10085498541593552,0.1042756661772728,-0.0008480030228383839,-0.0007660305709578097,0.31445375084877014,0.28529438376426697,0.2855367958545685,-0.00044359470484778285,0.044374722987413406,0.04763965308666229,-0.0021083191968500614,0.0014911271864548326,2.3271422566750743e-09,-2.3469329590852794e-08,1.2129545723382762e-07,-2.9988587613161144e-08,1.1647119890767499e-07,4.866160452365875e-08,-4.0363520525943386e-08,1.4501624434615223e-07,-3.6060811225979705e-08,1.27553946072112e-07
00:00:04:54.900,61,1.0259449823024624e-07,2.5574117046289757e-08,-5.0701199683089726e-08,3.196299047658613e-08,-8.068978729625087e-08,0.011472947895526886,0.4665071964263916,-1.1281110090521906e-07,-5.599111219112274e-08,1.8216669062098845e-08,-5.638692357479158e-08,1.0993331756026237e-07,0.011517111212015152,0.4668947160243988,0.07213772088289261,-3.0240566047723405e-05,0.036384277045726776,0.24219661951065063,0.001238557044416666,0.11467225849628448,-0.0009046764462254941,0.007651318795979023,3.9226506487466395e-05,0.11620287597179413,0.11441393941640854,8.13260703580454e-05,-0.0003533977142069489,0.053388237953186035,0.05126174911856651,0.16253191232681274,0.16996356844902039,-0.00032857118640094995,0.011254927143454552,-8.312978025060147e-05,-0.0015176846645772457,-4.804577838513069e-05,0.0005809363210573792,0.46665918827056885,0.46100544929504395,0.09242936968803406,0.09425678849220276,-0.0009468573261983693,-0.0008969840127974749,0.31411293148994446,0.28511160612106323,0.2853779196739197,-0.0005402373499237001,0.0425938256084919,0.045821767300367355,-0.0019533466547727585,0.0010714861564338207,2.016313338515374e-09,-2.9224901609836706e-08,1.328810981249262e-07,-3.6861749208583205e-08,1.1602416805089888e-07,5.0789676464546574e-08,-3.5893172878331825e-08,1.5184282631253154e-07,-3.123656000525443e-08,1.2226402645865164e-07
00:00:04:55.916,61,9.700656278255337e-08,3.071501808449284e-08,-5.267560609922839e-08,2.862885573051699e-08,-7.512048227908963e-08,0.011382123455405235,0.4593544900417328,-1.0621734247706627e-07,-4.8801304330936546e-08,2.548098620991368e-08,-5.562323934782398e-08,1.1065974803159406e-07,0.011424262076616287,0.45974236726760864,0.06141093745827675,9.197674808092415e-05,0.035862963646650314,0.1866348385810852,0.0010288761695846915,0.10905050486326218,-0.0008968093898147345,0.007730233483016491,-1.6827079889480956e-05,0.11381601542234421,0.11058187484741211,0.00021795839711558074,-5.4829419241286814e-05,0.05315205082297325,0.051470547914505005,0.15639130771160126,0.16552844643592834,-0.00021054863464087248,0.011275622062385082,-0.000696401868481189,-0.0014702272601425648,3.3106134651461616e-05,0.0006437364500015974,0.3832373023033142,0.37837913632392883,0.08394280076026917,0.08420590311288834,-0.0007748183561488986,-0.0007736525149084628,0.3097142279148102,0.28371915221214294,0.2840152084827423,-0.000544958864338696,0.041066549718379974,0.04443049430847168,-0.0019853771664202213,0.0006145134684629738,1.5855766699601759e-09,-3.278255533700758e-08,1.352094045614649e-07,-4.1127204752910984e-08,1.0775401904083992e-07,4.948349641153982e-08,-2.8908253568715736e-08,1.4843419648968847e-07,-2.4382025287650322e-08,1.0870397204598703e-07
00:00:04:56.933,61,1.0190531440912309e-07,2.3748725652694702e-08,-4.919245810697248e-08,3.2074748190780156e-08,-8.040107957185683e-08,0.011908075772225857,0.4468424320220947,-1.1252239318082502e-07,-5.664303870389631e-08,1.5869737524099037e-08,-5.550216997107782e-08,1.075118802873476e-07,0.011934311129152775,0.4472169876098633,0.04995497688651085,0.00012055438128300011,0.035171087831258774,0.13509982824325562,0.0016835812712088227,0.11084688454866409,-0.0012127659283578396,0.007658138871192932,1.4871135135763325e-05,0.09723397344350815,0.09285235404968262,0.0002217906730948016,5.5965185310924426e-05,0.049459394067525864,0.047931890934705734,0.1510627418756485,0.16250964999198914,-0.0001879686169559136,0.010928901843726635,-0.0003263349935878068,-0.0007321554585359991,-3.422334702918306e-05,0.000541876710485667,0.2806348502635956,0.27684351801872253,0.07012974470853806,0.06900481134653091,-0.0008441766840405762,-0.0008683785563334823,0.30464014410972595,0.27941617369651794,0.2797483205795288,-0.000727759615983814,0.04128311201930046,0.04438258707523346,-0.002114174421876669,-1.3291835898598947e-07,2.0884909357477e-09,-2.767890627808356e-08,1.2919306868752756e-07,-3.503635426227447e-08,1.1507421504575177e-07,4.9858353889931095e-08,-3.6861749208583205e-08,1.4928168923233898e-07,-3.226101341624599e-08,1.2293457984924316e-07
00:00:04:57.950,61,1.079216573884878e-07,2.2239982300220618e-08,-4.999339608957598e-08,3.4691765904426575e-08,-8.560716935335222e-08,0.01246327068656683,0.43236422538757324,-1.19544566246077e-07,-6.19888282926695e-08,1.337379185173404e-08,-5.7793222651980614e-08,1.1093914764614965e-07,0.012459645047783852,0.43272244930267334,0.040754739195108414,-2.5000870664371178e-05,0.03366786614060402,0.09823335707187653,0.003379702800884843,0.11462607979774475,-0.0015739590162411332,0.007344056852161884,0.00010131813905900344,0.0800715833902359,0.07493207603693008,0.00015814841026440263,-1.6299187336699106e-05,0.042698055505752563,0.04120304435491562,0.1412239670753479,0.15458530187606812,-0.00016301989671774209,0.010024083778262138,-0.0004545354750007391,0.00023495152709074318,-0.00029737866134382784,0.0001982649409910664,0.20283550024032593,0.19988250732421875,0.06160310283303261,0.05978958308696747,-0.0009971118997782469,-0.0009900744771584868,0.2974143326282501,0.27365022897720337,0.27401500940322876,-0.0010667289607226849,0.043661292642354965,0.04646633192896843,-0.001734703779220581,0.0005627855425700545,2.3504254098583033e-09,-2.6803464336921934e-08,1.3193115933063382e-07,-3.386288938145299e-08,1.2224539602812e-07,5.19468450477234e-08,-4.0978193283081055e-08,1.5565194644295843e-07,-3.6545099391105396e-08,1.3384968156060495e-07
00:00:04:58.966,61,1.0116026061268713e-07,2.6021153232136385e-08,-5.0468369039435856e-08,3.124587166780657e-08,-7.926486489395757e-08,0.01167073380202055,0.42417946457862854,-1.1162832436184544e-07,-5.520880108633719e-08,1.8738210982860437e-08,-5.594920438056761e-08,1.0924414084456657e-07,0.01165416557341814,0.4245319366455078,0.035548724234104156,-0.0001293202512897551,0.031217172741889954,0.08045530319213867,0.00477930624037981,0.11387290805578232,-0.0014641594607383013,0.0071627055294811726,8.788339619059116e-05,0.07075139880180359,0.06508481502532959,0.0003009977808687836,-2.8118490718043176e-06,0.03741559386253357,0.03588847070932388,0.13394592702388763,0.14769071340560913,-9.220480569638312e-05,0.009242424741387367,-0.0004084907122887671,0.0006833022926002741,-0.0005038309609517455,-4.617005470208824e-05,0.1698043793439865,0.16696208715438843,0.05568375438451767,0.053638190031051636,-0.0008240246679633856,-0.0007901096250861883,0.29425880312919617,0.26911553740501404,0.26949238777160645,-0.0011325686937198043,0.04323947802186012,0.04606592655181885,-0.001552217872813344,0.0007622343255206943,1.954613360055646e-09,-2.9187649630557644e-08,1.3072043714146275e-07,-3.67499879416755e-08,1.1311843906014474e-07,4.980014622901763e-08,-3.453344277204451e-08,1.4960765781779628e-07,-3.023072991936715e-08,1.2014061212539673e-07
00:00:04:59.983,61,8.535571538459408e-08,2.3208558630471998e-08,-4.375353412910954e-08,2.6058405211415447e-08,-6.655231032937081e-08,0.011282812803983688,0.4211837351322174,-9.406358003616333e-08,-4.567205991179435e-08,1.7918646122438986e-08,-4.775356643449413e-08,9.372830334086757e-08,0.01125414576381445,0.4215315580368042,0.03182292357087135,-0.00021318394283298403,0.029513273388147354,0.07192997634410858,0.006208828650414944,0.1125025674700737,-0.001178512815386057,0.0071032727137207985,0.00010335276601836085,0.06548480689525604,0.0594438761472702,0.0002686998341232538,-5.643494296236895e-05,0.033794235438108444,0.03224874660372734,0.12863589823246002,0.14234603941440582,5.3360461606644094e-05,0.008554195985198021,-0.00033570663072168827,0.0008309967815876007,-0.0005858965450897813,-0.00015388839528895915,0.15252581238746643,0.14956195652484894,0.050864335149526596,0.04876985400915146,-0.0007798540755175054,-0.0007455432205460966,0.28971683979034424,0.26527538895606995,0.26565250754356384,-0.001170384231954813,0.042230043560266495,0.0450209379196167,-0.0015356874791905284,0.0005440110107883811,1.584412490096554e-09,-2.5723130292476526e-08,1.1235475483317714e-07,-3.2410024886075917e-08,9.519979471406259e-08,4.235422323972671e-08,-2.8125942463930187e-08,1.272559160270248e-07,-2.4288892674917406e-08,9.994953842351606e-08
00:00:05:00.000,61,8.547678476134024e-08,1.3280660127179544e-08,-3.634951895037375e-08,2.8451903943960133e-08,-6.845220923423767e-08,0.011252352967858315,0.4211413562297821,-9.518116428353096e-08,-5.21913179341027e-08,5.438923977862942e-09,-4.4247133956787366e-08,8.352100877573321e-08,0.01121574081480503,0.42148587107658386,0.029710719361901283,-0.0002850800519809127,0.027896184474229813,0.06760276108980179,0.0063925753347575665,0.11038896441459656,-0.0008875101921148598,0.007186842150986195,0.00013646515435539186,0.06291710585355759,0.056642934679985046,0.00033384189009666443,-5.438320295070298e-05,0.03118414804339409,0.02963840402662754,0.12578199803829193,0.13952545821666718,0.00020477562793530524,0.008445500396192074,-0.00034853362012654543,0.0009917013812810183,-0.0007783874752931297,-0.00039032025961205363,0.14478331804275513,0.14148403704166412,0.047128066420555115,0.04503763094544411,-0.0008224901393987238,-0.0007707178592681885,0.29017919301986694,0.2616875469684601,0.2620736062526703,-0.0010918602347373962,0.04101719707250595,0.04361068829894066,-0.0014372572768479586,0.000554439437109977,2.1012964701583314e-09,-1.765787516205819e-08,9.743497031422521e-08,-2.2668391608249294e-08,9.816140078555691e-08,4.0074809248835663e-08,-3.585591912269592e-08,1.198239658606326e-07,-3.246590551952977e-08,1.1067837135669834e-07
00:00:05:00.016,61,8.141621776758257e-08,1.1529773580321034e-08,-3.3993273973464966e-08,2.736225646060575e-08,-6.548128794747754e-08,0.0100307771936059,0.4231894016265869,-9.074807394426898e-08,-5.014240755940591e-08,3.6507845635469494e-09,-4.1821039076239686e-08,7.860362671863186e-08,0.009989137761294842,0.4235297739505768,0.027638055384159088,-0.000340927392244339,0.027210788801312447,0.06588081270456314,0.007351873442530632,0.11220884323120117,-0.000766466255299747,0.00731675373390317,0.00014841383381281048,0.06335639953613281,0.05634016543626785,0.00034713148488663137,-0.00014347315300256014,0.028490906581282616,0.02687063254415989,0.12306623160839081,0.1370295286178589,0.0002832362079061568,0.008208339102566242,-0.000403289042878896,0.0010903343791142106,-0.0009912876412272453,-0.0006597259780392051,0.1438758671283722,0.14058105647563934,0.04553307592868805,0.04342195391654968,-0.0009183955262415111,-0.0008585566538386047,0.29202383756637573,0.261051207780838,0.26143962144851685,-0.0011714823776856065,0.04130508750677109,0.04387649521231651,-0.0013691351050511003,0.0005796786863356829,2.0361039521077373e-09,-1.605600097320803e-08,9.169801984398873e-08,-2.0638108111370457e-08,9.376555709650347e-08,3.794673730794784e-08,-3.4943223425898395e-08,1.133792082441687e-07,-3.183260588457415e-08,1.0646879644582441e-07
00:00:05:01.033,61,6.429851140410392e-08,8.828937581029095e-09,-2.6505439620905236e-08,2.1653249859809875e-08,-5.159527205478298e-08,0.009578433819115162,0.4248500168323517,-7.169321492028757e-08,-3.997236319719377e-08,2.3469328702674375e-09,-3.288034378101656e-08,6.161630494716519e-08,0.009535497054457664,0.4251915216445923,0.025770027190446854,-0.00041309194057248533,0.02650677226483822,0.0669596940279007,0.008561826311051846,0.11351827532052994,-0.000692998175509274,0.007689652498811483,0.00011340928176650777,0.06511186808347702,0.05753515660762787,0.00034380092984065413,-0.0003049252845812589,0.02654161863029003,0.024810699746012688,0.1208304613828659,0.13444796204566956,0.00025535671738907695,0.008086152374744415,-0.0004566615680232644,0.0011852505849674344,-0.0010698254918679595,-0.0007402305491268635,0.15142923593521118,0.14802902936935425,0.04469112306833267,0.04248502850532532,-0.0007543409010395408,-0.0006894135731272399,0.29638180136680603,0.2607637643814087,0.2611463963985443,-0.0009895582916215062,0.041057128459215164,0.043557967990636826,-0.0012585348449647427,0.0006835177773609757,1.6286503257134655e-09,-1.2293457807288632e-08,7.180496908176792e-08,-1.5869737524099037e-08,7.424503678521432e-08,2.992106473698186e-08,-2.7753412012998524e-08,8.916482130416625e-08,-2.5182963270253822e-08,8.467584677873674e-08
00:00:05:02.049,61,5.429610538953966e-08,1.0114162840579866e-08,-2.4139881205087477e-08,1.7732382673329994e-08,-4.326924596398385e-08,0.00893223937600851,0.42878642678260803,-6.030313670635223e-08,-3.218650945768786e-08,5.140900594113873e-09,-2.8633513338149896e-08,5.4687262718289276e-08,0.00889121275395155,0.4291286766529083,0.02490556426346302,-0.0003891497908625752,0.026234500110149384,0.07211623340845108,0.008243918418884277,0.11597141623497009,-0.00046923637273721397,0.007961442694067955,0.00011923017154913396,0.06752660870552063,0.05948956310749054,0.0003917105495929718,-0.0003281526151113212,0.025516731664538383,0.02371467836201191,0.11931849271059036,0.1328819990158081,0.0002697041491046548,0.007891131564974785,-0.0004974505282007158,0.0010868099052459002,-0.0010316155385226011,-0.0007088192505761981,0.16849260032176971,0.1648620367050171,0.04566255584359169,0.04353630542755127,-0.0007356732967309654,-0.0006777423550374806,0.30035534501075745,0.2615811228752136,0.2619543969631195,-0.0007636293303221464,0.04039173200726509,0.04291479289531708,-0.0011982852593064308,0.0006073162076063454,1.2572854979353565e-09,-1.2479722144576044e-08,6.452202683249197e-08,-1.5962868360475113e-08,6.236135874360116e-08,2.5962945571222917e-08,-2.16439364209009e-08,7.741153495999242e-08,-1.955777406692505e-08,6.899237803281721e-08
00:00:05:03.066,61,6.021932108524197e-08,9.22009313342187e-09,-2.544373245427778e-08,2.0181760262971693e-08,-4.845671242037497e-08,0.007957364432513714,0.4341900646686554,-6.703660204721018e-08,-3.6824495452947303e-08,3.390014269299968e-09,-3.1124798738346726e-08,5.8803706792787125e-08,0.007919050753116608,0.43453606963157654,0.024597391486167908,-0.0003783637366723269,0.02652112953364849,0.0796801745891571,0.006985628046095371,0.11943817138671875,-0.00026624262682162225,0.008267782628536224,0.00013913777365814894,0.07066166400909424,0.06246216595172882,0.0003285194106865674,-0.0003394608211237937,0.02487041801214218,0.023080473765730858,0.11749795824289322,0.13113933801651,0.00014011203893460333,0.007975279353559017,-0.0005133615341037512,0.0009049331420101225,-0.0009735487983562052,-0.0006593032740056515,0.1904049813747406,0.18643391132354736,0.04841643199324608,0.046234387904405594,-0.0006990075344219804,-0.000630382273811847,0.3081941306591034,0.26308977603912354,0.26346126198768616,-0.0005782353109680116,0.04067195951938629,0.04314345866441727,-0.0009855669923126698,0.0006514523993246257,1.4854595331570408e-09,-1.2125820347819172e-08,6.910413219429756e-08,-1.592561638119605e-08,6.96443009928771e-08,2.841465196468107e-08,-2.5425105576459828e-08,8.456409261725639e-08,-2.2854656833715126e-08,7.841735794045235e-08
00:00:05:04.083,61,7.877126506627974e-08,9.275972878697303e-09,-3.1441448555824536e-08,2.6943162367842888e-08,-6.360001947314231e-08,0.007546958979219198,0.4399912357330322,-8.80006680858969e-08,-4.999339608957598e-08,1.1175871339474952e-09,-3.972556328335486e-08,7.405876800703481e-08,0.007507116999477148,0.44034114480018616,0.025459356606006622,-0.00036307863774709404,0.02772589772939682,0.08742106705904007,0.005688877310603857,0.12182340025901794,-0.0005741888307966292,0.0083544310182333,0.0001369006058666855,0.07330553978681564,0.06495340168476105,0.0002461267285980284,-0.00044624230940826237,0.02536405622959137,0.023580990731716156,0.11917226761579514,0.1328781396150589,7.143318725866266e-06,0.008101017214357853,-0.0007127147982828319,0.0006958876620046794,-0.0008631011005491018,-0.0005697576561942697,0.2109268307685852,0.2069370597600937,0.05135895684361458,0.04916370287537575,-0.0006976366275921464,-0.0006394714000634849,0.31648266315460205,0.2652812600135803,0.2656473219394684,-0.0005295665469020605,0.04048417881131172,0.04280122369527817,-0.0011156636755913496,0.0005701389745809138,2.0791777188833294e-09,-1.3820827149402248e-08,8.594244604864798e-08,-1.8086284470086866e-08,9.139999690432887e-08,3.6323907437463276e-08,-3.51853657321044e-08,1.083128182699511e-07,-3.198161735440408e-08,1.0542571260430122e-07
00:00:05:05.099,61,6.634741822608703e-08,1.0132789718397817e-08,-2.801418297337932e-08,2.2118911147117615e-08,-5.3131952171270314e-08,0.006886765826493502,0.4457450807094574,-7.377937549790659e-08,-4.0531158873591266e-08,3.5390257391298974e-09,-3.4226104617118835e-08,6.45034035073877e-08,0.00684715248644352,0.44610023498535156,0.02663595601916313,-0.0003101715410593897,0.028353016823530197,0.09630697220563889,0.004726419225335121,0.12230541557073593,-0.0004269060445949435,0.008707520551979542,9.159024193650112e-05,0.07666677236557007,0.0677240863442421,0.0003233622701372951,-0.00031117527396418154,0.026448793709278107,0.02457723207771778,0.12084092199802399,0.13429352641105652,-0.0001127636423916556,0.008285689167678356,-0.000729147344827652,0.0005271924892440438,-0.0007726204348728061,-0.0004943593521602452,0.23377437889575958,0.22919009625911713,0.05351573973894119,0.05125564709305763,-0.0007171764736995101,-0.0006803983706049621,0.32458674907684326,0.266684889793396,0.26704293489456177,-0.0004965549451299012,0.04027143120765686,0.04233219474554062,-0.0010078790364786983,0.0002811768790706992,1.6239937172812802e-09,-1.3466924464466956e-08,7.59772973424333e-08,-1.7322600243119268e-08,7.649883571048122e-08,3.120396385725144e-08,-2.7976930994100258e-08,9.296461911389997e-08,-2.5276094106629898e-08,8.605420731555569e-08
00:00:05:06.116,61,6.865710133752145e-08,1.242384328747903e-08,-3.0323864308456905e-08,2.252869357732834e-08,-5.461275520701747e-08,0.007125882897526026,0.4515402317047119,-7.617287423045127e-08,-4.094093952744515e-08,6.0722231687293515e-09,-3.601424225507799e-08,6.861984758188555e-08,0.0070873131044209,0.45190733671188354,0.02801237627863884,-0.0002715246519073844,0.029428577050566673,0.10382097214460373,0.003769076196476817,0.12225768715143204,-0.0006293138721957803,0.009135994128882885,0.00010019373439718038,0.07878562062978745,0.06958898156881332,0.00033163907937705517,-0.0002313028962817043,0.027860842645168304,0.025928430259227753,0.12357118725776672,0.13693372905254364,-0.00017269462114199996,0.008527806028723717,-0.0008239272283390164,0.0004196727240923792,-0.0007062408258207142,-0.0004192180931568146,0.25472983717918396,0.2497597485780716,0.05567178875207901,0.05336063727736473,-0.0005543494480662048,-0.0005314507870934904,0.3317134976387024,0.2691930830478668,0.2695515751838684,-0.0004326492780819535,0.039884958416223526,0.04165545478463173,-0.0010255001252517104,0.0001935730833793059,1.5983823153931098e-09,-1.5217811011325466e-08,8.102506399154663e-08,-1.9762664393851992e-08,7.864088047426776e-08,3.2701063190643254e-08,-2.7436762195520714e-08,9.758397823134146e-08,-2.4717301982946083e-08,8.720904531855922e-08
00:00:05:07.133,61,7.407739843756644e-08,1.6801060098714515e-08,-3.535300407975228e-08,2.3422762396307917e-08,-5.843117989456914e-08,0.00712923426181078,0.4572005569934845,-8.18446252992544e-08,-4.1946769613332435e-08,1.0915100823183366e-08,-4.020053978592841e-08,7.795169665314461e-08,0.007090404164046049,0.45757827162742615,0.029322152957320213,-0.0002584473113529384,0.030079640448093414,0.10962711274623871,0.003371872240677476,0.12116872519254684,-0.0008546298486180604,0.009476262144744396,7.910493150120601e-05,0.08228292316198349,0.07255034893751144,0.0003169181873090565,-0.00024894089438021183,0.0293111652135849,0.027342787012457848,0.12578590214252472,0.13896016776561737,-0.00015505551709793508,0.008697452954947948,-0.0007413236889988184,0.00018846035527531058,-0.0005409361911006272,-0.00025234781787730753,0.2712109386920929,0.26589903235435486,0.058129291981458664,0.055645860731601715,-0.0006525343633256853,-0.0006356078665703535,0.3373277187347412,0.2715942859649658,0.2719487249851227,-0.00035669509088620543,0.04035556688904762,0.041865043342113495,-0.0009841311257332563,3.861784989567241e-06,1.5425030142068863e-09,-1.9539147189107098e-08,9.313225746154785e-08,-2.4922192309873026e-08,8.398667006304095e-08,3.621214972326925e-08,-2.691522205111596e-08,1.083128182699511e-07,-2.3785979408330604e-08,9.082257435011343e-08
00:00:05:09.150,61,8.072704105188677e-08,9.853392768377489e-09,-3.250315927516567e-08,2.7501956267883543e-08,-6.50528804158057e-08,0.006963672116398811,0.4611418545246124,-8.994713596166548e-08,-5.079433407217948e-08,1.4901161415892261e-09,-4.080589732780027e-08,7.621943609592563e-08,0.00692653888836503,0.46152541041374207,0.03073801100254059,-0.00019930463167838752,0.030860858038067818,0.11358543485403061,0.0027858454268425703,0.11880997568368912,-0.0009151941630989313,0.009933141991496086,5.832904571434483e-05,0.08675190061330795,0.07626258581876755,0.00027704835520125926,-0.0001758517319103703,0.03094490058720112,0.02892979234457016,0.1288311928510666,0.14179347455501556,-0.000186913603101857,0.008782999590039253,-0.0007646417361684144,-4.5845285058021545e-05,-0.0005138127016834915,-0.0002566096081864089,0.28514403104782104,0.27962055802345276,0.06029978767037392,0.057649411261081696,-0.0007498231716454029,-0.0007632896304130554,0.342199444770813,0.27376246452331543,0.274122416973114,-0.00040788098704069853,0.040523771196603775,0.041696611791849136,-0.0008812712039798498,-0.00021500021102838218,2.107117369476441e-09,-1.4603138254187797e-08,8.892268255067393e-08,-1.8905847554151478e-08,9.343028040120771e-08,3.742519893989993e-08,-3.580003848924207e-08,1.1142343225856166e-07,-3.244727864171182e-08,1.0732561150916808e-07
00:00:05:10.166,61,9.293668057352988e-08,6.37024655247842e-09,-3.375113166725896e-08,3.280118221482553e-08,-7.580034377951961e-08,0.006856358144432306,0.4639005959033966,-1.0408461292854554e-07,-6.144866659951731e-08,-4.358589489328324e-09,-4.52715909204926e-08,8.266419371238953e-08,0.006824598181992769,0.46429306268692017,0.03163271024823189,-0.00014844894758425653,0.031519051641225815,0.11651385575532913,0.002462289296090603,0.11626619100570679,-0.0008396166376769543,0.01032440084964037,4.203495700494386e-05,0.09168210625648499,0.08084660768508911,0.00021082580497022718,-0.0001973126782104373,0.03227813169360161,0.03023725003004074,0.131432443857193,0.14433500170707703,-0.00022006750805303454,0.00901329517364502,-0.0007859620382077992,-0.0002735428570304066,-0.0005090475897304714,-0.00025411092792637646,0.2972930073738098,0.291629433631897,0.06236330047249794,0.05956711620092392,-0.0007946017431095243,-0.000821091525722295,0.34569600224494934,0.27620089054107666,0.2765692174434662,-0.0003237596247345209,0.04029730707406998,0.04136166721582413,-0.0008288349490612745,-0.00020877689530607313,2.6624185078816254e-09,-1.305714292243465e-08,9.512528720279079e-08,-1.7099083038374374e-08,1.0889023371873918e-07,4.189554658751149e-08,-4.483386817355495e-08,1.244991949533869e-07,-4.1462481448206745e-08,1.2829899276312062e-07
00:00:05:11.183,61,8.458271594236066e-08,8.977949939037444e-09,-3.311783203230334e-08,2.9141084212369606e-08,-6.83590783978616e-08,0.007017661351710558,0.4645226299762726,-9.443611048709499e-08,-5.4016709327697754e-08,1.490116086078075e-10,-4.2305327241365376e-08,7.839873461534808e-08,0.006988014094531536,0.4649205803871155,0.03240431100130081,-0.00011696755973389372,0.032032910734415054,0.11854487657546997,0.002401249948889017,0.11361727863550186,-0.0009176635649055243,0.010618235915899277,-1.6814507034723647e-05,0.09844046831130981,0.08688575774431229,0.0002152863162336871,-0.00017793089500628412,0.033427100628614426,0.03132587671279907,0.1329657882452011,0.14555023610591888,-0.00021147847292013466,0.009086895734071732,-0.0006935716955922544,-0.0003423629095777869,-0.0006036447593942285,-0.000364437117241323,0.30834996700286865,0.30251193046569824,0.0645170509815216,0.06148211658000946,-0.0006903770845383406,-0.0007415405125357211,0.346212774515152,0.2779751718044281,0.2783423364162445,-0.00024265368119813502,0.040352415293455124,0.041220784187316895,-0.0008028899901546538,-0.00017124130681622773,2.2770836327623556e-09,-1.4305114426349519e-08,9.119510480104509e-08,-1.845881314466169e-08,9.838491621394496e-08,3.8887375097829135e-08,-3.83518639068825e-08,1.1568889135560312e-07,-3.520399260992235e-08,1.1391937704274824e-07
00:00:05:12.200,61,8.44243928099786e-08,4.2095780194983945e-09,-2.942979371312049e-08,3.019347616373125e-08,-6.912276262482919e-08,0.006493591703474522,0.4636200964450836,-9.461305694458133e-08,-5.677342329590829e-08,-5.88595883144194e-09,-4.0531158873591266e-08,7.327646045496294e-08,0.006466388236731291,0.4640212953090668,0.033701807260513306,-9.170614066533744e-05,0.03275476396083832,0.11919277161359787,0.0019321012077853084,0.10935568064451218,-0.0009917884599417448,0.010692047886550426,-7.202001143014058e-05,0.1065489798784256,0.09443120658397675,0.00018320321396458894,-0.00020584731828421354,0.034812081605196,0.03273383900523186,0.13460344076156616,0.1471555382013321,-0.00019597291247919202,0.00911580678075552,-0.0006693412433378398,-0.00048459842219017446,-0.000653135939501226,-0.0004212138010188937,0.31793203949928284,0.31219157576560974,0.06795915961265564,0.06474761664867401,-0.0007158899097703397,-0.0007735628169029951,0.3469789922237396,0.2787899672985077,0.2791597247123718,-0.0002285218215547502,0.04082740470767021,0.04166741296648979,-0.0007853127899579704,-6.473451503552496e-05,2.5075861387335863e-09,-1.035630692314271e-08,8.374452420412126e-08,-1.383945313904178e-08,9.939074629983224e-08,3.769295275901641e-08,-4.185363522424268e-08,1.1175870895385742e-07,-3.879889831637229e-08,1.1842698199870938e-07
00:00:05:13.216,61,8.532777684422399e-08,8.568167841893626e-10,-2.7306377603508736e-08,3.1357629382000596e-08,-7.041730043511052e-08,0.006462698802351952,0.46112069487571716,-9.595416372576437e-08,-5.9437006427742745e-08,-1.0430812658057675e-08,-3.974419016117281e-08,7.065013107876439e-08,0.006440377328544855,0.4615197479724884,0.035304583609104156,-8.020572568057105e-05,0.03349929675459862,0.11917484551668167,0.0014298975002020597,0.10374599695205688,-0.0009984641801565886,0.010784976184368134,-0.0001107838106690906,0.11744224280118942,0.10453186184167862,0.00012146413064328954,-0.00022846162028145045,0.036369822919368744,0.03436175361275673,0.1360016018152237,0.1484033614397049,-0.0002613425313029438,0.009139588102698326,-0.0007553568575531244,-0.0006884328322485089,-0.0007823609630577266,-0.0005621343734674156,0.3271911144256592,0.3215337097644806,0.07154560834169388,0.0681433454155922,-0.0007108154823072255,-0.0007735732360742986,0.34523797035217285,0.27868515253067017,0.2790641486644745,-0.0002659916935954243,0.04101826623082161,0.04191770404577255,-0.0008556909742765129,4.5643151679541916e-05,2.7043278727489906e-09,-7.63684493421124e-09,7.964670345472769e-08,-1.0747462475535485e-08,1.0136514561054355e-07,3.7297141375347564e-08,-4.48524950513729e-08,1.1031515612103249e-07,-4.217028504172049e-08,1.2315810238305858e-07
00:00:05:14.233,61,7.380731403827667e-08,3.054738018093417e-09,-2.5518238189192743e-08,2.6552006815450113e-08,-6.04614598387343e-08,0.006328357383608818,0.45719701051712036,-8.280389351966733e-08,-5.014240755940591e-08,-5.811452652437765e-09,-3.52552156357433e-08,6.357208093277222e-08,0.006311167497187853,0.4575936198234558,0.036291755735874176,-3.2908767025219277e-05,0.03367363661527634,0.12002292275428772,0.0012830734485760331,0.10081428289413452,-0.001068847719579935,0.01098373532295227,-0.00015756771608721465,0.12840917706489563,0.11497961729764938,4.992216781829484e-05,-0.000210559373954311,0.037653084844350815,0.03567085042595863,0.13599428534507751,0.14810407161712646,-0.00026951433392241597,0.009123307652771473,-0.0007473973673768342,-0.0008437682408839464,-0.0008646045462228358,-0.0006423881859518588,0.33628758788108826,0.3306877017021179,0.07601924240589142,0.0725620910525322,-0.0007005041697993875,-0.0007841783808544278,0.3397820293903351,0.2774854898452759,0.27786895632743835,-0.0002538228582125157,0.04263344407081604,0.043569039553403854,-0.0010012744460254908,0.0001799307792680338,2.2165478341662492e-09,-8.493661773911754e-09,7.26617841451116e-08,-1.162290530487553e-08,8.715316823781905e-08,3.286171690319861e-08,-3.708526463697126e-08,9.731389383205169e-08,-3.453344277204451e-08,1.043081283569336e-07
00:00:05:14.250,61,7.660128176212311e-08,5.271285630215061e-09,-2.7809292646452377e-08,2.7073546959854866e-08,-6.259418938725503e-08,0.005537588614970446,0.4521198272705078,-8.570961540499411e-08,-5.047768425470167e-08,-3.799796033376879e-09,-3.727618747007e-08,6.785616335491795e-08,0.005527126602828503,0.4525134265422821,0.037174783647060394,5.048640014138073e-05,0.033346280455589294,0.12018020451068878,0.0010807118378579617,0.0986577570438385,-0.0012241798685863614,0.01085494365543127,-0.00021685459068976343,0.139919713139534,0.12634596228599548,8.646726928418502e-05,-0.00027213006978854537,0.03840956836938858,0.036497972905635834,0.13584183156490326,0.14791087806224823,-0.00016537428018637002,0.009124993346631527,-0.000646828266326338,-0.0011182976886630058,-0.0010262856958433986,-0.0008191178203560412,0.3471740782260895,0.34187811613082886,0.08425586670637131,0.0809052437543869,-0.0005657938309013844,-0.0006743413396179676,0.3325429856777191,0.27551141381263733,0.27589309215545654,-0.00012276780034881085,0.044887054711580276,0.04610214754939079,-0.0010733292438089848,0.0006059634615667164,2.199085358256525e-09,-1.0263175198588215e-08,7.845461169608825e-08,-1.4025718364507611e-08,9.000301304240566e-08,3.454973906968917e-08,-3.691762628932338e-08,1.0250136028844281e-07,-3.419816607674875e-08,1.0620802726180045e-07
00:00:05:15.266,61,7.386319111901685e-08,4.842877210364804e-09,-2.659857223363815e-08,2.6142224385239388e-08,-6.029382149108642e-08,0.00514774676412344,0.44690680503845215,-8.254311723021601e-08,-4.8782677453118595e-08,-3.725290298461914e-09,-3.584660746014379e-08,6.524845730382367e-08,0.005140257533639669,0.44728896021842957,0.038769323378801346,0.0001415667647961527,0.03300772234797478,0.12370098382234573,0.0010952907614409924,0.09991768002510071,-0.0011880295351147652,0.010496651753783226,-0.0002878871455322951,0.14868174493312836,0.13588254153728485,-3.633361484389752e-05,-0.000368925160728395,0.03901037201285362,0.03712739050388336,0.13559871912002563,0.14707770943641663,-5.9939622587990016e-05,0.008880775421857834,-0.000543153437320143,-0.001065904856659472,-0.0011395516339689493,-0.0008793509914539754,0.3652120530605316,0.3601025342941284,0.09428364038467407,0.09115253388881683,-0.00041027783299796283,-0.0005410542944446206,0.32487866282463074,0.27318596839904785,0.27355921268463135,-2.479892282281071e-05,0.047436829656362534,0.04909485951066017,-0.0010807752842083573,0.0014519750839099288,2.128072162932426e-09,-9.890645635834971e-09,7.51391056041939e-08,-1.3168901524807097e-08,8.679926111199165e-08,3.3234247354130275e-08,-3.5744161408501895e-08,9.851530080595694e-08,-3.313645891012129e-08,1.0248273696333854e-07
00:00:05:16.283,61,7.010064706491903e-08,1.0170042585855299e-08,-2.929940734475167e-08,2.3506581570131857e-08,-5.622394283477661e-08,0.00489406893029809,0.43705612421035767,-7.783994249166426e-08,-4.2896719065765865e-08,3.278255444882916e-09,-3.596302278197072e-08,6.7595394170894e-08,0.0048959506675601006,0.43742188811302185,0.04115135222673416,0.00023802627401892096,0.03403450548648834,0.12914058566093445,0.0007748994394205511,0.10008697211742401,-0.0013365227496251464,0.009822939522564411,-0.00045757132465951145,0.15327361226081848,0.14146533608436584,-0.000125836580991745,-0.0005146136390976608,0.039930690079927444,0.03805442154407501,0.13625825941562653,0.1474566012620926,-7.174014899646863e-05,0.008577650412917137,-0.0005037604132667184,-0.0007001200574450195,-0.001287025399506092,-0.0009978067828342319,0.37866660952568054,0.3739467263221741,0.10443492233753204,0.10126979649066925,-0.00017920881509780884,-0.00031477122684009373,0.3175933361053467,0.27111855149269104,0.27147865295410156,-3.24741740769241e-05,0.049666766077280045,0.051790885627269745,-0.0012519422452896833,0.0020812838338315487,1.748558187131266e-09,-1.385808001685973e-08,7.975846472163539e-08,-1.80117787351719e-08,8.10436873166509e-08,3.2905955293927036e-08,-2.991408010188934e-08,9.784474741536542e-08,-2.7082860398763842e-08,9.156763525197675e-08
00:00:05:17.299,61,5.3299590518918194e-08,9.723007288187091e-09,-2.3720785335967776e-08,1.7350538783489355e-08,-4.246830798138035e-08,0.004616084508597851,0.4136577844619751,-5.899928368080509e-08,-3.134831771944846e-08,5.0850212929276495e-09,-2.8028152243564364e-08,5.334615593710623e-08,0.004622157663106918,0.4139993190765381,0.043219633400440216,0.0003091326216235757,0.034972403198480606,0.1319349706172943,0.0005085015436634421,0.10957898944616318,-0.00142447289545089,0.008815476670861244,-0.0005542195867747068,0.15119820833206177,0.1405119001865387,-8.672803960507736e-05,-0.0006399620906449854,0.03992917388677597,0.03810364007949829,0.13522619009017944,0.14639967679977417,-5.8425070164958015e-05,0.007968612015247345,-0.000499756308272481,-0.0003408536722417921,-0.001297132344916463,-0.0009576301090419292,0.37524986267089844,0.3714312016963959,0.11548376083374023,0.11245880275964737,-8.526712917955592e-05,-0.00022121459187474102,0.30717286467552185,0.269538551568985,0.26988106966018677,-0.0001457100734114647,0.05255094915628433,0.05503205209970474,-0.0010943583911284804,0.003037041751667857,1.2305099161835642e-09,-1.2163073215276654e-08,6.405636554518424e-08,-1.5646218542997303e-08,6.128102825186943e-08,2.5590416896648094e-08,-2.1196902011411112e-08,7.594935880206322e-08,-1.9147991636714323e-08,6.757676374036237e-08
00:00:05:18.316,61,4.640780559839186e-08,9.331852623972736e-09,-2.1383165460520104e-08,1.5012920684398523e-08,-3.67872416973114e-08,0.004956077318638563,0.38167044520378113,-5.124136848166927e-08,-2.6542693376541138e-08,5.401671110405459e-09,-2.4694017497495224e-08,4.738569359119538e-08,0.004959944635629654,0.38198235630989075,0.043766088783741,0.00039156287675723433,0.035804957151412964,0.13398362696170807,0.0005424905102699995,0.12427473813295364,-0.00119500991422683,0.007885271683335304,-0.0005209098453633487,0.13876014947891235,0.12988917529582977,2.8833746910095215e-06,-0.0007576292846351862,0.03900681436061859,0.03726382553577423,0.13412395119667053,0.14569495618343353,0.00014783322694711387,0.007200289983302355,-0.0005280993646010756,5.906000660615973e-05,-0.0009462250745855272,-0.0005324810626916587,0.3573285639286041,0.35508865118026733,0.12017780542373657,0.11757142841815948,-0.00012643486843444407,-0.0002946251770481467,0.2955298125743866,0.27042683959007263,0.27075284719467163,-0.0002041423722403124,0.05326876789331436,0.055941205471754074,-0.00045463384594768286,0.003914705011993647,1.023290674417865e-09,-1.113861802792826e-08,5.7052819357750195e-08,-1.44727527739974e-08,5.312264050871818e-08,2.2465828308781965e-08,-1.782551350970607e-08,6.674788721738878e-08,-1.5832483768463135e-08,5.804002256581953e-08
00:00:05:19.333,61,5.526468171979104e-08,4.079192983397206e-09,-2.020970057969862e-08,1.9399449158186144e-08,-4.500150652120283e-08,0.005001238081604242,0.35653671622276306,-6.160698973189938e-08,-3.617256894017373e-08,-2.421438605182402e-09,-2.695713163802793e-08,4.9117954148414356e-08,0.0049991547130048275,0.35681578516960144,0.04295744001865387,0.0004127476131543517,0.03586123511195183,0.13803058862686157,0.0008322769426740706,0.14456644654273987,-0.0009564447682350874,0.006625940091907978,-0.00043439201544970274,0.11596386134624481,0.10934114456176758,5.782842436019564e-06,-0.0006648903945460916,0.03697328642010689,0.035383190959692,0.13277338445186615,0.14494533836841583,3.2204388844547793e-06,0.006505295168608427,-0.0005282236379571259,0.0003170844865962863,-0.0007401657057926059,-0.00038556999061256647,0.34210503101348877,0.3406178951263428,0.12224499881267548,0.11994657665491104,-0.000358752382453531,-0.0005081100971437991,0.2915659248828888,0.27665215730667114,0.2769674062728882,-0.0002444799174554646,0.052415963262319565,0.0545840822160244,-0.00047837584861554205,0.003910412080585957,1.5657860563678128e-09,-7.711350669126205e-09,5.7052819357750195e-08,-1.033768093350318e-08,6.470829561067148e-08,2.4961773092968542e-08,-2.659857223363815e-08,7.402152135682627e-08,-2.4456531022565287e-08,7.644295862974104e-08
00:00:05:20.349,61,8.015893371293714e-08,-1.695007134649984e-09,-2.3823231387609667e-08,3.004446469390132e-08,-6.659887930027253e-08,0.004750256426632404,0.33660638332366943,-9.043142057407749e-08,-5.729496521666988e-08,-1.3187527514446629e-08,-3.641471124637974e-08,6.360933468840813e-08,0.004753639921545982,0.3368583619594574,0.04075174406170845,0.0003707990108523518,0.035333290696144104,0.1420610100030899,0.000878242077305913,0.1673973798751831,-0.00024216235033236444,0.005874721799045801,-0.000409400905482471,0.0900583490729332,0.08610417693853378,6.212204607436433e-05,-0.0004349765076767653,0.03433895483613014,0.032888688147068024,0.1308821141719818,0.14397341012954712,-0.00011121332499897107,0.006407025270164013,-0.000572729913983494,0.00046875097905285656,-0.000916401157155633,-0.0006181608187034726,0.33849257230758667,0.3372448980808258,0.1231163963675499,0.12125461548566818,-0.0005269828252494335,-0.0006151005509309471,0.29240599274635315,0.2810531258583069,0.28136441111564636,-0.0004921947256661952,0.04999588802456856,0.05167520418763161,-0.0005153447273187339,0.0038750076200813055,2.6612543280180034e-09,-5.178153461571355e-09,7.096677734352852e-08,-7.450580596923828e-09,9.557232516499425e-08,3.432855066876073e-08,-4.40888108244053e-08,1.0157003771382733e-07,-4.153698540676487e-08,1.1853873616018973e-07
00:00:05:21.366,61,6.90948240844591e-08,6.1839817711017986e-09,-2.5983899476500483e-08,2.4167821521814403e-08,-5.620531595695866e-08,0.0048253280110657215,0.31928399205207825,-7.728115036798044e-08,-4.461035274516689e-08,-1.639127722441458e-09,-3.411900095784404e-08,6.258487417198921e-08,0.004834255203604698,0.3195036053657532,0.04049083590507507,0.00034470646642148495,0.034909456968307495,0.15866926312446594,0.0010538706555962563,0.19592620432376862,0.0006224808166734874,0.00484912283718586,-0.000310972158331424,0.053402844816446304,0.05278639867901802,4.889726551482454e-05,-0.0003755103098228574,0.030822739005088806,0.02943619340658188,0.12748315930366516,0.1411251574754715,-0.00022986471594776958,0.005899051204323769,-0.0007177359075285494,0.0008484789868816733,-0.000830123492050916,-0.0005801944644190371,0.3492906987667084,0.3483924865722656,0.12766428291797638,0.12713314592838287,-0.0006505858618766069,-0.000700627570040524,0.291871041059494,0.2855393886566162,0.28583985567092896,-0.0005408317083492875,0.04667634516954422,0.04795706644654274,-0.00030984519980847836,0.004424114711582661,1.933658566599661e-09,-1.0710209608078003e-08,7.256865330873552e-08,-1.385808001685973e-08,8.068978729625087e-08,3.1441448555824536e-08,-3.220513633550581e-08,9.352341123758379e-08,-2.957880518295042e-08,9.436160297582319e-08
00:00:05:22.383,61,7.226131515380985e-08,9.38773148106975e-09,-2.9485672570217503e-08,2.4586915614577265e-08,-5.8403237801485375e-08,0.00483844056725502,0.3083617091178894,-8.05966564598748e-08,-4.466622982590707e-08,2.1234154434779384e-09,-3.67127341860396e-08,6.867572466262573e-08,0.004847587551921606,0.30857181549072266,0.0432371124625206,0.00023111228074412793,0.034079305827617645,0.19272857904434204,0.0012283516116440296,0.21633434295654297,0.0017521283589303493,0.004121525678783655,-0.0001908377162180841,0.025892911478877068,0.027394955977797508,-7.944912067614496e-05,-0.0003018105053342879,0.028067171573638916,0.02658335492014885,0.1264263391494751,0.13961638510227203,-0.0004469406558200717,0.0052736420184373856,-0.0007682716823183,0.0006768887978978455,-0.0007167955627664924,-0.00047944262041710317,0.37170517444610596,0.3706231713294983,0.12770739197731018,0.1287352442741394,-0.000819971552118659,-0.0008650851086713374,0.29210996627807617,0.28757795691490173,0.28785932064056396,-0.0006111144321039319,0.04276135936379433,0.043952856212854385,-0.0001877665490610525,0.004441271536052227,1.866137688821823e-09,-1.3541430199381921e-08,8.050352562349872e-08,-1.7620623182779127e-08,8.387490879613324e-08,3.3623074102706596e-08,-3.155320982273224e-08,1.0011717677116394e-07,-2.866610948615289e-08,9.555369473446262e-08
00:00:05:24.400,61,7.731839701818899e-08,1.4193355823977072e-08,-3.4477562138590656e-08,2.521090181062391e-08,-6.169080535300964e-08,0.004589384887367487,0.3081790506839752,-8.569099207988984e-08,-4.5299529460862686e-08,7.413327729466346e-09,-4.073605097687505e-08,7.765367371348475e-08,0.004602073226124048,0.30839940905570984,0.04978176951408386,0.00013167998986318707,0.03371733799576759,0.22668468952178955,0.0015341180842369795,0.2224186360836029,0.005217268597334623,0.0035847676917910576,-4.8777052143123e-05,0.0185555312782526,0.021509256213903427,0.0003436994447838515,7.43536656955257e-05,0.02698223851621151,0.025367235764861107,0.1262161284685135,0.13836586475372314,-0.0005915808724239469,0.00511174276471138,-0.0009346955921500921,0.0004751998058054596,-0.0003150236152578145,-6.656922050751746e-05,0.40110543370246887,0.39954689145088196,0.130367711186409,0.1328430473804474,-0.0007338071009144187,-0.0007147967698983848,0.2974386215209961,0.2892436385154724,0.28950515389442444,-0.00043219764484092593,0.039024125784635544,0.040384769439697266,-0.0009441489237360656,0.0039658634923398495,1.7811544461565632e-09,-1.780688840824496e-08,9.205191986438876e-08,-2.2854656833715126e-08,8.840113707719865e-08,3.694091077477424e-08,-3.065913745103899e-08,1.1029653279592821e-07,-2.752989480825363e-08,9.741633988369358e-08
00:00:05:25.416,61,7.905997279067378e-08,2.5816261128852602e-08,-4.339963055599583e-08,2.3208558630471998e-08,-6.12251440657019e-08,0.004693429451435804,0.3180594742298126,-8.65757456836036e-08,-3.948807858478176e-08,2.183020164636673e-08,-4.558824073797041e-08,9.074807394426898e-08,0.004717575386166573,0.3182954490184784,0.058614205569028854,0.00014368310803547502,0.03465119004249573,0.2565948963165283,0.001813784590922296,0.2095489501953125,0.004403118975460529,0.003610466606914997,8.527874160790816e-05,0.024524226784706116,0.02823384292423725,0.00025790452491492033,-0.0003074049891438335,0.029876012355089188,0.028044242411851883,0.13522200286388397,0.14641767740249634,-0.0005542468861676753,0.00561015447601676,-0.0009308612206950784,6.384492007782683e-05,0.00010011508857132867,0.00034932701964862645,0.4355708062648773,0.43397513031959534,0.13036878407001495,0.13386587798595428,-0.0007930469582788646,-0.0007519352366216481,0.3066811263561249,0.29572054743766785,0.2959681749343872,-0.00039637633017264307,0.03820882365107536,0.039629772305488586,-0.0012257677735760808,0.0035666730254888535,1.2526288895031712e-09,-2.723187186859377e-08,1.1093914764614965e-07,-3.4272670035306874e-08,8.761882952512678e-08,4.040542833649852e-08,-2.2947787670091202e-08,1.2134201199387462e-07,-1.9446014576374182e-08,8.82148754044465e-08
00:00:05:26.433,61,8.57003001897283e-08,2.3432075835216892e-08,-4.372559558873945e-08,2.616085126305734e-08,-6.708316391268454e-08,0.004485470242798328,0.33041995763778687,-9.427778735471293e-08,-4.56906867896123e-08,1.7732382673329994e-08,-4.786532414868816e-08,9.37469337713992e-08,0.004522818140685558,0.33066070079803467,0.06271177530288696,0.0001512805320089683,0.035525210201740265,0.27090778946876526,0.0019318541744723916,0.19516201317310333,0.0012195971794426441,0.003429916687309742,0.00015274769975803792,0.0410773940384388,0.04576532542705536,0.00044478237396106124,-0.00030659616459161043,0.033544935286045074,0.0317409485578537,0.14187490940093994,0.15230198204517365,-0.0004515826585702598,0.0063145835883915424,-0.0006270885351113975,-0.00039796336204744875,5.166992559679784e-05,0.000384454702725634,0.45875006914138794,0.4570034444332123,0.12852638959884644,0.13252507150173187,-0.0005643755430355668,-0.0004800176538992673,0.3180268406867981,0.3049406111240387,0.3051672577857971,-0.00030749142752029,0.03771228715777397,0.03980868682265282,-0.0015000981511548162,0.0034429789520800114,1.5948898868245465e-09,-2.5853514884488504e-08,1.1347233908054477e-07,-3.259629011154175e-08,9.611248685814644e-08,4.2736065353210506e-08,-2.8293579035221228e-08,1.2812205341106164e-07,-2.4698675105128132e-08,9.983777715660835e-08
00:00:05:27.450,61,1.0166317565563077e-07,1.8030405612989853e-08,-4.477799109281477e-08,3.3341347460691395e-08,-8.11833871239287e-08,0.004546630196273327,0.3416520059108734,-1.1273660049937462e-07,-6.023794441034624e-08,8.847564458847046e-09,-5.336478281492418e-08,1.01327898960335e-07,0.00458885682746768,0.34189581871032715,0.06431353837251663,0.0001299414725508541,0.03600768744945526,0.26782840490341187,0.0017376950709149241,0.17881236970424652,0.00038670896901749074,0.0036169341765344143,0.0002365469408687204,0.07036329060792923,0.07480404525995255,0.0005272317212074995,-0.00027193783898837864,0.036804694682359695,0.035132236778736115,0.14266720414161682,0.15201400220394135,-0.0005346232792362571,0.006937506143003702,-0.0002905130386352539,-0.00103581917937845,-6.021082299412228e-05,0.00033555671689100564,0.47277283668518066,0.47067686915397644,0.12505647540092468,0.1289825141429901,-0.0006018400308676064,-0.0005112671642564237,0.3278313875198364,0.31458866596221924,0.3148118853569031,-0.0002672315458767116,0.038680002093315125,0.04142741858959198,-0.0016406998038291931,0.0033403702545911074,2.3690518435870445e-09,-2.2947787670091202e-08,1.201219816948651e-07,-2.9373914856023475e-08,1.1634081431566301e-07,4.8358923976365986e-08,-4.0959566405263104e-08,1.4461576824942313e-07,-3.688037253368748e-08,1.287087769696882e-07
00:00:05:28.466,61,1.0193325294949318e-07,1.1101365160470777e-08,-4.003755904591344e-08,3.497116196626848e-08,-8.256174766074764e-08,0.004687268752604723,0.34834524989128113,-1.136679230739901e-07,-6.45406572630236e-08,4.097819306103645e-10,-5.112029555220943e-08,9.45106179983668e-08,0.00473507447168231,0.3485887050628662,0.06298376619815826,0.00016043931827880442,0.03559741750359535,0.24710029363632202,0.001433541183359921,0.1595522165298462,-0.00023127793974708766,0.0039187949150800705,0.00023139665427152067,0.10217685997486115,0.10528396815061569,0.0003700977540574968,-0.0003563973295968026,0.03924809396266937,0.03782743588089943,0.13753625750541687,0.14605571329593658,-0.00045417965156957507,0.007746141403913498,9.278536163037643e-05,-0.0014986401656642556,-0.0003281685640104115,0.00010165393177885562,0.4738149344921112,0.4713441729545593,0.120738685131073,0.12378688156604767,-0.0007526791305281222,-0.0006622904329560697,0.3380921185016632,0.3217310309410095,0.3219612240791321,-0.00017599713464733213,0.04068009555339813,0.04395347088575363,-0.0017109200125560164,0.003512762486934662,2.712476909749739e-09,-1.750886369222826e-08,1.1030584801119403e-07,-2.2687018486067245e-08,1.1833384405690595e-07,4.681292864461284e-08,-4.597008285145421e-08,1.3967510881229828e-07,-4.203990044970851e-08,1.3634561923936417e-07
00:00:05:29.483,61,9.870156958413645e-08,8.624047254102152e-09,-3.723427610680119e-08,3.4393742964766716e-08,-8.016824892820296e-08,0.004901421722024679,0.34695473313331604,-1.1025927904029231e-07,-6.400048846444406e-08,-2.4586916946844894e-09,-4.8764050575300644e-08,8.948147467435774e-08,0.004957287106662989,0.3472108542919159,0.06152793765068054,0.00021008819749113172,0.03554055094718933,0.21157053112983704,0.0012055638944730163,0.13573303818702698,-0.0003356897796038538,0.004405607469379902,0.00018545468628872186,0.12674738466739655,0.12731795012950897,8.685261127538979e-05,-0.0004756139242090285,0.04211364686489105,0.04097367823123932,0.13362780213356018,0.1416541039943695,-0.0004016530583612621,0.008496805094182491,0.00031673998455516994,-0.001534341019578278,-0.0002869745367206633,0.00011045217252103612,0.4532968997955322,0.4508914053440094,0.11378155648708344,0.11541149765253067,-0.0008410769514739513,-0.0007760942098684609,0.3431834876537323,0.3238259553909302,0.32407689094543457,-0.00016563817916903645,0.04242144897580147,0.045801401138305664,-0.0016829869709908962,0.003119439585134387,2.7334317032057243e-09,-1.525506299060453e-08,1.0339542910742239e-07,-1.9650906679657965e-08,1.1490657669810389e-07,4.475004899973101e-08,-4.6212225157660214e-08,1.3343989735403738e-07,-4.24869348591983e-08,1.3459474246246828e-07
00:00:05:29.500,61,9.890645458199288e-08,1.879408983995745e-08,-4.4796614417919045e-08,3.221444799805795e-08,-7.865950379937203e-08,0.005266816820949316,0.3403456509113312,-1.0971911024171277e-07,-5.790963797380755e-08,1.0132789718397817e-08,-5.250796775158051e-08,1.0026619179370755e-07,0.005322447046637535,0.34060654044151306,0.056067418307065964,0.0003623311931733042,0.03608742356300354,0.17755840718746185,0.0009283086401410401,0.12084009498357773,-0.0007012021378614008,0.004764239769428968,0.00010146858403459191,0.1416221410036087,0.1396736204624176,0.00015033081581350416,-0.0002725797821767628,0.043915990740060806,0.043015602976083755,0.13124831020832062,0.13965566456317902,-0.00045839042286388576,0.008968968875706196,0.0001302010496146977,-0.0016391054959967732,-0.00040619345963932574,-8.761740900808945e-05,0.4124538004398346,0.4104146659374237,0.10884253680706024,0.10900712013244629,-0.0006978452438488603,-0.0007164347334764898,0.3396401107311249,0.325038343667984,0.32530781626701355,-0.00012471254740376025,0.044451214373111725,0.04768141359090805,-0.001448567258194089,0.0030036664102226496,2.2375024055776294e-09,-2.3506581570131857e-08,1.1853873616018973e-07,-2.961605716222948e-08,1.1233613150807287e-07,4.7218055243547497e-08,-3.8743017682918435e-08,1.41644846962663e-07,-3.485008903680864e-08,1.2442470165296982e-07
00:00:05:30.516,61,1.0658986582257057e-07,2.0153819946244766e-08,-4.824250865453905e-08,3.465451214879067e-08,-8.478760804564445e-08,0.00560737494379282,0.33198341727256775,-1.1836178259727603e-07,-6.249174333561314e-08,1.1101365160470777e-08,-5.668029245953221e-08,1.0821968032814766e-07,0.0056584905833005905,0.3322639465332031,0.04987819492816925,0.0004301789740566164,0.036059025675058365,0.14583918452262878,0.0008036004146561027,0.10876747220754623,-0.0007941400981508195,0.005031093489378691,-3.5177803511032835e-05,0.15080766379833221,0.146174818277359,1.1271536095591728e-05,-0.0003384661686141044,0.04447323456406593,0.04378095641732216,0.12840616703033447,0.1381177306175232,-0.0006126519874669611,0.009028629399836063,-0.0003066864737775177,-0.0014518589014187455,-0.00045594043331220746,-0.0002104985760524869,0.3639693856239319,0.3623804450035095,0.10225651413202286,0.10074201226234436,-0.0007072421722114086,-0.0007833856507204473,0.33748576045036316,0.3230448067188263,0.3233416676521301,-0.0002609829534776509,0.04553641378879547,0.048411380499601364,-0.0012596650049090385,0.0026057790964841843,2.3969914941801562e-09,-2.5257469005168787e-08,1.2787059233687614e-07,-3.1888486518028e-08,1.2086704259672842e-07,5.0850211152919655e-08,-4.1592866040218723e-08,1.5263445618529659e-07,-3.734603382099522e-08,1.341104507446289e-07
00:00:05:31.533,61,1.172814521055443e-07,2.0451842885904625e-08,-5.1949172075183014e-08,3.856606767271842e-08,-9.361654207395986e-08,0.005418563261628151,0.327319860458374,-1.3039446855600545e-07,-6.971880850414891e-08,1.0207295453312781e-08,-6.171874389337972e-08,1.1712312897316224e-07,0.005455410107970238,0.3276136815547943,0.044331349432468414,0.0002645043714437634,0.03574260324239731,0.12039133906364441,0.0011299722827970982,0.10008212178945541,-0.0011422393145039678,0.005501891486346722,-9.812412463361397e-05,0.1592824012041092,0.15198862552642822,-0.0001812905102269724,-0.0005832751048728824,0.0433930829167366,0.04283814877271652,0.1248180940747261,0.1355217695236206,-0.0005502167623490095,0.008824391290545464,-0.0005803574458695948,-0.0012182019418105483,-0.0006838448462076485,-0.0005006871651858091,0.3251197040081024,0.32346656918525696,0.09651685506105423,0.09389981627464294,-0.000666037667542696,-0.0007266913307830691,0.333078533411026,0.3207760751247406,0.32110321521759033,-0.000452106527518481,0.04855188727378845,0.05112486332654953,-0.0014451807364821434,0.002047926187515259,2.741580740206473e-09,-2.6337803049614195e-08,1.376122185092754e-07,-3.3341347460691395e-08,1.3332814319255704e-07,5.5469573823074825e-08,-4.712492085445774e-08,1.6649254064304841e-07,-4.263594632902823e-08,1.498311803516117e-07
00:00:05:32.549,61,1.3954937116977817e-07,9.667128431090077e-09,-5.0850211152919655e-08,4.925765040297847e-08,-1.1391937704274824e-07,0.00555380480363965,0.3244754672050476,-1.567136536095859e-07,-9.208917362002467e-08,-6.258487506016763e-09,-6.830319421169406e-08,1.24350194141698e-07,0.0055834329687058926,0.3247785270214081,0.0410456508398056,0.000242444162722677,0.03530342876911163,0.10874216258525848,0.0013048392720520496,0.09673690050840378,-0.001379575114697218,0.005975228734314442,-0.00015294899640139192,0.1595502346754074,0.15093794465065002,-0.0001363432384096086,-0.0005561095313169062,0.04261334240436554,0.042042121291160583,0.12232125550508499,0.13316985964775085,-0.00040051445830613375,0.00868521723896265,-0.0008423674153164029,-0.0010357543360441923,-0.0008108504698611796,-0.0006291185272857547,0.3017159700393677,0.30012452602386475,0.09269595891237259,0.08942432701587677,-0.0006680464721284807,-0.0007269909838214517,0.3317503333091736,0.3181011974811554,0.3184598982334137,-0.0006608539260923862,0.05114780366420746,0.0534651055932045,-0.0013145676348358393,0.002146816812455654,3.976747375844525e-09,-1.9576400944743e-08,1.416169084222929e-07,-2.5499611311374792e-08,1.6218051257510524e-07,6.241025118924881e-08,-6.701797161667855e-08,1.8662773015876155e-07,-6.219372039595328e-08,1.9278377294540405e-07
00:00:05:33.566,61,1.1335126970379861e-07,9.201467143782338e-09,-4.230066963373247e-08,3.9730220890987766e-08,-9.217299634656229e-08,0.005294477567076683,0.3242623805999756,-1.2702308538337093e-07,-7.379799882301086e-08,-3.4645200042149327e-09,-5.5958516043119744e-08,1.0237097569643083e-07,0.00531886238604784,0.3245643973350525,0.03884284570813179,0.0002207466895924881,0.03442828729748726,0.1030387282371521,0.0010661064879968762,0.10340360552072525,-0.0013095266185700893,0.006005323026329279,-0.00017213310638908297,0.14612683653831482,0.1378953605890274,-9.747341391630471e-05,-0.0005320858908817172,0.04053396359086037,0.039875391870737076,0.12074524164199829,0.13211268186569214,-0.00021732569439336658,0.00820967834442854,-0.0008565522730350494,-0.0004426094819791615,-0.0006699479999952018,-0.00046823511365801096,0.2886368930339813,0.28684860467910767,0.09222546219825745,0.08889763057231903,-0.0006598523468710482,-0.0007178729865700006,0.33628854155540466,0.3139825761318207,0.31434062123298645,-0.000497116765473038,0.05171649158000946,0.053907155990600586,-0.0011723090428858995,0.002052843803539872,3.1606759431923592e-09,-1.7117708139835486e-08,1.1719762937900668e-07,-2.212822458602659e-08,1.3154000555459788e-07,5.109934164693186e-08,-5.334615593710623e-08,1.5272759412710002e-07,-4.9397350210256263e-08,1.551583466152806e-07
00:00:05:34.583,61,9.11299125050391e-08,8.214264823891426e-09,-3.4607946730602634e-08,3.171153295511431e-08,-7.398426760119037e-08,0.004739441908895969,0.32581719756126404,-1.0211952172767269e-07,-5.904585265170681e-08,-1.7881393032936899e-09,-4.5257621650307556e-08,8.29994704076853e-08,0.004759346600621939,0.32611265778541565,0.03680654615163803,0.00022603652905672789,0.03322732821106911,0.10342536866664886,0.0009173557045869529,0.11058010905981064,-0.0008509403560310602,0.006109114736318588,-0.000232346574193798,0.12667959928512573,0.11910206079483032,1.9860342945321463e-05,-0.00029885731055401266,0.03815632313489914,0.03742653504014015,0.11949355900287628,0.13120034337043762,-0.00012117445294279605,0.007925387471914291,-0.0007823227206245065,-0.0001870987907750532,-0.0005396119668148458,-0.0003418271371629089,0.2873977720737457,0.2849735617637634,0.09030307829380035,0.08697924017906189,-0.0004149323794990778,-0.000447868398623541,0.3404255211353302,0.31029871106147766,0.31065163016319275,-0.00035456809564493597,0.050135210156440735,0.05185997858643532,-0.0009388533071614802,0.0019065365195274353,2.491287842687484e-09,-1.4342367293807001e-08,9.581446391848658e-08,-1.847744002247964e-08,1.0553747387120893e-07,4.1332096856194767e-08,-4.218891191953844e-08,1.2345611821729108e-07,-3.9208678970226174e-08,1.23977656585339e-07
00:00:05:35.599,61,8.58493152122719e-08,1.2628734502584393e-08,-3.6079438103797656e-08,2.8759240322528967e-08,-6.887130155064369e-08,0.00440078554674983,0.328690767288208,-9.57865253781165e-08,-5.267560609922839e-08,4.246830886955877e-09,-4.4270418442238224e-08,8.326023959170925e-08,0.004418880213052034,0.3289894759654999,0.03551918640732765,0.0002656920696608722,0.03335460275411606,0.10018845647573471,0.0012562398333102465,0.12280289828777313,-0.0010984012624248862,0.006098304875195026,-0.00018732051830738783,0.10833032429218292,0.10150361061096191,7.379397720796987e-05,-0.00020704999042209238,0.03635455295443535,0.03539074584841728,0.1196400374174118,0.1315421760082245,-0.00022007226652931422,0.007565366104245186,-0.0008320905035361648,-8.955914381658658e-06,-0.0005068441387265921,-0.0003205598914064467,0.2709926664829254,0.26848867535591125,0.08987121284008026,0.08683225512504578,-0.0003528153756633401,-0.00042100847349502146,0.33944255113601685,0.3105037212371826,0.31084609031677246,-0.00043823555461131036,0.05109047889709473,0.052701473236083984,-0.0007911838474683464,0.00187210226431489,2.1210870837506945e-09,-1.7397105978034233e-08,9.730458572221323e-08,-2.2184103443123604e-08,9.80496395186492e-08,4.0074809248835663e-08,-3.628432665436776e-08,1.1999159710285312e-07,-3.3024697643213585e-08,1.1168420144258562e-07
00:00:05:36.616,61,5.8683216508370606e-08,1.9441358745098114e-08,-3.25776632337238e-08,1.7057754320148888e-08,-4.511733919798644e-08,0.005609623156487942,0.3113033175468445,-6.447953637689352e-08,-2.9508955279311522e-08,1.649837955142175e-08,-3.418303151647706e-08,6.824615184086724e-08,0.005622092634439468,0.31158608198165894,0.0332651287317276,0.0002416998177068308,0.032491620630025864,0.09186795353889465,0.0017346048261970282,0.12980858981609344,-0.0006067251088097692,0.006213619839400053,-0.00013939171913079917,0.09580902010202408,0.0890849232673645,0.00017985956219490618,-6.294775812420994e-05,0.03321342542767525,0.032084766775369644,0.1158333271741867,0.12699849903583527,-0.0003523329214658588,0.007390916347503662,-0.0008167370688170195,0.00047609233297407627,-0.0005330996355041862,-0.0003578008618205786,0.24233292043209076,0.23958773910999298,0.08466038107872009,0.08157160133123398,-0.0005423828843049705,-0.0005993401864543557,0.33730724453926086,0.302871435880661,0.3032258152961731,-0.0005024709389545023,0.05061729997396469,0.05173034593462944,-0.0004555623745545745,0.002127857878804207,9.127688604948503e-10,-2.070213689364664e-08,8.291331710097438e-08,-2.572545731993614e-08,6.453599610267702e-08,3.002671178364835e-08,-1.6472768038511276e-08,9.042618387411494e-08,-1.3946555910138159e-08,6.557209530910768e-08
00:00:05:37.633,61,7.380498345810338e-08,2.1699815277997914e-08,-3.902008671730073e-08,2.2172462976755014e-08,-5.7403230613317646e-08,0.006863245740532875,0.29573914408683777,-8.13580101066691e-08,-3.883149446437528e-08,1.7266721386022255e-08,-4.200148495669964e-08,8.286675523550002e-08,0.006862384267151356,0.2960036098957062,0.03080063872039318,0.00023328281531576067,0.03165583312511444,0.08256932348012924,0.0014358247863128781,0.1292148381471634,-0.0009453576058149338,0.006235988344997168,-0.0001365132484352216,0.09176980704069138,0.08437622338533401,0.0002812917227856815,2.363435896768351e-06,0.03053746186196804,0.02927277982234955,0.11084528267383575,0.1209312155842781,-0.0003453227400314063,0.007193660829216242,-0.0008711679838597775,0.0007048650295473635,-0.0004605759750120342,-0.0002874507335945964,0.2217058539390564,0.21919351816177368,0.08022637665271759,0.0770358145236969,-0.0007784999324940145,-0.0008561296272091568,0.33016425371170044,0.293693870306015,0.29404208064079285,-0.0006108922534622252,0.04942488297820091,0.05020517483353615,-0.000289305200567469,0.0022175076883286238,1.2807140903348113e-09,-2.363463913468422e-08,9.992393046331927e-08,-2.942979371312049e-08,8.163740972122469e-08,3.701046935589147e-08,-2.3080501065919634e-08,1.115747707558512e-07,-1.9867439249310337e-08,8.513219995620602e-08
00:00:05:39.650,61,7.418042713425166e-08,1.1790543652523411e-08,-3.1975798009398204e-08,2.4568871381802637e-08,-5.932408342346207e-08,0.008448880165815353,0.282747745513916,-8.266011519708627e-08,-4.522502550230456e-08,5.124602520112376e-09,-3.870023590479832e-08,7.305643379140747e-08,0.008442576974630356,0.28300783038139343,0.029509661719202995,0.0001655717205721885,0.030749909579753876,0.07756775617599487,0.0012159356847405434,0.12603254616260529,-0.001139245112426579,0.006233691703528166,-4.4513039028970525e-05,0.09414046257734299,0.08619000762701035,0.00026699728914536536,2.9402859581750818e-05,0.02872488461434841,0.027471497654914856,0.10557080060243607,0.11479957401752472,-0.00046232991735450923,0.0072428579442203045,-0.0009003058075904846,0.0009440790163353086,-0.00044613663339987397,-0.00028914210270158947,0.21106059849262238,0.20871898531913757,0.07746324688196182,0.07413875311613083,-0.0008317908504977822,-0.0009043004829436541,0.32180529832839966,0.2824086844921112,0.28276345133781433,-0.0007415889413096011,0.04834737256169319,0.04900866001844406,0.0001979065709747374,0.0024674520827829838,1.786829684213842e-09,-1.569278573754218e-08,8.547678476134024e-08,-2.015964106760748e-08,8.464441947353407e-08,3.4805708537533064e-08,-3.073364496231079e-08,1.0432209762711864e-07,-2.7614879272164217e-08,9.594484851049856e-08
00:00:05:40.666,61,5.479669340502369e-08,-1.1967494772946452e-09,-1.640990454632174e-08,2.0517036958267454e-08,-4.56534330339764e-08,0.008558309637010098,0.2680712938308716,-6.21401738953864e-08,-3.9543955665521935e-08,-8.800998152480588e-09,-2.5099144096429882e-08,4.3804757154930485e-08,0.008553924970328808,0.2683432102203369,0.028594322502613068,9.322658297605813e-05,0.029360152781009674,0.07402724772691727,0.001377278589643538,0.12447957694530487,-0.0006395236123353243,0.006402691826224327,-0.00012506097846198827,0.09921203553676605,0.09005706757307053,0.0002986961626447737,5.494803190231323e-06,0.02746369130909443,0.02616903930902481,0.1001889780163765,0.10863390564918518,-0.0003044795885216445,0.006831541191786528,-0.0008150088833644986,0.0015221951762214303,-0.000484452088130638,-0.0002506986493244767,0.20570984482765198,0.20300598442554474,0.07683846354484558,0.07299083471298218,-0.0007456987514160573,-0.0008187642670236528,0.31272822618484497,0.2680310904979706,0.2683866620063782,-0.0006691493326798081,0.04929368197917938,0.049824509769678116,0.0005431007011793554,0.0031586254481226206,1.8201535834094784e-09,-3.6694109972756905e-09,4.872679681966474e-08,-5.257315915940808e-09,6.555579545874934e-08,2.3408793126122873e-08,-3.030989148555818e-08,6.941613150956982e-08,-2.8344802061042174e-08,8.105300253191672e-08
00:00:05:41.683,61,2.1202723132773826e-08,-1.0133954120306043e-08,8.277129537326289e-10,1.0166550268309038e-08,-1.9329599254547247e-08,0.009958993643522263,0.2506570518016815,-2.5129994085659746e-08,-2.1394807703245533e-08,-1.55786992195317e-08,-6.259942786357442e-09,6.793998252874189e-09,0.00996327493339777,0.2509024739265442,0.026079384610056877,0.00010463561920914799,0.02652592398226261,0.0798320546746254,0.002096054842695594,0.11814764887094498,-0.0007083727978169918,0.006855217274278402,-0.00015644081577192992,0.1131247729063034,0.1036805808544159,2.9055234335828573e-05,-0.00015588963287882507,0.026704467833042145,0.02557850442826748,0.09298309683799744,0.10025723278522491,-5.88265793339815e-05,0.0072612641379237175,-0.0005703006172552705,0.0009123853524215519,-0.0008723529172129929,-0.0006914130062796175,0.2253081500530243,0.2226390391588211,0.0739472433924675,0.06984401494264603,-0.0007273283554241061,-0.0007856632582843304,0.30463558435440063,0.2563607692718506,0.25671616196632385,-0.0003797599347308278,0.052332181483507156,0.05285678803920746,0.002456600544974208,0.0048934477381408215,1.1782685938044324e-09,6.638001703862528e-09,4.335306780234305e-09,7.393536893829378e-09,2.817017907830177e-08,6.796617491033885e-09,-1.9108410853618807e-08,1.918932035493981e-08,-1.8812716717775402e-08,4.194443903315914e-08
00:00:05:42.700,61,2.5224871080808953e-08,-1.6835983274177124e-08,4.488974969518722e-09,1.3285316846634032e-08,-2.3712637187145447e-08,0.01044599898159504,0.23730160295963287,-3.024120687200593e-08,-2.8435605869958636e-08,-2.4191104230908422e-08,-5.573383532464504e-09,3.0873343881410165e-09,0.01047753170132637,0.2375527024269104,0.026932690292596817,0.00017527863383293152,0.026155108585953712,0.10774718970060349,0.001621552393771708,0.12190860509872437,-1.7335489246761426e-05,0.006905840244144201,-0.0001295839319936931,0.11860199272632599,0.1105113998055458,-0.00015862889995332807,-0.00016352393140550703,0.026663871482014656,0.025602160021662712,0.08760453015565872,0.09401605278253555,0.000155333211296238,0.007702918257564306,-0.0004925458342768252,0.0004296359547879547,-0.00047984064440242946,-0.0003392642247490585,0.2818410396575928,0.27967536449432373,0.07985556870698929,0.0761721059679985,-0.0005139202694408596,-0.000570551143027842,0.29691487550735474,0.24261631071567535,0.2429460883140564,-0.00028520889463834465,0.052760619670152664,0.05383629724383354,0.0030952095985412598,0.004732497036457062,1.6637204947045348e-09,1.1471565919407567e-08,-1.7462298274040222e-09,1.3220123662449623e-08,3.4745315957707135e-08,7.136841340127376e-09,-2.6265624342158844e-08,1.9624131653017685e-08,-2.5751068832846613e-08,5.4244882363718716e-08
00:00:05:43.716,61,5.087349430610288e-10,-6.952323161613094e-09,5.204928932300845e-09,1.8533319323665864e-09,-1.6955891135594925e-09,0.014105742797255516,0.2179737091064453,-1.3940735232864654e-09,-5.012843917739929e-09,-9.089708541409891e-09,2.4485051763889487e-09,-7.190974482540469e-09,0.014173610135912895,0.2181912660598755,0.031898435205221176,0.0002708761894609779,0.025369873270392418,0.15636350214481354,0.0029028370045125484,0.1222323477268219,0.00012526073260232806,0.0066378237679600716,2.513263825676404e-05,0.11374282836914062,0.10802776366472244,-0.00042528481571935117,-0.00019228314340580255,0.02883404679596424,0.02779860980808735,0.09046884626150131,0.09424043446779251,1.419290856574662e-05,0.008154284209012985,-0.00028476648731157184,-0.00011362666555214673,-0.00030159021844156086,-0.00014062365517020226,0.3403862416744232,0.3379274606704712,0.07342133671045303,0.07050884515047073,-0.00041659906855784357,-0.00048770211287774146,0.287610799074173,0.2338065654039383,0.23409385979175568,-0.0002881840628106147,0.05271352827548981,0.05397169291973114,0.0011873687617480755,0.0020961961708962917,3.958121053138086e-10,5.933689095627415e-09,-9.316718063701046e-09,6.734626190052495e-09,3.6472920239560835e-09,-1.0740768274786205e-09,-5.926704016445683e-09,-4.550092747024337e-09,-5.967449201449426e-09,8.146744612247403e-09
00:00:05:44.733,61,-7.031485393937942e-10,-1.6232952759764885e-08,1.217238576600721e-08,3.4505500678960743e-09,-2.1606683109354208e-09,0.018932726234197617,0.18532440066337585,-6.379559658320488e-10,-9.667128431090077e-09,-2.0032748793141764e-08,6.284099018927236e-09,-1.7704442356603067e-08,0.01903199404478073,0.1855035424232483,0.040845297276973724,0.0001603549753781408,0.02410632185637951,0.20696212351322174,0.013579446822404861,0.1146710216999054,0.0016024265205487609,0.006448294967412949,0.0001698264677543193,0.10130303353071213,0.09792676568031311,-0.0008506583981215954,-0.0007109727011993527,0.03487545624375343,0.03374987095594406,0.099195696413517,0.09972653537988663,0.0001397448795614764,0.011646484956145287,-9.004100866150111e-05,-9.683430107543245e-05,0.0001365519710816443,0.0003969995304942131,0.36945778131484985,0.3666040897369385,0.04333285242319107,0.04123105853796005,0.0002517707762308419,0.00024598263553343713,0.28296858072280884,0.22713802754878998,0.2273818999528885,-0.0006331726908683777,0.04995035007596016,0.05105073004961014,-8.974671800388023e-06,-0.0007856723386794329,8.207280410843509e-10,1.345761102555798e-08,-2.4037435153445585e-08,1.5394762797882322e-08,4.7497450417210985e-09,-3.774184520466406e-09,-1.2042001173995232e-08,-1.3266689968816081e-08,-1.242384328747903e-08,1.577660491136612e-08
00:00:05:45.750,61,-2.9918738597700667e-09,-6.513437345034845e-09,5.951151127447929e-09,3.853347085858161e-10,1.3294629841453798e-09,0.023622315376996994,0.15800127387046814,2.740416782387456e-09,-2.3469328702674375e-09,-8.004717777509995e-09,3.877794529927314e-09,-9.651994758996807e-09,0.023737594485282898,0.15816551446914673,0.04519365355372429,-0.00014317446039058268,0.021807918325066566,0.20977939665317535,0.04627065733075142,0.09325273334980011,0.0022984854876995087,0.006568459328263998,0.000217820328543894,0.08503075689077377,0.08105167746543884,-0.0005779482889920473,-0.000519084045663476,0.03902728483080864,0.03765604645013809,0.10406596958637238,0.1007065400481224,0.0006789556355215609,0.016423378139734268,-0.0008181208977475762,0.0009119771420955658,0.000598251644987613,0.0009878736454993486,0.3011568486690521,0.29891520738601685,0.00947352685034275,0.007763860281556845,-0.0006655669421888888,-0.0005835357587784529,0.275136798620224,0.2173292189836502,0.21754829585552216,-0.0011510855983942747,0.04834653437137604,0.04920799657702446,0.00040010761586017907,-0.0018770343158394098,2.721208258726904e-10,5.883630471714696e-09,-1.2433156726388006e-08,6.668269492138279e-09,-6.880145342336164e-10,-2.6877386982704365e-09,-3.6077107967713573e-09,-9.047216309454598e-09,-3.6915297485506926e-09,2.6635824657006424e-09
00:00:05:45.766,61,4.490139104973423e-08,-2.202577897847391e-09,-1.2303935648105835e-08,1.7068813917830994e-08,-3.758934497000155e-08,0.03239075466990471,0.13438360393047333,-5.086767629336464e-08,-3.3299439650136264e-08,-8.75443184611413e-09,-1.9912841153768568e-08,3.412133153801733e-08,0.03258325159549713,0.13458290696144104,0.04366055130958557,-6.596856110263616e-05,0.0116581404581666,0.16658489406108856,0.12291539460420609,0.024462049826979637,0.004012795630842447,0.008048382587730885,8.964880544226617e-05,0.08964113146066666,0.08292774111032486,0.0005190403899177909,-9.358515671920031e-05,0.04401589557528496,0.043159399181604385,0.10362040251493454,0.09227699041366577,0.023697273805737495,0.0316254198551178,-0.0013853737618774176,0.0020726502407342196,0.0017257190775126219,0.002364399842917919,0.2110287994146347,0.2098919153213501,0.0020173348020762205,0.0016046467935666442,-0.000753962027374655,-0.0006610522978007793,0.2683878242969513,0.20989041030406952,0.2101113498210907,-0.0006372026982717216,0.05064946040511131,0.052707239985466,0.0005646715871989727,-0.0014147725887596607,1.5771365324823705e-09,-1.762528012427822e-09,3.790482949739271e-08,-2.9942019974527057e-09,5.417969006771273e-08,1.8932041712105274e-08,-2.5751068832846613e-08,5.5968992995758526e-08,-2.4246983088005436e-08,6.760936344107904e-08
00:00:05:46.783,61,1.0356423274515691e-07,8.151400443523471e-09,-3.8337894636697456e-08,3.642693613414849e-08,-8.434581388883089e-08,0.03955179825425148,0.11434173583984375,-1.1617783712836172e-07,-6.792950557610311e-08,-3.5134144482640295e-09,-5.089124854862348e-08,9.28714882775239e-08,0.039801083505153656,0.114590123295784,0.043209098279476166,0.00025411005481146276,0.003616485046222806,0.14361415803432465,0.1514815092086792,0.002843697089701891,0.0036786412820219994,0.010180977173149586,0.00028694866341538727,0.10683631896972656,0.09708008915185928,0.00032441088114865124,-0.0006100233877077699,0.04952016472816467,0.04899995028972626,0.10102027654647827,0.08215618878602982,0.05828225985169411,0.04556526988744736,-0.0009836886310949922,0.0017224326729774475,0.0025644025299698114,0.0035578813403844833,0.17399339377880096,0.17018692195415497,0.00010397638834547251,0.0008087559253908694,-0.0012696081539615989,-0.0012995133874937892,0.269016832113266,0.20673082768917084,0.2069639414548874,7.804034976288676e-05,0.05572051554918289,0.05900823697447777,0.0006879951688461006,-0.0010874106083065271,2.9196234319073255e-09,-1.5140976472594048e-08,1.0696705743384882e-07,-1.968699514520722e-08,1.2015691197575507e-07,4.665547592708208e-08,-4.918547347187996e-08,1.3951793675914814e-07,-4.553585242206282e-08,1.4198711539847864e-07
00:00:05:47.799,61,1.2005213534393988e-07,1.3113021779531664e-08,-4.7271605296828056e-08,4.1332096856194767e-08,-9.718350924003971e-08,0.04463207349181175,0.09433639794588089,-1.3439915846902295e-07,-7.632654330791411e-08,6.752088888006824e-10,-6.04859096142718e-08,1.1180527792475914e-07,0.044919148087501526,0.0946018323302269,0.04439670592546463,0.000525744108017534,0.0015217062318697572,0.13481354713439941,0.1526114046573639,0.00442387955263257,0.003087294287979603,0.011003825813531876,0.00020542097627185285,0.12523707747459412,0.11476057767868042,0.0003435431281104684,-0.0009060436277650297,0.05278803035616875,0.05241290107369423,0.10135398805141449,0.07995465397834778,0.07020831853151321,0.04978399723768234,-0.0008968157926574349,0.0006951279938220978,0.0024563204497098923,0.0036512052174657583,0.1697147935628891,0.16495825350284576,0.00038430781569331884,0.0011021227110177279,-0.0014706114307045937,-0.0015871453797444701,0.2669406831264496,0.2052217721939087,0.2054816633462906,0.00038375906297005713,0.06286127865314484,0.0668841153383255,0.0009433789527975023,-0.0008128532790578902,3.18512327623921e-09,-2.08429984382974e-08,1.3011508315230458e-07,-2.6668422137277048e-08,1.3808254095692973e-07,5.49497798374432e-08,-5.423091309353367e-08,1.6469043373490422e-07,-4.962086563864432e-08,1.6082077536339057e-07
00:00:05:48.816,61,9.905255637931987e-08,1.605367283552539e-09,-3.225868638878637e-08,3.623368627359014e-08,-8.169736531726812e-08,0.044611163437366486,0.07451057434082031,-1.1178024550417831e-07,-6.825779763630635e-08,-1.0612421164069019e-08,-4.6778588114193553e-08,8.301460496795698e-08,0.04488079249858856,0.07477813959121704,0.038624245673418045,0.0004746654012706131,0.0011464571580290794,0.11756107956171036,0.13776277005672455,0.0024860433768481016,0.0019950582645833492,0.011612542904913425,7.487667608074844e-05,0.14743834733963013,0.13452933728694916,1.8609855032991618e-05,-0.000946496962569654,0.048897285014390945,0.0483531653881073,0.09596876055002213,0.07583088427782059,0.05928201228380203,0.04257946088910103,-0.0006252907332964242,-0.00038358441088348627,0.002095016185194254,0.003106179879978299,0.16860432922840118,0.16321109235286713,0.00042445317376405,0.00011429950245656073,-0.0011207930510863662,-0.0012725692940875888,0.26192229986190796,0.20186176896095276,0.20214532315731049,0.00035637847031466663,0.07301963120698929,0.07661018520593643,0.002619137754663825,0.00042571465019136667,3.069508203168425e-09,-9.877839879379735e-09,9.368523024022579e-08,-1.3051321801071936e-08,1.160311526859914e-07,4.314017232331935e-08,-5.1453245220045574e-08,1.287681499206883e-07,-4.8057408719159866e-08,1.4231073919290793e-07
00:00:05:49.833,61,6.662565255055597e-08,7.054768436098868e-10,-2.1370361480421707e-08,2.4471665582836977e-08,-5.507841649432521e-08,0.04476234316825867,0.05150886997580528,-7.535680168757608e-08,-4.611909432128414e-08,-7.641501653665728e-09,-3.127264847080369e-08,5.5157578060516244e-08,0.04500121995806694,0.05174926668405533,0.03294486925005913,0.00027038788539357483,0.002990788547322154,0.10382065176963806,0.12115169316530228,0.008018982596695423,0.0028589812573045492,0.010907398536801338,-0.00018098125292453915,0.16945259273052216,0.15418171882629395,6.05937275395263e-05,-0.0008477368974126875,0.04281788319349289,0.041997238993644714,0.08926514536142349,0.0735018253326416,0.037975527346134186,0.03386418893933296,0.0006511283572763205,-0.002045854926109314,0.00151452561840415,0.0023124183062464,0.174014613032341,0.1700935959815979,0.002398447599261999,4.685550811700523e-05,-0.00070758699439466,-0.0008048859890550375,0.2531316876411438,0.19393417239189148,0.19421815872192383,0.0001921651273733005,0.08631829917430878,0.08928431570529938,0.011035583913326263,0.0087966900318861,2.078304639496764e-09,-6.367918192751176e-09,6.271060470908196e-08,-8.498318493366241e-09,7.811002689095403e-08,2.8914364236243273e-08,-3.4775585078250515e-08,8.641509197104824e-08,-3.269175152809112e-08,9.631737896143022e-08
00:00:05:50.849,61,-1.1458178406087427e-08,-1.172185903897116e-08,1.2227101109374416e-08,-1.4889519617256042e-09,7.518683453611175e-09,0.04368269443511963,0.0311400406062603,1.16211591461024e-08,1.089647372332081e-09,-1.3033859325162211e-08,9.39791799936529e-09,-2.157525180734865e-08,0.043868616223335266,0.03133038431406021,0.027780771255493164,-0.0001850222033681348,0.008935075253248215,0.1017247885465622,0.0663829818367958,0.08711924403905869,0.0036439886316657066,0.008534102700650692,-0.00020692343241535127,0.1522388607263565,0.14012108743190765,0.0001651059719733894,-1.496034656156553e-05,0.03393954038619995,0.03310547396540642,0.08069279044866562,0.07285840809345245,0.008307212963700294,0.02161450684070587,0.0010645079892128706,-0.0023677281569689512,0.0004565295821521431,0.0009165777009911835,0.19329833984375,0.19063274562358856,0.027240771800279617,0.022743627429008484,-0.0007397723966278136,-0.0006312682526186109,0.2398989498615265,0.18380260467529297,0.1840822398662567,-0.0002778472553472966,0.09196728467941284,0.09476687759160995,0.022420356050133705,0.022175636142492294,2.0103470277366142e-10,1.0366784763959913e-08,-2.7023489224120567e-08,1.2414529848570055e-08,-1.0292279029044948e-08,-7.673370383542988e-09,-2.6100315242416627e-09,-2.359738537904832e-08,-3.521563485264778e-09,-4.419125509969035e-09
00:00:05:51.866,61,-4.769302819340737e-08,-2.0135194844783655e-08,2.978369550987736e-08,-1.288950457478677e-08,3.60235574703438e-08,0.04463215917348862,0.029340272769331932,5.164183747297102e-08,2.1215528889229063e-08,-1.8812716717775402e-08,2.9248186095287565e-08,-5.984679063431031e-08,0.0447833389043808,0.029495377093553543,0.02746715024113655,-0.0001613479107618332,0.01670486107468605,0.11024276912212372,0.01988312415778637,0.16551914811134338,0.0036905789747834206,0.006532214116305113,-0.00022564195387531072,0.11606577038764954,0.10957282781600952,0.00020315765868872404,0.0006072079995647073,0.028347073122859,0.027420971542596817,0.06996309012174606,0.06725627928972244,0.0008658808656036854,0.015158827416598797,1.675412022450473e-05,-0.00017110645421780646,0.00040245565469376743,0.000792352482676506,0.24924534559249878,0.24697406589984894,0.08391990512609482,0.08064323663711548,-0.0008148920605890453,-0.0006491756648756564,0.21914425492286682,0.16776706278324127,0.16803278028964996,-0.0005037007504142821,0.086949422955513,0.08955993503332138,0.02598864771425724,0.02931608259677887,-5.261972524372993e-10,2.052635039717643e-08,-7.290393000403128e-08,2.481043281932216e-08,-5.057081509107775e-08,-2.528307874172242e-08,1.0430812658057675e-08,-7.668509738323337e-08,8.158385966794413e-09,-4.790723195924329e-08
00:00:05:52.883,61,-6.542541086673737e-08,-1.3355165862094509e-08,3.0472875778286834e-08,-2.0964071367757242e-08,5.192123353481293e-08,0.045428767800331116,0.0659223198890686,7.241964539161927e-08,3.807246784504059e-08,-8.083880231879448e-09,3.5152769584101407e-08,-6.76699016821658e-08,0.04555731639266014,0.06608602404594421,0.02852960117161274,-0.00021536805434152484,0.022230710834264755,0.12047406286001205,0.007151780650019646,0.2382732778787613,0.01129215583205223,0.005900883115828037,-0.0003214447642676532,0.05071472004055977,0.04766636714339256,-0.0007904821541160345,-0.00017698347801342607,0.025278480723500252,0.024135183542966843,0.07075262814760208,0.0710749700665474,-0.00014186084445100278,0.012172745540738106,-0.0012635072926059365,0.002930654212832451,0.00048795234761200845,0.001001316006295383,0.2777181565761566,0.2739636301994324,0.11345043778419495,0.11132670193910599,-0.0006317400839179754,-0.0004748058272525668,0.20684827864170074,0.15093566477298737,0.15121164917945862,-0.0008301439811475575,0.07707887142896652,0.07921148836612701,0.024050796404480934,0.02997935749590397,-1.4109536872197737e-09,1.668930060816365e-08,-7.886439590265582e-08,2.0265579436795633e-08,-7.297843751530309e-08,-3.126915615325743e-08,2.468004822731018e-08,-9.435228776055737e-08,2.214685146384454e-08,-8.109957150281843e-08
00:00:05:54.900,61,-5.5450946945256874e-08,4.0046872484822416e-09,1.4919788071665607e-08,-2.1299348063053003e-08,4.659406727114401e-08,0.04521165043115616,0.10617145895957947,6.291084275744652e-08,4.153698540676487e-08,1.1958182000171291e-08,2.4507754048386232e-08,-4.190951585769653e-08,0.045323118567466736,0.10635828226804733,0.02843957021832466,-0.00014135852688923478,0.02503959648311138,0.1199515163898468,0.00652531161904335,0.2852686047554016,0.042456112802028656,0.005718252155929804,-0.0002059777471004054,0.006749866530299187,0.004203748423606157,0.008194970898330212,0.009334314614534378,0.021902035921812057,0.020343050360679626,0.07407400012016296,0.07582000643014908,-0.0007180651882663369,0.0094241788610816,-0.0012088301591575146,0.003860211931169033,0.001291498076170683,0.0018949981313198805,0.25586724281311035,0.2504311800003052,0.1010434553027153,0.0991276428103447,-0.0006727719446644187,-0.000630042573902756,0.201684832572937,0.12972430884838104,0.13000889122486115,-0.00047180772526189685,0.06369175016880035,0.06450659036636353,0.013251577503979206,0.018263069912791252,-1.9615982171927726e-09,2.2538007016237316e-09,-4.451721835607714e-08,2.7008355552027297e-09,-6.563961818528696e-08,-2.2945460642631588e-08,3.246590551952977e-08,-6.864778612225564e-08,3.054737973684496e-08,-8.400529338814522e-08
00:00:05:55.916,61,-1.9082799340708334e-08,5.010515558012685e-09,2.3655593039961786e-09,-8.335336865172849e-09,1.6679987169254673e-08,0.0442228689789772,0.13021542131900787,2.2035091973293675e-08,1.67079274859816e-08,8.866191336664997e-09,7.101334631443024e-09,-1.0635703873163038e-08,0.044335439801216125,0.13038133084774017,0.028826134279370308,-9.311609028372914e-05,0.023793404921889305,0.1172567754983902,0.023552674800157547,0.24420443177223206,0.09953413158655167,0.005453001707792282,3.77883407054469e-05,0.0012109698727726936,-6.0629547078860924e-05,0.06301299482584,0.06542894244194031,0.018285654485225677,0.0166337713599205,0.06944859772920609,0.06951792538166046,-0.0007213526987470686,0.007942121475934982,-0.0006267309072427452,0.0019398442236706614,0.0015982986660674214,0.002260700101032853,0.18272161483764648,0.17695428431034088,0.054020605981349945,0.05192682147026062,-0.0007795834681019187,-0.0007950139115564525,0.20121589303016663,0.11265444755554199,0.11291644722223282,0.00026237397105433047,0.05458627641201019,0.055440206080675125,0.004229365382343531,0.006563701666891575,-8.661300010537332e-10,-1.8998980166884394e-09,-9.518116961260148e-09,-2.7753412901176944e-09,-2.339482385593783e-08,-6.996560664163098e-09,1.4137476966880058e-08,-2.101063678594528e-08,1.3466924464466956e-08,-3.278255533700758e-08
00:00:05:56.933,61,3.4272671367574503e-09,2.8684734587614003e-09,-3.166496842510469e-09,5.029142102763728e-10,-2.2538007016237316e-09,0.04115314409136772,0.13401880860328674,-3.5576521728586386e-09,-5.587935669737476e-10,3.4272671367574503e-09,-2.603046667104536e-09,5.662441182607836e-09,0.04127245768904686,0.13416604697704315,0.027028637006878853,-0.00015539504238404334,0.019882220774888992,0.11296351253986359,0.0495341494679451,0.18535040318965912,0.14955753087997437,0.00547013571485877,2.8244034183444455e-05,0.000369846384273842,-9.475946717429906e-05,0.09843414276838303,0.10140436887741089,0.01416376605629921,0.012643256224691868,0.05595613643527031,0.05323448032140732,-0.0008746635867282748,0.008275491185486317,-4.460513446247205e-05,0.000709812855347991,0.0016454996075481176,0.002329946495592594,0.12881387770175934,0.1236487329006195,0.024443604052066803,0.022738518193364143,-0.0005653345724567771,-0.0005203199107199907,0.21023158729076385,0.10454481095075607,0.10477999597787857,0.0013116273330524564,0.04833205044269562,0.04921075329184532,0.0011981358984485269,0.0021916318219155073,-1.6298145125159813e-11,-2.4400650389111433e-09,7.674097801668722e-09,-3.166496842510469e-09,3.408640703028709e-09,2.1001325123393144e-09,3.1664967869993177e-10,6.239861072288022e-09,8.009374274919878e-10,1.9371508841459217e-09
00:00:05:57.950,61,3.7960706578132886e-08,-2.421438694000244e-08,5.587935447692871e-09,1.966022011856694e-08,-3.5390257835388184e-08,0.04056907817721367,0.11300864815711975,-4.506669881720882e-08,-4.183500834642473e-08,-3.488734279244454e-08,-9.11299125050391e-09,6.2957408175634555e-09,0.040694162249565125,0.11311893165111542,0.02288833074271679,-0.00018786065629683435,0.014318927191197872,0.10932289808988571,0.07259030640125275,0.15172941982746124,0.18066176772117615,0.005553705617785454,9.042277815751731e-05,-0.0009028821950778365,-0.0005836385535076261,0.11452658474445343,0.11793266981840134,0.010607575066387653,0.00921785831451416,0.04476790130138397,0.039152830839157104,-0.0004968851571902633,0.009448224678635597,-0.0003590649284888059,0.0004273840750101954,0.001531439134851098,0.002136602532118559,0.09773364663124084,0.09283029288053513,0.007364073768258095,0.006286895368248224,-0.0005352640291675925,-0.0004935836768709123,0.22547273337841034,0.11755180358886719,0.11776542663574219,0.0021259367931634188,0.04387723281979561,0.0443606935441494,0.0006785279256291687,0.0006841221475042403,2.4389010810921263e-09,1.6521662260515768e-08,-1.5273690090467085e-09,1.875683608432155e-08,5.094334554200941e-08,1.0482035683878621e-08,-3.83891176625184e-08,2.9769726239692318e-08,-3.792345637521066e-08,8.013099517256705e-08
00:00:05:58.966,61,5.66383810962634e-08,-1.1343509243033623e-08,-9.601936135084088e-09,2.3618341060682724e-08,-4.881992765604082e-08,0.04155111685395241,0.09691701829433441,-6.520189543834931e-08,-4.727393232428767e-08,-2.1420419216156006e-08,-2.238433793877448e-08,3.485008903680864e-08,0.041689373552799225,0.09702108055353165,0.020549315959215164,-4.319399522501044e-05,0.01072923094034195,0.11477374285459518,0.08998839557170868,0.14308957755565643,0.20070545375347137,0.005560116842389107,0.0003519973251968622,-0.0007778239087201655,0.0006000351859256625,0.11533161997795105,0.11907210946083069,0.0092540942132473,0.00799683015793562,0.03765584155917168,0.030419323593378067,0.0003223621752113104,0.01101613324135542,-0.0004666477325372398,0.0003225877007935196,0.001267020357772708,0.0018239525379613042,0.08943477272987366,0.08533017337322235,0.003153582103550434,0.002481597475707531,-0.0004754448018502444,-0.0004911160212941468,0.24488386511802673,0.138322651386261,0.13855990767478943,0.0030226961243897676,0.04494616016745567,0.04499490559101105,0.0010067671537399292,0.001210079644806683,2.3853499175885418e-09,4.637986439348651e-09,3.403052772910087e-08,4.4144687905145474e-09,6.941147034922324e-08,2.1413434581063484e-08,-3.878027143855434e-08,6.340909664004357e-08,-3.7159772148243064e-08,9.428709546455138e-08
00:00:05:59.983,61,5.286186777198054e-08,-1.860782461449162e-08,-3.0640512349577875e-09,2.3823231387609667e-08,-4.6761705618791893e-08,0.03907962888479233,0.06672713160514832,-6.170943578354127e-08,-4.9248338740426334e-08,-2.991408010188934e-08,-1.7983838418444975e-08,2.4158508082905428e-08,0.0392303504049778,0.0668409988284111,0.022641681134700775,0.00017023057444021106,0.008944093249738216,0.1506498157978058,0.0930643305182457,0.18741866946220398,0.17582547664642334,0.005804093554615974,0.00035129583557136357,-0.0039170230738818645,-0.004300965461879969,0.09186157584190369,0.09533973038196564,0.008237294852733612,0.00656283600255847,0.04798727110028267,0.0403817854821682,0.0011579931015148759,0.01331193558871746,-0.0003775095974560827,0.0006486457423307002,0.002091098576784134,0.0025289098266512156,0.15674936771392822,0.15272678434848785,0.004895372316241264,0.0038273907266557217,-0.0009300187230110168,-0.00100420112721622,0.265717476606369,0.15437087416648865,0.1545936018228531,0.0034405968617647886,0.04908415675163269,0.04813418537378311,0.002668624510988593,0.0011852175230160356,2.6414637144256403e-09,1.0877847955725883e-08,1.9688158658937027e-08,1.1883676265256327e-08,6.702728683194437e-08,1.8205028595730255e-08,-4.220753879735639e-08,5.3192490412357074e-08,-4.086643556888703e-08,9.64105097978063e-08
00:00:06:00.000,61,4.027969957576261e-09,-1.3224780159859506e-09,-1.210719302591201e-10,1.8719583660953276e-09,-3.594905040316121e-09,0.03763432800769806,0.057253647595644,-4.9732626905552024e-09,-4.395842356785806e-09,-2.067536142291715e-09,-1.3038515822572094e-09,1.7695128695649487e-09,0.03778257220983505,0.057397983968257904,0.02549898438155651,0.00017242319881916046,0.012504086829721928,0.19888660311698914,0.058208245784044266,0.24507653713226318,0.11530878394842148,0.006345725618302822,0.0003537233278620988,0.0009596663876436651,-0.0010820424649864435,0.023788202553987503,0.025967208668589592,0.009054021909832954,0.006787693127989769,0.05384058132767677,0.04860551655292511,0.00048465729923918843,0.013730529695749283,-0.0008269119425676763,4.176795482635498e-05,0.0014951786724850535,0.0019740613643079996,0.23886020481586456,0.23590664565563202,0.040152743458747864,0.0390913151204586,0.0003414583334233612,0.0003437262785155326,0.2869177758693695,0.1744781881570816,0.17470477521419525,0.003175391349941492,0.0594988577067852,0.059411607682704926,0.0030945211183279753,0.0032676339615136385,2.2351741291171123e-10,1.3969838619232178e-09,1.4901161415892261e-09,7.078051478259795e-10,5.923211698899422e-09,1.5075783954543454e-09,-3.278255444882916e-09,4.172325152040912e-09,-2.7008355552027297e-09,7.860362138956134e-09
00:00:06:00.016,61,-1.0076909973122383e-08,-1.097097968028038e-08,1.1324882365215672e-08,-1.1548400014049776e-09,6.398185981026927e-09,0.03858725726604462,0.046384043991565704,1.010485028984931e-08,-4.842877210364804e-10,-1.2069940602543738e-08,8.614733815193176e-09,-1.9688158658937027e-08,0.03874673321843147,0.04651116207242012,0.04060222581028938,8.261792390840128e-05,0.018443504348397255,0.24135403335094452,0.029380707070231438,0.2610222101211548,0.05203280970454216,0.006357426755130291,0.00039952516090124846,0.055516500025987625,0.054684389382600784,-0.0026300239842385054,-0.0022453474812209606,0.013342426158487797,0.011152579449117184,0.05804380401968956,0.05341076850891113,-0.0003899812581948936,0.01322486437857151,-0.00013343572209123522,0.000503295217640698,0.0008532872307114303,0.0014375734608620405,0.3546830117702484,0.352817177772522,0.08918192237615585,0.08871793001890182,-0.0008753231377340853,-0.0007281497237272561,0.3148878216743469,0.19686928391456604,0.19709868729114532,0.0023522544652223587,0.08233608305454254,0.08392732590436935,0.006849520839750767,0.010784726589918137,2.6193447411060333e-10,1.0244548320770264e-08,-2.5536865067010694e-08,1.1604279315235999e-08,-8.018687047695039e-09,-6.789341533419702e-09,-3.0919908855508993e-09,-2.126675013869317e-08,-3.3527611797978807e-09,-2.495944562141972e-09
00:00:06:01.033,61,-4.415400312041129e-08,-3.2037497099679513e-09,1.6354023912867888e-08,-1.5660189589539186e-08,3.581866536706002e-08,0.039279475808143616,0.04244149103760719,4.923902352516052e-08,2.849847113850501e-08,1.7322600021074663e-09,2.1585728759987433e-08,-3.968365547279973e-08,0.039451874792575836,0.042522549629211426,0.05648660287261009,5.507454261532985e-05,0.024004125967621803,0.2637772858142853,0.010943558998405933,0.2034234255552292,0.0076301987282931805,0.005007053725421429,0.00046839096467010677,0.1489880532026291,0.1519547700881958,-0.000704175210557878,-0.0007943534874357283,0.021851835772395134,0.020076775923371315,0.07161226123571396,0.06539477407932281,-0.00099127646535635,0.011418775655329227,0.00045047164894640446,-0.0007238548714667559,0.0007268253830261528,0.0015166348312050104,0.46075549721717834,0.4606657028198242,0.12424492090940475,0.12581877410411835,-0.001249837689101696,-0.0009931741515174508,0.33343639969825745,0.227157324552536,0.2273644208908081,0.001392710255458951,0.0987326055765152,0.10320381820201874,0.01705237105488777,0.0245550274848938,-1.2421514927751787e-09,6.426125853664644e-09,-4.4181941660781376e-08,7.916241884231567e-09,-5.002133462994607e-08,-1.953449135783103e-08,2.0880252193933302e-08,-5.898066035570082e-08,1.959502782256095e-08,-6.029382149108642e-08
00:00:06:02.049,61,-2.833083279085713e-08,1.3709068547029801e-08,-7.729977213877248e-10,-1.3760290684672327e-08,2.5657936220113697e-08,0.038358256220817566,0.049485478550195694,3.3043324521031536e-08,2.8256327055942165e-08,2.054497549863754e-08,8.279458008075835e-09,-9.331852623972736e-09,0.0385257750749588,0.04955171421170235,0.0631101056933403,0.00018410838674753904,0.028316812589764595,0.24563556909561157,0.0033523491583764553,0.1590246707201004,0.0008615064434707165,0.004404569044709206,0.0002963744045700878,0.2138514667749405,0.2164502739906311,-0.0007106530829332769,-0.0006858277483843267,0.02681724727153778,0.025379128754138947,0.07114939391613007,0.06319860368967056,-0.001162985572591424,0.009071278385818005,0.00026601969148032367,-0.0006125211948528886,0.0005927903112024069,0.0014931580517441034,0.5040319561958313,0.5044562816619873,0.15723608434200287,0.15890847146511078,-0.0007745796465314925,-0.0005321305943652987,0.3444509208202362,0.25810909271240234,0.25831395387649536,0.0009654684108681977,0.11297914385795593,0.11866764724254608,0.03216683119535446,0.04158313572406769,-1.6030390348475976e-09,-8.558854069917743e-09,-4.358589489328324e-09,-1.0151415708037348e-08,-3.605149601071389e-08,-8.814968310844051e-09,2.5201588371714934e-08,-2.5909393741585518e-08,2.4922192309873026e-08,-5.5022539413585037e-08
00:00:06:03.066,61,2.5616026633201727e-08,1.4137476966880058e-08,-1.8030405612989853e-08,6.128102469915575e-09,-1.885928213596344e-08,0.035793136805295944,0.05870077759027481,-2.7790665768634426e-08,-9.126961408867373e-09,1.4230608691434554e-08,-1.6954727399820513e-08,3.541819637575827e-08,0.035962313413619995,0.05877549946308136,0.06162220984697342,0.00021929327340330929,0.03070591203868389,0.2069961577653885,0.0017926895525306463,0.12854264676570892,-0.00012775302457157522,0.004008905030786991,0.0001245681633008644,0.2522568106651306,0.2526813745498657,-0.0003741496766451746,-0.0003935086715500802,0.030159320682287216,0.02929803356528282,0.0636175125837326,0.05559330806136131,-0.0010605884017422795,0.007671547122299671,-0.00016402006440330297,0.0004459103802219033,0.0007582724210806191,0.0017482743132859468,0.48145949840545654,0.4817492663860321,0.16704989969730377,0.16750694811344147,-0.0004052704607602209,-0.00016228646563831717,0.3542160093784332,0.28171810507774353,0.2819317877292633,0.0007860699552111328,0.12223473191261292,0.1291375607252121,0.042250797152519226,0.05232148990035057,9.778886728151193e-11,-1.3541430199381921e-08,4.500150652120283e-08,-1.6763806343078613e-08,2.6738270264559105e-08,1.4358665367808499e-08,-3.0174851506359346e-09,4.3590553389094566e-08,-1.7322600021074663e-09,2.2519380138419365e-08
00:00:06:04.083,61,2.9392539957484587e-08,8.940697071579962e-09,-1.545995509388831e-08,8.768402004477593e-09,-2.2733583904255283e-08,0.0292184017598629,0.07009948045015335,-3.273598991881954e-08,-1.5180557255689564e-08,7.1525572131747595e-09,-1.6922131251817518e-08,3.322958974649737e-08,0.029369836673140526,0.07018127292394638,0.0476466566324234,0.0002709721738938242,0.03162943199276924,0.14031100273132324,0.0009867012267932296,0.1192765012383461,0.00018020272545982152,0.003629378043115139,8.917359809856862e-05,0.2638288140296936,0.2605894207954407,-0.0005733490106649697,-0.0002445137361064553,0.030023397877812386,0.029869461432099342,0.04227606952190399,0.0371132418513298,-0.00028352023218758404,0.0068511515855789185,-0.00022515594901051372,0.0033152750693261623,0.001149190473370254,0.0021595226135104895,0.3779846131801605,0.3779905438423157,0.159518763422966,0.15799669921398163,-0.0005070793558843434,-0.0003110873803962022,0.3626581132411957,0.30068230628967285,0.3009466826915741,0.000645830703433603,0.12608523666858673,0.13340559601783752,0.050399985164403915,0.060491617769002914,4.761386840357318e-10,-9.760260155644573e-09,4.0475278240137413e-08,-1.193955512235334e-08,3.216788257986991e-08,1.4657853597555004e-08,-8.959323061219493e-09,4.435889522369507e-08,-7.78585640404117e-09,3.371387791162306e-08
00:00:06:05.099,61,8.689239550108141e-09,-3.9860608147535e-09,1.8626451769865326e-10,4.088505978216972e-09,-7.702038118395649e-09,0.0253840871155262,0.07903670519590378,-1.0794028781901943e-08,-8.6054203762842e-09,-6.1839817711017986e-09,-2.9243529819922287e-09,3.259629011154175e-09,0.02549906261265278,0.07912560552358627,0.03269142657518387,-0.00033895522938109934,0.029001744464039803,0.0628843903541565,0.0021707979030907154,0.107539102435112,8.96906858542934e-05,0.003325097495689988,0.00012168385001132265,0.2762640714645386,0.26989588141441345,-0.00030813217745162547,-0.00016941726789809763,0.025623587891459465,0.0261846873909235,0.019357716664671898,0.017919784411787987,-4.958093268214725e-05,0.006082432344555855,0.0032856413163244724,0.010110492818057537,0.0006946472567506135,0.0018828888423740864,0.21486026048660278,0.21350198984146118,0.13145135343074799,0.12853552401065826,-0.0006582081550732255,-0.0002623391046654433,0.3710539638996124,0.3080272674560547,0.3083515465259552,0.00027537517598830163,0.14019736647605896,0.14926424622535706,0.06608665734529495,0.07736298441886902,4.726461999560172e-10,2.3469328702674375e-09,2.4586916946844894e-09,2.756714856388953e-09,1.0933726812822897e-08,2.607703164514419e-09,-7.674097801668722e-09,8.046627364421965e-09,-7.48783346438131e-09,1.7136335017653437e-08
00:00:06:06.116,61,3.3974647095647015e-08,3.5390257391298974e-10,-1.0924413373913922e-08,1.242384328747903e-08,-2.7883798381367342e-08,0.022837774828076363,0.08302082121372223,-3.8826836856742375e-08,-2.37114718970588e-08,-3.725290298461914e-09,-1.6232952759764885e-08,2.8610228852699038e-08,0.022941650822758675,0.08308985084295273,0.028098618611693382,-0.0004413877031765878,0.0259668231010437,0.032540202140808105,0.002123525133356452,0.09219326823949814,0.0011482775444164872,0.00294350553303957,0.0001321179443039,0.28937047719955444,0.28234460949897766,-0.00035758435842581093,-0.0002967238542623818,0.023591365665197372,0.02431737445294857,0.010642345063388348,0.009398100897669792,0.0012344043934717774,0.00521524902433157,0.03365303575992584,0.03280077502131462,0.001806492218747735,0.0031604901887476444,0.1532549113035202,0.1520649939775467,0.125512957572937,0.12332779914140701,-0.0007747617200948298,-0.00038533032056875527,0.3744947910308838,0.31254342198371887,0.31290754675865173,-0.00023065641289576888,0.15154170989990234,0.16235625743865967,0.08437767624855042,0.09769381582736969,1.0617077217389692e-09,-3.483146437943674e-09,3.186985964021005e-08,-4.4330956683324985e-09,3.9311125021868065e-08,1.4454126784357868e-08,-1.784414038752402e-08,4.389788799130656e-08,-1.655891601615167e-08,4.962086563864432e-08
00:00:06:07.133,61,5.4542905303378575e-08,1.0468065525515158e-08,-2.499669804478799e-08,1.7555430886773138e-08,-4.316679991234196e-08,0.02153422310948372,0.07832633703947067,-6.096437488167794e-08,-3.172084817038012e-08,6.2957408175634555e-09,-2.940651100402647e-08,5.5953861988200515e-08,0.021639348939061165,0.07837636768817902,0.02501692622900009,-0.00037914834683761,0.023162374272942543,0.01858464442193508,0.0029798306059092283,0.0842270478606224,0.004276487044990063,0.002900603460147977,0.00016573132597841322,0.2913859486579895,0.2847496271133423,-0.0003561800695024431,-0.00038143337587825954,0.021923504769802094,0.02274111658334732,0.007901234552264214,0.006242846138775349,0.0020846989937126637,0.005028292536735535,0.0555284209549427,0.05021696165204048,0.002878400031477213,0.0042922417633235455,0.12335849553346634,0.12249895185232162,0.12362361699342728,0.12179743498563766,-0.0009773749625310302,-0.0006420999998226762,0.3752511739730835,0.31308114528656006,0.3134622573852539,-0.00026560548576526344,0.1577422022819519,0.16918979585170746,0.09414556622505188,0.10885214060544968,1.1944212285897038e-09,-1.3560057077199872e-08,6.597488777515537e-08,-1.6801060098714515e-08,6.072222902275826e-08,2.567539958420184e-08,-2.0936131051030316e-08,7.806811197497154e-08,-1.860782461449162e-08,6.854534007061375e-08
00:00:06:09.150,61,7.818452729679848e-08,7.63684493421124e-09,-3.0240045134632965e-08,2.7026981541666828e-08,-6.323680423747646e-08,0.019908396527171135,0.059861354529857635,-8.791685246478664e-08,-5.027279215141789e-08,-5.029142102763728e-10,-3.9329751899686016e-08,7.233582266508165e-08,0.02002313919365406,0.05987795814871788,0.02365591935813427,-0.0003423955640755594,0.020485877990722656,0.010779118165373802,0.0028585242107510567,0.08517341315746307,0.007921850308775902,0.002337256446480751,0.00013347150525078177,0.2945433557033539,0.28944453597068787,-0.0003640675568021834,-0.00031917155138216913,0.02045840583741665,0.02154707908630371,0.008279252797365189,0.00608872901648283,0.0034149643033742905,0.004770001396536827,0.07451175153255463,0.06708194315433502,0.0037767260801047087,0.0052663167007267475,0.10718332976102829,0.10661867260932922,0.1312788724899292,0.13006682693958282,-0.001184795517474413,-0.0008755832677707076,0.38432884216308594,0.3149707019329071,0.31535977125167847,-0.0001770817907527089,0.1666228175163269,0.179350808262825,0.10365783423185349,0.12089771032333374,2.107117369476441e-09,-1.320615439226458e-08,8.298083997715366e-08,-1.6577541117612782e-08,8.916482130416625e-08,3.516906943445974e-08,-3.5595149938671966e-08,1.0626390434254063e-07,-3.2559036355905846e-08,1.0602175848362094e-07
00:00:06:10.166,61,5.037989581069269e-08,8.419156038996789e-09,-2.197921311619666e-08,1.6596167995430733e-08,-4.006549758628353e-08,0.020484304055571556,0.03267178684473038,-5.6568534745338184e-08,-3.0286610552821e-08,4.228204453227136e-09,-2.6701018285280043e-08,5.041249195869568e-08,0.02060440368950367,0.03266162797808647,0.022548789158463478,-0.0002535321982577443,0.019424287602305412,0.007029470056295395,0.001921911258250475,0.09354129433631897,0.010722620412707329,0.001983755035325885,3.201555591658689e-05,0.301727831363678,0.2980723977088928,-0.0003645086253527552,-0.0001884567755041644,0.018524469807744026,0.01975894346833229,0.007548168767243624,0.005067337770015001,0.004133435431867838,0.004258596803992987,0.08778272569179535,0.0810341089963913,0.005017038434743881,0.006536856293678284,0.10519859194755554,0.10561752319335938,0.14699558913707733,0.1464325487613678,-0.0010047138202935457,-0.0007358360453508794,0.39828887581825256,0.3199092447757721,0.32028838992118835,7.097590423654765e-05,0.18056663870811462,0.1939965784549713,0.11429082602262497,0.1338803619146347,1.1746306149973407e-09,-1.1473893835045601e-08,5.86919490785931e-08,-1.4100224099422576e-08,5.624256971259456e-08,2.333428739120791e-08,-2.019107370188067e-08,7.116236133697385e-08,-1.8253922817734747e-08,6.51925802230835e-08
00:00:06:11.183,61,5.7513826590138706e-08,-3.073364451822158e-09,-1.600943555501999e-08,2.1867453625645794e-08,-4.7963112592697144e-08,0.022199442610144615,0.016773197799921036,-6.578862610240321e-08,-4.220753879735639e-08,-1.098960655809833e-08,-2.611894167614537e-08,4.466622982590707e-08,0.022334516048431396,0.016730187460780144,0.022905148565769196,-7.451150304405019e-05,0.01885906234383583,0.005724505987018347,0.0010015636216849089,0.11523135006427765,0.013493133708834648,0.0016254587098956108,7.044347148621455e-05,0.3056766390800476,0.30436405539512634,-0.000212098952033557,1.2508630788943265e-05,0.017300503328442574,0.018712230026721954,0.006520521827042103,0.0036780184600502253,0.0039305011741817,0.0038927376735955477,0.09681368619203568,0.0946393683552742,0.005627008154988289,0.007229941431432962,0.11214292794466019,0.11368203908205032,0.18076781928539276,0.18129001557826996,-0.0005334102897904813,-0.0002791035221889615,0.4080554246902466,0.3258253335952759,0.3262123167514801,0.00038556032814085484,0.19314521551132202,0.2078501135110855,0.1260695606470108,0.1495707631111145,1.9615982171927726e-09,-2.9988587169071934e-09,4.811212406252707e-08,-3.911554635749326e-09,6.76326479265299e-08,2.3704487261966278e-08,-3.2521782600269944e-08,7.15861077082991e-08,-3.0472875778286834e-08,8.717179156292332e-08
00:00:06:12.200,61,1.912936653525321e-08,-9.145587398506905e-09,6.426125742642341e-10,9.201467143782338e-09,-1.7350538783489355e-08,0.023391347378492355,0.008654450997710228,-2.3283064365386963e-08,-1.9147991636714323e-08,-1.3783574281944766e-08,-6.067566449274864e-09,6.817281406057418e-09,0.02352285385131836,0.008609553799033165,0.023036563768982887,2.2520347556564957e-05,0.020174015313386917,0.006738671101629734,0.001043709460645914,0.13927298784255981,0.011344295926392078,0.0020234480034559965,-1.0507796105230227e-05,0.3116638660430908,0.3115313649177551,-0.0002489322505425662,1.8433333025313914e-05,0.015544934198260307,0.016849329695105553,0.005689970217645168,0.002852332079783082,0.00334867718629539,0.003344102529808879,0.09428724646568298,0.0988997295498848,0.0061922683380544186,0.007801673375070095,0.13927233219146729,0.14100785553455353,0.21607524156570435,0.21664761006832123,-0.0005039298557676375,-0.00023507892910856754,0.41495001316070557,0.3345741629600525,0.3349757492542267,0.00030328435241244733,0.20653948187828064,0.22127589583396912,0.14003342390060425,0.16596196591854095,1.057051113306784e-09,5.476176845320424e-09,3.948807503206808e-09,6.649643058409538e-09,2.4205073501093466e-08,5.738111319431027e-09,-1.6838312077993578e-08,1.7452984835131247e-08,-1.654028913833372e-08,3.799796033376879e-08
00:00:06:13.216,61,2.1923334259099647e-08,-9.834766778737958e-09,2.98023217215615e-10,1.0412186668418144e-08,-1.991167586368192e-08,0.028063980862498283,0.001839349279180169,-2.6486814519444124e-08,-2.1588057563803886e-08,-1.5050172663677586e-08,-7.0594250445310536e-09,8.251517691348909e-09,0.02819346822798252,0.0017790698911994696,0.02288135141134262,0.00011003248073393479,0.021564345806837082,0.012681557796895504,0.0011270266259089112,0.1655837893486023,0.0088487658649683,0.0019382585305720568,5.0112110329791903e-05,0.3190380334854126,0.32112595438957214,-0.0003530484391376376,-7.216334324766649e-06,0.014068679884076118,0.015336912125349045,0.00364317512139678,0.0007635820074938238,0.0019185025012120605,0.0026711849495768547,0.0824563205242157,0.09766850620508194,0.006589195691049099,0.008171184919774532,0.1735512614250183,0.17512905597686768,0.24532796442508698,0.24620172381401062,-0.00014412880409508944,0.00015239357890095562,0.41718947887420654,0.34416624903678894,0.34455445408821106,0.00019766103650908917,0.22532546520233154,0.2402152270078659,0.15747565031051636,0.18537044525146484,1.1757947948609626e-09,5.755573351251542e-09,5.513429712777906e-09,6.9476664421586065e-09,2.752989480825363e-08,6.745103586780488e-09,-1.9054859023981408e-08,2.048444081026446e-08,-1.8682330349406584e-08,4.276633092104021e-08
00:00:06:14.233,61,1.381617042994776e-08,-1.3541430199381921e-08,5.429610538953966e-09,8.344650304081824e-09,-1.3820827149402248e-08,0.03465590626001358,0.0009197968174703419,-1.7713755795512043e-08,-1.8086284470086866e-08,-1.8589197736673668e-08,-1.953449180192024e-09,-2.1606683109354208e-09,0.034774355590343475,0.0008790016290731728,0.0248198751360178,1.5703681128798053e-05,0.023586325347423553,0.026611516252160072,0.0011887449072673917,0.19305257499217987,0.005793743301182985,0.0020711245015263557,0.00027037158724851906,0.3259240984916687,0.3297739326953888,-0.000367406610166654,-6.765127182006836e-06,0.013837609440088272,0.015068900771439075,0.002790144644677639,-0.00010834098065970466,0.0012916732812300324,0.0030169750098139048,0.0640181228518486,0.08874885737895966,0.006770289037376642,0.008388851769268513,0.2166237235069275,0.21763992309570312,0.27004802227020264,0.2711980938911438,-0.00014104723231866956,0.00023378014157060534,0.41883766651153564,0.3514786660671234,0.35186997056007385,5.053263157606125e-05,0.24363191425800323,0.25814932584762573,0.1701951026916504,0.1991589367389679,1.0966323404915101e-09,9.518116961260148e-09,-7.227063392178934e-09,1.1473893835045601e-08,1.9054859023981408e-08,2.4319160019103947e-09,-1.752749057004621e-08,7.292255688184923e-09,-1.7601996304961176e-08,3.4607946730602634e-08
00:00:06:14.250,61,3.193505193621604e-08,-1.5478581971706262e-08,1.0337680711458574e-09,1.5469268532797287e-08,-2.9169022752739693e-08,0.0414351262152195,0.001458988175727427,-3.824010619268847e-08,-3.2074748190780156e-08,-2.3134052895557033e-08,-9.74629088545953e-09,1.0877847955725883e-08,0.04153655841946602,0.0014313304563984275,0.028486935421824455,-6.933390977792442e-05,0.027307163923978806,0.04193843901157379,0.0013728917110711336,0.2093096226453781,0.0028976011089980602,0.002313476987183094,0.00040649063885211945,0.3311759829521179,0.33638817071914673,-0.000546768307685852,-0.00020670294179581106,0.013459601439535618,0.014474836178123951,0.0033120031002908945,0.00029060186352580786,0.000574534700717777,0.002983743790537119,0.04626874998211861,0.07693875581026077,0.006638781633228064,0.008286566473543644,0.27160176634788513,0.27220016717910767,0.29525116086006165,0.2965170443058014,-0.0004670357739087194,-3.8317441067192703e-05,0.42096129059791565,0.3590191602706909,0.35941436886787415,-0.0002267882227897644,0.2570284605026245,0.27035778760910034,0.1793968230485916,0.20845764875411987,1.7695128695649487e-09,9.257346000879352e-09,6.742775227053244e-09,1.1101365160470777e-08,4.0978193283081055e-08,9.916257148745444e-09,-2.8442592281407997e-08,2.9327347661478598e-08,-2.801418297337932e-08,6.299465837855678e-08
00:00:06:15.266,61,2.4205073501093466e-08,-2.3301691243204914e-08,9.32253918506376e-09,1.4412217197445898e-08,-2.4018810051984474e-08,0.04675362631678581,0.0015400332631543279,-3.0137599082991073e-08,-3.157183670055019e-08,-3.18139790067562e-08,-3.296881878611657e-09,-3.5855918234517503e-09,0.046846672892570496,0.0015264481771737337,0.033766910433769226,-0.00012790635810233653,0.030440878123044968,0.056470900774002075,0.0015547745861113071,0.2174605131149292,0.001923711271956563,0.0029297005385160446,0.0005697814631275833,0.3257511258125305,0.3318746089935303,-0.0005416220519691706,-0.00013506054528988898,0.014013302512466908,0.014752893708646297,0.0066090659238398075,0.0023554363287985325,-0.0001570516760693863,0.0026716345455497503,0.03176964074373245,0.06583146750926971,0.006364037282764912,0.008012191392481327,0.31322142481803894,0.3131750822067261,0.3088452219963074,0.3101368844509125,-0.00040884019108489156,5.166172923054546e-05,0.42208877205848694,0.36814185976982117,0.3685554265975952,-0.0005552491056732833,0.259438693523407,0.2712324261665344,0.17988139390945435,0.20794819295406342,1.9231811698716683e-09,1.6428529647782852e-08,-1.2367963542203597e-08,1.9483268332010084e-08,3.3974647095647015e-08,4.7241339728998355e-09,-3.02121030415492e-08,1.3168901524807097e-08,-3.026798367500305e-08,5.954876414193677e-08
00:00:06:16.283,61,-4.395842356785806e-09,-3.505498114009242e-08,2.6905908612206986e-08,6.6123901909520555e-09,-2.3655593039961786e-09,0.05005192756652832,0.001251539564691484,1.0058284205527457e-09,-1.9017607044702345e-08,-4.278495779885816e-08,1.4123506808516595e-08,-3.91900556451219e-08,0.05012908950448036,0.0012636196333914995,0.03488180413842201,-0.0001957665226655081,0.03251854330301285,0.06405187398195267,0.0013342523016035557,0.2219008207321167,0.0013024770887568593,0.0033186383079737425,0.0006298492662608624,0.30088672041893005,0.3053232431411743,-0.0003549981047399342,6.428599590435624e-05,0.013865958899259567,0.014314370229840279,0.009983006864786148,0.006112102884799242,-0.0005694596329703927,0.0024858000688254833,0.020224224776029587,0.0526839941740036,0.005927452817559242,0.007427371572703123,0.3207899332046509,0.31959325075149536,0.2968299984931946,0.29731643199920654,-0.0004128873406443745,2.422332727292087e-05,0.4154352843761444,0.3726184070110321,0.37303173542022705,-0.0007701032445766032,0.24539123475551605,0.25481387972831726,0.16940732300281525,0.19457508623600006,1.6135163205532876e-09,2.8423965403590046e-08,-5.5767596762734684e-08,3.4291296913124825e-08,3.594905040316121e-09,-1.0353979007504677e-08,-2.3953615979621645e-08,-3.2619574596992607e-08,-2.5350599841544863e-08,3.067776432885694e-08
00:00:06:17.299,61,-3.997702080482668e-08,-4.643574413876195e-08,4.634260974967219e-08,-3.855675334563102e-09,2.5201588371714934e-08,0.05412820726633072,0.001286818995140493,4.0028243830647625e-08,-9.87201875801702e-10,-5.237758315956853e-08,3.466382736405649e-08,-8.008442620166534e-08,0.05419143661856651,0.0013023066567257047,0.03416455537080765,-0.0002772500738501549,0.033307239413261414,0.06682148575782776,0.001102531561627984,0.22979636490345,0.0026004482060670853,0.003219402162358165,0.0006176652968861163,0.25506114959716797,0.257779061794281,-0.00032657026895321906,-8.088708273135126e-05,0.01351714413613081,0.013575272634625435,0.01515188068151474,0.011425906792283058,-0.0006364783621393144,0.002477676374837756,0.009714619256556034,0.03927178680896759,0.005336576607078314,0.006720526143908501,0.28893837332725525,0.28672924637794495,0.25503501296043396,0.2543887197971344,-0.0001045036333380267,0.00029777525924146175,0.4115341305732727,0.37272071838378906,0.3731130361557007,-0.0009085751371458173,0.21880587935447693,0.22597545385360718,0.14483241736888885,0.16506844758987427,1.0407529282829842e-09,4.068948200597333e-08,-1.0535121219845678e-07,4.936009645462036e-08,-3.5362319295018096e-08,-2.8379727012861622e-08,-1.3671815679572319e-08,-8.712522969744896e-08,-1.6465783403418754e-08,-9.294598868336834e-09
00:00:06:18.316,61,-5.0091184533584965e-08,-4.945322729099644e-08,5.187466811662489e-08,-6.780028538599936e-09,3.3155082235225564e-08,0.058024272322654724,-0.00010993957403115928,5.1101668674391476e-08,3.9860608147535e-09,-5.4854901065937156e-08,4.048924751032246e-08,-9.160488900761266e-08,0.05808553844690323,-0.00010574937186902389,0.030580878257751465,-0.00023695379786659032,0.032844629138708115,0.06626346707344055,0.0007478225161321461,0.236488476395607,0.006903036963194609,0.0034873979166150093,0.00048202407197095454,0.19652904570102692,0.19652245938777924,-0.00012107729708077386,0.00012367486488074064,0.012231738306581974,0.01181849930435419,0.015909947454929352,0.013276959769427776,-0.00037443279870785773,0.0031225348357111216,0.0022994435857981443,0.023659976199269295,0.004751200322061777,0.0058257365599274635,0.2475181519985199,0.2439081221818924,0.19646091759204865,0.19329522550106049,-0.00017744064098224044,0.0001232278300449252,0.4106300473213196,0.3719834089279175,0.37235119938850403,-0.0007151290192268789,0.18518295884132385,0.1885027289390564,0.11380423605442047,0.12656153738498688,8.777715221341964e-10,4.440546064188311e-08,-1.1935830457332486e-07,5.3551048040390015e-08,-4.64543710165799e-08,-3.352179334115135e-08,-1.0430812658057675e-08,-1.0262243677061633e-07,-1.3913958873956744e-08,-2.0302831416074696e-08
00:00:06:19.333,61,4.181638146860678e-09,-4.89875660036887e-08,3.4356489209130814e-08,1.308042563152867e-08,-1.1594965876327024e-08,0.059114303439855576,-0.000685975537635386,-1.0011717677116394e-08,-3.391876646219316e-08,-6.13741590882455e-08,1.5164259181688067e-08,-4.666857478241582e-08,0.05916992202401161,-0.000708460807800293,0.028956104069948196,-9.319446689914912e-05,0.03248748928308487,0.06804348528385162,0.0015358292730525136,0.23716449737548828,0.035415422171354294,0.004010296892374754,0.0004936864133924246,0.12366464734077454,0.1218930259346962,-0.0008610254735685885,-0.00021602987544611096,0.009753256104886532,0.008667770773172379,0.015267960727214813,0.012776908464729786,-0.0006846452015452087,0.003593419212847948,0.00046807885519228876,0.013291025534272194,0.00410568667575717,0.004954884760081768,0.2117435783147812,0.20752039551734924,0.13723443448543549,0.13276296854019165,-0.0004028499242849648,-0.0002553343656472862,0.42149391770362854,0.37381666898727417,0.3741731643676758,-0.0002741965581662953,0.14049586653709412,0.1398574709892273,0.07517486065626144,0.08147066086530685,2.585584191194812e-09,3.928318648149798e-08,-6.949529307576086e-08,4.6901405426069687e-08,1.710839647728335e-08,-1.0038493591935094e-08,-3.881752519419024e-08,-3.2535755423168666e-08,-4.0493905117955364e-08,5.78910110959896e-08
00:00:06:20.349,61,4.371628037347364e-08,-3.8277356395610695e-08,1.4016404925598636e-08,2.520624597934784e-08,-4.24869348591983e-08,0.053172655403614044,-0.00042904377914965153,-5.354173637783788e-08,-5.491077814667733e-08,-5.2936375283252346e-08,-7.047783689984044e-09,-3.0919908855508993e-09,0.053231000900268555,-0.0004561471869237721,0.027028793469071388,-5.476899605127983e-05,0.031017890200018883,0.07004646956920624,0.0034582209773361683,0.23974284529685974,0.08615866303443909,0.004368557129055262,0.0005791469011455774,0.029837746173143387,0.029935965314507484,-0.002364342100918293,-0.000671355752274394,0.0072221457958221436,0.005865258630365133,0.014572704210877419,0.013007977977395058,-0.0013906836975365877,0.003887113416567445,-0.0002490138867869973,0.00800147745758295,0.003494844539090991,0.004084459505975246,0.18438133597373962,0.17982444167137146,0.09911740571260452,0.09441669285297394,-0.0003962922201026231,-0.0003007710038218647,0.4386996924877167,0.37308964133262634,0.37345123291015625,0.0004845032235607505,0.10279783606529236,0.09876864403486252,0.045428209006786346,0.04783866927027702,3.3155083123403983e-09,2.7427450532968578e-08,-1.7415732855852184e-08,3.194436359876818e-08,6.07129209129198e-08,9.484356411348926e-09,-5.1651149135523156e-08,2.6631168381641146e-08,-5.1669776013341107e-08,1.0432675168203787e-07
00:00:06:21.366,61,4.305038459051502e-08,-7.264316259636416e-09,-8.288770558806391e-09,1.7755665382424013e-08,-3.67127341860396e-08,0.04375787079334259,0.00012305975542403758,-4.994683067138794e-08,-3.553926930521811e-08,-1.4416873028721966e-08,-1.77836039227941e-08,2.833083279085713e-08,0.043826475739479065,7.693767838645726e-05,0.025404609739780426,9.268298526876606e-06,0.0289124958217144,0.07014267146587372,0.00631791353225708,0.2464180588722229,0.14052321016788483,0.004290186334401369,0.0007319931173697114,9.454596875002608e-05,0.001425325870513916,0.022567911073565483,0.025737207382917404,0.005453747697174549,0.004052657634019852,0.01653307117521763,0.01459257211536169,-0.0013147282879799604,0.0033294593449681997,-0.00024179636966437101,0.004558357410132885,0.002685575745999813,0.00317327119410038,0.16274642944335938,0.15707340836524963,0.07041681557893753,0.0658940002322197,-0.0003392276121303439,-0.00028450251556932926,0.45305758714675903,0.3700384497642517,0.3704023063182831,0.0012987698428332806,0.0735897421836853,0.06818598508834839,0.024579348042607307,0.024997036904096603,1.7462298274040222e-09,2.607703164514419e-09,2.784654462573144e-08,2.1234154434779384e-09,5.159527205478298e-08,1.64296949378695e-08,-2.8125942463930187e-08,4.9397350210256263e-08,-2.7157366133678806e-08,7.19726074294158e-08
00:00:06:22.383,61,7.919967259795158e-08,-1.2200326082734136e-08,-1.6130506708122994e-08,3.2163224972237003e-08,-6.735324831197431e-08,0.041306789964437485,0.0007417559390887618,-9.12044200163109e-08,-6.388872719753635e-08,-2.5257469005168787e-08,-3.281980909264348e-08,5.309469841563441e-08,0.04140845313668251,0.0006714570336043835,0.02558467537164688,4.921525760437362e-05,0.025422580540180206,0.08061874657869339,0.02477855607867241,0.2493164837360382,0.23194819688796997,0.004831948783248663,0.0007338327122852206,-0.001781665370799601,0.0015754300402477384,0.10273335129022598,0.10764643549919128,0.00341174122877419,0.0022180823143571615,0.017743205651640892,0.013771440833806992,-0.0009953356347978115,0.004253091290593147,-0.0003936076245736331,0.0018868446350097656,0.0025218361988663673,0.0028889337554574013,0.14171165227890015,0.13471609354019165,0.03933219984173775,0.03510340675711632,-0.000558777479454875,-0.0005500114057213068,0.46341580152511597,0.3676224648952484,0.3679906725883484,0.003189472947269678,0.056140147149562836,0.0501534603536129,0.010033131577074528,0.009275776334106922,3.1513627263279886e-09,3.278255444882916e-09,5.349516740693616e-08,2.719461988931471e-09,9.493902553003863e-08,3.076740640040043e-08,-5.103647637838549e-08,9.194016570290842e-08,-4.885718141167672e-08,1.2889503864244034e-07
00:00:06:24.400,61,1.0207295275677097e-07,-6.239861072288022e-09,-2.784654462573144e-08,3.924127511822917e-08,-8.516944660641457e-08,0.03999222069978714,0.002561252098530531,-1.1647119890767499e-07,-7.621943609592563e-08,-2.0731240724103372e-08,-4.554865995487489e-08,7.80541427047865e-08,0.0401134192943573,0.0024760032538324594,0.025529928505420685,2.713099092943594e-05,0.021563224494457245,0.09824248403310776,0.05746104568243027,0.28352367877960205,0.3593492805957794,0.004821897018700838,0.000829409109428525,-0.0030266784597188234,0.0010034573497250676,0.1449894905090332,0.15036903321743011,0.0008992105722427368,-8.88568174559623e-05,0.02021070010960102,0.01457164529711008,-0.0005206787609495223,0.0063109491020441055,-0.0004309886717237532,0.00041912466986104846,0.0024083436001092196,0.002748650498688221,0.11927104741334915,0.11151236295700073,0.019643530249595642,0.015703674405813217,-0.00027756215422414243,-0.00029667734634131193,0.4699137210845947,0.3623165190219879,0.3626742660999298,0.005658253561705351,0.045867472887039185,0.03989219292998314,0.004725265316665173,0.003816281445324421,3.5786069663146236e-09,-3.5576521728586386e-09,8.318573208043745e-08,-5.755573351251542e-09,1.201219816948651e-07,4.1996827349066734e-08,-5.871057595641105e-08,1.2602657761817682e-07,-5.5637212170722705e-08,1.5599653124809265e-07
00:00:06:25.416,61,1.5249476348344615e-07,-3.0361115843646758e-09,-4.6063213687830284e-08,5.71645806246579e-08,-1.262547471014841e-07,0.04243743419647217,0.003918475937098265,-1.7303973720572685e-07,-1.0965391794570678e-07,-2.3040920282824118e-08,-7.019145442654917e-08,1.2282282568776282e-07,0.042586151510477066,0.0038066029082983732,0.02639078162610531,3.476560232229531e-05,0.018442921340465546,0.12493184953927994,0.09956400096416473,0.30798086524009705,0.45643237233161926,0.0050863479264080524,0.0007136912900023162,-0.003753566648811102,0.00013036906602792442,0.17664982378482819,0.18170218169689178,-0.0005491471383720636,-0.0014472907641902566,0.023960523307323456,0.015952162444591522,-9.703755495138466e-05,0.010268831625580788,-0.00028900860343128443,-0.0006954102427698672,0.0023494360502809286,0.002708115614950657,0.10414709150791168,0.09630215913057327,0.007979580201208591,0.004158726893365383,-0.00014449715672526509,-0.00019002080080099404,0.47809386253356934,0.3608361780643463,0.36117061972618103,0.007865209132432938,0.03846525773406029,0.03219257667660713,0.0018903670134022832,0.0005576032563112676,5.024485272286938e-09,-1.067295674062052e-08,1.3407320409442036e-07,-1.487322176529915e-08,1.7827376552759233e-07,6.451969625231868e-08,-8.320435540554172e-08,1.9351020341673575e-07,-7.804483459494804e-08,2.2564083224096976e-07
00:00:06:26.433,61,1.9445549526153627e-07,4.675239306806134e-09,-6.482004977215183e-08,7.08224234813315e-08,-1.5976839051745628e-07,0.04811147600412369,0.004878354258835316,-2.194987587245123e-07,-1.34138389284999e-07,-1.924112424944724e-08,-9.231501962858601e-08,1.6503035737969185e-07,0.04829706996679306,0.004743698984384537,0.029473962262272835,-1.4449730770138558e-05,0.016124097630381584,0.15791083872318268,0.14521224796772003,0.32045114040374756,0.5266029238700867,0.005269436631351709,0.0005577163537964225,-0.00352633954025805,0.00025231094332411885,0.2026253193616867,0.2068244218826294,-0.0013478165492415428,-0.0021839982364326715,0.02776460349559784,0.017287179827690125,0.000975620758254081,0.015258426778018475,-0.0002669036330189556,-0.0008493041968904436,0.0022822218015789986,0.0026331529952585697,0.09205520898103714,0.08538968116044998,0.003179145511239767,-0.00030838698148727417,-0.00010639905667630956,-0.00011067509331041947,0.4891239404678345,0.3621830344200134,0.3624926805496216,0.00955529510974884,0.0341862328350544,0.027978599071502686,0.0007314232061617076,-0.0005307233077473938,5.9825833176319065e-09,-2.0489096641540527e-08,1.8374994681380485e-07,-2.7120114154399744e-08,2.2553838618932787e-07,8.435338116896673e-08,-9.9726022995128e-08,2.5319400265289005e-07,-9.318813454228803e-08,2.784281889489648e-07
00:00:06:27.450,61,2.241041556771961e-07,2.0600856132091394e-08,-8.551403851697614e-08,7.811933500079249e-08,-1.8169171767112857e-07,0.053033068776130676,0.004407968372106552,-2.514757113658561e-07,-1.4525838309964456e-07,-3.706663864733173e-09,-1.1159805524130206e-07,2.0544976564451645e-07,0.053242940455675125,0.0042448220774531364,0.033568162471055984,-2.2216067009139806e-05,0.01573251374065876,0.1948007345199585,0.1909601390361786,0.3229142129421234,0.5736689567565918,0.005323941819369793,0.0005944723379798234,-0.003467496018856764,0.0005471712211146951,0.22119712829589844,0.22437770664691925,-0.0015399205731227994,-0.0024857837706804276,0.03258088603615761,0.0199764184653759,0.00219025369733572,0.020564772188663483,-0.0005176085396669805,-0.0003902226744685322,0.002297056373208761,0.002613072283565998,0.08211516588926315,0.07754411548376083,0.0017485779244452715,-0.0013781917514279485,-0.0006079995655454695,-0.0005452823825180531,0.4957701861858368,0.3666718006134033,0.36696097254753113,0.010772529058158398,0.03116653859615326,0.024806365370750427,0.0006183189107105136,-0.0002510762133169919,6.139162067597681e-09,-3.5725534530683944e-08,2.3385510417028854e-07,-4.543922926814048e-08,2.5617890742068994e-07,1.0081101464720632e-07,-1.0333955202668221e-07,3.033364066595823e-07,-9.557232516499425e-08,3.050081431865692e-07
00:00:06:28.466,61,2.3087952172318182e-07,2.8572976873419975e-08,-9.35327264528496e-08,7.871538088011221e-08,-1.8598511530854012e-07,0.05733908340334892,0.003636516397818923,-2.5829766059359827e-07,-1.449976139156206e-07,5.364418242947977e-09,-1.1752592143920992e-07,2.1909363567829132e-07,0.057569585740566254,0.0034645926207304,0.0379546657204628,-5.66469861951191e-05,0.015062171965837479,0.22194084525108337,0.22325508296489716,0.32543838024139404,0.605084240436554,0.005246478132903576,0.0005883325356990099,-0.0029957806691527367,0.0010145938722416759,0.23967517912387848,0.24201664328575134,-0.0026559573598206043,-0.0036186855286359787,0.03587059676647186,0.02154408022761345,0.0036375285126268864,0.023912761360406876,-0.0005339121562428772,-0.00029711960814893246,0.0023799538612365723,0.0026635818649083376,0.07294049859046936,0.06990605592727661,0.0012971627293154597,-0.001832451787777245,-0.0007897913455963135,-0.000669643864966929,0.4987851679325104,0.36877045035362244,0.36904510855674744,0.011795937083661556,0.02877962775528431,0.0224369615316391,0.00037526548840105534,-0.0003782248531933874,5.941838132628163e-09,-4.267320008466413e-08,2.5164337102978607e-07,-5.398877078732767e-08,2.621766270749504e-07,1.0559102747720317e-07,-1.0108575310141532e-07,3.1803733691049274e-07,-9.264797284913584e-08,3.0655414207103604e-07
00:00:06:29.483,61,2.5454909291511285e-07,3.495253508845053e-08,-1.0557472762684483e-07,8.598435385920311e-08,-2.0449050452953088e-07,0.058577049523591995,0.0035389221739023924,-2.8440729238354834e-07,-1.5771016137478e-07,1.0058283983482852e-08,-1.3070180671093112e-07,2.4478882210132724e-07,0.05882420390844345,0.0033486569300293922,0.04104822129011154,-1.2617856555152684e-05,0.014156119897961617,0.24474619328975677,0.24456828832626343,0.336383581161499,0.630215585231781,0.005116554442793131,0.0006839656853117049,-0.0026186835020780563,0.0014803290832787752,0.2547845244407654,0.256376713514328,-0.003323680255562067,-0.004211651626974344,0.03839467465877533,0.023106960579752922,0.004711718764156103,0.026433434337377548,-0.00047337680007331073,-0.00037003218312747777,0.002377048134803772,0.0026065162383019924,0.06964009255170822,0.06771529465913773,0.0013121211668476462,-0.002039021346718073,-0.0010699069825932384,-0.0009234714671038091,0.4985070526599884,0.3702978491783142,0.3705676794052124,0.012778544798493385,0.027108654379844666,0.020779713988304138,0.0003574240254238248,-0.0003451049269642681,6.385962425525804e-09,-4.976987710847425e-08,2.82693662256861e-07,-6.295740462292088e-08,2.8838402954534104e-07,1.1726166349035338e-07,-1.0874122580162293e-07,3.534043173658574e-07,-9.944662338057242e-08,3.342703109865397e-07
00:00:06:29.500,61,2.533337237764499e-07,2.9858203021149166e-08,-1.0144896833708117e-07,8.670613027561558e-08,-2.043321671862941e-07,0.060870811343193054,0.0031633113976567984,-2.834154315678461e-07,-1.5999189884041698e-07,3.743916732190655e-09,-1.2830132334329392e-07,2.3850239472267276e-07,0.06113355606794357,0.002958953380584717,0.045024145394563675,-4.475504101719707e-05,0.013260242529213428,0.26867032051086426,0.26767441630363464,0.355826199054718,0.6449167132377625,0.004890322219580412,0.0007088801939971745,-0.002531268633902073,0.0013836276484653354,0.27097126841545105,0.27166327834129333,-0.0038612550124526024,-0.004723487887531519,0.04372763633728027,0.027476992458105087,0.0060062287375330925,0.029254648834466934,-0.0003090512764174491,-3.6466121855482925e-06,0.0026254975236952305,0.002847832627594471,0.06918153911828995,0.06831098347902298,0.001416172948665917,-0.0022057401947677135,-0.001252535032108426,-0.001072186278179288,0.4952976703643799,0.3704952895641327,0.3707524240016937,0.013263902626931667,0.02642407827079296,0.020116711035370827,0.0003660905349534005,-0.0002314853627467528,6.60307719613229e-09,-4.5578925522704594e-08,2.7387403633838403e-07,-5.78910110959896e-08,2.882722753838607e-07,1.1548865330723856e-07,-1.1195428584187539e-07,3.477791210571013e-07,-1.028552674142702e-07,3.3775344832065457e-07
00:00:06:30.516,61,2.4316366875609674e-07,2.8954818986903774e-08,-9.757000896115642e-08,8.313916310953573e-08,-1.9603409384671977e-07,0.06218801438808441,0.0031019197776913643,-2.720532847888535e-07,-1.5332364000641974e-07,4.041940115939724e-09,-1.2322095699346391e-07,2.2921710751688806e-07,0.06246446445584297,0.0028816305566579103,0.04971297085285187,-3.313720299047418e-05,0.013215923681855202,0.2983992099761963,0.29050585627555847,0.3917277455329895,0.6495893597602844,0.0048575191758573055,0.0007116574561223388,-0.0020097035448998213,0.0017526757437735796,0.28414660692214966,0.28387728333473206,-0.004254594445228577,-0.005135717801749706,0.05247325822710991,0.0357484370470047,0.007257499732077122,0.03192409127950668,-0.0006599026964977384,-1.0691284842323512e-05,0.002809857949614525,0.003043095814064145,0.07893645018339157,0.07929310202598572,0.0009832155192270875,-0.002876107580959797,-0.0010621118126437068,-0.0008498871466144919,0.4906202554702759,0.3713796138763428,0.37162479758262634,0.013307997956871986,0.02516646310687065,0.018779514357447624,0.00025652407202869654,-0.0004115676856599748,6.3178595688384576e-09,-4.397705311021127e-08,2.6312656586924277e-07,-5.565583549582698e-08,2.7656554379973386e-07,1.1087162476997037e-07,-1.0716728837678602e-07,3.3389775921932596e-07,-9.842216996958086e-08,3.235041958760121e-07
00:00:06:31.533,61,2.2642780095338821e-07,3.107823332015869e-08,-9.377487231176929e-08,7.647322775028442e-08,-1.8190593209510553e-07,0.061266012489795685,0.0044389162212610245,-2.528680624891422e-07,-1.4035030915238167e-07,8.642673243741683e-09,-1.1614058337272581e-07,2.1753832868398604e-07,0.06154240667819977,0.004221441689878702,0.056461550295352936,-4.0975064621306956e-05,0.013673598878085613,0.3320646584033966,0.29798373579978943,0.4603145718574524,0.6330624222755432,0.00498840119689703,0.0007183671114034951,-0.001556528266519308,0.0013191777979955077,0.29677537083625793,0.2954217195510864,-0.003916320390999317,-0.0050153280608356,0.07161837816238403,0.05576634407043457,0.006974694784730673,0.0333525575697422,-0.000817815656773746,0.00021739841031376272,0.0031631705351173878,0.0033700638450682163,0.11311069130897522,0.1135326400399208,0.000765194883570075,-0.003401794470846653,-0.0008753878064453602,-0.0006468135397881269,0.4860506057739258,0.37096282839775085,0.3712020516395569,0.01249189767986536,0.023777926340699196,0.017078133299946785,0.00021621704217977822,-0.0008985388558357954,5.6694262617895674e-09,-4.4098122486957436e-08,2.5061891051336715e-07,-5.573034300709878e-08,2.56467615145084e-07,1.0411371675900227e-07,-9.670853273746616e-08,3.138207773645263e-07,-8.856877542484654e-08,2.969801471408573e-07
00:00:06:32.549,61,2.3612751931523235e-07,3.788620261957476e-08,-1.0197050670512908e-07,7.83684654948047e-08,-1.887697749225481e-07,0.05974229797720909,0.009118206799030304,-2.630520725688257e-07,-1.4278106164056226e-07,1.6167760463758896e-08,-1.2309057240145194e-07,2.3271888949238928e-07,0.06001029163599014,0.008905173279345036,0.06565538048744202,-0.0001288584608118981,0.014778193086385727,0.37941497564315796,0.29160642623901367,0.5362709760665894,0.5989007353782654,0.0051972209475934505,0.000713468762114644,-0.0003653961466625333,0.0016878891037777066,0.31729066371917725,0.3148897886276245,-0.003163403831422329,-0.004598741419613361,0.09671568125486374,0.08199871331453323,0.005904216784983873,0.033792439848184586,-0.0008456307696178555,0.0004508289566729218,0.003432059194892645,0.003578498959541321,0.16456469893455505,0.16410568356513977,0.0011026918655261397,-0.0033022547140717506,-0.0009258681675419211,-0.0006559610483236611,0.478893518447876,0.36749446392059326,0.36772772669792175,0.01130923256278038,0.02196352742612362,0.014810970053076744,0.00025177240604534745,-0.0016863751225173473,5.6350835109242325e-09,-5.0575472698710655e-08,2.698227774544648e-07,-6.365589655388249e-08,2.6618596393745975e-07,1.0997464272577417e-07,-9.670853273746616e-08,3.3157411394313385e-07,-8.792616768005246e-08,3.0391848326871695e-07
00:00:06:33.566,61,2.4791341957097757e-07,3.946945170696381e-08,-1.0654330395709621e-07,8.239643989327305e-08,-1.983018620421717e-07,0.0536116398870945,0.026906080543994904,-2.758763741894654e-07,-1.5013385734619078e-07,1.6102568167752906e-08,-1.2889155698303512e-07,2.4353619210160105e-07,0.053855009377002716,0.026704926043748856,0.07372001558542252,-0.00015278212958946824,0.0156724713742733,0.4192383587360382,0.2704194188117981,0.6066176891326904,0.5574741363525391,0.004948572721332312,0.0007703208830207586,0.0005839568329975009,0.002126241335645318,0.3339099884033203,0.33047494292259216,-0.0031723701395094395,-0.004892298020422459,0.11425058543682098,0.10133709013462067,0.004938316531479359,0.03229619935154915,-0.00032896577613428235,0.0002930495247710496,0.003418094478547573,0.0035285307094454765,0.2166670262813568,0.21486711502075195,0.002710392465814948,-0.0015563034685328603,-0.0007636183290742338,-0.0004748910723719746,0.4700400233268738,0.3627520799636841,0.3629567623138428,0.010162537917494774,0.01990218460559845,0.012823212891817093,-6.814122025389224e-05,-0.0024202442727983,5.944748249220311e-09,-5.269888703196557e-08,2.8209760216668656e-07,-6.626360260497677e-08,2.7982517281088803e-07,1.1531577825962813e-07,-1.0197050670512908e-07,3.4744618915283354e-07,-9.259208866296831e-08,3.1935982747199887e-07
00:00:06:34.583,61,2.3602740384376375e-07,4.870816994184679e-08,-1.0958407159478156e-07,7.578637450933456e-08,-1.869862842340808e-07,0.052091360092163086,0.04948130249977112,-2.6150607368435885e-07,-1.3579614233094617e-07,2.9392539957484587e-08,-1.2661213588671671e-07,2.432428232168604e-07,0.05232013761997223,0.04929684102535248,0.08175203949213028,-0.0001416692102793604,0.016652332618832588,0.4493674039840698,0.2387060523033142,0.6280155777931213,0.4932391345500946,0.004522325005382299,0.0007858002209104598,0.0015232223086059093,0.0030954228714108467,0.33874979615211487,0.335050493478775,-0.0022828280925750732,-0.004338644910603762,0.1283189356327057,0.11682245880365372,0.003743646200746298,0.029725894331932068,-0.00015452146180905402,-0.00010156944335903972,0.003036933485418558,0.00307309627532959,0.2572927176952362,0.25405046343803406,0.004659807775169611,0.0008846234995871782,-0.0011577489785850048,-0.0008493873756378889,0.45655715465545654,0.352596640586853,0.35277050733566284,0.00876647513359785,0.01958920806646347,0.013275043107569218,0.0003166580281686038,-0.0029067229479551315,5.093170329928398e-09,-5.910638734007989e-08,2.8545036911964417e-07,-7.405876800703481e-08,2.6378313577879453e-07,1.1245545294968906e-07,-8.868053669175424e-08,3.3933204690583807e-07,-7.946044178197553e-08,2.9226765718703973e-07
00:00:06:35.599,61,1.9551953300833702e-07,5.063600738708374e-08,-9.815673962521032e-08,6.030313670635223e-08,-1.5319790236389963e-07,0.05097191780805588,0.06408756971359253,-2.1554063778239652e-07,-1.0601245037378249e-07,3.7094579852237075e-08,-1.0838731867579554e-07,2.1197367061631667e-07,0.05117378756403923,0.0639529675245285,0.08772764354944229,-0.00015949644148349762,0.017761223018169403,0.4586494565010071,0.19122478365898132,0.611137866973877,0.41636502742767334,0.004783637821674347,0.000838527106679976,-0.0011441910173743963,-5.5255888582905754e-05,0.3190990686416626,0.31576594710350037,-0.001325767021626234,-0.003939356654882431,0.1365002691745758,0.1264839619398117,0.0020898343063890934,0.0251882616430521,0.000712045410182327,-0.00047711379011161625,0.00237788213416934,0.002348059555515647,0.2976818382740021,0.29291796684265137,0.009082363918423653,0.006331950426101685,-0.0009086871286854148,-0.0006366908783093095,0.4474565088748932,0.33836036920547485,0.3385213613510132,0.007371567655354738,0.02002904936671257,0.013984168879687786,0.0011725377989932895,-0.002651921473443508,3.7095742033699253e-09,-5.733221897230578e-08,2.518389408123767e-07,-7.13113692540901e-08,2.1610874512134615e-07,9.565148673118529e-08,-6.582587985803912e-08,2.889754284751689e-07,-5.749985731995366e-08,2.3124739811919426e-07
00:00:06:36.616,61,1.6283476611533843e-07,3.0156225960809024e-08,-7.312744543241934e-08,5.296431382362243e-08,-1.2971460705557547e-07,0.04532785341143608,0.07657007873058319,-1.8068124063574942e-07,-9.567477121663615e-08,1.6046687534299053e-08,-8.605187673538239e-08,1.6423874171778152e-07,0.04549562558531761,0.07650953531265259,0.08983592689037323,-0.00013001941260881722,0.020121078938245773,0.4649626612663269,0.13519833981990814,0.5345048904418945,0.3143598437309265,0.00551501614972949,0.0008004792616702616,-0.003065861528739333,-0.0016709304181858897,0.275513619184494,0.2734893560409546,0.002764955861493945,-0.0005376130575314164,0.14201335608959198,0.1329347789287567,0.00021378994279075414,0.021576039493083954,0.0005798840429633856,-0.0006525230128318071,0.0018340521492064,0.0017578057013452053,0.348349392414093,0.34262770414352417,0.0193809624761343,0.018026702105998993,-0.0011151969665661454,-0.0008836037013679743,0.4447529911994934,0.3263980746269226,0.3265548050403595,0.005831554066389799,0.020653819665312767,0.014802195131778717,0.00138220249209553,-0.002863348228856921,3.697932626778311e-09,-3.8128344925780766e-08,1.9221566560645442e-07,-4.803762010396895e-08,1.8332153217670566e-07,7.691792802688724e-08,-6.385147344190045e-08,2.3160129103416693e-07,-5.7239084583216027e-08,2.0470470474265312e-07
00:00:06:37.633,61,1.1757015982993835e-07,7.655471812029191e-09,-4.25241886148342e-08,4.157423916240077e-08,-9.606592499267208e-08,0.041315946727991104,0.09672117233276367,-1.3167969825644832e-07,-7.786788103203435e-08,-5.606561881421612e-09,-5.709938832865191e-08,1.0398216687690365e-07,0.041445933282375336,0.09673141688108444,0.0975981131196022,-0.00037366829928942025,0.02362423576414585,0.4784794747829437,0.08283714205026627,0.3946681618690491,0.2009916752576828,0.006639774888753891,0.000845585367642343,-0.0015576124424114823,0.0015572643605992198,0.21540077030658722,0.21442030370235443,0.011883353814482689,0.00782385841012001,0.1527523696422577,0.14219878613948822,-0.0010839796159416437,0.019113197922706604,0.00072623131563887,-0.0007470385753549635,0.0011742044007405639,0.001239379053004086,0.4191482663154602,0.4141022562980652,0.032096002250909805,0.03357626497745514,-0.0008248788071796298,-0.0005616015405394137,0.4383975565433502,0.32356148958206177,0.32373303174972534,0.004055636003613472,0.022632647305727005,0.017451224848628044,0.0008805155521258712,-0.0025474601425230503,3.380118851481484e-09,-1.6419216208873877e-08,1.1865049742709743e-07,-2.1196902011411112e-08,1.3663434117461293e-07,5.2361283309210194e-08,-5.67827385111741e-08,1.5667174579903076e-07,-5.2386894822120667e-08,1.6231089716711722e-07
00:00:06:38.649,61,1.0000541550425623e-07,1.8067658480447335e-09,-3.263354386717765e-08,3.649853042020368e-08,-8.249655536474165e-08,0.03888646885752678,0.12504082918167114,-1.1231750107754124e-07,-6.923451678630954e-08,-1.0877847955725883e-08,-4.680128640188741e-08,8.330680145718361e-08,0.03900932893157005,0.12511789798736572,0.1036769449710846,-0.00032820337219163775,0.02564634382724762,0.5009869933128357,0.04211309552192688,0.26364296674728394,0.10046980530023575,0.007704399060457945,0.0004804744094144553,-0.0007561767124570906,0.0033849882893264294,0.14105165004730225,0.14056552946567535,0.025416461750864983,0.02033752016723156,0.17797306180000305,0.16544725000858307,-0.0020866203121840954,0.01817498169839382,0.0007898128242231905,-0.0005447992589324713,0.0006453078822232783,0.000834908161778003,0.49197623133659363,0.4872598946094513,0.036758072674274445,0.0403718464076519,-0.0009370475891046226,-0.0006987464148551226,0.4319820702075958,0.32480716705322266,0.32496893405914307,0.0024505762849003077,0.021153153851628304,0.016007984057068825,-0.00017149359337054193,-0.0035896957851946354,3.123423075734877e-09,-9.899959074743947e-09,9.40822033612676e-08,-1.343898503591845e-08,1.1824071322052987e-07,4.3590553389094566e-08,-5.229376398574459e-08,1.2962146911377204e-07,-4.835426636873308e-08,1.4312564644569647e-07
00:00:06:40.666,61,1.2159347306806012e-07,-1.1734664351337187e-09,-3.723427610680119e-08,4.516914486885071e-08,-1.009413992392183e-07,0.03622157499194145,0.15971782803535461,-1.3696029554921552e-07,-8.625909941883947e-08,-1.704320240492052e-08,-5.573965466965092e-08,9.799376243790903e-08,0.036362819373607635,0.15987813472747803,0.1059039905667305,-0.0002483511052560061,0.027048086747527122,0.5109509825706482,0.02399665303528309,0.18453766405582428,0.033893901854753494,0.008175255730748177,0.00016798802244011313,-0.0010323977330699563,0.0037670040037482977,0.05232751742005348,0.05150555446743965,0.03953000158071518,0.03403530642390251,0.19897951185703278,0.1866842806339264,-0.0011585927568376064,0.019856061786413193,9.212613076670095e-05,-0.0006108617526479065,0.00034030250390060246,0.0006970567046664655,0.5461017489433289,0.5419014096260071,0.03981879726052284,0.0449315682053566,-0.0011547142639756203,-0.0009350997279398143,0.4289506673812866,0.3305361270904541,0.330679327249527,0.0012522452743723989,0.023782577365636826,0.019938291981816292,-0.0017762634670361876,-0.004252142738550901,3.975583418025508e-09,-9.257346000879352e-09,1.095980408649666e-07,-1.3234093820813086e-08,1.4487653743344708e-07,5.2440444875401226e-08,-6.61052794725947e-08,1.5539117725893448e-07,-6.127171303660361e-08,1.7758458170646918e-07
00:00:06:41.683,61,1.5662051566778246e-07,-3.2223761436966925e-09,-4.6649947904597866e-08,5.8677979808408054e-08,-1.3029668366471014e-07,0.03356396034359932,0.1835099756717682,-1.7652287453984172e-07,-1.1234543961791132e-07,-2.453103675748025e-08,-7.11740000269856e-08,1.24350194141698e-07,0.033722516149282455,0.18374988436698914,0.11039090156555176,-0.00026193991652689874,0.026867611333727837,0.5082321166992188,0.014918249100446701,0.12554393708705902,0.006844658870249987,0.008582272566854954,8.375869947485626e-05,0.03094029426574707,0.03556441143155098,0.00300361099652946,0.001997034065425396,0.055442485958337784,0.05000297725200653,0.2144239842891693,0.2016914337873459,-0.0003005349717568606,0.02255604788661003,-9.049177606357262e-06,-0.0006093811825849116,0.00032353520509786904,0.0008233431726694107,0.5775501132011414,0.5733959674835205,0.035842232406139374,0.041465505957603455,-0.0010062205838039517,-0.000767481338698417,0.43000632524490356,0.34558048844337463,0.3457408547401428,0.0005211895913816988,0.029232285916805267,0.026664232835173607,-0.0026249391958117485,-0.0040662856772542,5.2090034508012195e-09,-1.04214992191487e-08,1.3852492486421397e-07,-1.512467839859255e-08,1.869630068540573e-07,6.714253686368465e-08,-8.647329963196171e-08,1.9884667779024312e-07,-8.06711639711466e-08,2.3065135223987454e-07
00:00:06:42.700,61,2.01184306547475e-07,-7.199123519541217e-09,-5.781650713743147e-08,7.600058182788416e-08,-1.678476166944165e-07,0.03236798942089081,0.1885966807603836,-2.2708904623414128e-07,-1.4586373708880274e-07,-3.5259873243376205e-08,-9.052688199062686e-08,1.5703029987435002e-07,0.032546285539865494,0.18886713683605194,0.11621076613664627,-0.00042894191574305296,0.02619224041700363,0.5010297894477844,0.014294211752712727,0.08203866332769394,0.0026758599560707808,0.008821163326501846,0.00015054689720273018,0.12077932059764862,0.12345892190933228,0.0016215312061831355,0.0008382487576454878,0.06958700716495514,0.0647445023059845,0.21873168647289276,0.20420703291893005,0.00022402286413125694,0.025610841810703278,0.0007594925118610263,-0.00042788684368133545,0.0004267233598511666,0.0010987699497491121,0.6011545062065125,0.596272349357605,0.026212243363261223,0.03142251446843147,-0.0015042328741401434,-0.001147382310591638,0.4379524886608124,0.3627240061759949,0.3628963232040405,0.0002740772906690836,0.03514355048537254,0.034315988421440125,-0.0022446531802415848,-0.0027504158206284046,6.831251120331672e-09,-1.130625637557614e-08,1.7309561428646703e-07,-1.649372194378884e-08,2.400949483671866e-07,8.536386530977325e-08,-1.1302530822376866e-07,2.5307292617071653e-07,-1.0603107369888676e-07,2.9914082233517547e-07
00:00:06:43.716,61,1.5969854416653106e-07,5.709007488974294e-09,-5.421228621571572e-08,5.763024191196564e-08,-1.312838833200658e-07,0.03129332512617111,0.19274058938026428,-1.7927028750364116e-07,-1.088622951783691e-07,-1.3764947404126815e-08,-7.597263618208672e-08,1.3638288010042743e-07,0.031499672681093216,0.1930302083492279,0.1213434636592865,-0.00044102195533923805,0.02522505819797516,0.4689508080482483,0.011531063355505466,0.04704619571566582,0.0009567427914589643,0.008641107939183712,0.00015472482482437044,0.1931965947151184,0.19441497325897217,0.00015824317233636975,-0.0004000836634077132,0.08018504828214645,0.07623720169067383,0.20875340700149536,0.1924157738685608,0.00018539308803156018,0.026966527104377747,0.001108810887672007,-0.0006244963151402771,0.0008538546971976757,0.0016683399444445968,0.6145735383033752,0.6094138622283936,0.020693982020020485,0.025213750079274178,-0.001341946073807776,-0.0009763181442394853,0.4441871643066406,0.3742509186267853,0.3744288682937622,0.00013126411067787558,0.04268864169716835,0.043633222579956055,-0.0018433103105053306,-0.001725299982354045,4.856847368728268e-09,-1.8104911347904817e-08,1.545809169556378e-07,-2.41305677661785e-08,1.8781982191740099e-07,7.049064265629568e-08,-8.110887961265689e-08,2.095894870990378e-07,-7.519498268493408e-08,2.2562220181043813e-07
00:00:06:44.733,61,1.2614763988949562e-07,3.976747375844525e-09,-4.2328611726816234e-08,4.56534330339764e-08,-1.0365154423652712e-07,0.03028169833123684,0.19489337503910065,-1.4172866258377326e-07,-8.64639844166959e-08,-1.1660159060511432e-08,-5.979323702831607e-08,1.0697171148876805e-07,0.030527466908097267,0.19517585635185242,0.12307862937450409,-0.00038150043110363185,0.023816173896193504,0.41070446372032166,0.016536707058548927,0.02911103330552578,6.522178591694683e-05,0.008023438043892384,0.0002758351038210094,0.2521809935569763,0.2533756494522095,-0.0008312028367072344,-0.0011241900501772761,0.08817917853593826,0.08581077307462692,0.1777915209531784,0.15950635075569153,0.0006114625721238554,0.029899222776293755,0.0005423242109827697,-0.0014954106882214546,0.0015480418223887682,0.0025881717447191477,0.6104016900062561,0.6051571369171143,0.018868006765842438,0.021828074008226395,-0.0013554703909903765,-0.0009589779656380415,0.4419984519481659,0.38228026032447815,0.38245680928230286,-0.00012314706691540778,0.05556776374578476,0.05832598730921745,-0.0024398667737841606,-0.0012068200157955289,3.870227249791469e-09,-1.369044166921185e-08,1.2112781178075238e-07,-1.856125919630358e-08,1.485273202206372e-07,5.552079684889577e-08,-6.461515766886805e-08,1.6497448029895168e-07,-5.982816020377868e-08,1.7924234896327107e-07
00:00:06:45.750,61,1.1966564272825053e-07,-6.519257911286047e-10,-3.681518023768149e-08,4.437752210151302e-08,-9.912997711580829e-08,0.02962728962302208,0.18725116550922394,-1.351628498014179e-07,-8.491799263765643e-08,-1.687556583362948e-08,-5.520880108633719e-08,9.695999381165166e-08,0.029887855052947998,0.18750429153442383,0.11555634438991547,-0.0003115264407824725,0.023463096469640732,0.33191558718681335,0.02620757184922695,0.02749873697757721,-0.000594181998167187,0.007017241325229406,0.000483990297652781,0.2913771867752075,0.2922655940055847,-0.0014691060641780496,-0.001505864318460226,0.08921993523836136,0.08849070221185684,0.14126916229724884,0.12295418977737427,0.0013140321243554354,0.030199112370610237,-9.06419736566022e-05,-0.002663925988599658,0.0021198492031544447,0.003350831801071763,0.5671796202659607,0.5624072551727295,0.024832600727677345,0.025705918669700623,-0.0016464972868561745,-0.0012460839934647083,0.436806857585907,0.3868315517902374,0.3870067894458771,-0.0001493436866439879,0.07245264947414398,0.0767284706234932,-0.0016903200885280967,0.0005522346473298967,3.8940926039288115e-09,-9.136274847776349e-09,1.078844036328519e-07,-1.2982636299341266e-08,1.4163553885282454e-07,5.144626058495305e-08,-6.468966518013985e-08,1.5274156339728506e-07,-6.048009026926593e-08,1.7480924441315437e-07
00:00:06:45.766,61,5.676411163335615e-08,4.786997909178581e-09,-2.111308283758717e-08,1.980923158839687e-08,-4.6165659739472176e-08,0.030851630493998528,0.1726871132850647,-6.3842165332062e-08,-3.706663775915331e-08,-1.4528631631094413e-09,-2.816319444320925e-08,5.1334499318045346e-08,0.03112691454589367,0.17290855944156647,0.09601558744907379,-0.0005352863809093833,0.022652626037597656,0.26098892092704773,0.041400738060474396,0.021872343495488167,-0.0008804559474810958,0.006540847010910511,0.0001626615267014131,0.3179985284805298,0.3159404695034027,-0.0017041635001078248,-0.0014864832628518343,0.08441618084907532,0.0847022607922554,0.11114736646413803,0.09357325732707977,0.003767681075260043,0.030595440417528152,-0.0005559104611165822,-0.0030939411371946335,0.0017542195273563266,0.0030080846045166254,0.5033572912216187,0.4983114004135132,0.031962838023900986,0.030662288889288902,-0.002071710303425789,-0.001622841926291585,0.4285127520561218,0.3848941922187805,0.3850685954093933,-0.00014421508240047842,0.09158666431903839,0.09742092341184616,-0.000963760307058692,0.0019444513600319624,1.5785918128230492e-09,-8.27014456916686e-09,5.919486412153674e-08,-1.1324882365215672e-08,6.58165646427733e-08,2.5657936220113697e-08,-2.657994713217704e-08,7.642432819920941e-08,-2.4437904144747336e-08,7.774681165528818e-08
00:00:06:46.783,61,3.9152801889486e-08,3.837048900834361e-09,-1.5012920684398523e-08,1.3643875362845392e-08,-3.180466734420406e-08,0.029469873756170273,0.1582472324371338,-4.429370292768908e-08,-2.546235933209573e-08,-1.6763807009212428e-10,-1.9823200858581913e-08,3.626569977654981e-08,0.02974550426006317,0.15846775472164154,0.08029086142778397,-0.0006099753081798553,0.02055760845541954,0.202346533536911,0.06193581223487854,0.013338020071387291,-0.0013919377233833075,0.006929682567715645,-0.00019178319780621678,0.34239351749420166,0.3347470164299011,-0.0016298514092341065,-0.0016331851948052645,0.07832073420286179,0.07913865149021149,0.094556525349617,0.07738812267780304,0.013418045826256275,0.03355149179697037,-0.0004004666116088629,-0.003345863427966833,0.001339230570010841,0.002594312187284231,0.4481302499771118,0.4428274631500244,0.0419708713889122,0.0381760410964489,-0.0020920669194310904,-0.0016813242109492421,0.42525696754455566,0.38399842381477356,0.3841962516307831,-0.00027224497171118855,0.11252851784229279,0.11898306012153625,0.0017673432594165206,0.004569396376609802,1.0547228646018425e-09,-6.090849602458093e-09,4.1760504387866604e-08,-8.214264823891426e-09,4.5364721756868676e-08,1.7827842313522524e-08,-1.7937273000256937e-08,5.320645968254212e-08,-1.654028913833372e-08,5.364417887676609e-08
00:00:06:47.799,61,5.5450946945256874e-08,7.543713209656744e-09,-2.2836029955897175e-08,1.8770807130863432e-08,-4.4647602948089116e-08,0.02785472199320793,0.1433953046798706,-6.240792771450288e-08,-3.44216815051368e-08,2.0489097085629737e-09,-2.8735957613434948e-08,5.3420663448378036e-08,0.028113456442952156,0.1436431109905243,0.07134848833084106,-0.0004672663053497672,0.020288856700062752,0.15935854613780975,0.06393606215715408,0.006024669855833054,-0.0024100446607917547,0.008068841882050037,-0.0003583682409953326,0.368745893239975,0.3552936613559723,-0.0014659655280411243,-0.00166550581343472,0.07446876168251038,0.07544058561325073,0.08413112908601761,0.0671699196100235,0.024193916469812393,0.0347660556435585,-4.4768748921342194e-05,-0.00372779811732471,0.0013435089495033026,0.0025547200348228216,0.4143233895301819,0.408376008272171,0.05354808643460274,0.047791000455617905,-0.001906495075672865,-0.001616908353753388,0.41508185863494873,0.3802342712879181,0.3804812729358673,-0.0003192631993442774,0.1297658383846283,0.13546976447105408,0.006191766820847988,0.008458669297397137,1.3934914333546544e-09,-1.050531839297264e-08,6.20633358039413e-08,-1.3634562812114837e-08,6.322748902221065e-08,2.5624176558380896e-08,-2.3599714182864773e-08,7.693190440249964e-08,-2.1401792338338055e-08,7.35372296389869e-08
00:00:06:48.816,61,9.442214121690995e-08,1.065432986280257e-08,-3.7411226117001206e-08,3.238208634570583e-08,-7.634051257809915e-08,0.02670588716864586,0.12381496280431747,-1.0607764266978847e-07,-5.982816020377868e-08,1.0244548542814869e-09,-4.801433561851809e-08,8.875504420302605e-08,0.02692907303571701,0.12407510727643967,0.06298643350601196,-0.0004844760987907648,0.0191413015127182,0.12859764695167542,0.05496720224618912,0.00500844232738018,-0.0022963881492614746,0.009291211143136024,-0.00037564069498330355,0.3953978419303894,0.3778512179851532,-0.0008050197502598166,-0.0007832771516405046,0.0682428851723671,0.06919683516025543,0.07401210069656372,0.05699804425239563,0.026625411584973335,0.031520627439022064,9.869992936728522e-05,-0.003865062491968274,0.0012006646720692515,0.0023161100689321756,0.3910060524940491,0.3837641477584839,0.061870135366916656,0.054999351501464844,-0.0025202918332070112,-0.0023110329639166594,0.4016878008842468,0.37440720200538635,0.37469878792762756,-0.0005535917589440942,0.14998430013656616,0.1551188975572586,0.019269123673439026,0.020854534581303596,2.4761539485496087e-09,-1.654028913833372e-08,1.0190531440912309e-07,-2.1066517419399133e-08,1.0805204198049978e-07,4.299101519222859e-08,-4.202127357189056e-08,1.2929085357882286e-07,-3.855675601016628e-08,1.2647360847495293e-07
00:00:06:49.833,61,7.063616180857935e-08,1.2237578950191619e-08,-3.106892165760655e-08,2.3255124048660036e-08,-5.645677347843048e-08,0.030946431681513786,0.10976051539182663,-7.905065757540797e-08,-4.215165816390254e-08,5.811452652437765e-09,-3.744847987263711e-08,7.061287732312849e-08,0.031130364164710045,0.11003240942955017,0.054778195917606354,-0.0004016199382022023,0.019965844228863716,0.10516613721847534,0.03547408804297447,0.006434996146708727,-0.0015895867254585028,0.010022960603237152,-0.000563972454983741,0.4271158277988434,0.4065069556236267,-0.0007695576641708612,-0.0008399838116019964,0.06132417172193527,0.06204979866743088,0.06233857199549675,0.048447757959365845,0.011515754275023937,0.022044753655791283,-6.365507579175755e-05,-0.002830690238624811,0.0014522180426865816,0.002261432586237788,0.3877871036529541,0.38044723868370056,0.07927899062633514,0.07059931010007858,-0.0015946209896355867,-0.0014769673580303788,0.3856732249259949,0.3603752851486206,0.3606887757778168,-0.0002935744123533368,0.17565284669399261,0.1799391210079193,0.04485942795872688,0.04633603245019913,1.6542617276016358e-09,-1.5832483768463135e-08,8.283183206003741e-08,-2.0004808476414837e-08,7.978640326200548e-08,3.314344354521381e-08,-2.8107315586112236e-08,1.00000761449337e-07,-2.5406480474998716e-08,9.037554349333732e-08
00:00:06:50.849,61,6.465241142450395e-08,2.132728660342309e-08,-3.5827980582325836e-08,1.8868595574872415e-08,-4.9881638375381954e-08,0.030734200030565262,0.09725341945886612,-7.140450009046617e-08,-3.216788257986991e-08,1.8030405612989853e-08,-3.7876887404308945e-08,7.5101851848558e-08,0.03087686002254486,0.09751543402671814,0.05088021233677864,-0.0005053106578998268,0.019499128684401512,0.09094388037919998,0.02347845584154129,0.0057739089243113995,-0.0008287036325782537,0.010687141679227352,-0.00046876471606083214,0.4592088460922241,0.43762531876564026,-0.00025922595523297787,-0.0002805686090141535,0.056500062346458435,0.05729883164167404,0.054525211453437805,0.040931668132543564,0.0060118124820292,0.016985448077321053,-0.0003291377506684512,-0.001693917321972549,0.0015234489692375064,0.002320576226338744,0.3983026444911957,0.3907535672187805,0.09915044903755188,0.09077119827270508,-0.0019414722919464111,-0.0018431657226756215,0.36570918560028076,0.3476329743862152,0.34795668721199036,-0.0003637312329374254,0.20008434355258942,0.20517241954803467,0.07403465360403061,0.07680800557136536,1.0058284205527457e-09,-2.2519380138419365e-08,9.059905892172537e-08,-2.81818213210272e-08,7.032416959873444e-08,3.2685928630371563e-08,-1.8179417082819782e-08,9.924173127728864e-08,-1.525506299060453e-08,7.219612285780386e-08
00:00:06:51.866,61,6.727408674578328e-08,2.099201168448417e-08,-3.649853042020368e-08,1.9930302741499872e-08,-5.214475251591466e-08,0.03377635031938553,0.08811062574386597,-7.446855221360238e-08,-3.4458935260772705e-08,1.7434357957313296e-08,-3.8952567393835125e-08,7.711351202033256e-08,0.03391680866479874,0.08833843469619751,0.05190137401223183,-0.00025129434652626514,0.019978437572717667,0.0839608684182167,0.007804751396179199,0.005703906994313002,-0.0008793723536655307,0.010067306458950043,-0.00038368464447557926,0.4931320250034332,0.4754011929035187,-0.00029048591386526823,-0.0003754970384761691,0.054384488612413406,0.05563465505838394,0.04838305339217186,0.03632810339331627,0.0023904440458863974,0.01341480016708374,0.00043864132021553814,-0.0007077389745973051,0.002045888453722,0.002892550779506564,0.429555207490921,0.42404913902282715,0.1320379376411438,0.12481015175580978,-0.0014143669977784157,-0.0013554483884945512,0.3388728201389313,0.33287057280540466,0.3331887125968933,0.0002778914640657604,0.2214377224445343,0.22852861881256104,0.0981149896979332,0.10362382978200912,1.078005906762769e-09,-2.2482126382783463e-08,9.240582699021616e-08,-2.8293579035221228e-08,7.3499975883351e-08,3.371969725662893e-08,-1.972541241457293e-08,1.0237563685677742e-07,-1.6950071568544445e-08,7.651746614101285e-08
00:00:06:52.883,61,8.402857787359608e-08,1.5012920684398523e-08,-3.727152986243709e-08,2.7520581369344654e-08,-6.706454058758027e-08,0.03706736862659454,0.07240276038646698,-9.385868793287955e-08,-4.960223876082637e-08,7.543713209656744e-09,-4.463363367790407e-08,8.454546218672476e-08,0.03717413917183876,0.07259970903396606,0.0578303337097168,-0.00031581716029904783,0.021153248846530914,0.0845734179019928,0.0007224565488286316,0.0038271164521574974,-0.0013504234375432134,0.009645691141486168,-0.00045460648834705353,0.5378223657608032,0.5233244895935059,-0.0007035696762613952,-0.00042935044621117413,0.05213158577680588,0.0536498986184597,0.04466976225376129,0.03278494253754616,0.0005858063814230263,0.011863451451063156,-0.0005083817522972822,0.00043143689981661737,0.0028350360225886106,0.0037810462526977062,0.507384717464447,0.5040634274482727,0.18626943230628967,0.18013949692249298,-0.0011243403423577547,-0.0010335808619856834,0.31731098890304565,0.3259643614292145,0.32627013325691223,0.0005427181604318321,0.24956375360488892,0.2575225830078125,0.12423671782016754,0.13402444124221802,1.8998980166884394e-09,-1.9166618514532274e-08,9.905546960453648e-08,-2.4102627449451575e-08,9.474344864202067e-08,3.951950944269811e-08,-3.3173709113043515e-08,1.1930242749258468e-07,-3.0137599082991073e-08,1.0643154269018851e-07
00:00:06:53.899,61,1.0001007666460282e-07,1.0393559790600193e-08,-3.8892029152748364e-08,3.451481589422656e-08,-8.109957150281843e-08,0.040189050137996674,0.05617499351501465,-1.1225230878153525e-07,-6.364658133861667e-08,-2.793967834868738e-10,-5.031935756960593e-08,9.275972701061619e-08,0.040270961821079254,0.05632054805755615,0.07176370918750763,-0.00037368989433161914,0.024136710911989212,0.09055610746145248,-0.00014398455095943063,0.001986473798751831,-0.0012988864909857512,0.008301506750285625,-0.00027383293490856886,0.5845991373062134,0.5758883953094482,-0.0005745503585785627,-0.00025826290948316455,0.05301690101623535,0.05502523481845856,0.05090564861893654,0.039167243987321854,-0.00011666417412925512,0.00965043529868126,-0.0016168596921488643,0.0031866896897554398,0.004027632065117359,0.005282210186123848,0.5841211676597595,0.5832602381706238,0.2523796558380127,0.2488839328289032,-0.0007559478399343789,-0.0005679547903127968,0.29109659790992737,0.3187664747238159,0.31906476616859436,0.00035746325738728046,0.2800863981246948,0.2902463674545288,0.16088294982910156,0.17561578750610352,2.6426278942892623e-09,-1.704320240492052e-08,1.0685995022186034e-07,-2.1522865267797897e-08,1.1483207629225944e-07,4.534493314167776e-08,-4.516914486885071e-08,1.3638754126077401e-07,-4.190951585769653e-08,1.3424083533664088e-07
00:00:06:55.916,61,1.4050398533527186e-07,1.0132789718397817e-08,-5.130656077767526e-08,4.9625523246277226e-08,-1.1475290762064105e-07,0.04439367726445198,0.04189734533429146,-1.579103923177172e-07,-9.233131947894435e-08,-6.332993685020938e-09,-6.891553994137212e-08,1.2548640881959727e-07,0.0444374606013298,0.0420127771794796,0.08684186637401581,-0.00047518443898297846,0.02731810137629509,0.09470925480127335,-0.00010407686204416677,0.002624025335535407,-0.0013007837114855647,0.00773236807435751,-0.00013289641356095672,0.6325995922088623,0.6285822987556458,-0.000703622936271131,-0.0004480177303776145,0.05476978421211243,0.05706077441573143,0.059363432228565216,0.046857863664627075,-0.00040643991087563336,0.006932699121534824,-0.0026048009749501944,0.007596276234835386,0.0061095841228961945,0.007664048112928867,0.6453145742416382,0.6461095213890076,0.31470152735710144,0.3138861656188965,-0.001131546450778842,-0.0008220606832765043,0.26965633034706116,0.31414684653282166,0.31443747878074646,0.00012385465379338712,0.3156595528125763,0.327169805765152,0.1978904902935028,0.21729713678359985,3.965687778162419e-09,-1.9930302741499872e-08,1.4280900018093234e-07,-2.5741755393937638e-08,1.6253441970093263e-07,6.268033558853858e-08,-6.717629474906062e-08,1.8810388269230316e-07,-6.256625084688494e-08,1.9326806466324342e-07
00:00:06:56.933,61,1.4815945803547947e-07,1.8347055430467663e-08,-5.961395999065644e-08,5.054753415834057e-08,-1.19674950838089e-07,0.048949357122182846,0.03273429721593857,-1.6570091077028337e-07,-9.278766555098628e-08,2.849847025032659e-09,-7.535563639748943e-08,1.4018267791016115e-07,0.04897947609424591,0.032839007675647736,0.10305972397327423,-0.0005732292775064707,0.030185794457793236,0.10115237534046173,-0.00041298926225863397,0.0019344139145687222,-0.0012393429642543197,0.0068669551983475685,-4.997178984922357e-05,0.6720417737960815,0.6720700263977051,-0.0008646242786198854,-0.0006596252205781639,0.060095738619565964,0.06250074505805969,0.07368261367082596,0.059303056448698044,-0.00044450341374613345,0.00476470123976469,-0.0027788900770246983,0.012415612116456032,0.008505737408995628,0.010472128167748451,0.6842041015625,0.6864787340164185,0.3595353662967682,0.36139747500419617,-0.0013263976434245706,-0.0008898958330973983,0.2542106807231903,0.30868834257125854,0.3089689314365387,-0.00018384226132184267,0.34163326025009155,0.35485830903053284,0.22218282520771027,0.24537189304828644,3.8079450703776274e-09,-2.7390196777332676e-08,1.6219914300563687e-07,-3.4645200486238537e-08,1.6946346192980855e-07,6.796326346147907e-08,-6.504356520053989e-08,2.0432752023680223e-07,-5.982816020377868e-08,1.9606203238708986e-07
00:00:06:57.950,61,1.8182676342348714e-07,1.911073965743526e-08,-7.084570796678236e-08,6.283633524617471e-08,-1.473771362725529e-07,0.05571906268596649,0.02499282918870449,-2.0363833641567908e-07,-1.1576339886687492e-07,-3.7252903539730653e-10,-9.123934319177351e-08,1.6857869411524007e-07,0.05573360621929169,0.025097636505961418,0.11422897130250931,-0.0006081316387280822,0.03242360055446625,0.10820572078227997,-0.0007966589764691889,0.0017478966619819403,-0.0011257004225626588,0.006311684846878052,3.465194095042534e-05,0.6933174133300781,0.6950556039810181,-0.0010518914787098765,-0.0008648502989672124,0.06367270648479462,0.06609483063220978,0.08229120075702667,0.06645277142524719,-0.00015219702618196607,0.0034151903819292784,-0.002137639792636037,0.016093745827674866,0.010549880564212799,0.012726242654025555,0.7054111361503601,0.7083697319030762,0.38611137866973877,0.3894411325454712,-0.0016080737113952637,-0.0010986593551933765,0.24507351219654083,0.3027486503124237,0.3030264973640442,-0.0004351190582383424,0.35988014936447144,0.3733837604522705,0.23905746638774872,0.26431939005851746,4.8358925752722826e-09,-3.09757872685168e-08,1.9408761886552384e-07,-3.933906711495183e-08,2.086162567138672e-07,8.264090922693867e-08,-8.212402491380999e-08,2.482021272953716e-07,-7.600523588280339e-08,2.437830062262947e-07
00:00:06:58.966,61,1.8459279260696349e-07,2.3124739456648058e-08,-7.457099826524427e-08,6.293412013747002e-08,-1.4905818090937828e-07,0.059799741953611374,0.012692208401858807,-2.0638108821913193e-07,-1.1526979193376974e-07,4.13507228458343e-09,-9.391922617396631e-08,1.7496756754553644e-07,0.05981142446398735,0.012786085717380047,0.12201684713363647,-0.0006362165440805256,0.03426400199532509,0.11407209187746048,-0.0009550487739033997,0.0012361741391941905,-0.0010443091159686446,0.005851104389876127,0.00011847864516312256,0.7050224542617798,0.7082064747810364,-0.0010999112855643034,-0.0009901273297145963,0.06751478463411331,0.06994272768497467,0.09146305173635483,0.0744529664516449,-0.00019490062550175935,0.0026109886821359396,-0.0019471627892926335,0.018849259242415428,0.011956773698329926,0.01430489495396614,0.7161067128181458,0.7197169661521912,0.40036362409591675,0.40494096279144287,-0.0017929243622347713,-0.0012555915163829923,0.23782609403133392,0.29705068469047546,0.29732954502105713,-0.0006710864836350083,0.3679916262626648,0.3818087875843048,0.2459731101989746,0.27240729331970215,4.72995465017334e-09,-3.436580442439663e-08,2.0248815246759477e-07,-4.360452265927961e-08,2.1078624001802382e-07,8.475035429000854e-08,-8.082948710352866e-08,2.5474932385805005e-07,-7.424503678521432e-08,2.4376436158490833e-07
00:00:06:59.983,61,1.9501894144013932e-07,2.41305677661785e-08,-7.88178269317541e-08,6.653368700426654e-08,-1.574121455405475e-07,0.06405138224363327,0.006862394046038389,-2.1795742100039206e-07,-1.2185424225208408e-07,4.3027101881421e-09,-9.912997711580829e-08,1.846626389578887e-07,0.06406349688768387,0.006946055218577385,0.125675767660141,-0.0006405015010386705,0.035599082708358765,0.1172456368803978,-0.0011493611382320523,0.0012168347602710128,-0.000994594069197774,0.005512252915650606,0.00014984696463216096,0.702360987663269,0.7060098052024841,-0.0012038409477099776,-0.0011569720227271318,0.06943130493164062,0.07181920856237411,0.0969892144203186,0.07931914925575256,-0.0002600267471279949,0.0020796095486730337,-0.0016330620273947716,0.020755885168910027,0.013061068952083588,0.015498888678848743,0.719176709651947,0.7231053113937378,0.405309796333313,0.41029322147369385,-0.001636076020076871,-0.0010899656917899847,0.22882990539073944,0.2903386056423187,0.29061877727508545,-0.0008485843427479267,0.3677232265472412,0.3813514709472656,0.2492837756872177,0.2758421003818512,5.007022796377214e-09,-3.621913435836177e-08,2.1377577752446086e-07,-4.5979394514006344e-08,2.2273511035564297e-07,8.952221719482623e-08,-8.543022289586588e-08,2.689985478809831e-07,-7.852911920736005e-08,2.5762244604266016e-07
00:00:07:00.000,61,2.0415522783423512e-07,1.8235295939916796e-08,-7.724389661234454e-08,7.136259227991104e-08,-1.6605481789611076e-07,0.06628622859716415,0.005699917674064636,-2.2887252271175385e-07,-1.3208948246301588e-07,-4.284083754413359e-09,-1.0119052262780315e-07,1.8579885363578796e-07,0.06630995869636536,0.005784532055258751,0.12556500732898712,-0.0005374604370445013,0.036406949162483215,0.11882665753364563,-0.0012244320241734385,0.001100391149520874,-0.000936437863856554,0.005564829334616661,0.00015737539797555655,0.6875137090682983,0.6900047063827515,-0.0011460614623501897,-0.0012093669502064586,0.07072250545024872,0.07294637709856033,0.0997675210237503,0.081691674888134,-0.00040257899672724307,0.0018431684002280235,-0.0014817517949268222,0.02039438672363758,0.013808378018438816,0.01624566689133644,0.7172360420227051,0.7210018038749695,0.3944602310657501,0.3988962471485138,-0.0014405667316168547,-0.0009432172519154847,0.21770983934402466,0.2817379832267761,0.2820211350917816,-0.0009976777946576476,0.35340267419815063,0.3663111627101898,0.24306343495845795,0.2679499089717865,5.604233521694368e-09,-3.202818277259212e-08,2.1303073083345225e-07,-4.1145831630728935e-08,2.3516825820024678e-07,9.203562711945779e-08,-9.492971031477282e-08,2.760626500730723e-07,-8.799135997605845e-08,2.7729197427106556e-07
00:00:07:00.016,61,1.9480474122701708e-07,1.369044166921185e-08,-7.115304612170803e-08,6.896909354736636e-08,-1.5902332961559296e-07,0.0653437077999115,0.0037445975467562675,-2.1873972855246393e-07,-1.282803765434437e-07,-8.363276293721356e-09,-9.526964106498781e-08,1.736544135155782e-07,0.06538260728120804,0.003839729353785515,0.11843705177307129,-0.0003818766854237765,0.03657187893986702,0.11667940020561218,-0.0010917806066572666,0.0008514124201610684,-0.0008522463031113148,0.006054599303752184,0.00010127991117769852,0.6450181603431702,0.6432661414146423,-0.0010120182996615767,-0.0011626940686255693,0.06958005577325821,0.07149028778076172,0.09636825323104858,0.07933398336172104,-0.00040872691897675395,0.00214600283652544,-0.0012238025665283203,0.017420809715986252,0.013469226658344269,0.01567103900015354,0.6933504343032837,0.696516215801239,0.3562939763069153,0.3581507205963135,-0.001065985532477498,-0.0006900567095726728,0.20694780349731445,0.2698555886745453,0.27014079689979553,-0.0010719802230596542,0.3223838806152344,0.3330487906932831,0.22057369351387024,0.241035595536232,5.526235469233143e-09,-2.7734786911537412e-08,1.9794329375599773e-07,-3.580003848924207e-08,2.2533349408604408e-07,8.701579901071455e-08,-9.305774995027605e-08,2.607330600312707e-07,-8.659437611413523e-08,2.682209014892578e-07
00:00:07:01.033,61,1.9382684968149988e-07,2.035871204952855e-08,-7.567927440277344e-08,6.704591015704864e-08,-1.5702563871400343e-07,0.06186209246516228,0.0007921588257886469,-2.170447288563082e-07,-1.236796407511065e-07,-2.2351741291171123e-10,-9.708339376857111e-08,1.7954036479750357e-07,0.06192505732178688,0.0008909249445423484,0.09820573031902313,-8.277699089376256e-05,0.036854520440101624,0.10595954954624176,-0.00020614147069863975,0.0007492810254916549,-0.0006767138838768005,0.006013812962919474,-8.052385237533599e-05,0.5602416396141052,0.5528286695480347,-0.0009487849310971797,-0.0010135966585949063,0.06409098953008652,0.06562165170907974,0.08431007713079453,0.07106871157884598,-0.0003292339970357716,0.0030749666038900614,-0.0008388339192606509,0.012580743059515953,0.011643104255199432,0.01339565310627222,0.6060138940811157,0.6091985106468201,0.2952950596809387,0.2930915057659149,-0.0002018296654568985,4.378557150630513e-06,0.20086783170700073,0.2535758912563324,0.2538585960865021,-0.0007951741572469473,0.27399057149887085,0.28173428773880005,0.18006837368011475,0.1938977837562561,5.173496742116868e-09,-3.291293992901956e-08,2.0686536572611658e-07,-4.213303483879827e-08,2.2247434117161902e-07,8.812174456807043e-08,-8.767470660586696e-08,2.644862888701027e-07,-8.096918691080646e-08,2.601370283628057e-07
00:00:07:02.049,61,1.575378689722129e-07,2.6468187641626173e-08,-6.875023217389753e-08,5.2182002718836884e-08,-1.259055011360033e-07,0.054797057062387466,-4.649042966775596e-05,-1.7567538179719122e-07,-9.458511840421124e-08,1.2218952072373668e-08,-8.242903248856237e-08,1.560803468692029e-07,0.05485905334353447,5.904614954488352e-05,0.07124874740839005,-5.839005098096095e-05,0.03641314432024956,0.08935150504112244,-0.00043787239701487124,0.005814979784190655,-0.0009282666724175215,0.005864343140274286,-0.00021640941849909723,0.4657783508300781,0.45381468534469604,-0.0008542960858903825,-0.0008073690696619451,0.053883716464042664,0.055120643228292465,0.05492721498012543,0.04602690041065216,-0.00010238900722470134,0.004763731732964516,-0.0007000763434916735,0.01006242260336876,0.009425942786037922,0.01071393396705389,0.48602592945098877,0.4883120656013489,0.24088473618030548,0.23562069237232208,-0.00030012012575753033,-0.00016853332635946572,0.1999719738960266,0.2381482720375061,0.23843657970428467,-0.0005396321066655219,0.22439171373844147,0.22963058948516846,0.15285201370716095,0.16147999465465546,3.7101564043240387e-09,-3.4607946730602634e-08,1.8296763926173298e-07,-4.3846668518199294e-08,1.7832033449849405e-07,7.399008694619624e-08,-6.368383509425257e-08,2.2268388022439467e-07,-5.79282648516255e-08,2.0176172199626308e-07
00:00:07:03.066,61,9.332318029464659e-08,2.421438694000244e-08,-4.6966597722075676e-08,2.886168637417086e-08,-7.300637605567317e-08,0.04698111489415169,0.0007587659638375044,-1.0337680578231812e-07,-5.105510325620344e-08,1.784414038752402e-08,-5.185604123880694e-08,1.0113231496688968e-07,0.0470270961523056,0.0008404385880567133,0.0491829477250576,-0.0001592684566276148,0.03387380763888359,0.06884779036045074,-0.00016713381046429276,0.040564097464084625,-0.0002924674772657454,0.004981407895684242,-3.399478373466991e-05,0.38121849298477173,0.36803627014160156,-0.0002393352915532887,-0.0003126111696474254,0.04207721725106239,0.043289247900247574,0.03128271922469139,0.026622924953699112,0.00015366151637863368,0.005544458050280809,6.625943206017837e-05,0.010156319476664066,0.007319713942706585,0.008355689235031605,0.3554774522781372,0.35573363304138184,0.19537879526615143,0.18919067084789276,-0.0005601120064966381,-0.0003897154238075018,0.20004375278949738,0.2239774763584137,0.22428752481937408,-0.0005428758449852467,0.18632549047470093,0.19039079546928406,0.13510750234127045,0.1413775235414505,1.7671846208600073e-09,-2.7287750725690785e-08,1.2109056513054384e-07,-3.4291296913124825e-08,1.0337680578231812e-07,4.577450596343624e-08,-3.118067937180058e-08,1.3855286340458406e-07,-2.7492642828974567e-08,1.111999168301736e-07
00:00:07:04.083,61,6.775837135819529e-08,6.854534273514901e-09,-2.6375055028893257e-08,2.3432075835216892e-08,-5.484558585067134e-08,0.03968986123800278,0.00109995121601969,-7.615424379991964e-08,-4.393979935457537e-08,-4.842877210364804e-10,-3.389548552945598e-08,6.252899709124904e-08,0.0397116057574749,0.0011518311221152544,0.034856926649808884,-0.0003625021781772375,0.0310637466609478,0.051468923687934875,0.0001972079335246235,0.07757897675037384,9.491145465290174e-05,0.004184044431895018,6.742861296515912e-05,0.31741344928741455,0.30480387806892395,-0.00015299678489100188,-0.0003619238850660622,0.03174789249897003,0.032767392694950104,0.015444952994585037,0.01304501760751009,-0.0002016977232415229,0.005246071144938469,0.0019465249497443438,0.014320449903607368,0.005737247411161661,0.006721673533320427,0.25536614656448364,0.2536548376083374,0.1646985560655594,0.15911263227462769,-0.0005743980291299522,-0.00035906731500290334,0.20248302817344666,0.2148934155702591,0.21522094309329987,-0.0009170740959234536,0.16248008608818054,0.16646736860275269,0.12166634202003479,0.1284659057855606,1.816079064909104e-09,-1.1380762110491105e-08,7.227063036907566e-08,-1.4677643989102762e-08,7.783062727639845e-08,3.06183949305705e-08,-3.0808152473582595e-08,9.232666542402512e-08,-2.8442592281407997e-08,9.167939651888446e-08
00:00:07:05.099,61,7.078983088604218e-08,1.0151415708037348e-08,-2.9643997478956408e-08,2.3804604509791716e-08,-5.677342329590829e-08,0.0360594168305397,0.0015310049057006836,-7.920898781321739e-08,-4.3995679988029224e-08,3.371387613526622e-09,-3.649853042020368e-08,6.850808631497785e-08,0.03606821596622467,0.0015698837814852595,0.02604256197810173,-0.0005950812483206391,0.027816323563456535,0.041452523320913315,0.0007911979919299483,0.09882912039756775,0.0005731218843720853,0.0038953719194978476,0.00018442049622535706,0.27289822697639465,0.2611556351184845,-0.0003423333109822124,-0.0004904126981273293,0.024201147258281708,0.024981994181871414,0.0073065804317593575,0.0060530309565365314,-0.0002770377031993121,0.0053710020147264,0.00766987819224596,0.019300535321235657,0.005168507806956768,0.006132500246167183,0.20187485218048096,0.19914878904819489,0.14538094401359558,0.1406819224357605,-0.0005577829433605075,-0.0002547517360653728,0.20826846361160278,0.2072318196296692,0.207569882273674,-0.0011319495970383286,0.14677287638187408,0.15073168277740479,0.11092812567949295,0.11819954216480255,1.7508864358362075e-09,-1.4286488436709988e-08,7.9907479744179e-08,-1.8104911347904817e-08,8.042901811222691e-08,3.26521707449956e-08,-2.991408010188934e-08,9.876210071979585e-08,-2.721324499077582e-08,9.302049619464015e-08
00:00:07:06.116,61,8.252449390511174e-08,1.0803342220810919e-08,-3.401190085128292e-08,2.786517150354939e-08,-6.638467198172293e-08,0.03324355185031891,0.0032164501026272774,-9.242445031532043e-08,-5.159527205478298e-08,2.756714856388953e-09,-4.223547733772648e-08,7.882714214701991e-08,0.03326401114463806,0.0032618308905512094,0.02135154791176319,-0.000584748457185924,0.02477659285068512,0.036633480340242386,0.0013645190047100186,0.1028711125254631,0.000861404521856457,0.0038079856894910336,9.647907427279279e-05,0.2446412593126297,0.23363658785820007,-0.0005162123125046492,-0.000579297833610326,0.020981883630156517,0.021616728976368904,0.008368930779397488,0.007405177224427462,-0.00033159684971906245,0.005459645297378302,0.014683488756418228,0.022855835035443306,0.004694628994911909,0.005528184585273266,0.17114290595054626,0.16802917420864105,0.12521247565746307,0.12119600921869278,-0.000582515902351588,-0.00032590239425189793,0.20891988277435303,0.20102383196353912,0.201354518532753,-0.001070669968612492,0.13337402045726776,0.13756293058395386,0.09690379351377487,0.1037246584892273,2.086162576020456e-09,-1.6000122116111015e-08,9.12696123123169e-08,-2.0079314211329802e-08,9.402632628052743e-08,3.786757574175681e-08,-3.531575032411638e-08,1.1434778457442007e-07,-3.242865176389387e-08,1.0926276416967085e-07
00:00:07:07.133,61,6.604939528642717e-08,2.0097941089147753e-08,-3.550201554958221e-08,1.9613652924022063e-08,-5.1083041796573525e-08,0.03017025627195835,0.01581043004989624,-7.286667624839538e-08,-3.425404315748892e-08,1.624226619867386e-08,-3.7876887404308945e-08,7.508322852345373e-08,0.030199088156223297,0.01586947962641716,0.018560176715254784,-0.0006518932641483843,0.02163909748196602,0.032433461397886276,0.0017899626400321722,0.10177425295114517,0.002752867294475436,0.003547695931047201,0.00012000305287074298,0.2182989865541458,0.20894820988178253,-0.0005665424396283925,-0.0005723035428673029,0.018326565623283386,0.018936533480882645,0.009218381717801094,0.008369464427232742,-0.00011952676140936092,0.005171447992324829,0.01828768104314804,0.02460562251508236,0.004646489396691322,0.0055220830254256725,0.14863456785678864,0.1455223560333252,0.1070067435503006,0.10403566062450409,-0.0008595901890657842,-0.0005552503280341625,0.20976844429969788,0.19482770562171936,0.1951494961977005,-0.0011595701798796654,0.12027516961097717,0.12525400519371033,0.08114844560623169,0.08798003941774368,1.0943039807642663e-09,-2.212822458602659e-08,8.996575928676975e-08,-2.7120114154399744e-08,7.195398410431153e-08,3.291526695647917e-08,-1.9799918149487894e-08,1.0018236906716993e-07,-1.6763806343078613e-08,7.547438229948966e-08
00:00:07:08.149,61,3.795139491558075e-08,1.3224780381904111e-08,-2.1569430685985935e-08,1.0877847955725883e-08,-2.8954818986903774e-08,0.028599781915545464,0.042733658105134964,-4.189088897987858e-08,-1.8682330349406584e-08,1.1585652437418048e-08,-2.2375024499865503e-08,4.483386817355495e-08,0.028631698340177536,0.04282532259821892,0.01619824208319187,-0.0006456266273744404,0.018265467137098312,0.028698472306132317,0.0027544654440134764,0.09201151877641678,0.006238688249140978,0.0035563656128942966,5.446927752927877e-05,0.1918390691280365,0.18316784501075745,-0.00046971769188530743,-0.00042895227670669556,0.016563359647989273,0.017024822533130646,0.012979171238839626,0.011961078271269798,0.00033798618824221194,0.004926854278892279,0.021566016599535942,0.02469347044825554,0.0044282167218625546,0.005272292997688055,0.1239953264594078,0.1208905577659607,0.083554707467556,0.08097732812166214,-0.0005830901791341603,-0.00030529676587320864,0.209026038646698,0.18895292282104492,0.1892692893743515,-0.001014689332805574,0.10721790045499802,0.11246605217456818,0.06306130439043045,0.06921949982643127,5.424953819499478e-10,-1.4044344354147142e-08,5.4202974553163585e-08,-1.7322600243119268e-08,4.086643556888703e-08,1.9224826175445742e-08,-1.0039657105664901e-08,5.884096054842303e-08,-8.363276293721356e-09,4.187226210206063e-08
00:00:07:10.166,61,5.7835130462535744e-08,7.543713209656744e-09,-2.3767352530512653e-08,1.955777406692505e-08,-4.6547501852955975e-08,0.02691761963069439,0.06956853717565536,-6.49783729045339e-08,-3.630295353218571e-08,1.7881393032936899e-09,-2.9676593626959402e-08,5.550682402599705e-08,0.02695750631392002,0.06968763470649719,0.014828110113739967,-0.000696089118719101,0.01407902967184782,0.024908028542995453,0.004926341585814953,0.08161581307649612,0.015721913427114487,0.003786262357607484,0.00010419474710943177,0.16425520181655884,0.15697678923606873,-0.0005352692096494138,-0.00031526893144473433,0.014927487820386887,0.01532046776264906,0.01449804101139307,0.01266353391110897,0.0007401053444482386,0.004770218860358,0.02166057750582695,0.022211551666259766,0.00421700906008482,0.005096265114843845,0.10443241149187088,0.10064899176359177,0.06115346774458885,0.059141214936971664,-0.0005864048725925386,-0.00029068984440527856,0.2109413594007492,0.18351717293262482,0.18381981551647186,-0.0006724474369548261,0.09425288438796997,0.09983181208372116,0.047079939395189285,0.052635785192251205,1.4645047397010558e-09,-1.1250376630300707e-08,6.401911178954833e-08,-1.4211982701795023e-08,6.573274902166304e-08,2.6500783789629168e-08,-2.484768657495806e-08,8.014961849767133e-08,-2.2798776200261273e-08,7.685273573088125e-08
00:00:07:11.183,61,5.902722577388886e-08,-1.8440187155022159e-09,-1.7266721386022255e-08,2.2184103443123604e-08,-4.910863893314854e-08,0.024927282705903053,0.09097350388765335,-6.698071786104265e-08,-4.276633092104021e-08,-9.983778248567887e-09,-2.681277777583091e-08,4.680827103697993e-08,0.02497616969048977,0.09111358970403671,0.013461198657751083,-0.0005189533694647253,0.010894191451370716,0.026659971103072166,0.01127673126757145,0.06760215014219284,0.024584298953413963,0.003957186825573444,3.3874828659463674e-05,0.1345951408147812,0.12895506620407104,-0.0006896746344864368,-0.00015487313794437796,0.014175490476191044,0.014315538108348846,0.020156610757112503,0.01744982972741127,0.0010112673044204712,0.0050321281887590885,0.019596992060542107,0.018832094967365265,0.0034205899573862553,0.0041954405605793,0.08754663169384003,0.0838097408413887,0.037344783544540405,0.03556010127067566,-0.0007581255049444735,-0.0005378213245421648,0.21123088896274567,0.17501100897789001,0.1752980351448059,-0.00045132249942980707,0.08228689432144165,0.08767086267471313,0.028651844710111618,0.0327824167907238,1.976732111330648e-09,-3.632158129818208e-09,5.1017849500567536e-08,-5.066394859198908e-09,6.986781642126516e-08,2.4815090426955067e-08,-3.267079762281355e-08,7.43009138659545e-08,-3.091991018777662e-08,8.81403678931747e-08
00:00:07:12.200,61,6.27525125196371e-08,5.178153461571355e-09,-2.3338943222483977e-08,2.1969899677287685e-08,-5.102716471583335e-08,0.027438750490546227,0.10834305733442307,-7.048249273111651e-08,-4.122033558928706e-08,-1.8253922817734747e-09,-3.090128330995867e-08,5.662441182607836e-08,0.0275161974132061,0.10850691050291061,0.012630309909582138,-0.0004512027953751385,0.006179095711559057,0.03498009592294693,0.028057202696800232,0.049920935183763504,0.03465325012803078,0.004584789276123047,-0.000136454968014732,0.09367458522319794,0.08965390920639038,-0.0006430306821130216,0.00011895477655343711,0.01251734234392643,0.01237837690860033,0.025413138791918755,0.0205637626349926,0.0031484963838011026,0.006881525740027428,0.010875699110329151,0.00945283193141222,0.002507692901417613,0.003127564676105976,0.07667816430330276,0.07243461906909943,0.012248031795024872,0.010466312989592552,-0.0007018083124421537,-0.0004901904030703008,0.21082523465156555,0.1650983840227127,0.16536682844161987,0.00012031890219077468,0.06726006418466568,0.07192829996347427,0.009409969672560692,0.011051502078771591,1.7473940072676442e-09,-9.331852623972736e-09,6.452202683249197e-08,-1.2125820347819172e-08,7.243826871672354e-08,2.8058421364107744e-08,-2.9318034222569622e-08,8.441507759471278e-08,-2.7474015951156616e-08,8.612871482682749e-08
00:00:07:13.216,61,2.6104972405960325e-08,9.592622696175113e-09,-1.51060515207746e-08,7.4226407242861114e-09,-1.989305076222081e-08,0.02805274911224842,0.14773845672607422,-2.8535723117784073e-08,-1.2293457807288632e-08,8.344650304081824e-09,-1.5445984047346428e-08,3.099441414633475e-08,0.02813537046313286,0.14792905747890472,0.013347608968615532,-0.000487675191834569,0.0035758367739617825,0.04661407321691513,0.042745884507894516,0.0508742555975914,0.05938947573304176,0.006135404575616121,-2.0266697902115993e-06,0.03114447183907032,0.02978142723441124,-0.0005747991963289678,0.0007586288265883923,0.011438077315688133,0.010867598466575146,0.03111160360276699,0.024210382252931595,0.00454443646594882,0.008594038896262646,0.0021821369882673025,0.003924026619642973,0.0022932239808142185,0.0030304749961942434,0.074341781437397,0.06925235688686371,0.0033367585856467485,0.0028008222579956055,-5.324780795490369e-05,0.00017609358474146575,0.2170124053955078,0.1609291434288025,0.16120308637619019,0.0005507107707671821,0.054458923637866974,0.058325767517089844,0.001319156144745648,0.0018238237826153636,3.364402922922949e-10,-9.834766778737958e-09,3.8444994743258576e-08,-1.2293457807288632e-08,2.8535723117784073e-08,1.3471581183921444e-08,-6.7241487933245025e-09,4.09223126496272e-08,-5.6251883151503534e-09,2.801418297337932e-08
00:00:07:14.233,61,1.0468065880786526e-07,2.0656734989188408e-08,-4.790723195924329e-08,3.391876646219316e-08,-8.299015519241948e-08,0.03197712451219559,0.1752297282218933,-1.1620111450838522e-07,-6.040558275799413e-08,1.2144446337458703e-08,-5.582347384347486e-08,1.0695308105823642e-07,0.03208496794104576,0.17541782557964325,0.014297187328338623,-0.00032014542375691235,0.0014985925517976284,0.06561005860567093,0.0671987310051918,0.05095455050468445,0.07807829976081848,0.007211098447442055,-6.408870103769004e-05,0.003002748591825366,0.003514025127515197,0.013378147967159748,0.01509116031229496,0.010723913088440895,0.009730313904583454,0.03845692425966263,0.029206138104200363,0.006098366808146238,0.012090562842786312,-0.00046826808829791844,0.0018523363396525383,0.001555463531985879,0.0022094573359936476,0.07546251267194748,0.07013402134180069,0.0004707494517788291,0.0004641571722459048,-0.0004160332609899342,-0.00027798235532827675,0.2322021722793579,0.1659039705991745,0.16616444289684296,0.0009207363473251462,0.046640604734420776,0.04994521290063858,-4.991769674234092e-05,-0.0006301829125732183,2.2968742463547187e-09,-2.564862455756156e-08,1.2636184010261786e-07,-3.218650945768786e-08,1.1781230568885803e-07,5.001202296739393e-08,-4.014000154484165e-08,1.5062279601352202e-07,-3.600493059252585e-08,1.304596679574388e-07
00:00:07:14.250,61,1.1978670499956934e-07,1.5944243259014e-08,-4.921108498479043e-08,4.048459345540323e-08,-9.64477635534422e-08,0.03360884264111519,0.2188384085893631,-1.3361685091695108e-07,-7.398426760119037e-08,4.0978194171259474e-09,-6.113201322932582e-08,1.1427327706314827e-07,0.03375015780329704,0.21906796097755432,0.01742790825664997,-8.337557665072381e-05,0.0006360280676744878,0.08458152413368225,0.08809874206781387,0.05889197438955307,0.09575517475605011,0.008259204216301441,-0.000403748796088621,0.0016512018628418446,0.002973606577143073,0.06411325931549072,0.06619086116552353,0.012032679282128811,0.01048711035400629,0.04831889644265175,0.036218032240867615,0.008609208278357983,0.015603628940880299,-0.0017744192155078053,0.0016708779148757458,0.0017290659015998244,0.0024283318780362606,0.08194306492805481,0.07603082060813904,-0.0004197116068098694,-4.691779759014025e-05,-0.0006654512835666537,-0.0005975687527097762,0.2572367191314697,0.1800674945116043,0.1803215742111206,0.0012297132052481174,0.04185637831687927,0.04527048021554947,-2.3249387595569715e-05,-0.0008854097104631364,3.0372757642282977e-09,-2.3040920282824118e-08,1.3349577443477756e-07,-2.911314389564268e-08,1.370906801412275e-07,5.5474227877994053e-08,-5.1781533727535134e-08,1.6632489518997318e-07,-4.744157067193555e-08,1.5724450008747226e-07
00:00:07:15.266,61,1.4926307301266206e-07,1.875683608432155e-08,-6.03869523274625e-08,5.077570719436153e-08,-1.2045725839016086e-07,0.03883962333202362,0.2370149940252304,-1.667160489660091e-07,-9.324401872845556e-08,3.5390257391298974e-09,-7.57258362682478e-08,1.4130026215752878e-07,0.039012931287288666,0.2372562736272812,0.020590228959918022,-0.00013420142931863666,0.0011928299209102988,0.1086493507027626,0.11083164066076279,0.07837621867656708,0.1288294792175293,0.009187838062644005,-0.0005057684029452503,0.0009209266281686723,0.0021312341559678316,0.10285384953022003,0.10516363382339478,0.012430603615939617,0.01052007358521223,0.05382808297872543,0.039952583611011505,0.007899468764662743,0.018096892163157463,-0.0020215045660734177,0.002236085943877697,0.001522811595350504,0.0022446278017014265,0.09421581029891968,0.08783511817455292,-0.0013244461733847857,-0.0009556037257425487,-0.0004545664705801755,-0.0004142642137594521,0.28452828526496887,0.19840490818023682,0.19866760075092316,0.0014585433527827263,0.042891666293144226,0.04581974819302559,0.00040904819616116583,-0.0009030784131027758,3.856839736471329e-09,-2.769753315590151e-08,1.637451418901037e-07,-3.4943223425898395e-08,1.7104670746448392e-07,6.872229363352744e-08,-6.545334940710745e-08,2.0598992023224127e-07,-5.990266771505048e-08,1.972541241457293e-07
00:00:07:16.283,61,1.651141730008021e-07,2.4698675105128132e-08,-6.98212545557908e-08,5.519017420851924e-08,-1.3260171272122534e-07,0.04579019546508789,0.24418367445468903,-1.840386545381989e-07,-1.0080635348685973e-07,8.977949939037444e-09,-8.533243089914322e-08,1.6059726704042987e-07,0.04597998782992363,0.2444174885749817,0.023653652518987656,-0.00019162394164595753,0.002677113516256213,0.1295713633298874,0.12670449912548065,0.10724787414073944,0.16279983520507812,0.010261287912726402,-0.00046559059410355985,0.0002650776586961001,0.0005594188114628196,0.13476572930812836,0.13755933940410614,0.012403725646436214,0.010134044103324413,0.05999709665775299,0.04550532251596451,0.005974477622658014,0.019281240180134773,-0.0019301741849631071,0.0017824374372139573,0.0012960656313225627,0.001990485703572631,0.10801605135202408,0.10145819932222366,-0.0014782404759898782,-0.001334427623078227,-0.0005053901695646346,-0.0005063724238425493,0.30554425716400146,0.2131199985742569,0.21339266002178192,0.0018220983911305666,0.0447627529501915,0.046878453344106674,0.0007135659689083695,-0.0012168880784884095,4.036118994577009e-09,-3.375113166725896e-08,1.866370382686e-07,-4.267320008466413e-08,1.8799677548031468e-07,7.680850444558018e-08,-6.932765472811298e-08,2.3080036726241815e-07,-6.305053545929695e-08,2.1420419216156006e-07
00:00:07:17.299,61,1.1473893835045601e-07,3.1292437085994607e-08,-5.885958742624098e-08,3.4859404252074455e-08,-8.983537469475777e-08,0.051042694598436356,0.2413250356912613,-1.2666917825754354e-07,-6.150454368025748e-08,2.3972242857439596e-08,-6.436835775502914e-08,1.261755784298657e-07,0.0512407012283802,0.24154403805732727,0.026669537648558617,-0.0002439487725496292,0.0038652794901281595,0.15153589844703674,0.1213780865073204,0.17604535818099976,0.19644230604171753,0.011551877483725548,-0.0004063532978761941,-0.001255167182534933,-0.0010965503752231598,0.15535028278827667,0.15923741459846497,0.011048875749111176,0.008426757529377937,0.061607763171195984,0.04731402546167374,0.0034300112165510654,0.0198025181889534,-0.0009911138331517577,0.0008997571421787143,0.0013236886588856578,0.0020803986117243767,0.14076346158981323,0.1326322704553604,0.0002927589521277696,-0.0003124249051325023,-0.0006879126885905862,-0.0006914216210134327,0.3198804259300232,0.22206483781337738,0.22235675156116486,0.0025961503852158785,0.047171443700790405,0.048290301114320755,0.001190320705063641,-0.0010756489355117083,2.091983253293961e-09,-3.483146571170437e-08,1.5091150373791606e-07,-4.330649971961975e-08,1.2694857787209912e-07,5.6644203993982956e-08,-3.760680655773285e-08,1.7098150806305057e-07,-3.289431305120161e-08,1.3425946576717251e-07
00:00:07:18.316,61,5.083624188273461e-08,-6.5006315885796084e-09,-1.1101365160470777e-08,2.0172446824062717e-08,-4.322268054579581e-08,0.04886135086417198,0.23204490542411804,-5.8235599453837494e-08,-4.0009616952829674e-08,-1.4528632519272833e-08,-2.132728660342309e-08,3.5176054069552265e-08,0.04902765154838562,0.2322530299425125,0.02675207145512104,-0.00012134574353694916,0.005611447151750326,0.16639657318592072,0.07126815617084503,0.2419920116662979,0.1741868257522583,0.011918234638869762,-0.0003125427174381912,-0.00024183571804314852,-0.0007532358285970986,0.12324361503124237,0.1272173821926117,0.008534223772585392,0.0055762589909136295,0.056567996740341187,0.04468071460723877,0.0008124136948026717,0.016870420426130295,-7.53831845941022e-05,-0.0016487966058775783,0.001591571606695652,0.00245115184225142,0.19016632437705994,0.17984463274478912,0.009030137211084366,0.007021704688668251,-0.00035384774673730135,-0.00039074511732906103,0.328762024641037,0.22942616045475006,0.2297152876853943,0.003539956407621503,0.0520646795630455,0.05233896151185036,0.0006199663621373475,-0.0014871504390612245,1.948792460737536e-09,1.19209286886246e-09,3.641471124637974e-08,4.842877210364804e-10,6.183050516028743e-08,2.0235312092609092e-08,-3.2056121312962205e-08,5.980022166340859e-08,-3.0342491186274856e-08,8.109957150281843e-08
00:00:07:19.333,61,3.447290453095775e-08,3.855675334563102e-09,-1.3513490770833414e-08,1.1743977346156953e-08,-2.8060748391567358e-08,0.04578239843249321,0.23374003171920776,-3.87709597760022e-08,-2.196058623837871e-08,3.3527614018424856e-10,-1.7471611712949198e-08,3.248453239734772e-08,0.04591769352555275,0.23398740589618683,0.02861456386744976,-4.029780757264234e-05,0.010782777331769466,0.17758508026599884,0.03330226242542267,0.29637399315834045,0.08707448840141296,0.012307857163250446,-0.0003936686844099313,0.015140828676521778,0.014034483581781387,0.014327365905046463,0.015918610617518425,0.008849493227899075,0.00542039517313242,0.051641687750816345,0.04309859126806259,0.00032798052416183054,0.014971237629652023,0.00014077723608352244,-0.001341833733022213,0.0018652856815606356,0.0027687589172273874,0.28029942512512207,0.2706880271434784,0.07219066470861435,0.0698096826672554,-0.0012405681191012263,-0.0012804972939193249,0.3328556418418884,0.23472289741039276,0.23500117659568787,0.003293437883257866,0.09001956880092621,0.09070398658514023,0.005652876105159521,0.007302745711058378,9.022187441587448e-10,-5.438923977862942e-09,3.743916821008497e-08,-7.767230414401638e-09,4.030763989248953e-08,1.5775439621279475e-08,-1.560896656371824e-08,4.7013163140263714e-08,-1.383945313904178e-08,4.6715140200603855e-08
00:00:07:20.349,61,5.47245129212115e-08,-1.3504177331924438e-08,-7.124617784626253e-09,2.3264437487569012e-08,-4.7935174052327056e-08,0.04942477121949196,0.24955341219902039,-6.317161194147047e-08,-4.660338248640983e-08,-2.4009496613075498e-08,-2.0707958015009353e-08,3.099441414633475e-08,0.04953364282846451,0.24978040158748627,0.03859603777527809,-0.00014943309361115098,0.01617531105875969,0.17819492518901825,0.008320771157741547,0.2522381544113159,0.015154564753174782,0.011678674258291721,-0.0004505293327383697,0.16464641690254211,0.1636858433485031,-0.0021735941991209984,-0.002046812092885375,0.01171329990029335,0.00853201188147068,0.04492148756980896,0.0355156771838665,0.0003326880978420377,0.012845161370933056,0.00046759427641518414,-0.00046164303785189986,0.0014557141112163663,0.0025593379978090525,0.3979995846748352,0.38984620571136475,0.14464586973190308,0.14317286014556885,-0.0017788755940273404,-0.0016955614555627108,0.3296290636062622,0.24125412106513977,0.24151115119457245,0.0024659752380102873,0.15098083019256592,0.1558024287223816,0.03796006739139557,0.04553014412522316,2.4330801817740166e-09,6.575137323494573e-09,3.008171844953722e-08,6.649643058409538e-09,6.886199344080524e-08,2.0470469763722576e-08,-3.958120942115784e-08,5.976296790777269e-08,-3.783032198612091e-08,9.395181876925562e-08
00:00:07:21.366,61,7.111579236607213e-08,-1.4267861558892037e-08,-1.170672447869947e-08,2.9527582157129473e-08,-6.155110554573184e-08,0.0576106533408165,0.26458510756492615,-8.165836362650225e-08,-5.8356672383297337e-08,-2.7157366133678806e-08,-2.810265797847933e-08,4.37069687109215e-08,0.05770672857761383,0.26480892300605774,0.05543072521686554,-0.00047058434574864805,0.020018834620714188,0.17010891437530518,0.0024891376961022615,0.1550396978855133,0.0004188483871985227,0.010799311101436615,-0.0003897356509696692,0.3302682042121887,0.3306015729904175,-0.0011369723360985518,-0.0011155593674629927,0.020163865759968758,0.017965219914913177,0.04021746292710304,0.028134845197200775,0.00015814184735063463,0.011128731071949005,-0.0001662301947362721,0.0015508139040321112,0.0014987483154982328,0.0029322037007659674,0.49488648772239685,0.48888108134269714,0.21115058660507202,0.2109949141740799,-0.0015506696654483676,-0.0013023769715800881,0.302054226398468,0.24191837012767792,0.2421696037054062,0.0016381304012611508,0.21906475722789764,0.22931784391403198,0.08814720064401627,0.10166599601507187,2.983724600724713e-09,5.522742707597672e-09,4.40888108244053e-08,5.606561881421612e-09,8.818693686407642e-08,2.735876414305949e-08,-4.881992765604082e-08,8.027534903476408e-08,-4.6845524792615834e-08,1.1770054442195033e-07
00:00:07:22.383,61,6.217043591050242e-08,-1.1548399569960566e-08,-1.0877847955725883e-08,2.560671497064959e-08,-5.370937117277208e-08,0.06898912787437439,0.2777339220046997,-7.128343071372001e-08,-5.026348048886575e-08,-2.2482126382783463e-08,-2.4891924965686485e-08,3.923662106330994e-08,0.06908046454191208,0.2779786288738251,0.06957539916038513,-0.0005067805177532136,0.02277001552283764,0.15134772658348083,0.00024101257440634072,0.07961016893386841,-0.0001273745292564854,0.010482300072908401,-0.0005397237255237997,0.46585944294929504,0.4651356041431427,-0.0006446886109188199,-0.0006633406737819314,0.0308647733181715,0.029541151598095894,0.03805093839764595,0.023467717692255974,-8.522689313394949e-05,0.009224980138242245,-0.000786387303378433,0.0049483622424304485,0.0028164535760879517,0.0045905280858278275,0.5647141337394714,0.5600098967552185,0.2634163796901703,0.2639933228492737,-0.0012683284003287554,-0.000997483148239553,0.261197954416275,0.22784362733364105,0.2280961275100708,0.0012252816231921315,0.2777579128742218,0.2916617691516876,0.1338321566581726,0.15182632207870483,2.5657937996470537e-09,3.9860608147535e-09,4.0680170343421196e-08,3.7625431659193964e-09,7.707625826469666e-08,2.4233013817820392e-08,-4.2077154205344414e-08,7.09714385038751e-08,-4.0177255300477555e-08,1.0149553730798289e-07
00:00:07:23.399,61,1.1827796697616577e-07,-1.3019889166798748e-08,-2.7408823655150627e-08,4.6715140200603855e-08,-1.004151997108238e-07,0.07873818278312683,0.2840306758880615,-1.3454817349156656e-07,-9.056180516608947e-08,-3.1739475048198074e-08,-5.03449690825164e-08,8.351169356046739e-08,0.07883735001087189,0.2842758297920227,0.08271414786577225,-0.0005338802002370358,0.024663560092449188,0.13523052632808685,-0.00013377785217016935,0.029812589287757874,0.00023895800404716283,0.009988977573812008,-0.0005556553369387984,0.5708947777748108,0.5711309909820557,-0.000653252296615392,-0.0006191616994328797,0.0426485501229763,0.04223141819238663,0.04499530419707298,0.02827579528093338,-0.00020309924730099738,0.007332348730415106,-0.0011313158320263028,0.007908332161605358,0.004550989717245102,0.006721522659063339,0.6153542995452881,0.6121987104415894,0.30161187052726746,0.3037288784980774,-0.0013804823393002152,-0.001076425309292972,0.21446731686592102,0.2077825516462326,0.2080186903476715,0.00064481032313779,0.32189425826072693,0.3391900956630707,0.16769540309906006,0.18949325382709503,4.4342596261515155e-09,3.3527614018424856e-10,8.931383632670986e-08,-1.210719302591201e-09,1.4351681443258713e-07,4.80737085695182e-08,-7.306225313641335e-08,1.4193355468705704e-07,-6.962567766777283e-08,1.842901156123844e-07
00:00:07:25.416,61,1.5009659648512752e-07,-6.034970301271869e-09,-4.262663466647609e-08,5.6885184562815994e-08,-1.2559816298107762e-07,0.0867488831281662,0.2915538251399994,-1.6968697025276924e-07,-1.0862014931944941e-07,-2.7138739255860855e-08,-6.754882519999228e-08,1.1687166789897674e-07,0.08684218674898148,0.29179301857948303,0.09392844885587692,-0.000595607387367636,0.02665700949728489,0.12050128728151321,-3.940820533898659e-05,0.008398710750043392,0.00024216354358941317,0.00976906344294548,-0.00042408995795994997,0.6492435336112976,0.6508592963218689,-0.0005554344970732927,-0.0006352633354254067,0.05325806513428688,0.053710564970970154,0.05706469714641571,0.03920372575521469,-0.00039399892557412386,0.005767439026385546,-0.0015392177738249302,0.011437095701694489,0.006767854560166597,0.00930434837937355,0.6544010639190674,0.6526986956596375,0.335338830947876,0.33913058042526245,-0.00130662287119776,-0.0009201738284900784,0.16875648498535156,0.18779079616069794,0.18803101778030396,0.00020324949582573026,0.358186811208725,0.37771371006965637,0.19520458579063416,0.2204795777797699,5.0937525308825116e-09,-8.065253354061497e-09,1.2887642242276343e-07,-1.1576339886687492e-08,1.7916784145199927e-07,6.342190062014197e-08,-8.482486180128035e-08,1.8817837599272025e-07,-7.996335682491917e-08,2.2271647992511134e-07
00:00:07:26.433,61,1.667207101263557e-07,-2.067536142291715e-09,-5.073845343872563e-08,6.21005895595772e-08,-1.386646175660644e-07,0.09328927844762802,0.291721373796463,-1.8795486766975955e-07,-1.178309290139623e-07,-2.449378300184435e-08,-7.660593581704234e-08,1.3452023495119647e-07,0.09337502717971802,0.29195454716682434,0.10367855429649353,-0.0007298896671272814,0.028488392010331154,0.11138160526752472,7.167756848502904e-05,0.0034870747476816177,-4.402339618536644e-05,0.00933749694377184,-0.0002697569434531033,0.7029331922531128,0.7062097787857056,-0.0005486819427460432,-0.0007050383137539029,0.06183060631155968,0.06296089291572571,0.06941980123519897,0.05087966471910477,-0.00037552296998910606,0.00455521559342742,-0.0013922103680670261,0.015070747584104538,0.009063780307769775,0.011916453018784523,0.6820244789123535,0.6812518239021301,0.36140602827072144,0.36684051156044006,-0.0014428928261622787,-0.0009673192980699241,0.1348361372947693,0.1725507229566574,0.17279058694839478,-0.0001981948153115809,0.38499337434768677,0.4060507118701935,0.2159864455461502,0.24414005875587463,5.431356697727097e-09,-1.2591481635126911e-08,1.4971941197927663e-07,-1.7434357957313296e-08,1.9768252457197377e-07,7.151859193754717e-08,-9.056180516608947e-08,2.125138394148962e-07,-8.519739225221201e-08,2.4290756073241937e-07
00:00:07:27.450,61,1.8632039200383588e-07,1.0617077217389692e-09,-5.916692202845297e-08,6.868038582297231e-08,-1.543108396617754e-07,0.09913840889930725,0.2891799807548523,-2.0978040993213654e-07,-1.2971460705557547e-07,-2.3283064365386963e-08,-8.672941476106644e-08,1.5361234773081378e-07,0.09922801703214645,0.28939661383628845,0.11109896004199982,-0.000757567526306957,0.029641473665833473,0.10483334213495255,0.00020103395218029618,0.0020572238136082888,-0.0003111076366622001,0.009085281752049923,-0.00014672322140540928,0.7340675592422485,0.7394350171089172,-0.00046157120959833264,-0.000615505559835583,0.0682917907834053,0.06992578506469727,0.07917948067188263,0.05980146303772926,-0.00028649865998886526,0.0036728850100189447,-0.001253026886843145,0.018003005534410477,0.010937698185443878,0.01403751689940691,0.6993358135223389,0.6994598507881165,0.3826412856578827,0.3895556628704071,-0.0014277297304943204,-0.0009032648522406816,0.11434507369995117,0.16175563633441925,0.1619945466518402,-0.000453969812951982,0.40461769700050354,0.42676055431365967,0.23109622299671173,0.26148539781570435,5.906331423943811e-09,-1.6717240924890575e-08,1.719035225278276e-07,-2.259388587333433e-08,2.1979212760925293e-07,8.06443836154358e-08,-9.847804705032104e-08,2.400530547674862e-07,-9.264797284913584e-08,2.681277635474544e-07
00:00:07:28.466,61,1.8384773170510016e-07,4.7031791794438504e-09,-6.091781301620358e-08,6.68922410795858e-08,-1.5161465682922426e-07,0.10337015241384506,0.28370338678359985,-2.065626887315375e-07,-1.2568197860218788e-07,-1.8496066900297592e-08,-8.679693763724572e-08,1.5510245532368572e-07,0.10346006602048874,0.28391191363334656,0.11666654795408249,-0.0008198183495551348,0.030619988217949867,0.10014936327934265,0.00017187058983836323,0.0011964654549956322,-0.0004362538456916809,0.008874718099832535,-7.142852700781077e-05,0.7547032833099365,0.7614948153495789,-0.00032618700060993433,-0.0004409775137901306,0.07331205159425735,0.07532793283462524,0.08683954924345016,0.06673552840948105,-0.0002448040177114308,0.0029831191059201956,-0.00086404470494017,0.020688744261860847,0.012697773054242134,0.015967590734362602,0.7123640179634094,0.7132298350334167,0.39853641390800476,0.4065765142440796,-0.00163362140301615,-0.0010723310988396406,0.09982902556657791,0.1534622311592102,0.15370264649391174,-0.0006194961606524885,0.41878044605255127,0.44149649143218994,0.24106502532958984,0.2728797495365143,5.643814748879095e-09,-1.936219717890708e-08,1.749023823549578e-07,-2.5741755393937638e-08,2.1593645271877904e-07,8.040224486194347e-08,-9.452924132347107e-08,2.394663169980049e-07,-8.851289834410636e-08,2.6075170467265707e-07
00:00:07:29.483,61,1.735906636213258e-07,6.282352860154106e-09,-5.895039123515744e-08,6.275048036741282e-08,-1.4280172422331816e-07,0.10272686928510666,0.2816148102283478,-1.9483151447730052e-07,-1.1755735584983995e-07,-1.5058322588856754e-08,-8.262723127927529e-08,1.4844700046978687e-07,0.10281818360090256,0.2818232774734497,0.11432991176843643,-0.0008005439303815365,0.03152700513601303,0.09627809375524521,0.00047710552462376654,0.012670389376580715,-0.0005031453329138458,0.008674797601997852,-0.00016983028035610914,0.7228606343269348,0.7295170426368713,-0.0003509552334435284,-0.0004913631128147244,0.0734386071562767,0.07543617486953735,0.09242752939462662,0.0737556666135788,-0.00014019578520674258,0.0025332423392683268,-0.00032101929537020624,0.021932315081357956,0.013451305218040943,0.01667412556707859,0.6948915123939514,0.6960257887840271,0.39266982674598694,0.40069839358329773,-0.001613878645002842,-0.0010593098122626543,0.10453293472528458,0.15200737118721008,0.15225131809711456,-0.0006986817461438477,0.40636366605758667,0.42802372574806213,0.23236528038978577,0.26352939009666443,5.235051503404975e-09,-1.973239704966545e-08,1.6782898626388487e-07,-2.628658002379325e-08,2.0340200990176527e-07,7.634924514832164e-08,-8.783652560850896e-08,2.2754596784579917e-07,-8.201284629194561e-08,2.44397682536146e-07
00:00:07:29.500,61,1.6513629930159368e-07,1.0273652151226997e-08,-5.924492185727104e-08,5.871872588159022e-08,-1.3514771524114622e-07,0.10247175395488739,0.2645929157733917,-1.8497522091820429e-07,-1.0916846804320812e-07,-8.938368267763508e-09,-8.009578067458278e-08,1.4560995964529866e-07,0.10256408900022507,0.2647911012172699,0.1101464256644249,-0.0007021194905973971,0.03297410160303116,0.09450783580541611,0.0003676340857055038,0.02654161863029003,-0.0007843227940611541,0.00844748504459858,-0.00029344914946705103,0.6733587384223938,0.6789190769195557,-0.0003545683575794101,-0.0005126633332110941,0.07182615250349045,0.07371353358030319,0.0960579514503479,0.07953306287527084,-6.809264596085995e-05,0.0019407114014029503,0.00019862502813339233,0.023197747766971588,0.014060039073228836,0.01713142916560173,0.6744422912597656,0.6758854389190674,0.3825896978378296,0.38991105556488037,-0.0014361648354679346,-0.0009425056050531566,0.11439275741577148,0.15118195116519928,0.15142956376075745,-0.000770909886341542,0.38780471682548523,0.4074538052082062,0.22138947248458862,0.2508277893066406,4.760950300664035e-09,-2.2209714956034077e-08,1.661945105979612e-07,-2.9127113165827723e-08,1.9229599956815946e-07,7.363720300190835e-08,-8.024391462413405e-08,2.1972402919345768e-07,-7.471768270761459e-08,2.2811349253970548e-07
00:00:07:30.516,61,1.1892436191374145e-07,3.1426317104177315e-09,-3.950320959233977e-08,4.328176217427426e-08,-9.802519684853905e-08,0.09763649851083755,0.21287666261196136,-1.3366225459776615e-07,-8.124799677489136e-08,-1.1463416882406818e-08,-5.613881626231887e-08,1.0041869558108374e-07,0.09773149341344833,0.21304790675640106,0.1023150160908699,-0.000444254488684237,0.03496481478214264,0.09177322685718536,9.609616972738877e-05,0.04012779891490936,-0.0007394991698674858,0.008155614137649536,-0.0003943644114769995,0.6008705496788025,0.6035654544830322,0.00019852556579280645,-5.250599133432843e-05,0.06742234528064728,0.06902370601892471,0.09566012024879456,0.08196032792329788,8.783210068941116e-05,0.0014514073263853788,0.0003357241803314537,0.02335040085017681,0.014108695089817047,0.016822993755340576,0.6399310231208801,0.6420789957046509,0.3600500822067261,0.3651798367500305,-0.0009961278410628438,-0.0006344669964164495,0.12842057645320892,0.15139952301979065,0.15164539217948914,-0.000873094773851335,0.3573875427246094,0.37366577982902527,0.20607852935791016,0.23165948688983917,3.64296282029386e-09,-1.2594973952673172e-08,1.135782810024466e-07,-1.701642737828024e-08,1.3968733014735335e-07,5.205263775565072e-08,-6.084155756980181e-08,1.5505210626542976e-07,-5.70836711233369e-08,1.6854028217494488e-07
00:00:07:31.533,61,7.483176744926823e-08,-3.2037497099679513e-09,-2.1150334816866234e-08,2.851360392241986e-08,-6.249523920587308e-08,0.0842294916510582,0.15150710940361023,-8.463510425826826e-08,-5.457783203155486e-08,-1.3704411827575314e-08,-3.3403630084194447e-08,5.7728030355974624e-08,0.0843074768781662,0.15166059136390686,0.08901447057723999,-7.516473851865157e-05,0.037027936428785324,0.09565245360136032,-0.00031662435503676534,0.05593453720211983,-0.0007047531544230878,0.008311751298606396,-0.0004781853349413723,0.4864257574081421,0.4850040078163147,0.002169218147173524,0.002243778668344021,0.059004999697208405,0.05978286638855934,0.09647897630929947,0.0863683670759201,-0.0002502047282177955,0.0012399486731737852,-8.133336814353243e-05,0.02092042751610279,0.012529241852462292,0.014706293120980263,0.5782577991485596,0.5807635188102722,0.314474493265152,0.3162451386451721,-0.0006056478596292436,-0.0004800330789294094,0.1551113873720169,0.15784497559070587,0.15809722244739532,-0.0007113556494005024,0.29885849356651306,0.3099580705165863,0.17232725024223328,0.19160579144954681,2.555316402919061e-09,-3.6763958544128172e-09,6.390735762806798e-08,-5.743931996704532e-09,8.940463658291264e-08,3.159948391839862e-08,-4.219589655463096e-08,9.361072272895399e-08,-3.994908226445659e-08,1.1161900914657963e-07
00:00:07:32.549,61,5.97079647945975e-08,-3.851019059197824e-09,-1.588545295305721e-08,2.3077882715938358e-08,-5.004898540050817e-08,0.0699448511004448,0.1357487440109253,-6.777176508876437e-08,-4.4560291456718915e-08,-1.2606615307220181e-08,-2.6139895581422934e-08,4.466739511599371e-08,0.07000499963760376,0.13590189814567566,0.07471910119056702,0.00012937218707520515,0.03792018070816994,0.10096155107021332,-0.00021024812303949147,0.0703769326210022,-0.0009638419724069536,0.008545580320060253,-0.0003432402154430747,0.3682127296924591,0.3627169728279114,0.006225222256034613,0.00658249668776989,0.04908757284283638,0.04893544316291809,0.10087993741035461,0.0948089063167572,-0.00039068140904419124,0.0016771279042586684,-0.0006005255272611976,0.015336060896515846,0.009660185314714909,0.011194680817425251,0.5042991042137146,0.5063502788543701,0.2570672631263733,0.2562408745288849,3.805856977123767e-05,5.114376563142287e-06,0.18818268179893494,0.1710793375968933,0.1713564693927765,-0.0007204108405858278,0.22649452090263367,0.2329033613204956,0.12791386246681213,0.14044545590877533,2.1201775890489216e-09,-1.7386628803350845e-09,4.918896578942622e-08,-3.2200477839694486e-09,7.178983452149623e-08,2.4967302891809595e-08,-3.47732580507909e-08,7.370981336407567e-08,-3.2989774467750976e-08,9.08307242752926e-08
00:00:07:33.566,61,5.035719397028515e-08,-4.903413231005516e-09,-1.2173550167915437e-08,1.981912589599233e-08,-4.249042717674456e-08,0.05336616560816765,0.15918537974357605,-5.728798058157736e-08,-3.861030606344684e-08,-1.2696254714228417e-08,-2.146116528933817e-08,3.602123044288419e-08,0.05341077223420143,0.15936879813671112,0.06055048108100891,0.00018781161634251475,0.03696255385875702,0.10097666084766388,0.0005597480339929461,0.08585523813962936,-0.00047115213237702847,0.008667216636240482,-0.0003062199102714658,0.2673165202140808,0.2588753402233124,0.0123059693723917,0.01279342919588089,0.04057055339217186,0.03991275280714035,0.1016191840171814,0.10007282346487045,-0.0002747356775216758,0.0027526027988642454,-0.0006330896285362542,0.010857565328478813,0.007000982761383057,0.008016083389520645,0.4318934679031372,0.4328721761703491,0.19806033372879028,0.1951848566532135,0.00022949781850911677,0.0001251140929525718,0.2207258939743042,0.18727107346057892,0.18757683038711548,-0.0005600233562290668,0.15920576453208923,0.16214309632778168,0.08253813534975052,0.08967769891023636,1.8699211068451405e-09,-1.9674190054885798e-10,3.9071309743121674e-08,-1.1594966098371629e-09,6.116810169487508e-08,2.0715233972623537e-08,-3.071036047685993e-08,6.096379223663462e-08,-2.9164366921463625e-08,7.852911920736005e-08
00:00:07:34.583,61,6.89958667976498e-08,-3.92901711165905e-09,-1.8834834136782774e-08,2.6438792488647778e-08,-5.7737924663570084e-08,0.04376591742038727,0.18542762100696564,-7.832364445903295e-08,-5.1091191721752693e-08,-1.3803364673492524e-08,-3.046559982067265e-08,5.240028144726239e-08,0.043799564242362976,0.18562890589237213,0.050199661403894424,0.00017052724433597177,0.0353623665869236,0.10249985754489899,0.0010417356388643384,0.09901946783065796,-0.00046574161387979984,0.008506735786795616,-0.00029081961838528514,0.18643346428871155,0.17640642821788788,0.017611565068364143,0.018230853602290154,0.034284040331840515,0.03314869478344917,0.1049194261431694,0.10629633814096451,-0.00018938064749818295,0.003913579974323511,-0.0008571220096200705,0.006189635954797268,0.004642506130039692,0.005275310482829809,0.3668579161167145,0.36679160594940186,0.14599880576133728,0.14190198481082916,0.0002303733490407467,8.227916259784251e-05,0.24950960278511047,0.2042699009180069,0.20457787811756134,-0.0005100170383229852,0.10667596757411957,0.10713335126638412,0.04344131797552109,0.04630059748888016,2.4240580653867028e-09,-2.568704138283806e-09,5.751615361759832e-08,-4.2759347174126106e-09,8.292612818650014e-08,2.9021538949791648e-08,-3.980007079462666e-08,8.575676702093915e-08,-3.7724383616932755e-08,1.045200050953099e-07
00:00:07:35.599,61,5.668495006716512e-08,-8.633360693011127e-09,-1.1282972778303701e-08,2.3022293405006167e-08,-4.832632782836299e-08,0.03767823800444603,0.21345725655555725,-6.479211123178175e-08,-4.5597552400522545e-08,-1.8347055430467663e-08,-2.304790491791664e-08,3.728084152498923e-08,0.037704844027757645,0.21367767453193665,0.04285939037799835,0.00014187011402100325,0.03403814136981964,0.10412250459194183,0.0013479453045874834,0.11010748147964478,-0.0003447377821430564,0.008441234938800335,-0.00027868925826624036,0.12555481493473053,0.11547672003507614,0.022823918610811234,0.023476267233490944,0.02979951538145542,0.028322679921984673,0.10793259739875793,0.11184044182300568,4.543513114185771e-06,0.00456448458135128,-0.0009870767826214433,0.003676133695989847,0.003339792601764202,0.0037369716446846724,0.31434687972068787,0.3136308491230011,0.10825542360544205,0.10379572957754135,0.00043116213055327535,0.00028330489294603467,0.27149277925491333,0.2159654200077057,0.21627910435199738,-0.000381078920327127,0.07328740507364273,0.0724746435880661,0.01727871038019657,0.01781410537660122,2.264278098351724e-09,2.421438605182402e-09,3.898516354183812e-08,1.927837667281551e-09,6.951391640086513e-08,2.251705133460291e-08,-3.698281858532937e-08,6.60936336771556e-08,-3.529712699901211e-08,9.179115068036481e-08
00:00:07:36.616,61,5.1287351254813984e-08,-3.967434381024759e-09,-1.3188691916354855e-08,1.9903527714859592e-08,-4.310743051405552e-08,0.03436942398548126,0.24168691039085388,-5.8296137694924255e-08,-3.872904841273339e-08,-1.1548399569960566e-08,-2.225220718798937e-08,3.7758145055022396e-08,0.034387197345495224,0.24191626906394958,0.03690982237458229,8.425435953540727e-05,0.03210592642426491,0.10296263545751572,0.001851934241130948,0.11967641860246658,0.00016229898028541356,0.008358553983271122,-0.00022176018683239818,0.0829601064324379,0.07350841909646988,0.030480720102787018,0.031238088384270668,0.02611907199025154,0.024399636313319206,0.11135997623205185,0.11698293685913086,9.606950334273279e-05,0.005177095998078585,-0.0011551969218999147,0.0017460432136431336,0.0020554738584905863,0.0022817719727754593,0.27106529474258423,0.26935890316963196,0.08073645830154419,0.07656216621398926,-0.0001320299197686836,-0.00027267361292615533,0.28779107332229614,0.22327011823654175,0.2235860377550125,-0.00036493028164841235,0.05268825590610504,0.051383890211582184,0.0031275043729692698,0.002163619501516223,1.8563878212418672e-09,-9.697396219365828e-10,4.127738151282756e-08,-2.1164305863408117e-09,6.210757419466972e-08,2.1342712486216442e-08,-3.034016060610156e-08,6.29387812978166e-08,-2.8904759474812636e-08,7.86548497444528e-08
00:00:07:37.633,61,5.675596170817698e-08,-6.414484055028424e-09,-1.3046665081617448e-08,2.2477470551507395e-08,-4.805857400924651e-08,0.03340025991201401,0.2728884220123291,-6.470246916023825e-08,-4.4072510974046963e-08,-1.554377426771225e-08,-2.3937317905620148e-08,3.97092669857102e-08,0.03341475874185562,0.27313166856765747,0.03269261494278908,9.038834105012938e-05,0.030295271426439285,0.09945719689130783,0.0022180050145834684,0.1266845315694809,0.0005516710225492716,0.00850040465593338,-0.00014547824684996158,0.053983550518751144,0.04563773795962334,0.037896014750003815,0.03876876085996628,0.023389782756567,0.021511977538466454,0.11381210386753082,0.12079451233148575,-0.0002408392319921404,0.005711942445486784,-0.0011062962003052235,0.001148574287071824,0.0012465842301025987,0.0013640938559547067,0.23452724516391754,0.2318442463874817,0.06280305236577988,0.058998946100473404,-0.00022627439466305077,-0.00035336922155693173,0.3010421097278595,0.22798222303390503,0.2283082753419876,-0.0004957331111654639,0.04306446388363838,0.041769858449697495,0.0009843787411227822,-0.0007756897830404341,2.1478627765247893e-09,4.93600937900851e-10,4.273839238067012e-08,-2.4912880092209377e-10,6.922287809629779e-08,2.310989621889803e-08,-3.5366973349937325e-08,6.809946739849693e-08,-3.3490358930521325e-08,8.945819018890688e-08
00:00:07:38.649,61,5.417387072270685e-08,-3.6437994843652177e-09,-1.4318502827848079e-08,2.08965502679348e-08,-4.545203324823888e-08,0.03434518724679947,0.3075902462005615,-6.139744357369636e-08,-4.047993584777032e-08,-1.164618890214797e-08,-2.3695173823057303e-08,4.045665136231946e-08,0.03436169773340225,0.3078429698944092,0.029313813894987106,6.495253182947636e-05,0.02820732444524765,0.09527711570262909,0.0034844300244003534,0.13040941953659058,0.0014638251159340143,0.008753073401749134,-9.760080138221383e-05,0.035095423460006714,0.02823648415505886,0.04871891438961029,0.049730654805898666,0.021151456981897354,0.019170166924595833,0.11627641320228577,0.12385287880897522,-0.0003240755177102983,0.0060331248678267,-0.0009425932075828314,0.0009435245301574469,0.0006971854018047452,0.0008044488495215774,0.20710495114326477,0.2032282054424286,0.04906268045306206,0.04598182812333107,-0.00013620604295283556,-0.00024044455494731665,0.311078280210495,0.2315957397222519,0.2319323718547821,-0.0005040991818532348,0.03653828054666519,0.03577699512243271,0.00033718941267579794,-0.0016406407812610269,1.928347037605249e-09,-1.5681144160950566e-09,4.443922207997275e-08,-2.8370414906220276e-09,6.557558407394026e-08,2.2673775745829516e-08,-3.185938268757127e-08,6.68945716597591e-08,-3.010500293498808e-08,8.278759366930899e-08
00:00:07:40.666,61,4.243338480591774e-08,-6.01168714808864e-09,-8.7963414330261e-09,1.698965235163996e-08,-3.615394206235578e-08,0.03443054482340813,0.3456885516643524,-4.845671242037497e-08,-3.370456269635724e-08,-1.3131648657349615e-08,-1.7404090613126755e-08,2.8340146229766106e-08,0.03444419056177139,0.34596312046051025,0.027454527094960213,5.322497236193158e-05,0.02658640779554844,0.0913957953453064,0.00459755165502429,0.1315731704235077,0.0026147770695388317,0.009122620336711407,-9.457561827730387e-05,0.025171296671032906,0.018848728388547897,0.05951271206140518,0.06059306487441063,0.019417641684412956,0.017267238348722458,0.11809241026639938,0.12607848644256592,-0.00024752310127951205,0.006240339949727058,-0.0008424994302913547,0.0009425081079825759,0.0002941088459920138,0.0003823522129096091,0.1864631623029709,0.18186277151107788,0.03988175466656685,0.037128154188394547,-0.00011357408220646903,-0.00021824966825079173,0.31804534792900085,0.23470932245254517,0.2350521981716156,-0.0004995576455257833,0.032015834003686905,0.03164638578891754,0.0002680222678463906,-0.0018301379168406129,1.6688136428300027e-09,1.3317912328503212e-09,3.008171844953722e-08,9.918585952561898e-10,5.229376398574459e-08,1.701817353705337e-08,-2.7497298660250635e-08,4.9893277065393704e-08,-2.616085126305734e-08,6.787478668002223e-08
00:00:07:41.683,61,4.6947970844257725e-08,-9.168870995779344e-09,-7.966300508144286e-09,1.9457074174056288e-08,-4.03856397213076e-08,0.03488503396511078,0.3798874020576477,-5.379843059927225e-08,-3.875931753327677e-08,-1.756241552186566e-08,-1.840846408640573e-08,2.89792652097276e-08,0.03489978611469269,0.38017162680625916,0.026316456496715546,6.06990979576949e-05,0.024815119802951813,0.0884455144405365,0.006081674247980118,0.1339283138513565,0.004073332995176315,0.009143617004156113,-9.609870903659612e-05,0.016487961634993553,0.011342129670083523,0.07174978405237198,0.0728643387556076,0.018079450353980064,0.015864737331867218,0.12035980820655823,0.1287756711244583,-0.00015042576706036925,0.006530165672302246,-0.0007807340007275343,0.0007337118149735034,-0.00018660332716535777,-0.00010668609320418909,0.16952799260616302,0.16434763371944427,0.03210855647921562,0.02978743612766266,-0.00024877346004359424,-0.0003490450617391616,0.32391151785850525,0.23714612424373627,0.23748697340488434,-0.0005097052198834717,0.028106283396482468,0.028382642194628716,0.00013825669884681702,-0.001994554651901126,1.971857344074124e-09,3.679888394003683e-09,2.9549701352493685e-08,3.632158129818208e-09,5.857320672930655e-08,1.8253631495213085e-08,-3.220746336296543e-08,5.329202323878235e-08,-3.0801164285776395e-08,7.779570410093584e-08
00:00:07:42.700,61,4.839268541445563e-08,-1.1061783489196841e-08,-7.03032121407432e-09,2.041575442035537e-08,-4.190718883023692e-08,0.035487934947013855,0.4080083966255188,-5.5474227877994053e-08,-4.090834337944216e-08,-2.0046718063326807e-08,-1.8408172763884068e-08,2.8093346315927192e-08,0.035509828478097916,0.4083014726638794,0.025768354535102844,9.770223550731316e-05,0.023097943514585495,0.08673654496669769,0.007772999349981546,0.13730332255363464,0.005419696681201458,0.009224217385053635,-8.087394962785766e-05,0.009992762468755245,0.005845001898705959,0.08512093871831894,0.08631262183189392,0.017138516530394554,0.01485506258904934,0.12315492331981659,0.13174760341644287,7.859967445256189e-05,0.006742867641150951,-0.0006618726183660328,0.0005437350482679904,-0.0005092749488539994,-0.0004480143543332815,0.15657304227352142,0.15086060762405396,0.02615359239280224,0.02426031045615673,-0.00032844769884832203,-0.00043464283226057887,0.32920020818710327,0.23955358564853668,0.2398943454027176,-0.0005303468788042665,0.02511291205883026,0.02598736435174942,0.00010119788203155622,-0.0021008597686886787,2.109736607636137e-09,4.933681463370476e-09,2.8302892474130203e-08,5.2200630484833255e-09,6.086658999038264e-08,1.8450082350796038e-08,-3.440305462731885e-08,5.3757101881046765e-08,-3.296183592738089e-08,8.143950225303342e-08
00:00:07:43.716,61,4.4163314782963425e-08,-1.1612428352236748e-08,-5.284673587624411e-09,1.895124945860971e-08,-3.851717167435709e-08,0.03821321576833725,0.4303167462348938,-5.08275128652258e-08,-3.838562534497214e-08,-2.0307489023707603e-08,-1.619366152283419e-08,2.3953615979621645e-08,0.03824114054441452,0.43060874938964844,0.02492399699985981,0.00010598265362204984,0.02220240794122219,0.08625155687332153,0.009682251140475273,0.14115135371685028,0.007554452866315842,0.009607236832380295,-9.827512985793874e-05,0.004578332882374525,0.00125120731536299,0.09843159466981888,0.09965743869543076,0.015719212591648102,0.013342814520001411,0.12388180941343307,0.132660910487175,0.000353973766323179,0.006824582815170288,-0.0005879923119209707,0.00044427235843613744,-0.0007794715347699821,-0.0007059251656755805,0.1483309417963028,0.14232386648654938,0.021288277581334114,0.019776415079832077,-0.00021316106722224504,-0.0003297745424788445,0.33298033475875854,0.24233278632164001,0.24267756938934326,-0.0004037788603454828,0.022307612001895905,0.02352595143020153,0.00028780638240277767,-0.0019815380219370127,2.014785449588885e-09,5.881302111987452e-09,2.3377360491849686e-08,6.147893305552543e-09,5.592126228748384e-08,1.6455741658205625e-08,-3.266148240754774e-08,4.773435691163286e-08,-3.135297532708137e-08,7.621943609592563e-08
00:00:07:44.733,61,3.8044525751956826e-08,-1.4100224099422576e-08,-1.536682225911079e-09,1.725740794711328e-08,-3.385357416618717e-08,0.040181368589401245,0.4452587962150574,-4.414469145785915e-08,-3.565102701941214e-08,-2.2836029955897175e-08,-1.2442469277118562e-08,1.6465783403418754e-08,0.04021222144365311,0.4455496072769165,0.02509954385459423,0.00013384356861934066,0.021929020062088966,0.08818530291318893,0.012064882554113865,0.14878714084625244,0.010746642015874386,0.010080086998641491,-0.00011712549166986719,-0.0007064437959343195,-0.0034455813001841307,0.11273464560508728,0.11402671039104462,0.014611665159463882,0.012080919928848743,0.12459608912467957,0.13354259729385376,0.0003978085587732494,0.006958190351724625,-0.0005396234919317067,0.00038375466829165816,-0.0009445528849028051,-0.000879308267030865,0.14181490242481232,0.1355876326560974,0.01886611059308052,0.017565660178661346,-0.00018870570056606084,-0.000326540699461475,0.33560124039649963,0.2456020712852478,0.24595576524734497,-0.00030223571229726076,0.01990794949233532,0.021055346354842186,0.0003799086844082922,-0.0020055407658219337,1.9441359633276534e-09,8.288770558806391e-09,1.3969838619232178e-08,9.294598868336834e-09,4.947185416881439e-08,1.323642173645112e-08,-3.1255186883072383e-08,3.799796033376879e-08,-3.043562202265093e-08,7.010996228018485e-08
00:00:07:45.750,61,3.220513633550581e-08,-1.4342367293807001e-08,4.842877210364804e-10,1.51433052764105e-08,-2.902932472181874e-08,0.04145169258117676,0.4371926784515381,-3.767199885373884e-08,-3.1739475048198074e-08,-2.2165476565305653e-08,-9.699724579093072e-09,1.1473893835045601e-08,0.041485100984573364,0.4374691843986511,0.024996237829327583,0.00011564478336367756,0.02124215103685856,0.08763309568166733,0.013804029673337936,0.15236517786979675,0.01620703935623169,0.01031306479126215,-0.0001667810429353267,-0.0006388488691300154,-0.0034197086934000254,0.12270389497280121,0.12399987876415253,0.0138084152713418,0.011272404342889786,0.1214667484164238,0.12992219626903534,0.0006734686903655529,0.006987143307924271,-0.0004680591810029,0.0003804415464401245,-0.0010654539801180363,-0.0010075762402266264,0.1339302659034729,0.12759585678577423,0.016601314768195152,0.015257120132446289,-4.759162766276859e-05,-0.00018082618771586567,0.33519187569618225,0.24468287825584412,0.24504366517066956,-0.0002429838787065819,0.0184740349650383,0.01942466013133526,0.000550420896615833,-0.0019839585293084383,1.7590354728369562e-09,8.847564458847046e-09,8.43778291681474e-09,1.035630692314271e-08,4.2449684656276077e-08,1.0663643301711545e-08,-2.8237700178124214e-08,3.035180284882699e-08,-2.769753315590151e-08,6.176531286428144e-08
00:00:07:45.766,61,3.417022398366498e-08,-9.741634166005042e-09,-3.4924596548080444e-09,1.4854594887481198e-08,-2.988614156151925e-08,0.041763972491025925,0.41579875349998474,-3.9460136491697995e-08,-3.0323864308456905e-08,-1.687556583362948e-08,-1.2288801087834145e-08,1.7732382673329994e-08,0.04180218279361725,0.4160456359386444,0.02490164339542389,0.00011754348815884441,0.0203362125903368,0.08810234069824219,0.018163461238145828,0.16010333597660065,0.03169499337673187,0.010537274181842804,-0.00019389572844374925,-0.00043520747567526996,-0.002775037195533514,0.13302059471607208,0.13436269760131836,0.012658043764531612,0.010148154571652412,0.11738233268260956,0.12498119473457336,0.000789778248872608,0.007044301833957434,-0.0005231213290244341,0.00028599798679351807,-0.0012978643644601107,-0.0012401588028296828,0.1222592443227768,0.11594167351722717,0.01388362143188715,0.012501508928835392,6.972044502617791e-05,-5.879163654753938e-05,0.3354872763156891,0.24662530422210693,0.24699531495571136,-9.045736806001514e-05,0.0169273242354393,0.01759209670126438,0.000722442870028317,-0.0018732429016381502,1.604203103688917e-09,5.2899120639438024e-09,1.6838312077993578e-08,5.643814748879095e-09,4.354864202582576e-08,1.2554227879491009e-08,-2.577900914957354e-08,3.634020728782161e-08,-2.501532492260594e-08,6.03869523274625e-08
00:00:07:46.783,61,5.379319034659602e-08,-1.7080456160556423e-08,-4.377215923057065e-09,2.3823231387609667e-08,-4.7283247539553486e-08,0.04282365366816521,0.3431161046028137,-6.237067395886697e-08,-4.8782677453118595e-08,-2.834945966867508e-08,-1.8905847554151478e-08,2.6486814519444124e-08,0.042867083102464676,0.34329715371131897,0.025195583701133728,0.0001222246210090816,0.01950930804014206,0.0894813984632492,0.02614288404583931,0.17003129422664642,0.06330608576536179,0.010204884223639965,-0.00022989811259321868,-0.0006355544901452959,-0.0027449929621070623,0.14121896028518677,0.14275027811527252,0.011708032339811325,0.00936073437333107,0.10927905142307281,0.11540044844150543,0.0009562003542669117,0.0075078499503433704,-0.0006138658500276506,7.58135283831507e-05,-0.0013855029828846455,-0.001322214026004076,0.10313232243061066,0.09746158868074417,0.010417523793876171,0.008692353963851929,7.821619510650635e-05,-5.336105823516846e-05,0.3414032459259033,0.24786527454853058,0.2482474148273468,0.00038545773713849485,0.017369231209158897,0.016841376200318336,0.0008985066669993103,-0.0020241730380803347,2.586748371058434e-09,9.331852623972736e-09,2.3934990878160534e-08,1.0449439535875626e-08,6.803311691783165e-08,1.9177095467171057e-08,-4.153698540676487e-08,5.599111219112274e-08,-4.038214740376134e-08,9.614974061378234e-08
00:00:07:47.799,61,2.402812171453661e-08,-7.338821994551381e-09,-2.197921178392903e-09,1.0579824127887605e-08,-2.0982698245575193e-08,0.0446416474878788,0.18141843378543854,-2.8209761637754127e-08,-2.210959770820864e-08,-1.2293457807288632e-08,-8.642673243741683e-09,1.2274831817649101e-08,0.04469023272395134,0.18146759271621704,0.025600144639611244,4.1792540287133306e-05,0.01967945508658886,0.09368816018104553,0.043237000703811646,0.17577293515205383,0.10701253265142441,0.009555395692586899,-0.00023377774050459266,-0.00044666617759503424,-0.002404771978035569,0.13747094571590424,0.13914822041988373,0.009947782382369041,0.007923618890345097,0.09700356423854828,0.10102234780788422,0.0009746194118633866,0.008439787663519382,-0.0008946424932219088,5.294561560731381e-05,-0.0016536011826246977,-0.0016448027454316616,0.08391392976045609,0.080145463347435,0.008703679777681828,0.006276093889027834,0.00017160117567982525,6.152570131234825e-05,0.3466339409351349,0.25301849842071533,0.25341594219207764,0.0010454808361828327,0.019052786752581596,0.015925774350762367,0.0006783324643038213,-0.002476341091096401,1.1501833929727923e-09,4.060566549668465e-09,1.1119991150110309e-08,4.712492174263616e-09,3.004446469390132e-08,8.507631932275217e-09,-1.8347055430467663e-08,2.520624597934784e-08,-1.7751007774791105e-08,4.366040329273346e-08
00:00:07:48.816,61,3.0221418256815014e-08,-5.587935669737476e-10,-9.033828796134458e-09,1.1241063191391731e-08,-2.484768657495806e-08,0.0479498952627182,0.039324287325143814,-3.474764653788043e-08,-2.2388995546407386e-08,-4.4330956683324985e-09,-1.3983808777595641e-08,2.4475157900383238e-08,0.04801427200436592,0.03925366327166557,0.025576908141374588,-2.965241583297029e-05,0.019300637766718864,0.10181320458650589,0.06287722289562225,0.18319614231586456,0.15885503590106964,0.00837181881070137,-0.00016226505977101624,-0.0012976920697838068,-0.0021849863696843386,0.13515779376029968,0.13707619905471802,0.008439346216619015,0.0067893099039793015,0.08578552305698395,0.08758495002985,0.0010766470804810524,0.010011264123022556,-0.0010264376178383827,9.141326154349372e-05,-0.0015634307637810707,-0.0015522497706115246,0.0704408586025238,0.06797609478235245,0.006582225672900677,0.0038330722600221634,0.0003683233226183802,0.00026877166237682104,0.3594267964363098,0.2608996331691742,0.2612885534763336,0.0020505492575466633,0.021284200251102448,0.01610235683619976,0.000744098739232868,-0.0026017394848167896,1.0058284205527457e-09,-2.0116568411054914e-09,2.656132025435909e-08,-2.6635824657006424e-09,3.470107756697871e-08,1.2620585465583645e-08,-1.6260891300134972e-08,3.832857942143164e-08,-1.5385449358973347e-08,4.582107138162428e-08
00:00:07:49.833,61,4.664063624204573e-08,4.3213366218708416e-09,-1.7900019244621035e-08,1.6279518177952923e-08,-3.75881796799149e-08,0.05044550076127052,0.006080005317926407,-5.284324444687627e-08,-3.084540267650482e-08,-6.519257911286047e-10,-2.3427420003940824e-08,4.2961911361771854e-08,0.05053061619400978,0.005966161377727985,0.02537165954709053,-0.00012056373088853434,0.018983134999871254,0.11262246966362,0.08480475097894669,0.19542954862117767,0.22905711829662323,0.006941776257008314,-9.478628726355964e-07,-0.0005547487526200712,-0.0011285993969067931,0.13784730434417725,0.1400138884782791,0.007303527090698481,0.006057618651539087,0.07279133051633835,0.07310384511947632,0.0013187468284741044,0.011994000524282455,-0.0007858505705371499,2.607807437016163e-05,-0.0011050923494622111,-0.0012156510492786765,0.05633148178458214,0.05482934042811394,0.004754330962896347,0.0019241732079535723,-0.00012110590614611283,-0.00018680393986869603,0.3799503445625305,0.2702219486236572,0.2705899178981781,0.003142674919217825,0.024207964539527893,0.018176646903157234,0.0012996424920856953,-0.002487813588231802,1.2759119316640977e-09,-7.357448428280122e-09,4.859641222765276e-08,-9.424984348527232e-09,5.254521795450273e-08,2.0776642628561603e-08,-2.130865972560514e-08,6.316695078112389e-08,-1.9688158658937027e-08,6.463378809939968e-08
00:00:07:50.849,61,1.0766554936481043e-07,7.227063392178934e-09,-3.905035583784411e-08,3.814231774867949e-08,-8.756294533895925e-08,0.055902086198329926,0.002902703359723091,-1.2148171890657977e-07,-7.19353536737799e-08,-5.383044676676718e-09,-5.280599069124037e-08,9.596347894103019e-08,0.056017909198999405,0.0027807916048914194,0.02605034038424492,3.4424661862431094e-05,0.01908259466290474,0.1227567121386528,0.10157189518213272,0.19734691083431244,0.2810716927051544,0.006106128916144371,0.00015377075760625303,0.0010908764088526368,0.0012439328711479902,0.1431746631860733,0.1452571600675583,0.005718180909752846,0.00458524888381362,0.06323663890361786,0.06222208961844444,0.0012359976535663009,0.013854963704943657,-0.0006822167197242379,-1.034051183523843e-05,-0.0005079804104752839,-0.000738535076379776,0.04943322762846947,0.0486845001578331,0.004600908141583204,0.0014587885234504938,-0.00047551334137097,-0.0005703908391296864,0.3890261948108673,0.27604398131370544,0.27640342712402344,0.004602932836860418,0.024360844865441322,0.017770564183592796,0.0018140333704650402,-0.0022715735249221325,3.07452863168578e-09,-1.4882534316029705e-08,1.0812654949177158e-07,-1.9166618514532274e-08,1.233257336252791e-07,4.7672074288129807e-08,-5.1502137665693226e-08,1.4368444567480765e-07,-4.788860508142534e-08,1.503527187196596e-07
00:00:07:51.866,61,1.0882504142273319e-07,1.7248094508204304e-08,-4.6798959374427795e-08,3.624241884381263e-08,-8.696689945963954e-08,0.05975739657878876,0.002983356826007366,-1.2192874976335588e-07,-6.634741822608703e-08,7.1525572131747595e-09,-5.6885184562815994e-08,1.0721385734768774e-07,0.0598875917494297,0.002872561104595661,0.02520921640098095,7.471278513548896e-05,0.017671119421720505,0.13317058980464935,0.11827082931995392,0.2150837779045105,0.32885992527008057,0.005406528245657682,0.0003739608218893409,0.0002624553453642875,0.001630346174351871,0.1462903469800949,0.1485295295715332,0.005433434154838324,0.004577398765832186,0.060512203723192215,0.05897245556116104,0.0018580412724986672,0.015358936041593552,-0.0008035361533984542,-2.6152134523727e-05,-0.0001471547584515065,-0.0003236103802919388,0.046626318246126175,0.045749250799417496,0.003618416143581271,0.0006287443684414029,-0.0002824515104293823,-0.0003416889812797308,0.39475342631340027,0.2777818441390991,0.27814045548439026,0.005529041867703199,0.02560117281973362,0.019307607784867287,0.0014309084508568048,-0.002063745865598321,2.607703164514419e-09,-2.301297996609719e-08,1.2408942495767405e-07,-2.9001384405091812e-08,1.2206845667606103e-07,5.049631113251962e-08,-4.453584523389509e-08,1.5280210163837182e-07,-4.060566283214939e-08,1.4163553885282454e-07
00:00:07:52.883,61,1.3026874512434006e-07,1.8030405612989853e-08,-5.409121683896956e-08,4.402827613603222e-08,-1.0460615129659345e-07,0.0607314333319664,0.0030636752489954233,-1.459755054611378e-07,-8.080154856315858e-08,5.047768425470167e-09,-6.70319408868636e-08,1.2546777838906564e-07,0.06086909398436546,0.002956677693873644,0.025534572079777718,5.283117207000032e-05,0.01676490344107151,0.1400999128818512,0.12588322162628174,0.230641171336174,0.34901177883148193,0.005403516814112663,0.00043427146738395095,0.0052905515767633915,0.0066109923645854,0.1535138636827469,0.1557600051164627,0.004924336913973093,0.004172627814114094,0.05964919179677963,0.057831864804029465,0.0018791198963299394,0.016400616616010666,-0.0005659896414726973,-5.686014992534183e-05,-7.553875184385106e-05,-0.00020167697221040726,0.04813694953918457,0.04702606797218323,0.0029149441979825497,-4.230141712469049e-05,-0.00048081635031849146,-0.0005129754426889122,0.39874324202537537,0.2728925049304962,0.27325165271759033,0.006139474455267191,0.024615220725536346,0.01858961023390293,0.0009089767700061202,-0.002185567980632186,3.254972291699687e-09,-2.554617850591967e-08,1.4446675322687952e-07,-3.2242386538428036e-08,1.4702789030707208e-07,5.986308337924129e-08,-5.543232006743892e-08,1.8083956376813148e-07,-5.092471866419146e-08,1.720525375503712e-07
00:00:07:53.899,61,1.2438277963155997e-07,1.7862767265341972e-08,-5.223788335229074e-08,4.182569668387259e-08,-9.980983861623827e-08,0.061927709728479385,0.003344601485878229,-1.392420330148525e-07,-7.685273573088125e-08,6.109476036186834e-09,-6.42519424332022e-08,1.2048519693053095e-07,0.06207984313368797,0.0032438456546515226,0.02667088434100151,0.00015203788643702865,0.015903791412711143,0.1503799855709076,0.1319919377565384,0.2587490975856781,0.36220642924308777,0.005215500481426716,0.0004429878608789295,0.004033719189465046,0.005605912767350674,0.16177406907081604,0.16409578919410706,0.004633110947906971,0.0038844854570925236,0.062105730175971985,0.059759411960840225,0.0016790807712823153,0.01685156673192978,-0.00047218112740665674,-6.743580161128193e-05,0.00035247282357886434,0.0002500941918697208,0.057950593531131744,0.05621723830699921,0.0019569755531847477,-0.0010108244605362415,-0.0002782100345939398,-0.00029596863896586,0.3997653126716614,0.26722100377082825,0.2675724923610687,0.006412543822079897,0.024174096062779427,0.018354954198002815,0.0005204164772294462,-0.0025946241803467274,3.072200271958536e-09,-2.4866313452776012e-08,1.3897195572099008e-07,-3.147870231146044e-08,1.4028512396180304e-07,5.731009977694157e-08,-5.234032940393263e-08,1.7318875222827046e-07,-4.807487030689117e-08,1.6348435849522502e-07
00:00:07:55.916,61,1.0654330395709621e-07,1.9501895209828035e-08,-4.773959361159541e-08,3.485474664444155e-08,-8.47363850198235e-08,0.062482766807079315,0.0027557634748518467,-1.1900439744749747e-07,-6.339512736985853e-08,1.0132789718397817e-08,-5.6491700206606765e-08,1.0755844215282195e-07,0.06263834983110428,0.0026669693179428577,0.027635060250759125,0.0002180895971832797,0.01595401018857956,0.15530365705490112,0.12626859545707703,0.27764296531677246,0.34905093908309937,0.005470496602356434,0.0004885338130407035,-0.0009266495471820235,0.0005564308376051486,0.1658514440059662,0.1684475690126419,0.004285669419914484,0.003373847808688879,0.06629487127065659,0.06370940059423447,0.0013250160263851285,0.016567688435316086,-0.000328494148561731,-0.00021437168470583856,0.0006368178292177618,0.000516749219968915,0.07028087973594666,0.06762758642435074,0.0020645130425691605,-0.0006043028552085161,-0.00010445654334034771,-0.0001385742361890152,0.39538466930389404,0.25525978207588196,0.25560224056243896,0.006254967302083969,0.023233884945511818,0.01741640828549862,0.00046639086212962866,-0.0026285224594175816,2.428423684364134e-09,-2.4503096440753325e-08,1.2489036294027756e-07,-3.085471789177063e-08,1.1889264328601712e-07,4.998641145448346e-08,-4.1676685214042664e-08,1.5137251807573193e-07,-3.768131051629098e-08,1.3587995795205643e-07
00:00:07:56.933,61,7.389579081973352e-08,1.3224780381904111e-08,-3.3024697643213585e-08,2.415385047527252e-08,-5.873385688914823e-08,0.06307581067085266,0.0030334435869008303,-8.258037098585191e-08,-4.4163314782963425e-08,6.9476664421586065e-09,-3.916444413221143e-08,7.43754213772263e-08,0.06322409957647324,0.002958154771476984,0.028329158201813698,0.00023409127607010305,0.01674102060496807,0.14957518875598907,0.10956192016601562,0.2678719460964203,0.29964134097099304,0.00564652681350708,0.000556452083401382,-0.001017959089949727,5.296707240631804e-05,0.16409637033939362,0.16705842316150665,0.004201967269182205,0.003016519360244274,0.0700041875243187,0.06732790172100067,0.0008295178413391113,0.015363357029855251,-0.0003950393293052912,-0.0002365520631428808,0.0007029308471828699,0.0005391309387050569,0.07936026901006699,0.07607053965330124,0.003204508451744914,0.0009240662911906838,-8.346736285602674e-05,-0.0001683679292909801,0.3867295980453491,0.242571622133255,0.24289630353450775,0.005321556236594915,0.023369310423731804,0.017634542658925056,0.000768831989262253,-0.002786849159747362,1.6973353833549254e-09,-1.677311978198759e-08,8.614733815193176e-08,-2.117827513359316e-08,8.218921720981598e-08,3.443914309286811e-08,-2.9057265038545665e-08,1.0454561305550669e-07,-2.6449560763808222e-08,9.4920395099507e-08
00:00:07:57.950,61,2.6384368467802233e-08,1.1548399569960566e-08,-1.679174665980554e-08,6.994232748525064e-09,-1.9781291271669943e-08,0.062035225331783295,0.003139140550047159,-2.9224901609836706e-08,-1.1790543652523411e-08,1.0859221077907932e-08,-1.6510021794147178e-08,3.38349508410829e-08,0.06217188760638237,0.0030855059158056974,0.02759631723165512,0.00026166706811636686,0.016992928460240364,0.13163729012012482,0.0827753096818924,0.23895561695098877,0.22713491320610046,0.005589987616986036,0.0005764696979895234,-0.0008947288733907044,-0.00020142436551395804,0.14644889533519745,0.14962448179721832,0.004176711663603783,0.0028746065218001604,0.07189022749662399,0.07019444555044174,0.00017523765563964844,0.013380220159888268,-0.0005496159428730607,-0.0005799555801786482,0.0006888615316711366,0.0004201456904411316,0.0853186622262001,0.08192350715398788,0.004757874179631472,0.0026096266228705645,-0.0001975050545297563,-0.00030069559579715133,0.37421923875808716,0.22875872254371643,0.22906829416751862,0.004184250719845295,0.023394262418150902,0.01805691048502922,0.0012510711094364524,-0.002806650707498193,2.596061698945107e-10,-1.1436640967588119e-08,4.0642916587785294e-08,-1.400709148668966e-08,2.704560841948478e-08,1.3629906092660349e-08,-5.010515558012685e-09,4.2119062015899544e-08,-3.7625431659193964e-09,2.7734786911537412e-08
00:00:07:58.966,61,-2.008397181896271e-08,9.648501553272126e-09,-8.288770780850996e-10,-9.741634166005042e-09,1.8347055430467663e-08,0.062005653977394104,0.0034316873643547297,2.3031606843915142e-08,2.0023435354232788e-08,1.51433052764105e-08,5.699694050065318e-09,-6.249174511196998e-09,0.06212384253740311,0.0033895731903612614,0.025942618027329445,0.00023936644720379263,0.01694672554731369,0.11428331583738327,0.05907156318426132,0.20755045115947723,0.15711504220962524,0.00533636286854744,0.0005579887074418366,-0.0006736230570822954,-0.0005802762461826205,0.12113813310861588,0.12423120439052582,0.003852251684293151,0.0024996865540742874,0.0700361356139183,0.06963182240724564,-0.0002403211547061801,0.011692970059812069,-0.000517343869432807,-0.0011158895213156939,0.0006687548593617976,0.00029439464560709894,0.09184674173593521,0.08890224248170853,0.007354308385401964,0.005194752011448145,-0.00036999760777689517,-0.0005073523498140275,0.3658822774887085,0.21499721705913544,0.21529628336429596,0.0034124362282454967,0.024076035246253014,0.018871556967496872,0.0016284548910334706,-0.0026781605556607246,-1.1501833929727923e-09,-6.0722231687293515e-09,-4.284083754413359e-09,-6.966292875887348e-09,-2.69990412249399e-08,-6.741611269234227e-09,1.830980167483176e-08,-1.885928213596344e-08,1.7713755795512043e-08,-3.777444490538073e-08
00:00:07:59.983,61,-2.025161016661059e-08,7.357448428280122e-09,1.0058284205527457e-09,-9.266659439788327e-09,1.8198043960637733e-08,0.06194225326180458,0.00513659231364727,2.3124739456648058e-08,1.8533318879576655e-08,1.2032687735086256e-08,6.682239650501742e-09,-8.90344420412248e-09,0.062062643468379974,0.0051084114238619804,0.023561879992485046,0.00032755546271800995,0.017333123832941055,0.10836443305015564,0.04377268627285957,0.20099230110645294,0.11478331685066223,0.004771080799400806,0.0005203408654779196,-0.0009256982593797147,-0.0009837317047640681,0.0931159183382988,0.09600761532783508,0.00413723848760128,0.0028365040197968483,0.06721390783786774,0.06782636791467667,-0.0005357622867450118,0.010470942594110966,-0.00034718902315944433,-0.0016756998375058174,0.0011068017920479178,0.0006741730030626059,0.11135430634021759,0.10888578742742538,0.011703277938067913,0.009473168291151524,-0.000285785790765658,-0.0004641282430384308,0.3564932346343994,0.20372556149959564,0.20399783551692963,0.003051122184842825,0.026231925934553146,0.02165229059755802,0.001747471047565341,-0.002681250683963299,-1.04424546787385e-09,-4.172325152040912e-09,-7.860362138956134e-09,-4.805624342907322e-09,-2.6272608977251366e-08,-7.338821994551381e-09,1.6745179465260662e-08,-2.0917504173212365e-08,1.5962868360475113e-08,-3.60235574703438e-08
00:00:08:00.000,61,8.20495227316087e-09,4.3027101881421e-09,-5.643814748879095e-09,1.9837171905123796e-09,-6.05359673500061e-09,0.059267062693834305,0.02057005651295185,-9.145587398506905e-09,-3.296881878611657e-09,4.13507228458343e-09,-5.350448084584514e-09,1.1119991150110309e-08,0.05938705429434776,0.02056555077433586,0.022000038996338844,0.00031869104714132845,0.017705315724015236,0.1149887666106224,0.03460785746574402,0.22555877268314362,0.10044799000024796,0.004782840609550476,0.0005476511432789266,-0.0015790187753736973,-0.0012552404077723622,0.0733548104763031,0.07589855045080185,0.005318761337548494,0.004113940522074699,0.06579084694385529,0.06769416481256485,-0.00076897261897102,0.01055515930056572,-4.6943427150836214e-05,-0.0017788411350920796,0.0014671317767351866,0.0010347237112000585,0.1490921527147293,0.14636476337909698,0.022481197491288185,0.020616736263036728,-0.0005819380166940391,-0.0007695973035879433,0.3458467721939087,0.19302257895469666,0.19328837096691132,0.0028877779841423035,0.02824581228196621,0.024262752383947372,0.0011863100808113813,-0.0025691483169794083,2.677552450591758e-11,-3.930181069478067e-09,1.3336538984276558e-08,-4.8615036440935455e-09,8.381903171539307e-09,4.2095780194983945e-09,-9.313225746154785e-10,1.3215466942995135e-08,-4.842877210364804e-10,8.6054203762842e-09
00:00:08:00.016,61,2.499669804478799e-08,5.587935669737476e-10,-8.028000486604014e-09,9.080395102500916e-09,-2.062879467246148e-08,0.05564595386385918,0.052455730736255646,-2.8284267372669092e-08,-1.7732382673329994e-08,-2.756714856388953e-09,-1.1678785050150964e-08,2.0805746459018337e-08,0.05575865879654884,0.0524841733276844,0.02147277630865574,0.00022808641369920224,0.01813550665974617,0.12232385575771332,0.02777044102549553,0.25909310579299927,0.08832132071256638,0.005019164178520441,0.0006823986186645925,-0.0024156272411346436,-0.0015553104458376765,0.05934252589941025,0.06140114367008209,0.006407864857465029,0.005230932962149382,0.068584144115448,0.07196556776762009,-0.0006712853792123497,0.010786945931613445,0.00019685327424667776,-0.0015582250198349357,0.0016226767329499125,0.0012920412700623274,0.18434593081474304,0.1808563619852066,0.03662702813744545,0.03555551543831825,-0.00069497583899647,-0.0008587312768213451,0.33508044481277466,0.18842437863349915,0.1887030154466629,0.0026385984383523464,0.029400143772363663,0.026330793276429176,0.0006509785307571292,-0.0017383536323904991,7.706694171716322e-10,-2.2351742678949904e-09,2.3134052895557033e-08,-3.1478704087817277e-09,2.9355287978205524e-08,1.0647345227710048e-08,-1.2926757442244252e-08,3.201887111003998e-08,-1.2069940602543738e-08,3.7178395473347337e-08
00:00:08:01.033,61,3.140419835290231e-08,-1.1734664351337187e-09,-8.884817326304528e-09,1.1883676265256327e-08,-2.61981032423364e-08,0.05254369601607323,0.08968885242938995,-3.568828077504804e-08,-2.305954716064207e-08,-5.327164931401285e-09,-1.4076940502150137e-08,2.4437904144747336e-08,0.05266067013144493,0.08976306021213531,0.02231018804013729,0.00028311790083535016,0.01957886852324009,0.13491421937942505,0.022948982194066048,0.2774152457714081,0.07535083591938019,0.0052352421917021275,0.0008144308812916279,-0.0020760130137205124,-0.0010991048766300082,0.04639509320259094,0.0480111800134182,0.007861661724746227,0.006609124131500721,0.07216540724039078,0.07709328830242157,-0.0006960082100704312,0.01093586441129446,0.000459825387224555,-0.0012778121745213866,0.0015946236671879888,0.001320384442806244,0.2112438976764679,0.20716892182826996,0.04888629913330078,0.048516787588596344,-0.000501635076943785,-0.0006829738849774003,0.33334797620773315,0.18747897446155548,0.18776564300060272,0.002411701949313283,0.03172921761870384,0.029603147879242897,0.0006611499120481312,-0.0008977335528470576,1.0721851184669617e-09,-1.4342367293807001e-09,2.6319176171796244e-08,-2.4773181284132306e-09,3.742054133226702e-08,1.3113021779531664e-08,-1.7415732855852184e-08,3.902241729747402e-08,-1.6465783403418754e-08,4.760920901958343e-08
00:00:08:03.050,61,2.4884938554237124e-08,-7.022172177073571e-09,-2.3283064365386963e-09,1.088716050645644e-08,-2.194195936056076e-08,0.04888635501265526,0.1270829290151596,-2.896413242581275e-08,-2.24448744035044e-08,-1.2293457807288632e-08,-8.861534617210509e-09,1.274049310495684e-08,0.04900123178958893,0.12719009816646576,0.02458423189818859,0.0003260299563407898,0.021818768233060837,0.1539807915687561,0.02014538086950779,0.28162139654159546,0.059102002531290054,0.0052936989814043045,0.001003177254460752,-0.002387602813541889,-0.0005650174571201205,0.03543062135577202,0.0367976613342762,0.0099306870251894,0.00862723309546709,0.08050782978534698,0.086927130818367,-0.0006352424388751388,0.010947572998702526,0.0005872327019460499,-0.001054974738508463,0.0013241700362414122,0.0011201373999938369,0.2360057681798935,0.2320203334093094,0.05917177349328995,0.059665240347385406,-0.00042526007746346295,-0.0006237530615180731,0.3300890028476715,0.18836094439029694,0.1886449009180069,0.0020138025283813477,0.03430907800793648,0.03326084464788437,0.00036316722980700433,-0.0004699367273133248,1.1734664351337187e-09,3.9860608147535e-09,1.1734664795426397e-08,4.3213366218708416e-09,3.172084817038012e-08,8.966307696312015e-09,-1.892447443196943e-08,2.609565896705135e-08,-1.829117479701381e-08,4.4181941660781376e-08
00:00:08:03.066,61,2.6673077968553116e-08,-1.478940259147521e-08,2.719461988931471e-09,1.3355165862094509e-08,-2.4633482809122142e-08,0.04409132897853851,0.16366125643253326,-3.149732918927839e-08,-2.81818213210272e-08,-2.2090970830390688e-08,-6.938353003249631e-09,6.2957408175634555e-09,0.044185541570186615,0.16379088163375854,0.027762917801737785,0.00016091272118501365,0.024909421801567078,0.17644952237606049,0.017729058861732483,0.2680993378162384,0.03910499066114426,0.0050048441626131535,0.001130436547100544,-0.0023660720326006413,0.0004215025983285159,0.014324020594358444,0.015380625613033772,0.013452169485390186,0.01218457706272602,0.0897403210401535,0.09768272191286087,-0.0008500945405103266,0.0107264444231987,0.0004211139748804271,-0.0007466226816177368,0.0007834925781935453,0.0006883673486299813,0.25992268323898315,0.2565808594226837,0.06634368747472763,0.06757859140634537,-0.0007562470273114741,-0.0008827996207401156,0.3238176703453064,0.19403678178787231,0.19433410465717316,0.0013891191920265555,0.037020470947027206,0.03671529144048691,-0.00033264397643506527,-0.00010288715566275641,1.5995464952567318e-09,9.909272513652922e-09,2.421438605182402e-09,1.1473893835045601e-08,3.593042663396773e-08,8.00704569314803e-09,-2.548098620991368e-08,2.261251275115228e-08,-2.5276094106629898e-08,5.438923977862942e-08
00:00:08:05.083,61,-9.7882004723715e-09,-1.3150274646989146e-08,1.2926757442244252e-08,-5.21540644005114e-10,5.8021396576179995e-09,0.03949570283293724,0.18977637588977814,9.778887033462524e-09,-1.415610295651959e-09,-1.527368986842248e-08,9.392388200524238e-09,-2.179294789073083e-08,0.03958378732204437,0.1899150013923645,0.03070366568863392,0.0002181999443564564,0.028258919715881348,0.1829458773136139,0.016246503219008446,0.2512013614177704,0.025472743436694145,0.003994070924818516,0.001114493585191667,0.0025618195068091154,0.007540533319115639,-8.554458872822579e-06,0.0002909851027652621,0.017568577080965042,0.01639457792043686,0.09490010887384415,0.10399623960256577,-0.000849939591716975,0.010846126824617386,0.0004370492824818939,-0.0003611883439589292,0.0006696755299344659,0.000642962462734431,0.27445170283317566,0.2723821699619293,0.0727473646402359,0.07465406507253647,-0.0006028044153936207,-0.0006880092551000416,0.31853705644607544,0.20376701653003693,0.20405060052871704,0.0011081574484705925,0.03789824619889259,0.038852375000715256,-0.0010736500844359398,0.00021170973195694387,3.702007311812139e-10,1.177191766288388e-08,-2.7902423482828453e-08,1.3783574281944766e-08,-7.1525572131747595e-09,-7.192138440359486e-09,-4.991889124283944e-09,-2.2854656833715126e-08,-5.811452652437765e-09,-2.60770322002557e-10
00:00:08:05.099,61,-2.698041434712195e-08,-2.4773181284132306e-09,1.0523945270790591e-08,-9.462237215984715e-09,2.189539394237272e-08,0.03586405888199806,0.20189987123012543,3.0407683482280845e-08,1.735985222239833e-08,5.9604643443123e-10,1.3611279214842398e-08,-2.5071203779702955e-08,0.035943880677223206,0.20203514397144318,0.031971998512744904,0.00015799760876689106,0.02989303134381771,0.1753494292497635,0.013019715435802937,0.22618873417377472,0.013198289088904858,0.003265759442001581,0.0010787526844069362,0.04135775938630104,0.046484362334012985,-0.00021644652588292956,-0.00013315021351445466,0.021124575287103653,0.02028285525739193,0.09400972723960876,0.10322368890047073,-0.0007366883801296353,0.009924609214067459,8.156895637512207e-05,-0.00017992377979680896,0.0002910925541073084,0.0003736667276825756,0.27313944697380066,0.2715350091457367,0.07773716002702713,0.07972744107246399,-0.0004300749278627336,-0.00044493554742075503,0.3157958686351776,0.2098398655653,0.2101350575685501,0.0008471530745737255,0.04148915410041809,0.043964385986328125,-0.0015484415926039219,0.0011101934360340238,-7.287599412819645e-10,4.675239306806134e-09,-2.7306377603508736e-08,5.327164931401285e-09,-3.0323864308456905e-08,-1.204665789344972e-08,1.2349337552564066e-08,-3.658234959402762e-08,1.1511146702503083e-08,-3.6396087921275466e-08
00:00:08:07.116,61,-2.854503655669305e-08,-6.873160707243642e-09,1.400709148668966e-08,-9.033828796134458e-09,2.2584572434425354e-08,0.0313873328268528,0.19742311537265778,3.154389460746643e-08,1.5515833950985325e-08,-4.507601403247463e-09,1.5837139599739203e-08,-3.058463349248086e-08,0.031456876546144485,0.19756275415420532,0.03254643827676773,9.690367005532607e-05,0.028810741379857063,0.14343023300170898,0.010638076812028885,0.17811398208141327,0.004579889588057995,0.0025221621617674828,0.0008198781288228929,0.08263908326625824,0.08515501022338867,0.0003918513539247215,0.00011880844976985827,0.023586254566907883,0.022923544049263,0.09124626219272614,0.10013842582702637,-0.0001373976410832256,0.010016902349889278,-0.000585865811444819,0.0004778574511874467,-0.00014539234689436853,5.9822501498274505e-05,0.228474423289299,0.22803755104541779,0.07688047736883163,0.07808102667331696,-0.00016190767928492278,-0.00011287450615782291,0.31283095479011536,0.20785759389400482,0.20816004276275635,0.0009761591209098697,0.04495559632778168,0.04895529896020889,-0.0016175329219549894,0.0022674233186990023,-5.750916964863961e-10,8.177011956433944e-09,-3.5390257835388184e-08,9.853392768377489e-09,-3.123656000525443e-08,-1.3855751213043277e-08,1.0058283983482852e-08,-4.1965396491150386e-08,8.75443184611413e-09,-3.423541627967097e-08
00:00:08:07.133,61,2.476386740113412e-08,7.394701295737605e-09,-1.288950457478677e-08,7.40401429055737e-09,-1.91945588312592e-08,0.026629406958818436,0.18928802013397217,-2.7436762195520714e-08,-1.3019889166798748e-08,6.109476036186834e-09,-1.4053657793056118e-08,2.7604400543168595e-08,0.026671454310417175,0.1894277185201645,0.029500193893909454,-0.00015888251073192805,0.026710757985711098,0.08397821336984634,0.008245836943387985,0.12845481932163239,0.003125958377495408,0.001200859434902668,0.0005949054029770195,0.1084877997636795,0.10889764875173569,0.00021675050084013492,4.704244565800764e-05,0.023314759135246277,0.023109808564186096,0.08542604744434357,0.09475593268871307,-0.00014357954205479473,0.00829897727817297,0.0051342034712433815,0.004496723413467407,-0.0005688476376235485,-0.00018042713054455817,0.1539478451013565,0.15428726375102997,0.0676528662443161,0.06764347851276398,-0.0001886773097794503,-0.0001173043274320662,0.3113807737827301,0.2074163258075714,0.20771856606006622,0.0006522320909425616,0.05402455851435661,0.059271473437547684,0.0006702074315398932,0.00600835494697094,4.1793099536668876e-10,-7.748603536583687e-09,3.3788381870181183e-08,-1.0039657105664901e-08,2.7436762195520714e-08,1.2335367394200603e-08,-7.63684493421124e-09,3.729015674025504e-08,-6.537884456037091e-09,2.879649407816487e-08
00:00:08:09.150,61,4.3362380353073604e-08,2.8870998924901414e-09,-1.5515833950985325e-08,1.5283003307331455e-08,-3.5362319295018096e-08,0.023309335112571716,0.1857789158821106,-4.8782677453118595e-08,-2.8721988343249905e-08,-2.086162576020456e-09,-2.1085142520860245e-08,3.824010619268847e-08,0.023344388231635094,0.18592773377895355,0.025865642353892326,-0.00022217008518055081,0.02423710748553276,0.04995469003915787,0.01023459155112505,0.09107139706611633,0.0023945134598761797,0.001253475551493466,0.0004686754837166518,0.12911218404769897,0.12691380083560944,-9.929232328431681e-05,-0.00051158043788746,0.023636670783162117,0.023706305772066116,0.08232171833515167,0.09190383553504944,0.0009041878511197865,0.007109006866812706,0.012166070751845837,0.00904141366481781,-0.00032108742743730545,0.00012713283649645746,0.1090172603726387,0.11039688438177109,0.05581895262002945,0.055167317390441895,-0.00031717418460175395,-0.00023374438751488924,0.3081105053424835,0.20918607711791992,0.20951418578624725,0.00023874941689427942,0.060568321496248245,0.06647204607725143,0.002120331861078739,0.0074508641846477985,1.2409873129115567e-09,-5.830079530255716e-09,4.358589578146166e-08,-7.823109271498652e-09,5.029141902923584e-08,1.920619929762779e-08,-2.086162531611535e-08,5.761161503414769e-08,-1.959502782256095e-08,6.034970567725395e-08
00:00:08:09.166,61,7.573515148351362e-08,7.171183646903501e-09,-2.862885573051699e-08,2.6319176171796244e-08,-6.146728992462158e-08,0.024509061127901077,0.18950511515140533,-8.502975390456413e-08,-4.887580828949467e-08,-1.0803341554677104e-09,-3.76580295835538e-08,6.910413219429756e-08,0.024537280201911926,0.18966861069202423,0.023797547444701195,-0.00021953116811346263,0.022594502195715904,0.040090255439281464,0.01293940469622612,0.0766797810792923,0.002685702405869961,0.0009548651287332177,0.0005788858397863805,0.1369093805551529,0.13459895551204681,-0.00018013357475865632,-0.0004444682563189417,0.022239327430725098,0.022425107657909393,0.07699776440858841,0.08608241379261017,0.0015911656664684415,0.00657139765098691,0.014187314547598362,0.010186944156885147,-0.00020550731278490275,0.00019613309996202588,0.09412923455238342,0.09523087739944458,0.04721667245030403,0.046177808195352554,-0.0009097587899304926,-0.0008032536716200411,0.30719292163848877,0.21389974653720856,0.21423423290252686,0.00011839657963719219,0.06440172344446182,0.07052510976791382,0.0038540430832654238,0.009178577922284603,2.0698645020189588e-09,-1.1976807989810823e-08,7.977709515216702e-08,-1.560896656371824e-08,8.73021761549353e-08,3.424007388730388e-08,-3.501772738445652e-08,1.0257586779971462e-07,-3.227964029406394e-08,1.0322779075977451e-07
00:00:08:11.183,61,6.055459067511038e-08,-4.2095780194983945e-09,-1.5627593441536192e-08,2.346001615194382e-08,-5.084089949036752e-08,0.02398177608847618,0.20170141756534576,-6.902963178845312e-08,-4.531815633868064e-08,-1.3485550454106487e-08,-2.6393681906711208e-08,4.466622982590707e-08,0.02402067743241787,0.20186492800712585,0.022473463788628578,-8.872318721842021e-05,0.0212299395352602,0.035703085362911224,0.012284443713724613,0.07858318090438843,0.0023511331528425217,0.0009063911275006831,0.0005824198015034199,0.12892858684062958,0.12817497551441193,-0.00012906789197586477,-0.0005105403251945972,0.021743543446063995,0.021939540281891823,0.07538112998008728,0.08426359295845032,0.001456936588510871,0.0062233139760792255,0.012237892486155033,0.009773029945790768,-1.4155134522297885e-05,0.0004386872169561684,0.09288725256919861,0.094231016933918,0.04631730169057846,0.04562961682677269,-0.0008921241969801486,-0.0007786989444866776,0.3049176335334778,0.21450801193714142,0.21484076976776123,9.676236368250102e-05,0.06520380079746246,0.07219662517309189,0.004690857138484716,0.010366426780819893,2.159504131071799e-09,-1.3411045607369942e-09,4.8764050575300644e-08,-2.62632959824316e-09,7.26617841451116e-08,2.5047921070608936e-08,-3.5557896183036064e-08,7.428229054085023e-08,-3.3974647095647015e-08,9.33185191343e-08
00:00:08:11.199,61,4.7450885887201366e-08,4.76837147544984e-09,-1.8104911347904817e-08,1.6447156525600803e-08,-3.843568308070644e-08,0.02363605983555317,0.21726010739803314,-5.3402036570560085e-08,-3.058463349248086e-08,-5.21540644005114e-10,-2.3548491157043827e-08,4.3362380353073604e-08,0.023684758692979813,0.21741771697998047,0.020800648257136345,5.033284469391219e-05,0.02102646790444851,0.03752979636192322,0.011649826541543007,0.09501228481531143,0.003037502523511648,0.0012733391486108303,0.00047917579649947584,0.11019672453403473,0.110259510576725,-8.059084211708978e-05,-0.0004119607910979539,0.02127162367105484,0.021332230418920517,0.07664243876934052,0.08620983362197876,0.0009047221974469721,0.006230933591723442,0.0076619829051196575,0.008382209576666355,1.4010034647071734e-05,0.0004426093364600092,0.09893901646137238,0.0996740311384201,0.05042680725455284,0.049621667712926865,-0.00043024300248362124,-0.00032812237623147666,0.2998120188713074,0.21517837047576904,0.21551872789859772,1.875370799098164e-05,0.06285493820905685,0.06956924498081207,0.003928983584046364,0.009632355533540249,1.2770761115277196e-09,-7.63684493421124e-09,5.0365926540507644e-08,-9.87201964619544e-09,5.4985285657949134e-08,2.1532178706706873e-08,-2.1718442155815865e-08,6.444751932122017e-08,-2.0004808476414837e-08,6.470829561067148e-08
00:00:08:13.216,61,3.130175230126042e-08,9.313225746154785e-09,-1.6465783403418754e-08,9.452923777075739e-09,-2.4186446623275515e-08,0.023542070761322975,0.23050929605960846,-3.4561381312414596e-08,-1.637265079068584e-08,7.450580596923828e-09,-1.7667188600967165e-08,3.499910405935225e-08,0.02359086275100708,0.23067186772823334,0.019314270466566086,2.8527640097308904e-05,0.020680995658040047,0.03986639901995659,0.011131830513477325,0.09749702364206314,0.002697714837267995,0.0015857534017413855,0.0005173469544388354,0.1026553139090538,0.10293243080377579,-5.806863191537559e-05,-0.0004584461566992104,0.02068517357110977,0.020674750208854675,0.07851876318454742,0.08867811411619186,0.00032854973687790334,0.006284500937908888,0.0027445396408438683,0.004404342267662287,-0.0003780249389819801,7.712095793976914e-06,0.10496865957975388,0.10506400465965271,0.05009322240948677,0.049412474036216736,-0.0003479385341051966,-0.00025339247076772153,0.2970147430896759,0.21617412567138672,0.21652165055274963,-4.596170037984848e-05,0.06020132452249527,0.06645648181438446,0.002914779121056199,0.00792650319635868,5.355104693016699e-10,-9.983778248567887e-09,4.284083843231201e-08,-1.257285475730896e-08,3.471970444479666e-08,1.569744156881825e-08,-9.55536982871763e-09,4.731118607992357e-08,-8.177011956433944e-09,3.624707289873186e-08
00:00:08:13.233,61,3.552995764266598e-08,2.4586916946844894e-09,-1.288950457478677e-08,1.2554227879491009e-08,-2.8936192109085823e-08,0.023120805621147156,0.23813876509666443,-4.0046870708465576e-08,-2.3432075835216892e-08,-1.5273690090467085e-09,-1.7294659926392342e-08,3.164634065910832e-08,0.023171791806817055,0.23829369246959686,0.017906837165355682,-7.03724508639425e-05,0.01875884272158146,0.03457561135292053,0.011878515593707561,0.08316276222467422,0.0033266376703977585,0.0011637189891189337,0.0005014544585719705,0.11737778037786484,0.11775734275579453,5.151875302544795e-05,-0.0005981103167869151,0.019170865416526794,0.01922607235610485,0.0752779170870781,0.08487945795059204,0.00031349301571026444,0.006235050968825817,0.006603764835745096,0.006678768899291754,-0.001016828347928822,-0.0005655463319271803,0.09314053505659103,0.0933605507016182,0.04601975530385971,0.045709408819675446,-0.00043297529919072986,-0.00030746578704565763,0.29468438029289246,0.2175629734992981,0.21789109706878662,-5.531694841920398e-05,0.06196541711688042,0.06971535831689835,0.005029456689953804,0.011116518639028072,1.0337680711458574e-09,-5.029141991741426e-09,3.661960334966352e-08,-6.463378721122126e-09,4.1611492918036674e-08,1.595588372538259e-08,-1.702457730345941e-08,4.767440131558942e-08,-1.5962868360475113e-08,4.9583615435722095e-08
00:00:08:14.250,61,5.5050477953955124e-08,1.210719347000122e-08,-2.6002526354318434e-08,1.744367139622227e-08,-4.345551118944968e-08,0.02243092842400074,0.2447187602519989,-6.112269801406e-08,-3.1292437085994607e-08,8.083880231879448e-09,-2.9820949265513264e-08,5.740672293086391e-08,0.022493353113532066,0.24486754834651947,0.017894931137561798,-0.00016941703506745398,0.016954369843006134,0.028654975816607475,0.014209222048521042,0.06073230132460594,0.004361805506050587,0.0009236889891326427,0.0005274916184134781,0.13599886000156403,0.13719899952411652,-8.169129432644695e-05,-0.0008503403514623642,0.018509531393647194,0.01871919073164463,0.07312819361686707,0.08141489326953888,0.0010736776748672128,0.005918166600167751,0.018100062385201454,0.0140029052272439,-0.0011553126387298107,-0.0005378416390158236,0.08284132182598114,0.08346244692802429,0.04150892794132233,0.04185637831687927,-0.0004367959627415985,-0.0002841186651494354,0.2911544740200043,0.22018970549106598,0.22050756216049194,-0.0002133561356458813,0.06801877170801163,0.07784903794527054,0.012387326918542385,0.020034151151776314,1.158332429973541e-09,-1.4360994171624952e-08,6.865710133752145e-08,-1.8049030714450964e-08,6.187707413118915e-08,2.6617199111456102e-08,-2.019107370188067e-08,8.009374141693115e-08,-1.8030405612989853e-08,6.783753292438632e-08
00:00:08:15.266,61,7.851049588225578e-08,1.6503035382697817e-08,-3.661960334966352e-08,2.5136396075708944e-08,-6.2175097070849e-08,0.02076755464076996,0.24755898118019104,-8.71624763476575e-08,-4.4964252765566926e-08,1.0263175198588215e-08,-4.225876182317734e-08,8.124857941993469e-08,0.020835738629102707,0.2477145940065384,0.01828283630311489,-0.0002391071611782536,0.014470929279923439,0.024468183517456055,0.015303420834243298,0.043141890317201614,0.005361741874366999,0.001002596807666123,0.0004692395159509033,0.14835874736309052,0.14934170246124268,-0.0002259591274196282,-0.0011105594458058476,0.0183276254683733,0.018721358850598335,0.07233555614948273,0.07975298166275024,0.0023412490263581276,0.005811719223856926,0.027799319475889206,0.019858447834849358,-0.001042434829287231,-0.0003463391913101077,0.07278429716825485,0.07323791086673737,0.03606606274843216,0.036614108830690384,-0.0007998531800694764,-0.0006021189619787037,0.28831958770751953,0.21993547677993774,0.2202516496181488,-0.00028050539549440145,0.07213971763849258,0.08328210562467575,0.017366264015436172,0.02576429583132267,1.685693806763311e-09,-2.0023435354232788e-08,9.674578649310206e-08,-2.5071203779702955e-08,8.840113707719865e-08,3.7751160419929874e-08,-2.942979371312049e-08,1.1373776942491531e-07,-2.624467043688128e-08,9.708106318839782e-08
00:00:08:16.283,61,9.182840443600071e-08,2.3618341060682724e-08,-4.5998021391824295e-08,2.839602508686312e-08,-7.192604556394144e-08,0.021494003012776375,0.24854417145252228,-1.0141171458144527e-07,-4.997476921175803e-08,1.7434357957313296e-08,-5.098525335256454e-08,9.95770079725844e-08,0.021562939509749413,0.2487112581729889,0.017874890938401222,-0.00025092155556194484,0.012776762247085571,0.020698942244052887,0.016016295179724693,0.034248560667037964,0.007399886846542358,0.0011287347879260778,0.00043410391663201153,0.1496552973985672,0.15059882402420044,-0.0003352612257003784,-0.0012141376500949264,0.018172403797507286,0.018628744408488274,0.06990354508161545,0.07636525481939316,0.0041788010857999325,0.005898861680179834,0.03576890379190445,0.02527179755270481,-0.0002893369528464973,0.00046762399142608047,0.06412423402070999,0.0645134374499321,0.03190994635224342,0.03266691789031029,-0.0008465376449748874,-0.0006847238400951028,0.2818942964076996,0.21902348101139069,0.21933133900165558,-0.00026818577316589653,0.07395961880683899,0.0856793224811554,0.020471690222620964,0.02911074087023735,1.760199652700578e-09,-2.691522205111596e-08,1.1920928955078125e-07,-3.3359974338509346e-08,1.0208226797203679e-07,4.512024887048938e-08,-3.103166790197065e-08,1.3615935756661202e-07,-2.7418137094059603e-08,1.095235333536948e-07
00:00:08:18.300,61,6.691552556503666e-08,1.9539147189107098e-08,-3.514811552918218e-08,2.0116567966965704e-08,-5.199574104608473e-08,0.020997202023863792,0.254372239112854,-7.366761423099888e-08,-3.505498114009242e-08,1.525506299060453e-08,-3.7942083253028613e-08,7.478520558379387e-08,0.02106086164712906,0.25454846024513245,0.017077216878533363,-0.0002701922785490751,0.011685170233249664,0.018231041729450226,0.01748126745223999,0.03437263146042824,0.016404971480369568,0.0015124526107683778,0.00040777213871479034,0.13663728535175323,0.137428879737854,-0.000519322173204273,-0.0012379848631098866,0.017717860639095306,0.018177052959799767,0.0672556459903717,0.07378938794136047,0.005102472845464945,0.0058170584961771965,0.03875395655632019,0.027122611179947853,0.00043570398702286184,0.0012019252171739936,0.054344989359378815,0.05429349094629288,0.026583367958664894,0.02706119790673256,-0.0006374028162099421,-0.0005143815069459379,0.27876320481300354,0.21820437908172607,0.21852977573871613,-0.00012292554310988635,0.07211849838495255,0.083258256316185,0.0206407830119133,0.02858690917491913,1.1501833929727923e-09,-2.1439046093973957e-08,9.033828973770142e-08,-2.6710331724189018e-08,7.390976008991856e-08,3.342749721468863e-08,-2.0898879071751253e-08,1.0084360724249564e-07,-1.8030405612989853e-08,7.737428120435652e-08
00:00:08:18.316,61,7.75046657963685e-08,1.4659017111284811e-08,-3.5008415721904385e-08,2.5257469005168787e-08,-6.178393618938571e-08,0.021418755874037743,0.26264429092407227,-8.613802293666595e-08,-4.5597552400522545e-08,8.046627364421965e-09,-4.1122547145278077e-08,7.856637296299596e-08,0.02146267704665661,0.2628409266471863,0.016684064641594887,-0.0002632525865919888,0.01166592352092266,0.018118349835276604,0.01817917264997959,0.04095000401139259,0.03461965173482895,0.002242307411506772,0.00041605025762692094,0.10408443212509155,0.1054675281047821,-0.0005302250501699746,-0.0006787467282265425,0.017087509855628014,0.017317064106464386,0.06225377693772316,0.06834325194358826,0.004548315424472094,0.005886510480195284,0.033443842083215714,0.023561963811516762,0.0009436136460863054,0.0017793194856494665,0.047344356775283813,0.04674797132611275,0.01999644562602043,0.020310545340180397,-0.0005857723881490529,-0.0004979264922440052,0.27949056029319763,0.2162671685218811,0.2166016399860382,0.00011704221105901524,0.06660275906324387,0.07603029906749725,0.014612019993364811,0.02164660207927227,1.741573218971837e-09,-1.844018626684374e-08,9.302049619464015e-08,-2.3003668303545055e-08,8.778646787277467e-08,3.688270311386077e-08,-3.0174852838626975e-08,1.1089257867524793e-07,-2.7175993011496757e-08,9.80868932742851e-08
00:00:08:20.333,61,1.789070580571206e-08,1.0728836485895954e-08,-1.3355165862094509e-08,4.2747707595935935e-09,-1.3075768912074182e-08,0.021256498992443085,0.2730884253978729,-1.949258177091906e-08,-6.20260820483054e-09,1.0728836485895954e-08,-1.2055970444180275e-08,2.576038227175559e-08,0.021305512636899948,0.2732989490032196,0.01589701883494854,-0.00012028679338982329,0.010028595104813576,0.022076796740293503,0.02231319434940815,0.05995820462703705,0.07503537833690643,0.0032730100210756063,0.000326699810102582,0.030792048200964928,0.033940158784389496,-0.0025949818082153797,-0.0019272002391517162,0.015053056180477142,0.015053770504891872,0.05287255719304085,0.058983106166124344,0.003600687487050891,0.0057588075287640095,0.02618574909865856,0.019919155165553093,0.0012150579132139683,0.002059075515717268,0.03936651349067688,0.0375070683658123,0.011309683322906494,0.01146132592111826,-0.0003842043806798756,-0.0003583169018384069,0.2802228033542633,0.21232348680496216,0.21266712248325348,0.0006649518036283553,0.056629691272974014,0.06352294236421585,0.006232838146388531,0.011772568337619305,4.423782173912372e-11,-9.946525381110405e-09,3.2857059295565705e-08,-1.2442469277118562e-08,1.8700957227224535e-08,1.0309740616776253e-08,-1.5273690090467085e-09,3.121793312743648e-08,-5.587935669737476e-10,1.5683472298633205e-08
00:00:08:20.349,61,5.779788025961352e-08,4.880130077822287e-09,-2.16439364209009e-08,2.0330771732801622e-08,-4.697590938462781e-08,0.023261718451976776,0.2916356027126312,-6.493181103905954e-08,-3.7550925924279e-08,-1.5273690090467085e-09,-2.845656155159304e-08,5.2265821892660824e-08,0.023304272443056107,0.2918716371059418,0.014479224570095539,-9.883209713734686e-05,0.009009089320898056,0.03270268067717552,0.030836891382932663,0.08615786582231522,0.11934547126293182,0.004550388548523188,0.0003792247152887285,-0.00032014132011681795,0.002925015054643154,0.011296995915472507,0.013563891872763634,0.014149525202810764,0.013776418752968311,0.051071129739284515,0.056397322565317154,0.0019491702551022172,0.006151651963591576,0.012393529526889324,0.01140578743070364,0.0010954211466014385,0.0018340880051255226,0.04360192269086838,0.03987196460366249,0.004792924039065838,0.004759908188134432,-0.0004972249153070152,-0.0005039143725298345,0.2807404696941376,0.20652098953723907,0.20686420798301697,0.0014300807379186153,0.043840207159519196,0.04864602908492088,2.7141868486069143e-05,0.0033957657869905233,1.6146805004169096e-09,-8.679926111199165e-09,6.010755981833427e-08,-1.128762949775819e-08,6.701797161667855e-08,2.6014168597043863e-08,-2.721324499077582e-08,7.785856581676853e-08,-2.533197474008375e-08,7.934868051506783e-08
00:00:08:22.366,61,5.9055164314258946e-08,1.043081288010228e-09,-1.927837800508314e-08,2.1597371002712862e-08,-4.862435076802285e-08,0.026060208678245544,0.31373652815818787,-6.663613305590843e-08,-4.077330117979727e-08,-6.482005154850867e-09,-2.759508710425962e-08,4.922971186260838e-08,0.026109710335731506,0.3139766752719879,0.013642711564898491,-4.541605812846683e-05,0.007979869842529297,0.04749235138297081,0.039984941482543945,0.11712507158517838,0.15271379053592682,0.005311412271112204,0.00025400257436558604,-0.0020063198171555996,0.00152054603677243,0.06970822811126709,0.0731402188539505,0.012987728230655193,0.012293266132473946,0.05305724963545799,0.05704061686992645,0.0012044155737385154,0.00776143092662096,0.0007855945732444525,0.003667248412966728,0.0009158559842035174,0.001531488262116909,0.05202788859605789,0.04616422951221466,0.0010902940994128585,0.0013904422521591187,-0.0002726602542679757,-0.00029669879586435854,0.28039461374282837,0.19975557923316956,0.20007942616939545,0.0020822288934141397,0.03509613871574402,0.03856680542230606,-0.0005441868561320007,0.001201106933876872,1.842854535638594e-09,-5.7369469175228005e-09,5.533918567834917e-08,-7.748603536583687e-09,6.940215513395742e-08,2.560671497064959e-08,-3.0938537065594574e-08,7.641502008937096e-08,-2.8870999813079834e-08,8.50483772296684e-08
00:00:08:22.383,61,6.167218202790536e-08,5.867332397713199e-09,-2.3571773866137846e-08,2.1420419216156006e-08,-5.005858838558197e-08,0.02744321897625923,0.33586055040359497,-6.899237803281721e-08,-3.9860605482999745e-08,-9.126961408867373e-10,-3.0514783588841965e-08,5.6438146600612527e-08,0.027501005679368973,0.3361068069934845,0.01421622559428215,7.112480670912191e-05,0.008070469833910465,0.06326563656330109,0.04688619449734688,0.1464969664812088,0.1734289675951004,0.006179008632898331,0.00017053961346391588,-0.002715902868658304,0.00025498270406387746,0.09612865746021271,0.09978853166103363,0.011922924779355526,0.010831239633262157,0.05755198374390602,0.06078387424349785,0.0009909552754834294,0.009086502715945244,-0.0009289750596508384,0.001350435777567327,0.0008785602985881269,0.001412843121215701,0.06485196202993393,0.058069173246622086,-0.0003236074117012322,-1.0267049219692126e-05,-5.076438174000941e-05,-0.00011891186295542866,0.2794589102268219,0.19251634180545807,0.19282087683677673,0.0027141368482261896,0.029216624796390533,0.03203387185931206,-0.0006075635319575667,0.0001115307240979746,1.6891863463541767e-09,-9.778887033462524e-09,6.485730352778774e-08,-1.2516975012033527e-08,7.135793822499181e-08,2.7855858064640415e-08,-2.8684734587614003e-08,8.342787793935713e-08,-2.6542693376541138e-08,8.363277004264091e-08
00:00:08:24.400,61,6.578862610240321e-08,4.842877210364804e-09,-2.4149194643996452e-08,2.329237780429594e-08,-5.381181722441397e-08,0.029006632044911385,0.3558995723724365,-7.37141832019006e-08,-4.32506190861659e-08,-2.738088422660212e-09,-3.2051467258042976e-08,5.86919490785931e-08,0.02907869778573513,0.35614684224128723,0.015594837255775928,0.00016066498938016593,0.007747397292405367,0.0804404616355896,0.05541899800300598,0.16049137711524963,0.16508297622203827,0.006949946284294128,0.0002179541188525036,-0.0023504476994276047,0.0004176574875600636,0.10881804674863815,0.11219583451747894,0.011582420207560062,0.010134899988770485,0.06737038493156433,0.06958842277526855,0.0010445392690598965,0.01108613982796669,-0.0010857087327167392,0.0005158891435712576,0.0007033204892650247,0.0012003718875348568,0.08121097832918167,0.07415860146284103,-0.0010767182102426887,-0.00048381209489889443,-6.758630479453132e-05,-0.0001498764759162441,0.28036484122276306,0.18517237901687622,0.1854718029499054,0.002764538861811161,0.02591163106262684,0.02859993278980255,-0.0006407457403838634,-0.0002577254199422896,1.8696300063680837e-09,-9.369105491430219e-09,6.716698663922216e-08,-1.2200326082734136e-08,7.67782353250368e-08,2.9492657205310024e-08,-3.157183670055019e-08,8.806120632698367e-08,-2.9392539957484587e-08,9.078532769990488e-08
00:00:08:24.416,61,5.693174998100403e-08,-2.0302832748342325e-09,-1.63260853724978e-08,2.1466984634344044e-08,-4.7618524234849247e-08,0.029845943674445152,0.3693596124649048,-6.416812681209194e-08,-4.118308538636484e-08,-1.0486692403333109e-08,-2.5453045893186754e-08,4.423782229423523e-08,0.029927268624305725,0.36960503458976746,0.01728304848074913,0.0003297934017609805,0.007958387024700642,0.09552517533302307,0.06251328438520432,0.14179261028766632,0.11382127553224564,0.007273233961313963,0.00039770937291905284,-0.001994652207940817,0.0006630521966144443,0.10818266123533249,0.11095795035362244,0.011847182177007198,0.010006437078118324,0.0838969424366951,0.08511369675397873,0.0014151710784062743,0.0127446623519063,-0.0009792483178898692,0.0005322626093402505,0.0005334893357940018,0.0009054302936419845,0.10008034110069275,0.09406130015850067,-0.0013730040518566966,-9.023457823786885e-05,-0.00020933867199346423,-0.0003554439463187009,0.2790434956550598,0.18061740696430206,0.18089227378368378,0.002169201383367181,0.02335716411471367,0.026195213198661804,-9.836971730692312e-05,-0.00017138183466158807,1.9441359633276534e-09,-2.9988587169071934e-09,4.887580828949467e-08,-4.4144687905145474e-09,6.861984758188555e-08,2.4109613860900936e-08,-3.2242386538428036e-08,7.137656155009608e-08,-3.023072991936715e-08,8.456409261725639e-08
00:00:08:26.433,61,7.577240523914952e-08,3.054738018093417e-09,-2.577900914957354e-08,2.7175993011496757e-08,-6.229616644759517e-08,0.03274175524711609,0.3793986439704895,-8.484348512638462e-08,-5.127862223730517e-08,-6.444752287393385e-09,-3.5911799756149776e-08,6.463378809939968e-08,0.03282441198825836,0.37966880202293396,0.018221892416477203,0.00023239172878675163,0.007125264499336481,0.09791187942028046,0.07808279246091843,0.07944193482398987,0.06243685260415077,0.007664173375815153,0.0006184087251313031,-0.0019411754328757524,-6.443262009270256e-06,0.07190350443124771,0.07362323999404907,0.013099760748445988,0.010980939492583275,0.09794299304485321,0.09696006029844284,0.0035295861307531595,0.014981133863329887,-0.001453420496545732,0.0008679728489369154,0.0003615824389271438,0.0006185757229104638,0.10549239069223404,0.10133665055036545,-0.0023813522420823574,-0.0005286950035952032,-0.000446050165919587,-0.0005626940983347595,0.2773059904575348,0.18198592960834503,0.18224860727787018,0.0015458688139915466,0.02304689958691597,0.026338065043091774,0.0004092383314855397,-0.0001435534650227055,2.294545886627475e-09,-8.791684713571613e-09,7.372349841716641e-08,-1.1362135232673154e-08,8.957460551073382e-08,3.345310517488542e-08,-3.850087537671243e-08,9.936280775946216e-08,-3.5725534530683944e-08,1.0695308105823642e-07
00:00:08:26.449,61,1.2521631731488014e-07,1.3504177331924438e-08,-4.90620735149605e-08,4.299916156469408e-08,-1.0146759166218544e-07,0.03355305269360542,0.384022980928421,-1.3961457057121152e-07,-7.946044178197553e-08,3.7252903539730653e-10,-6.2789766275273e-08,1.1624768347928693e-07,0.03363354876637459,0.3843291401863098,0.017972620204091072,-4.4362619519233704e-05,0.005131560377776623,0.09915054589509964,0.09159313142299652,0.038803067058324814,0.03142784163355827,0.007942532189190388,0.0005372015875764191,-0.000718884461093694,0.00012668728595599532,0.01897948421537876,0.019382551312446594,0.015169935300946236,0.013068066909909248,0.1040310487151146,0.10048429667949677,0.008230041712522507,0.017671391367912292,-0.0017162439180538058,0.0009894222021102905,-0.0001584768615430221,5.29347344127018e-05,0.11183302104473114,0.10757902264595032,-0.002326599322259426,-0.0005237418226897717,-0.0005104410811327398,-0.0005514979129657149,0.27585238218307495,0.18444088101387024,0.18468831479549408,0.001287887804210186,0.021864542737603188,0.026131516322493553,0.00019948036060668528,-0.0005237495643086731,3.3527611797978807e-09,-2.1550803808167984e-08,1.344643578704563e-07,-2.7343631359144638e-08,1.4498829159492743e-07,5.734153063485792e-08,-5.695968852137412e-08,1.7130747664850787e-07,-5.200505270863687e-08,1.6771257094205794e-07
00:00:08:28.466,61,1.027807599029984e-07,1.471489707860485e-09,-3.316439745049138e-08,3.769062573155679e-08,-8.488073888202052e-08,0.03155896067619324,0.3873390853404999,-1.1540018363120907e-07,-7.148832281700379e-08,-1.177191766288388e-08,-4.797708186288219e-08,8.523463890242056e-08,0.031629811972379684,0.38765719532966614,0.017774023115634918,-8.548199730284978e-06,0.003685101866722107,0.10103282332420349,0.09761601686477661,0.0293795894831419,0.020017966628074646,0.0089929960668087,0.0004749707877635956,0.003786140587180853,0.0033087157644331455,0.0039817700162529945,0.004021157510578632,0.017242224887013435,0.01503597479313612,0.10819238424301147,0.10310438275337219,0.01338527724146843,0.02027709409594536,-0.0017840936779975891,0.0010072138393297791,-0.0002460758259985596,6.574545113835484e-05,0.1256433129310608,0.12128689140081406,-0.0021564611233770847,3.4174322536273394e-06,-0.0003811776696238667,-0.0004438007017597556,0.27960577607154846,0.18555089831352234,0.18580295145511627,0.0014131522038951516,0.02162191830575466,0.025577325373888016,-0.00016808658256195486,-0.0007365851197391748,3.2398383975618117e-09,-9.685754420729609e-09,9.603798645230199e-08,-1.3094395789892133e-08,1.2189150311314734e-07,4.485947968646542e-08,-5.407258996115161e-08,1.3311392876858008e-07,-5.060806884671365e-08,1.4733522846199776e-07
00:00:08:28.483,61,1.0124407623379739e-07,1.2535601889851478e-08,-4.0978193283081055e-08,3.443099672040262e-08,-8.177012489340996e-08,0.030742865055799484,0.3962264657020569,-1.126900315284729e-07,-6.344169634076025e-08,2.38418573772492e-09,-5.124136848166927e-08,9.555369473446262e-08,0.030829591676592827,0.3965539038181305,0.018995819613337517,5.894586502108723e-05,0.0036421262193471193,0.10967056453227997,0.10222428292036057,0.04045126959681511,0.016456754878163338,0.00970853865146637,0.0004232113715261221,0.011414587497711182,0.010144274681806564,0.002337150974199176,0.0019504745723679662,0.019913945347070694,0.01780172437429428,0.11265946179628372,0.1076076328754425,0.015929672867059708,0.022005479782819748,-0.0015574307180941105,0.0005856385687366128,-0.00018362626724410802,0.00012529313971754164,0.14838482439517975,0.14387722313404083,-0.0021358858793973923,0.00023026108101475984,-0.000430966611020267,-0.0005298698088154197,0.27712443470954895,0.18198372423648834,0.18223655223846436,0.00144740950781852,0.025032373145222664,0.02936980314552784,-0.0005370993167161942,-0.0009799354011192918,2.6309863176976478e-09,-1.8533318879576655e-08,1.1131167099165395e-07,-2.369284679559769e-08,1.1734664440155029e-07,4.6864151670433785e-08,-4.487112192919085e-08,1.3976358559375512e-07,-4.090368577180925e-08,1.340359432333571e-07
00:00:08:29.500,61,3.9162113552038136e-08,1.955777317874663e-09,-1.3560057077199872e-08,1.400709148668966e-08,-3.231689404969984e-08,0.029353447258472443,0.40216392278671265,-4.356726890364371e-08,-2.6058405211415447e-08,-2.607703164514419e-09,-1.854263231848563e-08,3.34158549719632e-08,0.02944466844201088,0.4025002717971802,0.019567448645830154,-7.735044164292049e-06,0.003832834307104349,0.12335477024316788,0.0997975617647171,0.06861397624015808,0.015578608959913254,0.010066957212984562,0.00064452039077878,0.020572200417518616,0.019746750593185425,0.0015385783044621348,0.0009718221263028681,0.022202033549547195,0.020174698904156685,0.11692348122596741,0.11310547590255737,0.014730547554790974,0.023320266976952553,-0.0012853959342464805,0.0004113678587600589,-0.0001878853072412312,0.00022189221635926515,0.18113556504249573,0.17647278308868408,-0.001877262257039547,0.0008718293975107372,-0.00022562504454981536,-0.00027270318241789937,0.27858370542526245,0.18423721194267273,0.1844910830259323,0.0014870651066303253,0.0285894013941288,0.033439960330724716,-0.0007019357290118933,-0.00028832987300120294,1.1723022552700968e-09,-4.6566128730773926e-09,3.9245932725862076e-08,-6.426125853664644e-09,4.7367066713377426e-08,1.7697457721510546e-08,-1.9818545027305845e-08,5.185604123880694e-08,-1.8198043960637733e-08,5.4687262718289276e-08
00:00:08:30.516,61,2.1737069033633816e-08,6.221234638559281e-09,-1.1026859425555813e-08,6.6123901909520555e-09,-1.7154961895471388e-08,0.028667500242590904,0.40505003929138184,-2.3357570100301928e-08,-1.128762949775819e-08,4.6566128730773926e-09,-1.1869706106892863e-08,2.3320318121022865e-08,0.02876906469464302,0.4053720235824585,0.020854031667113304,-9.501159365754575e-05,0.00791862141340971,0.1545846313238144,0.08210769295692444,0.1277322620153427,0.01760253868997097,0.009683697484433651,0.0006800801493227482,0.03332490846514702,0.032186951488256454,0.0012909919023513794,0.0004998767399229109,0.024757206439971924,0.022847261279821396,0.11535348743200302,0.11587253212928772,0.006185890641063452,0.0217241533100605,-0.00041709988727234304,-0.00030005097505636513,-0.0002782097435556352,7.584124978166074e-05,0.2342880815267563,0.22948025166988373,0.0009002906153909862,0.0030815780628472567,-0.0006809819024056196,-0.0006757485680282116,0.27961021661758423,0.18810051679611206,0.18835730850696564,0.001314225373789668,0.034376949071884155,0.039290979504585266,-0.0007036663591861725,-7.731228834018111e-05,4.0745362639427185e-10,-6.351620118749679e-09,2.942979371312049e-08,-8.419156038996789e-09,2.5853514884488504e-08,1.1147931466837235e-08,-7.469207474741779e-09,3.253109781553576e-08,-6.332993685020938e-09,2.5257469005168787e-08
00:00:08:31.533,61,1.9697472097846003e-08,7.63684493421124e-09,-1.1548399569960566e-08,5.476176845320424e-09,-1.5171245593137428e-08,0.026642542332410812,0.40911078453063965,-2.0880252193933302e-08,-8.549541519187187e-09,6.817281406057418e-09,-1.1464581284315045e-08,2.3450702713034843e-08,0.02672915905714035,0.4094241261482239,0.02685541659593582,-0.00024508370552212,0.014354486018419266,0.20202240347862244,0.04244017228484154,0.17296428978443146,0.011065822094678879,0.008870964869856834,0.0006877673440612853,0.05576726794242859,0.055357594043016434,0.0009978145826607943,0.00015565693320240825,0.02587038464844227,0.02388663776218891,0.1086292639374733,0.11243219673633575,0.0005264926003292203,0.018018558621406555,-0.0002491384802851826,-0.0013031763955950737,-0.0005078950198367238,-0.00015333130431827158,0.30667567253112793,0.3004358410835266,0.02626301348209381,0.028556710109114647,-0.0006187230465002358,-0.0005461895489133894,0.28121715784072876,0.19766846299171448,0.19791927933692932,0.0012862292351201177,0.03858461230993271,0.043838758021593094,-0.0010414662538096309,0.00045991240767762065,2.6775523465083495e-10,-7.618218944571709e-09,3.0323864308456905e-08,-9.816139900920007e-09,2.341344895739894e-08,1.0707881692439969e-08,-5.25265919648632e-09,3.121793312743648e-08,-3.948807503206808e-09,2.052635039717643e-08
00:00:08:33.550,61,5.25731600475865e-08,1.1585652437418048e-08,-2.481043281932216e-08,1.6717240924890575e-08,-4.175119272531447e-08,0.024043476209044456,0.41379714012145996,-5.769543420797163e-08,-2.944842059093844e-08,7.338821994551381e-09,-2.8153881004300274e-08,5.463138208483542e-08,0.024137359112501144,0.4140957295894623,0.03829929232597351,-0.0002712068089749664,0.021216152235865593,0.23743686079978943,0.01965327560901642,0.1772277057170868,0.0028588580898940563,0.007917143404483795,0.0005576673429459333,0.08321981132030487,0.08426105231046677,0.0005974298692308366,-0.000268640520516783,0.03196921944618225,0.030237136408686638,0.10368211567401886,0.10859138518571854,-4.677891774917953e-05,0.01657402329146862,-0.00017440498049836606,-0.0018526059575378895,-0.000209053119760938,0.0002688032400328666,0.3873136043548584,0.38057899475097656,0.054849375039339066,0.057776860892772675,-0.0007316517876461148,-0.0005956882378086448,0.2855137586593628,0.21270199120044708,0.2129403054714203,0.0009477390558458865,0.04165435954928398,0.04721294343471527,-0.0015455427346751094,0.0011736613232642412,1.1292285995168072e-09,-1.3560057077199872e-08,6.619841030897078e-08,-1.7601996304961176e-08,6.098300531220957e-08,2.5879126397398977e-08,-1.9930302741499872e-08,7.672235113886927e-08,-1.7248094508204304e-08,6.403774222007996e-08
00:00:08:33.566,61,6.601214153079127e-08,1.0766089353353436e-08,-2.846121738286911e-08,2.187676706455477e-08,-5.2936375283252346e-08,0.02421046793460846,0.4204816520214081,-7.290393000403128e-08,-3.930181335931593e-08,4.917383389368979e-09,-3.413762783566199e-08,6.482004977215183e-08,0.024314291775226593,0.42079466581344604,0.049263592809438705,-0.00018238983466289937,0.02532023936510086,0.2535463571548462,0.009597109630703926,0.15446044504642487,0.0011001693783327937,0.007474473211914301,0.000461547082522884,0.1166113093495369,0.117550790309906,0.00023102104023564607,-0.0004730492946691811,0.03909843787550926,0.03749457001686096,0.10784056037664413,0.11229456216096878,-0.0002084469742840156,0.014892318286001682,-0.00016219376993831247,-0.0022395618725568056,-3.586597813409753e-05,0.0005381514201872051,0.4385283291339874,0.43153542280197144,0.06917928904294968,0.07244066148996353,-0.0006755635258741677,-0.0005771160358563066,0.29046133160591125,0.2299545258283615,0.23017963767051697,0.0007030654815025628,0.044450026005506516,0.050150252878665924,-0.0018951132660731673,0.001284459955058992,1.605367283552539e-09,-1.400709148668966e-08,7.739290452946079e-08,-1.847744002247964e-08,7.68154890806727e-08,3.148801752672625e-08,-2.7343631359144638e-08,9.329058059392992e-08,-2.4549663635298202e-08,8.426606967759653e-08
00:00:08:35.583,61,6.495043436416381e-08,1.4193355823977072e-08,-3.058463349248086e-08,2.067536186700636e-08,-5.1502137665693226e-08,0.024621697142720222,0.4269271492958069,-7.141381530573199e-08,-3.656372271620967e-08,9.275972878697303e-09,-3.485474664444155e-08,6.740912539271449e-08,0.02473943494260311,0.4272364675998688,0.056453801691532135,-6.227887934073806e-05,0.028250940144062042,0.253574401140213,0.004392745904624462,0.12898558378219604,0.00015850782801862806,0.007262786850333214,0.0003726516733877361,0.1487375795841217,0.14896953105926514,0.00015533447731286287,-0.0004078459751326591,0.04516640678048134,0.04377906769514084,0.11283455044031143,0.11703231930732727,-0.0003017592534888536,0.013646861538290977,-8.904874266590923e-05,-0.002389637753367424,-0.00027808285085484385,0.0003836347023025155,0.4692467451095581,0.46237799525260925,0.07947857677936554,0.0826534777879715,-0.0006622472428716719,-0.0005978193948976696,0.2981347143650055,0.2451164573431015,0.2453441619873047,0.0005955962697044015,0.04797361046075821,0.054085828363895416,-0.0021650665439665318,0.001779761048965156,1.3899988937637886e-09,-1.672655258744271e-08,8.14721019537501e-08,-2.1569430685985935e-08,7.469206764199043e-08,3.182562124948163e-08,-2.4121254327269526e-08,9.451527205328603e-08,-2.130865972560514e-08,7.949769553761143e-08
00:00:08:35.599,61,6.787478668002223e-08,9.741634166005042e-09,-2.816319444320925e-08,2.2798776200261273e-08,-5.4519624370641395e-08,0.024884844198822975,0.42948734760284424,-7.51391056041939e-08,-4.1313469978376816e-08,3.3341347460691395e-09,-3.4710392782244526e-08,6.524845730382367e-08,0.02500997483730316,0.42980775237083435,0.061384860426187515,4.502564843278378e-05,0.02992922253906727,0.23367427289485931,0.0023719691671431065,0.10374774038791656,-0.0004433619906194508,0.007411639671772718,0.0003057829453609884,0.17775584757328033,0.17601576447486877,-0.00010764419857878238,-0.00040748686296865344,0.049972306936979294,0.048826102167367935,0.11662739515304565,0.12051690369844437,-0.00022640227689407766,0.01279509998857975,0.00018116444698534906,-0.0023164586164057255,-0.00027864211006090045,0.0004583846020977944,0.4827791452407837,0.4761262536048889,0.08628830313682556,0.08860809355974197,-0.0007206636946648359,-0.0007027316023595631,0.3025437295436859,0.2559260427951813,0.2561577260494232,0.0003354331711307168,0.05160629376769066,0.05786396563053131,-0.0015641695354133844,0.0022571564186364412,1.6984995632185473e-09,-1.3336538984276558e-08,7.756054287710867e-08,-1.7601996304961176e-08,7.900409570993361e-08,3.201188647494746e-08,-2.9169022752739693e-08,9.48226102082117e-08,-2.6300549293978293e-08,8.836388332156275e-08
00:00:08:37.616,61,9.158625857708103e-08,1.5087425753179673e-09,-2.97464435305983e-08,3.346242039015124e-08,-7.554888981076147e-08,0.0262136273086071,0.4234587550163269,-1.027435061473625e-07,-6.314367340110039e-08,-1.0132789718397817e-08,-4.282686916212697e-08,7.634982779336497e-08,0.026349935680627823,0.4237711429595947,0.06191843003034592,0.00020627453341148794,0.03065878339111805,0.19682857394218445,0.0013102811062708497,0.08397197723388672,-0.00045183420297689736,0.007466775365173817,0.0003234094474464655,0.20094501972198486,0.19758667051792145,-2.55809718510136e-05,-5.226790744927712e-05,0.051747627556324005,0.05094548687338829,0.11542925983667374,0.1192159354686737,-8.046031143749133e-05,0.01242760382592678,0.0005919146351516247,-0.0017159348353743553,-0.0003907100181095302,0.00034168019192293286,0.4666862189769745,0.46082717180252075,0.09371078759431839,0.09449779242277145,-0.0005410596495494246,-0.000593222095631063,0.30041661858558655,0.26112252473831177,0.26138755679130554,0.0003624450182542205,0.05571047216653824,0.06201065704226494,-0.001126372255384922,0.002710609929636121,2.875458537943132e-09,-8.75443184611413e-09,8.706003740144297e-08,-1.2386590420021548e-08,1.089368026896409e-07,4.0326266770307484e-08,-4.7832728000685165e-08,1.1926516663152142e-07,-4.4796614417919045e-08,1.3157725220480643e-07
00:00:08:37.633,61,1.0089483026831658e-07,7.264316259636416e-09,-3.658234959402762e-08,3.56044616012241e-08,-8.226372472108778e-08,0.02616589143872261,0.4021298289299011,-1.1275522382447889e-07,-6.623566406460668e-08,-4.5448542707049455e-09,-4.906673112259341e-08,8.950009799946201e-08,0.026315074414014816,0.4024358093738556,0.05691681057214737,0.00036882274434901774,0.030276551842689514,0.162421315908432,0.0007678932161070406,0.07048004865646362,-0.000577505852561444,0.007735317572951317,6.0979771660640836e-05,0.21425779163837433,0.20946837961673737,-3.480821760604158e-05,-5.774378951173276e-05,0.052154235541820526,0.051497600972652435,0.11213216185569763,0.11555126309394836,-3.3823253033915535e-05,0.011861521750688553,0.0006728172302246094,-0.001868848456069827,-0.000566233298741281,0.00015723764954600483,0.4308396577835083,0.4263685345649719,0.10026975721120834,0.09963709115982056,-0.0005557185504585505,-0.0006743684643879533,0.29215171933174133,0.2611584961414337,0.2614486813545227,0.00033026293385773897,0.05886361747980118,0.06556770205497742,-0.000329212547512725,0.0034724778961390257,2.8801150353530147e-09,-1.3969838619232178e-08,1.0330229827104631e-07,-1.8496066900297592e-08,1.1817552092452388e-07,4.548928700387478e-08,-4.857778534983481e-08,1.3518146602109482e-07,-4.4945625887748974e-08,1.3936310949702602e-07
00:00:08:39.650,61,9.275041179535037e-08,1.1827796519980893e-08,-3.750436050609096e-08,3.1590460025654465e-08,-7.474795182815797e-08,0.0273418091237545,0.35357865691185,-1.0338612099758393e-07,-5.779788025961352e-08,2.1234154434779384e-09,-4.698056699226072e-08,8.769333703639859e-08,0.027517471462488174,0.3538496792316437,0.04835011065006256,0.0005544235464185476,0.02929045632481575,0.12615978717803955,0.0005333557492122054,0.06812605261802673,-0.0006826925091445446,0.007718984968960285,-0.0002727078681346029,0.21385589241981506,0.20813781023025513,-7.264554733410478e-05,-0.00011513233039295301,0.04979386925697327,0.04941627383232117,0.10458695143461227,0.10777034610509872,0.0001906019460875541,0.011585178785026073,4.591956894728355e-05,-0.001593729597516358,-0.0011574047384783626,-0.0005384655087254941,0.36614611744880676,0.36304932832717896,0.10510334372520447,0.10300439596176147,-0.0006837901310063899,-0.000818470143713057,0.27755364775657654,0.2560531497001648,0.2563612163066864,0.00034647196298465133,0.0615018829703331,0.06845468282699585,0.0006653201417066157,0.004996263422071934,2.3900066370430295e-09,-1.6950071568544445e-08,1.0272488282225822e-07,-2.1886080503463745e-08,1.0710209608078003e-07,4.297355360449728e-08,-4.060566283214939e-08,1.2831762319365225e-07,-3.734603382099522e-08,1.2319534903326712e-07
00:00:08:39.666,61,9.153038149634085e-08,1.4882534316029705e-08,-3.948807858478176e-08,3.037042972664494e-08,-7.323920669932704e-08,0.026017608121037483,0.3004528880119324,-1.0196119859529063e-07,-5.5152924005597015e-08,6.4074994199359026e-09,-4.7581270479213345e-08,9.015202806494926e-08,0.026169471442699432,0.3006725013256073,0.04158526286482811,0.0004133647307753563,0.028792286291718483,0.0934901237487793,0.000577136583160609,0.0657544881105423,-0.0009656465263105929,0.006369294133037329,-0.0001946078409673646,0.21516241133213043,0.20926380157470703,-0.0002871137985493988,-0.00040047705988399684,0.0471363365650177,0.04715884104371071,0.09548792988061905,0.09983018040657043,0.00028242767439223826,0.011125019751489162,-0.0006596357561647892,-0.0009903775062412024,-0.0016578702488914132,-0.001009043655358255,0.2871945798397064,0.28522834181785583,0.0967479795217514,0.09408684074878693,-0.0008995705866254866,-0.0009816166711971164,0.25910359621047974,0.24380862712860107,0.24413137137889862,-0.000147193597513251,0.06566140055656433,0.07293162494897842,0.005734764505177736,0.010342509485781193,2.202577897847391e-09,-1.9650906679657965e-08,1.063570351789167e-07,-2.4903565432055075e-08,1.0466202837733363e-07,4.318077273524068e-08,-3.753229904646105e-08,1.2920237679736601e-07,-3.404915460691882e-08,1.1812895195362216e-07
00:00:08:41.683,61,7.395632906082028e-08,3.4775585078250515e-08,-4.8317016165810855e-08,1.9231810810538263e-08,-5.526468171979104e-08,0.025992345064878464,0.27115315198898315,-8.023344122420895e-08,-3.058463349248086e-08,3.3527612686157227e-08,-4.640780559839186e-08,9.587034810465411e-08,0.026131220161914825,0.27136096358299255,0.03556031361222267,0.0002669968525879085,0.026535697281360626,0.07654357701539993,0.0015810324111953378,0.06676793098449707,-0.0009595674346201122,0.006055598147213459,-8.68973511387594e-05,0.21717669069766998,0.20990979671478271,-0.00018244714010506868,-0.0004899656632915139,0.04321814700961113,0.04337932541966438,0.08222053200006485,0.08620056509971619,0.00036963223828934133,0.01128396112471819,-0.00039968412602320313,-0.000611803843639791,-0.002094688592478633,-0.0015188106335699558,0.24289759993553162,0.24036197364330292,0.09015573561191559,0.08690895885229111,-0.0007552450988441706,-0.000751621148083359,0.2388673722743988,0.2302270382642746,0.23055636882781982,-0.0003901361778844148,0.07122921943664551,0.07851617783308029,0.01585928164422512,0.020378299057483673,6.22821960671871e-10,-3.403052772910087e-08,1.1961907375734881e-07,-4.200264669407261e-08,7.864088047426776e-08,4.015164378756708e-08,-1.3336538984276558e-08,1.2175179620044219e-07,-9.55536982871763e-09,7.19353536737799e-08
00:00:08:41.699,61,9.499490261077881e-08,2.0414590906625563e-08,-4.457309898953099e-08,3.039836826701503e-08,-7.509253663329218e-08,0.02559184469282627,0.25429144501686096,-1.0532326655265933e-07,-5.4202974553163585e-08,1.2814998839871805e-08,-5.1078387741654296e-08,9.838491621394496e-08,0.025704193860292435,0.25449004769325256,0.031238190829753876,-1.9810198864433914e-05,0.02552667073905468,0.06302990764379501,0.002351001836359501,0.0678119957447052,-0.0012795745860785246,0.005827412474900484,-4.947917477693409e-05,0.2115097939968109,0.20366664230823517,-0.00021579713211394846,-0.0006965571665205061,0.03937907889485359,0.03963414952158928,0.07519126683473587,0.07972556352615356,0.00018163264030590653,0.0108487568795681,-0.00018877715046983212,5.137339394423179e-05,-0.0020372699946165085,-0.0014985735761001706,0.2119111269712448,0.2091885805130005,0.08488848060369492,0.08152639120817184,-0.0008641028543934226,-0.0007834666757844388,0.223414346575737,0.21411480009555817,0.21446098387241364,-0.00068411894608289,0.07364687323570251,0.08075546473264694,0.025647955015301704,0.03013194538652897,2.0139849787881303e-09,-2.4419277266929384e-08,1.1736526772665457e-07,-3.0491502656104785e-08,1.0691583440802788e-07,4.580942913889885e-08,-3.505498114009242e-08,1.377891720721891e-07,-3.149732918927839e-08,1.174956594240939e-07
00:00:08:43.716,61,9.624287145015842e-08,2.278014932244332e-08,-4.651024809732007e-08,3.037974138919708e-08,-7.574446669877943e-08,0.024794666096568108,0.2392977774143219,-1.0659918103783639e-07,-5.3700059510219944e-08,1.5236437889143417e-08,-5.247071399594461e-08,1.0162592189999486e-07,0.02488797716796398,0.23949618637561798,0.02821044996380806,-0.00010343663598177955,0.02375299483537674,0.05429363250732422,0.0028127538971602917,0.07097344100475311,-0.0009556108852848411,0.005336776841431856,0.00012272558524273336,0.20218059420585632,0.19439688324928284,-0.00011682123295031488,-0.0004795473942067474,0.0359722338616848,0.036324091255664825,0.06862773001194,0.07330570369958878,0.0005048182792961597,0.009903132915496826,1.2323856026341673e-05,0.0015354423085227609,-0.0016977570485323668,-0.0011983719887211919,0.1904447227716446,0.1875513792037964,0.08246155083179474,0.07926267385482788,-0.0006000053836032748,-0.0005111795617267489,0.20944242179393768,0.20070452988147736,0.20104973018169403,-0.0008154988172464073,0.0740099847316742,0.0811309814453125,0.030374111607670784,0.0349779836833477,1.9581056776019068e-09,-2.6226043559063328e-08,1.2168661100986355e-07,-3.2838432417747754e-08,1.0764226487935957e-07,4.6822243859878654e-08,-3.419816607674875e-08,1.4108606194440654e-07,-3.0286610552821e-08,1.1678785227786648e-07
00:00:08:43.733,61,8.418224695105891e-08,1.7434357957313296e-08,-3.8761644560736386e-08,2.7092173837672817e-08,-6.672926389228451e-08,0.025335779413580894,0.22039352357387543,-9.323470351318974e-08,-4.859641222765276e-08,9.983778248567887e-09,-4.493631422519684e-08,8.624046898830784e-08,0.025426242500543594,0.22057919204235077,0.026134084910154343,-0.0001340388844255358,0.02267576940357685,0.0480998232960701,0.003725475864484906,0.07270510494709015,-0.0015606009401381016,0.00550318555906415,9.687680721981451e-05,0.19380027055740356,0.18604148924350739,-1.1460781024652533e-05,-0.0006059634615667164,0.03347105532884598,0.033794745802879333,0.06559418886899948,0.06958568841218948,0.0004750862717628479,0.009168633259832859,-0.00014526754966937006,0.0020954525098204613,-0.0013772838283330202,-0.0009296795469708741,0.1767619103193283,0.17413344979286194,0.07777024060487747,0.07485268265008926,-0.0003331351326778531,-0.0002541696885600686,0.20139501988887787,0.191065713763237,0.19141033291816711,-0.000897853693459183,0.07337270677089691,0.08023201674222946,0.0319005623459816,0.03651895001530647,1.8265563506147942e-09,-2.0954757928848267e-08,1.0244548320770264e-07,-2.6319176171796244e-08,9.48458875882352e-08,4.028901301467158e-08,-3.17767252511203e-08,1.2123956594223273e-07,-2.849847113850501e-08,1.0497868174752512e-07
00:00:08:45.750,61,8.281320162950578e-08,2.0004808476414837e-08,-4.056841262922717e-08,2.5965272598682532e-08,-6.511807271181169e-08,0.02487838827073574,0.21218740940093994,-9.156763525197675e-08,-4.582107138162428e-08,1.4044344354147142e-08,-4.540197551250458e-08,8.832662956592685e-08,0.024959225207567215,0.21238155663013458,0.024249505251646042,-0.00019442763004917651,0.021968262270092964,0.04632480442523956,0.003985119052231312,0.07393669337034225,-0.0014718306483700871,0.00531689403578639,0.00015511276433244348,0.18081161379814148,0.172535702586174,7.497474871343002e-05,-0.0004930873401463032,0.03143831714987755,0.03171829134225845,0.06462416052818298,0.06879917532205582,0.0005454844213090837,0.008571263402700424,-0.00013059601769782603,0.003009900450706482,-0.0010937880724668503,-0.0006881016306579113,0.16904453933238983,0.16642217338085175,0.07150917500257492,0.06818117201328278,-0.0005267721135169268,-0.00043050467502325773,0.19580426812171936,0.18156570196151733,0.18190273642539978,-0.0009446941548958421,0.07063024491071701,0.07695771753787994,0.027117030695080757,0.0313127264380455,1.6461126906008872e-09,-2.309679913992113e-08,1.0542571260430122e-07,-2.8684734587614003e-08,9.25175811516965e-08,4.04031013090389e-08,-2.8833746057443932e-08,1.2178905706150545e-07,-2.5425105576459828e-08,9.991228466788016e-08
00:00:08:45.766,61,4.597008285145421e-08,8.679926111199165e-09,-2.0600856132091394e-08,1.4994293806580572e-08,-3.6507845635469494e-08,0.026780562475323677,0.21355368196964264,-5.094334554200941e-08,-2.7082860398763842e-08,4.5448542707049455e-09,-2.4116598495993458e-08,4.6249478913296116e-08,0.026871610432863235,0.21374128758907318,0.022533385083079338,-0.0002894194039981812,0.020010899752378464,0.04687095806002617,0.005280016455799341,0.076722651720047,-0.0010564035037532449,0.005059711169451475,0.00020094601495657116,0.16237150132656097,0.15577784180641174,-1.312941276410129e-05,-0.000594056851696223,0.029463594779372215,0.029779376462101936,0.062298551201820374,0.0664624497294426,0.00038525223499163985,0.008355257101356983,-0.00021323160035535693,0.0032077343203127384,-0.000879787199664861,-0.00044163025449961424,0.16445587575435638,0.16231021285057068,0.061556003987789154,0.05880630388855934,-0.0003804040024988353,-0.0002574247191660106,0.19443771243095398,0.1734447479248047,0.17377334833145142,-0.0009597819298505783,0.06725048273801804,0.07377281039953232,0.019346831366419792,0.023467447608709335,1.0360963198507989e-09,-1.0523945270790591e-08,5.4836274188119205e-08,-1.3560057077199872e-08,5.232170252611468e-08,2.1862797794369726e-08,-1.8049030714450964e-08,6.560236442965106e-08,-1.6130506708122994e-08,5.826354154692126e-08
00:00:08:46.783,61,5.052424967288971e-08,-4.3027101881421e-09,-1.274049310495684e-08,1.9734725853481905e-08,-4.253350027738634e-08,0.02707507647573948,0.22929838299751282,-5.744397668649981e-08,-3.824010619268847e-08,-1.1846423397798844e-08,-2.170912871690689e-08,3.660097647184557e-08,0.027166984975337982,0.2294742465019226,0.021632222458720207,-0.00015205606177914888,0.018090015277266502,0.05303655564785004,0.010721880942583084,0.0660514384508133,-0.00011743545474018902,0.00508956890553236,0.00020068808225914836,0.14101925492286682,0.1353975236415863,5.803853127872571e-06,-0.000542410823982209,0.029079651460051537,0.029369456693530083,0.0661001205444336,0.06952915340662003,0.0005025172140449286,0.008520999923348427,-0.0004231074417475611,0.0012217606417834759,-0.0002649158122949302,0.000249015458393842,0.16157396137714386,0.15921220183372498,0.03396952524781227,0.03086818754673004,-0.00047552824253216386,-0.00035164476139470935,0.19628402590751648,0.16639366745948792,0.16672837734222412,-0.0007116774213500321,0.06174758821725845,0.06743410974740982,0.00621392298489809,0.008926884271204472,1.83004889020566e-09,-7.450580707946131e-10,4.012137821973738e-08,-1.6018748549839756e-09,6.113201322932582e-08,2.0866282923748258e-08,-3.0025841368797046e-08,6.172805910864554e-08,-2.834945966867508e-08,7.82310962677002e-08
00:00:08:48.800,61,5.096197241982736e-08,6.929040008429865e-09,-2.1122396276496147e-08,1.7248094508204304e-08,-4.0978193283081055e-08,0.02932749316096306,0.25665390491485596,-5.679205017372624e-08,-3.157183670055019e-08,1.8998980166884394e-09,-2.5876797593582523e-08,4.8801304330936546e-08,0.02945428155362606,0.25686636567115784,0.02066897787153721,5.98280894337222e-05,0.013115921057760715,0.06180265545845032,0.033406469970941544,0.04055752605199814,0.0002758038172032684,0.005885453894734383,0.0002063882420770824,0.10797694325447083,0.10414901375770569,0.00021092980750836432,-0.00010507822298677638,0.03029596246778965,0.03039485402405262,0.06879838556051254,0.06914976984262466,0.0028223406989127398,0.01137622818350792,-0.00038680731086060405,0.0006407371256500483,0.00032531589386053383,0.000941997452173382,0.1430780440568924,0.1402989625930786,0.005833953619003296,0.004126489628106356,-0.0004036927130073309,-0.00034762322320602834,0.20425783097743988,0.16322208940982819,0.1635499894618988,-0.0006554384017363191,0.05549035966396332,0.06112699210643768,0.00105328019708395,0.002310525393113494,1.2863893283920902e-09,-9.685754420729609e-09,5.7220457705398076e-08,-1.2591481635126911e-08,5.885958742624098e-08,2.3755710287787224e-08,-2.2072345728929577e-08,7.089227693768407e-08,-2.0004808476414837e-08,6.709247912795036e-08
00:00:08:48.816,61,7.319263772842532e-08,3.0361115843646758e-09,-2.5350599841544863e-08,2.6384368467802233e-08,-6.009824460306845e-08,0.029383650049567223,0.27613794803619385,-8.231960180182796e-08,-4.952773480226824e-08,-5.774199784980283e-09,-3.4943223425898395e-08,6.295740462292088e-08,0.02953762747347355,0.2764465808868408,0.0211685411632061,0.00042130230576731265,0.004572351463139057,0.0703510195016861,0.06965024024248123,0.00439868401736021,0.0007886880775913596,0.008648130111396313,0.00016217453230638057,0.07775292545557022,0.07360293716192245,0.0007137384964153171,0.00019780783622991294,0.03214640915393829,0.03162996470928192,0.08053220808506012,0.07403937727212906,0.021537868306040764,0.018669622018933296,-0.001349991885945201,0.0004755579575430602,0.0007221472915261984,0.001405603252351284,0.11562793701887131,0.11105327308177948,0.00019084989617113024,0.0005088627221994102,-0.00026133598294109106,-0.00037906228681094944,0.2125483900308609,0.15999694168567657,0.16032040119171143,-5.158804196980782e-05,0.047886695712804794,0.05333440750837326,4.179567258688621e-05,0.00041194618097506464,2.2107269348481395e-09,-8.642673243741683e-09,7.234513788034747e-08,-1.1678785050150964e-08,8.609146107119159e-08,3.250082869499238e-08,-3.680586857512935e-08,9.687617108511404e-08,-3.3974647095647015e-08,1.0348856704922582e-07
00:00:08:50.833,61,1.460779515127797e-07,1.7881393032936899e-09,-4.7180801487911594e-08,5.354173637783788e-08,-1.2050382736106258e-07,0.03141658008098602,0.29550138115882874,-1.6440637296000205e-07,-1.0142102979671108e-07,-1.668930060816365e-08,-6.832647869714492e-08,1.215003493371114e-07,0.03159250319004059,0.2958669364452362,0.022416405379772186,0.0007197551312856376,0.00011502057168399915,0.07926243543624878,0.08947999030351639,0.0013361376477405429,0.0012608659453690052,0.010623153299093246,0.00010967777780024335,0.04834110662341118,0.04512105882167816,-2.0106434021727182e-05,-0.0005381953669711947,0.03351622447371483,0.03263873606920242,0.08678152412176132,0.07562875002622604,0.036912526935338974,0.02550891414284706,-0.001517689786851406,0.0005591024528257549,0.0011450216406956315,0.002005771966651082,0.1057511419057846,0.09978590160608292,-0.001869196887128055,-0.0005029362509958446,-0.0005752918077632785,-0.0007793551776558161,0.22129876911640167,0.16028794646263123,0.16058744490146637,0.0004671446222346276,0.0432850681245327,0.04887335002422333,-0.0007102721720002592,-0.0007822611951269209,4.58909177325495e-09,-1.3969838619232178e-08,1.3690441846847534e-07,-1.862645149230957e-08,1.7210841463111137e-07,6.360700410823483e-08,-7.649883571048122e-08,1.8953345204408834e-07,-7.156282322284824e-08,2.1010637851759384e-07
00:00:08:50.849,61,1.4108606194440654e-07,1.3038515822572094e-09,-4.5411287175056714e-08,5.1818787483171036e-08,-1.1652708309384252e-07,0.0341382659971714,0.3070920705795288,-1.5867874481045874e-07,-9.831040870267316e-08,-1.654028913833372e-08,-6.590038736931092e-08,1.1697411395061863e-07,0.03432014584541321,0.30746990442276,0.022483399137854576,0.0008133561932481825,-0.001786568434908986,0.08408252894878387,0.09823884814977646,0.001267232932150364,0.0014876807108521461,0.01114160567522049,6.218124326551333e-05,0.03715525567531586,0.03497578203678131,0.0006509337108582258,8.224904740927741e-05,0.03362279012799263,0.03255731984972954,0.09142164140939713,0.07822452485561371,0.04168169945478439,0.028268475085496902,-0.0016812424873933196,0.0011617513373494148,0.0011307420209050179,0.002048070542514324,0.10263879597187042,0.09622101485729218,-0.0019026935333386064,7.124006515368819e-05,-0.0005780530045740306,-0.0007930254796519876,0.2288355976343155,0.16041523218154907,0.16069507598876953,0.0007748702773824334,0.03951297327876091,0.04549061879515648,-0.0010958656203001738,-0.0010236379457637668,4.465691816335493e-09,-1.3262033249361593e-08,1.3180077473862184e-07,-1.7788261530427008e-08,1.6657635626415868e-07,6.144168196442479e-08,-7.446855221360238e-08,1.829117479701381e-07,-6.942078556448905e-08,2.0321458293892647e-07
00:00:08:52.866,61,1.5033408828912798e-07,1.6763805898989403e-09,-4.8615039105470714e-08,5.5218116301603004e-08,-1.242011791191544e-07,0.03771742805838585,0.3199615180492401,-1.6935169355747348e-07,-1.0449439002968575e-07,-1.7471611712949198e-08,-7.02729465729135e-08,1.2475997834826558e-07,0.03790847957134247,0.3203558623790741,0.02310969866812229,0.0008534917142242193,-0.0023075456265360117,0.08737554401159286,0.10328134894371033,0.0015723275719210505,0.0024432276841253042,0.011778775602579117,4.206556695862673e-05,0.01811634749174118,0.017466718330979347,0.0008109640912152827,0.00035548568121157587,0.03338973596692085,0.03215904161334038,0.09496232122182846,0.08138981461524963,0.04349122196435928,0.030300026759505272,-0.001682284870184958,0.001210976974107325,0.0010423408821225166,0.0020033938344568014,0.09886393696069717,0.0927877202630043,-0.0022294444497674704,-9.369433246320114e-05,-0.0006005084724165499,-0.0008212602115236223,0.2383279651403427,0.1637732833623886,0.16405439376831055,0.001056929468177259,0.037871669977903366,0.04391073063015938,-0.0011956265661865473,-0.0011514946818351746,4.738103687174089e-09,-1.4547258508912364e-08,1.4076009335894923e-07,-1.8980353289066443e-08,1.7739832003371703e-07,6.556976472893439e-08,-7.919967259795158e-08,1.9514001792231284e-07,-7.383525257864676e-08,2.1640211400608678e-07
00:00:08:52.883,61,1.214444580455165e-07,8.90344420412248e-09,-4.455447211171304e-08,4.285015009486415e-08,-9.914860044091256e-08,0.04216078668832779,0.3283270001411438,-1.360382952952932e-07,-7.998198015002345e-08,-4.954636256826461e-09,-5.9371814131736755e-08,1.0829418783941946e-07,0.04236483946442604,0.3287193179130554,0.02373887598514557,0.0008877291693352163,-0.002635733224451542,0.09288202971220016,0.1118692085146904,0.0018368613673374057,0.005009375978261232,0.012049526907503605,3.872215893352404e-05,0.006059968378394842,0.006519262678921223,0.0024096709676086903,0.0021361589897423983,0.033419035375118256,0.032018136233091354,0.10068528354167938,0.08672532439231873,0.04448965936899185,0.03196071833372116,-0.0019404074409976602,0.0012532955734059215,0.0006095170392654836,0.0015546667855232954,0.09625547379255295,0.09061025828123093,-0.0021101951133459806,-5.383372263167985e-05,-0.0007448983378708363,-0.0009700339869596064,0.24516452848911285,0.17046363651752472,0.17076218128204346,0.000984897487796843,0.03695351257920265,0.04280215874314308,-0.0012242367956787348,-0.0013300200225785375,3.45404260748694e-09,-1.7471611712949198e-08,1.2475997834826558e-07,-2.257525899551638e-08,1.4144927718007239e-07,5.4740812771569836e-08,-5.837529926111529e-08,1.6315840412062244e-07,-5.414709391970973e-08,1.6745180175803398e-07
00:00:08:54.900,61,1.4092773881202447e-07,1.2293458473422447e-09,-4.524365238012251e-08,5.170702976897701e-08,-1.165177678785767e-07,0.04748266190290451,0.33171433210372925,-1.586135454090254e-07,-9.799376243790903e-08,-1.6801060098714515e-08,-6.573274902166304e-08,1.166574676858545e-07,0.0476924367249012,0.332101434469223,0.024134881794452667,0.0007682004361413419,-0.002229065867140889,0.10098148137331009,0.12026283890008926,0.0047479066997766495,0.010870899073779583,0.01214100606739521,3.760352774406783e-05,0.0007022685022093356,0.0014795297756791115,0.014326184056699276,0.01447700709104538,0.032761313021183014,0.031118368729948997,0.10528337210416794,0.0921534076333046,0.03975479304790497,0.03250601142644882,-0.0016011944971978664,0.0008836209890432656,0.0002510394260752946,0.001151339733041823,0.09591837227344513,0.09114453941583633,-0.0018629366531968117,-0.00012704193068202585,-0.0008541906136088073,-0.0010754382237792015,0.2539902627468109,0.17524971067905426,0.1755571961402893,0.0010209314059466124,0.03923970088362694,0.04470441862940788,-0.0004489889834076166,-0.0009025236940942705,4.45172210206124e-09,-1.3392418729551991e-08,1.316145130658697e-07,-1.7601996304961176e-08,1.6624107956886292e-07,6.13369053326096e-08,-7.409602176267072e-08,1.8242747046315344e-07,-6.943940888959332e-08,2.0269304457087856e-07
00:00:08:54.916,61,9.557232516499425e-08,-2.1606683109354208e-09,-2.851709801632296e-08,3.5790726826689934e-08,-7.955357261835161e-08,0.050011374056339264,0.3274436295032501,-1.0773539571573565e-07,-6.845220923423767e-08,-1.5161932154228452e-08,-4.339963055599583e-08,7.579102856425379e-08,0.05022425204515457,0.32779303193092346,0.024932529777288437,0.0005407706485129893,-0.0017956766532734036,0.11661869287490845,0.1327381730079651,0.027350956574082375,0.050664592534303665,0.011452061124145985,5.81467138545122e-05,-0.0013086318504065275,0.0006010031793266535,0.059402357786893845,0.060315776616334915,0.030104540288448334,0.028382545337080956,0.10707536339759827,0.09537025541067123,0.030270017683506012,0.03127965331077576,-0.0014372568111866713,0.0006877985433675349,-0.00028275951626710594,0.0005471389158628881,0.09319102019071579,0.08883190900087357,-0.0017326403176411986,0.00020551084890030324,-0.0005154049140401185,-0.0006832027575001121,0.2590102255344391,0.17646817862987518,0.17676201462745667,0.0013101372169330716,0.04074835777282715,0.04609217494726181,-0.00018075019761454314,-0.00047950432053767145,3.1571836256460983e-09,-6.556510889765832e-09,8.512288474094021e-08,-8.977949939037444e-09,1.1386349996200806e-07,4.099449313343939e-08,-5.2601098587956585e-08,1.216027953887533e-07,-4.954636168008619e-08,1.402944320716415e-07
00:00:08:56.933,61,1.1838972824307348e-07,-5.383044676676718e-09,-3.3192335990861466e-08,4.4982879643384877e-08,-9.901821584890058e-08,0.05159766227006912,0.3282860815525055,-1.3411975885446736e-07,-8.638948401085145e-08,-2.227723605585652e-08,-5.297362903888825e-08,9.13813735792246e-08,0.051794033497571945,0.3285902440547943,0.02403244748711586,0.00018954694678541273,0.00018541932513471693,0.1287781000137329,0.13626201450824738,0.0881497859954834,0.12206368148326874,0.011290517635643482,-0.00014457784709520638,-0.00046797990216873586,0.000824660062789917,0.11179856956005096,0.11339426040649414,0.02394278533756733,0.022092409431934357,0.10126237571239471,0.09243438392877579,0.01631835289299488,0.02641822025179863,-0.001753564807586372,0.0006458212155848742,-0.0010230278130620718,-0.00033989211078733206,0.08534063398838043,0.08100597560405731,-0.001305307145230472,0.0005028676823712885,-0.0006794333457946777,-0.0008111292263492942,0.26098906993865967,0.1736900508403778,0.17399528622627258,0.001848236657679081,0.04002254083752632,0.04459274932742119,-0.00032857953920029104,0.00023138165124692023,4.065222825033743e-09,-5.811452652437765e-09,1.0047107679156397e-07,-8.456408906454271e-09,1.41095370054245e-07,4.980247325647724e-08,-6.72414870450666e-08,1.481268583347628e-07,-6.340444258512434e-08,1.7710030419948453e-07
00:00:08:56.949,61,1.0218471402367868e-07,7.078051478259795e-10,-3.2689420947917824e-08,3.756955280209695e-08,-8.452683886162049e-08,0.0525311678647995,0.31823113560676575,-1.1515803777228939e-07,-7.148832281700379e-08,-1.2703240237499358e-08,-4.760920901958343e-08,8.450820843108886e-08,0.052717212587594986,0.3184989392757416,0.022976502776145935,-7.610343163833022e-05,0.0015920609002932906,0.14097705483436584,0.13039250671863556,0.1512395590543747,0.19201605021953583,0.010595805943012238,-0.000432525179348886,-0.0010849100071936846,-7.896780880400911e-05,0.14531873166561127,0.14751498401165009,0.01839481107890606,0.016536541283130646,0.09430260956287384,0.08771297335624695,0.0076284389942884445,0.022659750655293465,-0.0015179088804870844,7.093429303495213e-05,-0.0013798314612358809,-0.0008126167231239378,0.08465385437011719,0.07932421565055847,-0.0016219126991927624,-0.0005301201599650085,-0.0005435514613054693,-0.0005939406109973788,0.2522885799407959,0.16352440416812897,0.16381363570690155,0.00271950988098979,0.034868814051151276,0.0390293188393116,-0.0004909688141196966,5.33479469595477e-05,3.2258684612429533e-09,-9.201467143782338e-09,9.432434922018729e-08,-1.2293457807288632e-08,1.201964892061369e-07,4.419824151113971e-08,-5.3886324735685776e-08,1.3197772830153554e-07,-5.042180362124782e-08,1.4737248932306102e-07
00:00:08:58.966,61,9.620562479994987e-08,1.2014060857268305e-08,-3.8826836856742375e-08,3.273598991881954e-08,-7.76816193592822e-08,0.05337309464812279,0.31322965025901794,-1.0736286526480399e-07,-6.021932108524197e-08,2.197921178392903e-09,-4.874542369748269e-08,9.087845853628096e-08,0.053557395935058594,0.31347301602363586,0.021484000608325005,-0.00016471325943712145,0.0027947784401476383,0.14442144334316254,0.12220718711614609,0.1904626041650772,0.2305174320936203,0.009923222474753857,-0.00044972338946536183,-0.001578734489157796,-0.0006788945174776018,0.1591520756483078,0.16153810918331146,0.014818540774285793,0.013008635491132736,0.09050743281841278,0.08485636115074158,0.004210365936160088,0.020342614501714706,-0.001310984487645328,-0.00022523805091623217,-0.0012027486227452755,-0.0007422789931297302,0.08756334334611893,0.08130638301372528,-0.001944574061781168,-0.0011866259155794978,-0.0003305280115455389,-0.00035160602419637144,0.23770706355571747,0.15100525319576263,0.15126794576644897,0.0032595819793641567,0.02864585444331169,0.032658349722623825,-0.0007463610381819308,-0.00044026016257703304,2.4831388056867354e-09,-1.7620623182779127e-08,1.0540708927919695e-07,-2.2314488035135582e-08,1.1015683298865042e-07,4.419824151113971e-08,-4.2393804022822223e-08,1.3251788288926036e-07,-3.853812913234833e-08,1.274049310495684e-07
00:00:08:58.983,61,8.924864403070387e-08,2.0340085171710598e-08,-4.2729080718117984e-08,2.8153881004300274e-08,-7.04452389754806e-08,0.05243231728672981,0.30978110432624817,-9.866431582850055e-08,-4.9863011497564e-08,1.3485550454106487e-08,-4.850328139127669e-08,9.402632628052743e-08,0.05260124057531357,0.3100194036960602,0.020441537722945213,-0.0001923798699863255,0.0033077446278184652,0.1331765204668045,0.10871665924787521,0.199507936835289,0.23822852969169617,0.009112562984228134,-0.00032653368543833494,-0.0016550112050026655,-0.0007613742491230369,0.1587623655796051,0.1611294001340866,0.012108981609344482,0.010303213261067867,0.08594486862421036,0.08151767402887344,0.002582477405667305,0.018232643604278564,-0.0013312606606632471,-0.00031299085821956396,-0.0005119597772136331,-0.00011096257367171347,0.08201053738594055,0.07542348653078079,-0.001985720358788967,-0.0013613736955448985,-0.00022563159291166812,-0.0002178257709601894,0.21619901061058044,0.13394257426261902,0.1341749131679535,0.003715954953804612,0.024062270298600197,0.027980662882328033,-0.000673557398840785,-0.00039935021777637303,1.8335413187742233e-09,-2.3934990878160534e-08,1.1144206268909329e-07,-2.9727816652780348e-08,9.9726022995128e-08,4.3136534344512256e-08,-3.2242386538428036e-08,1.3002660637084773e-07,-2.8386711647954144e-08,1.0874122580162293e-07
00:00:09:00.000,61,7.887371111792163e-08,9.424984348527232e-09,-3.1674279199478406e-08,2.681277777583091e-08,-6.363727322877821e-08,0.05029773712158203,0.30779048800468445,-8.780509119787894e-08,-4.930421582116651e-08,1.19209286886246e-09,-3.989320163100274e-08,7.43009138659545e-08,0.05044848471879959,0.30802738666534424,0.01858816295862198,-0.00012334928032942116,0.0034361109137535095,0.11332470178604126,0.08991918712854385,0.17657442390918732,0.21153968572616577,0.008363021537661552,-0.00021678015764337033,-0.0017508190358057618,-0.000651319045573473,0.14603079855442047,0.14860066771507263,0.010679343715310097,0.008887184783816338,0.08075343072414398,0.07710324227809906,0.0019874810241162777,0.016400763764977455,-0.0012409628834575415,-0.0005730572156608105,0.0002385348780080676,0.0006172173307277262,0.0731407031416893,0.06678642332553864,-0.0021360390819609165,-0.001278734765946865,-0.0002145695616491139,-0.00022727251052856445,0.19381850957870483,0.11514580994844437,0.1153576672077179,0.003803855739533901,0.020533597096800804,0.02473626658320427,-0.0004284292517695576,-0.0002263211499666795,2.040760671562225e-09,-1.4360994171624952e-08,8.607283064065996e-08,-1.814216332718388e-08,9.05059280853493e-08,3.610504961670813e-08,-3.4943223425898395e-08,1.083733494056105e-07,-3.194436359876818e-08,1.0482966672498151e-07
00:00:09:00.016,61,6.688758702466657e-08,-5.56930901396413e-09,-1.702457730345941e-08,2.588145520121543e-08,-5.620531595695866e-08,0.049228280782699585,0.30753177404403687,-7.556751313586574e-08,-5.008652692595206e-08,-1.5310943624058382e-08,-2.9038638160727714e-08,4.9248338740426334e-08,0.049359750002622604,0.3077597916126251,0.017011132091283798,-2.7559772206586786e-05,0.0029305669013410807,0.09598341584205627,0.07216956466436386,0.15213869512081146,0.17286895215511322,0.007863384671509266,-0.0001469457638449967,-0.0020745175424963236,-0.0011589914793148637,0.12948614358901978,0.13210587203502655,0.009417650289833546,0.0075384569354355335,0.0757903978228569,0.07258470356464386,0.001233340473845601,0.014663768000900745,-0.0008042273111641407,-0.0004225148295518011,0.00036050527705810964,0.0006945859058760107,0.06680263578891754,0.06065305694937706,-0.001584429177455604,-0.0006576436571776867,-0.00010665059380698949,-0.000196383596630767,0.18233917653560638,0.10217098146677017,0.10237258672714233,0.0035492307506501675,0.01699989289045334,0.021046901121735573,-0.0004592263721860945,-0.000629728427156806,2.3969914941801562e-09,-1.4342367293807001e-09,5.327165197854811e-08,-2.514570995870713e-09,8.041038768169528e-08,2.749496985643418e-08,-3.9730220890987766e-08,8.164439435631721e-08,-3.7644056760655076e-08,1.0233372194079493e-07
00:00:09:01.033,61,6.261281981778666e-08,-1.0710209608078003e-08,-1.193955512235334e-08,2.5536865067010694e-08,-5.3551048040390015e-08,0.04471895843744278,0.306661993265152,-7.126480028318838e-08,-5.031004590705379e-08,-2.1588057563803886e-08,-2.5201588371714934e-08,4.0363520525943386e-08,0.04482732713222504,0.3068568706512451,0.014217558316886425,3.4667922591324896e-05,0.0036817642394453287,0.07751081138849258,0.05901476368308067,0.13564281165599823,0.15219499170780182,0.007305854931473732,-0.00012190947018098086,-0.0020701424218714237,-0.0009908166248351336,0.10140694677829742,0.10401500761508942,0.009069601073861122,0.00740089314058423,0.06776517629623413,0.06633958965539932,0.00047959625953808427,0.01327885314822197,-0.000352822826243937,-0.0006687654531560838,0.0004329229413997382,0.0007395357824862003,0.059875164180994034,0.0541347898542881,-0.0013846894726157188,-0.000491732032969594,-1.3480186680681072e-05,-0.00013964236131869256,0.16749346256256104,0.09461987763643265,0.09481033682823181,0.0033488208428025246,0.015261674299836159,0.019069354981184006,-0.0004792416002601385,-0.0005901908734813333,2.5285407101449664e-09,3.0361115843646758e-09,4.190951585769653e-08,3.0174851506359346e-09,7.699243553815904e-08,2.4412292631836863e-08,-4.1462481448206745e-08,7.206573826579188e-08,-3.963709005461169e-08,1.0162592189999486e-07
00:00:09:03.050,61,4.516914486885071e-08,-6.873160707243642e-09,-9.164214276324856e-09,1.8216669062098845e-08,-3.8594006213088505e-08,0.040201835334300995,0.3020309805870056,-5.134381453331116e-08,-3.5874546000513874e-08,-1.4603138254187797e-08,-1.8426216996658695e-08,2.976506863205941e-08,0.04029868170619011,0.3022336959838867,0.012267054058611393,5.767613765783608e-05,0.0038534742780029774,0.06536095589399338,0.050249576568603516,0.12403836846351624,0.12262959778308868,0.007127316668629646,-5.089618207421154e-05,-0.001963532529771328,-0.0012039351277053356,0.06689242273569107,0.0686735138297081,0.009214133024215698,0.0076140593737363815,0.06699256598949432,0.06750345975160599,0.00015724539116490632,0.012637147679924965,-0.00017813191516324878,-0.0009318444062955678,0.0003977419401053339,0.0006158557371236384,0.06300263106822968,0.05844339728355408,-0.0002856063947547227,0.0005378627683967352,-0.0001314222754444927,-0.00027701081125997007,0.1599787473678589,0.09153848886489868,0.0917268916964531,0.002810594392940402,0.014326074160635471,0.018332667648792267,-0.00043021320016123354,-0.0004080927465111017,1.7834826948615046e-09,1.695007134649984e-09,3.132969084163051e-08,1.3038515822572094e-09,5.565583549582698e-08,1.7823186482246456e-08,-2.942979371312049e-08,5.237758315956853e-08,-2.7790665768634426e-08,7.305294502657489e-08
00:00:09:03.066,61,7.431954163195087e-09,-6.668269492138279e-09,2.5890767307856777e-09,4.21889145840737e-09,-7.32019556082264e-09,0.035233572125434875,0.29434555768966675,-8.577480947735694e-09,-9.108334531049422e-09,-9.015202806494926e-09,-1.0384246795780427e-09,-7.636845045233542e-10,0.03533737361431122,0.2945649027824402,0.011895366944372654,0.00011145367898279801,0.003546202788129449,0.05641763657331467,0.03969484195113182,0.1247704029083252,0.08788427710533142,0.00714237941429019,-0.00022010762768331915,-0.0002469083701726049,-0.0005113877123221755,0.027799835428595543,0.028806058689951897,0.010082801803946495,0.008554470725357533,0.06662634015083313,0.06841488927602768,0.0002560734865255654,0.011329062283039093,-0.00011112280481029302,-0.0012288421858102083,0.0001132605248130858,0.00038099451921880245,0.07605256885290146,0.07138215005397797,0.0020460812374949455,0.0025094631128013134,-0.0004186451551504433,-0.000508788216393441,0.1471206545829773,0.08789855986833572,0.08809379488229752,0.001976772677153349,0.016358062624931335,0.021281380206346512,-0.000685525534208864,0.00018859267584048212,5.704350880542108e-10,4.991889124283944e-09,-2.5518238633281953e-09,5.234032762757579e-09,1.1324882365215672e-08,1.706648600219296e-09,-9.089708541409891e-09,4.190951585769653e-09,-8.717178978656648e-09,1.8067657592268915e-08
00:00:09:05.083,61,4.93600982309772e-09,-1.5087425753179673e-09,-2.0489096530518225e-10,2.2817403522168433e-09,-4.4144687905145474e-09,0.03296627104282379,0.28371697664260864,-5.494803279049165e-09,-4.5448542707049455e-09,-2.9802322831784522e-09,-1.5879050296874198e-09,2.1420418772066796e-09,0.03306429460644722,0.2839256227016449,0.0111288633197546,5.280751793179661e-05,0.004670539405196905,0.05764252692461014,0.031871721148490906,0.1634858250617981,0.07136311382055283,0.0065570916049182415,-0.00017184560419991612,0.0007722918526269495,0.0005837042117491364,0.005170792806893587,0.005477651488035917,0.01085846871137619,0.009669117629528046,0.0706479623913765,0.07533684372901917,0.00041632296051830053,0.010663343593478203,0.00010808065417222679,-0.0018881510477513075,6.051018863217905e-05,0.00036766380071640015,0.11627429723739624,0.11230825632810593,0.010526222176849842,0.011437860317528248,-9.619593583920505e-06,-0.00011450588499428704,0.1331343799829483,0.08092695474624634,0.081106998026371,0.0017839930951595306,0.018478335812687874,0.023964237421751022,-0.0009350618929602206,0.0009681430528871715,2.3981555630214757e-10,1.3597309944657354e-09,2.421438605182402e-09,9.87201875801702e-10,7.227063392178934e-09,1.8952415192785566e-09,-3.9860608147535e-09,4.954636256826461e-09,-3.706663864733173e-09,9.834766778737958e-09
00:00:09:05.099,61,7.143244218354994e-09,1.687556583362948e-08,-1.4454126784357868e-08,-1.31316479912158e-09,-3.0640512349577875e-09,0.03194214031100273,0.281756192445755,-6.081536607638327e-09,5.587935447692871e-09,1.9855797006584908e-08,-9.085051821955403e-09,2.292916256863009e-08,0.032036833465099335,0.28192025423049927,0.009921860881149769,0.00019898280152119696,0.006634808611124754,0.0729561373591423,0.01963018625974655,0.2008320838212967,0.0438857302069664,0.0057678245939314365,-0.0003477387363091111,0.0014458837686106563,0.001627023215405643,0.0034041753970086575,0.003426313167437911,0.011489782482385635,0.010216282680630684,0.072535440325737,0.07713621854782104,-0.00015918313874863088,0.010307789780199528,-0.0007196808001026511,-0.0015436086105182767,-2.693571150302887e-05,0.00033099562278948724,0.17569568753242493,0.17144463956356049,0.037274159491062164,0.0385545939207077,0.001120206667110324,0.0009686422417871654,0.12584666907787323,0.07653132826089859,0.07668189704418182,0.0016810507513582706,0.019079245626926422,0.0246250219643116,-0.0016938671469688416,0.001594527973793447,-6.100162597277858e-10,-1.4044344354147142e-08,3.227964029406394e-08,-1.72108407525684e-08,4.93600982309772e-09,7.275957614183426e-09,8.959323061219493e-09,2.2184103443123604e-08,9.573995818357162e-09,-6.631016624680797e-09
00:00:09:07.116,61,3.123656000525443e-08,7.040798610802312e-09,-1.478940259147521e-08,9.899959074743947e-09,-2.4652107910583254e-08,0.033905401825904846,0.28282424807548523,-3.413297378074276e-08,-1.734122712093722e-08,4.2095780194983945e-09,-1.672655258744271e-08,3.250315927516567e-08,0.034006983041763306,0.28296521306037903,0.010932075791060925,0.0002286304224980995,0.010619697161018848,0.09592591971158981,0.017425142228603363,0.20970222353935242,0.026064986363053322,0.005333023611456156,-0.00022651314793620259,0.003258022479712963,0.00524747371673584,0.0017388283740729094,0.0015464937314391136,0.012256980873644352,0.011050376109778881,0.07605638355016708,0.08058473467826843,-0.0002446520375087857,0.00980277918279171,-0.0007448096293956041,-0.0014616016997024417,-2.1835714505868964e-05,0.00036079646088182926,0.21260885894298553,0.20868729054927826,0.04889059439301491,0.05097024142742157,0.0004987299325875938,0.00034857512218877673,0.11790882050991058,0.07347084581851959,0.07359423488378525,0.0014574010856449604,0.021646644920110703,0.02793772704899311,-0.0020420255605131388,0.001952987047843635,6.554182752083193e-10,-8.083880231879448e-09,3.961846317679374e-08,-1.0225921442952313e-08,3.6209822695809635e-08,1.538079175134044e-08,-1.1399388100130636e-08,4.556029864488664e-08,-1.033768093350318e-08,3.8295983273428646e-08
00:00:09:07.133,61,1.073814903662651e-08,-4.507601403247463e-09,1.8626451769865326e-10,5.047768425470167e-09,-9.695067859638584e-09,0.03252142295241356,0.2921094596385956,-1.1995434867628774e-08,-1.0170042585855299e-08,-7.525086331838793e-09,-3.078021171276646e-09,3.5762786065873797e-09,0.03261573612689972,0.29226192831993103,0.012889226898550987,0.00011805504618678242,0.012242347933351994,0.11951715499162674,0.01979019120335579,0.17644916474819183,0.013109407387673855,0.005146334879100323,0.00013704133743885905,0.004564474802464247,0.007091281469911337,-5.64271213079337e-05,-0.0002690967812668532,0.013651417568325996,0.012410437688231468,0.08024103194475174,0.08308925479650497,-2.45326755248243e-05,0.01047157309949398,-0.0002300943451700732,-0.000798647990450263,0.00032624753657728434,0.0007254218799062073,0.23081746697425842,0.22695952653884888,0.03624626249074936,0.038719285279512405,0.0003862561425194144,0.000328733614878729,0.11602406203746796,0.0696648508310318,0.06977163255214691,0.0009581634658388793,0.023786136880517006,0.03004368394613266,-0.0016500269994139671,0.001563191064633429,5.937181302151373e-10,2.7753412901176944e-09,4.246830886955877e-09,3.259629011154175e-09,1.512467839859255e-08,3.937166148659799e-09,-9.648501553272126e-09,1.0533258709699567e-08,-9.126961408867373e-09,2.0489096641540527e-08
00:00:09:09.150,61,2.7660280732533238e-09,6.966292875887348e-09,-5.699694050065318e-09,-5.494802945982258e-10,-1.1641532182693481e-09,0.03307687118649483,0.3095073997974396,-1.9371508841459217e-09,2.38418573772492e-09,8.009374496964483e-09,-3.34344796293351e-09,8.735805856474599e-09,0.0331706702709198,0.30968260765075684,0.013498233631253242,-5.1633567636599764e-05,0.009248997084796429,0.11749570071697235,0.0555860660970211,0.08554556965827942,0.009010899811983109,0.005528418812900782,0.00022304581943899393,0.005250784568488598,0.007520595565438271,0.0005888721207156777,0.0001720541768008843,0.014953458681702614,0.013604193925857544,0.08912283182144165,0.08732403814792633,0.0016827499493956566,0.013379514217376709,-0.00023105308355297893,-0.000295631296467036,5.412515383795835e-05,0.0004643108695745468,0.18735665082931519,0.1842953860759735,0.002064266474917531,0.00367684755474329,-0.0003934276173822582,-0.00039459942490793765,0.12360939383506775,0.07347386330366135,0.07356683164834976,0.000632187002338469,0.025818809866905212,0.031654320657253265,-0.0010396653087809682,0.0006533187697641551,-2.409797084101939e-10,-5.643814748879095e-09,1.3969838619232178e-08,-6.910413574701124e-09,2.961605849449711e-09,3.231689360561063e-09,3.054738018093417e-09,9.07108166359194e-09,3.930181069478067e-09,-3.054738018093417e-09
00:00:09:09.166,61,4.40888108244053e-08,1.3802200271584297e-08,-2.3823231387609667e-08,1.3085082350983157e-08,-3.434717754657868e-08,0.03657256439328194,0.3271508514881134,-4.786998175632107e-08,-2.2388995546407386e-08,1.1250376630300707e-08,-2.5033950024067053e-08,4.9751250230656296e-08,0.03670137748122215,0.3274227976799011,0.014219721779227257,-3.0512363082380034e-05,0.004152184817939997,0.10466490685939789,0.09695948660373688,0.018940728157758713,0.006771243643015623,0.0070797051303088665,-9.766004950506613e-05,0.020087435841560364,0.021076908335089684,0.0008261764305643737,0.0005778902559541166,0.018992260098457336,0.017581159248948097,0.09734468162059784,0.0906708613038063,0.012705903500318527,0.018686404451727867,-0.0012098157312721014,0.001125339767895639,0.00019473298743832856,0.0007340867887251079,0.14362919330596924,0.1410999298095703,-0.0013317501870915294,0.0008896315121091902,0.0002303242654306814,0.00016345501353498548,0.13878537714481354,0.0821547880768776,0.08228122442960739,0.0007152568432502449,0.027322154492139816,0.03436853364109993,-0.0021624381188303232,-0.000615186698269099,7.334165497141498e-10,-1.4770775713657258e-08,6.267801211379265e-08,-1.845881314466169e-08,5.014240755940591e-08,2.2787135733892683e-08,-1.3653188801754368e-08,6.780028627417778e-08,-1.1511146702503083e-08,4.9248338740426334e-08
00:00:09:11.183,61,1.0989606380462646e-07,3.520399305401156e-09,-3.705732609660117e-08,3.974884776880572e-08,-9.04686743297134e-08,0.03926932066679001,0.3515922427177429,-1.231022110914637e-07,-7.493421350091012e-08,-1.0263175198588215e-08,-5.199574104608473e-08,9.320676497281966e-08,0.03941219672560692,0.35190293192863464,0.017271120101213455,0.00010014943836722523,0.0020231951493769884,0.10931884497404099,0.11516622453927994,0.0080815264955163,0.004835586063563824,0.008849821984767914,-7.276552787516266e-05,0.0253028254956007,0.02391611598432064,0.0005336907343007624,-0.0002845752169378102,0.02421160228550434,0.022586379200220108,0.1058264896273613,0.09458743035793304,0.02687155082821846,0.024679584428668022,-0.001606525736860931,0.0014781227800995111,0.00037609689752571285,0.0011120166163891554,0.14154590666294098,0.13626670837402344,-0.0013398873852565885,0.0007332837558351457,-4.8384739784523845e-05,-0.0001600168616278097,0.1587797999382019,0.09993492811918259,0.10005201399326324,0.0005502577405422926,0.03192203864455223,0.03920985758304596,-0.0018800703110173345,-0.0011729397810995579,3.348104682387998e-09,-1.2237578950191619e-08,1.0691583440802788e-07,-1.605600097320803e-08,1.2978911456684727e-07,4.862900837565576e-08,-5.617737741658857e-08,1.443736294959308e-07,-5.235895628175058e-08,1.5567988498332852e-07
00:00:09:11.199,61,1.2032687379814888e-07,7.431954163195087e-09,-4.303641532032998e-08,4.2812899891941925e-08,-9.857117788669711e-08,0.0441024973988533,0.37539827823638916,-1.3466924997374008e-07,-8.001923390565935e-08,-6.5006315885796084e-09,-5.8235599453837494e-08,1.0572373554396108e-07,0.04426634684205055,0.3757682740688324,0.020955102518200874,9.572952694725245e-05,0.0005768704577349126,0.12074165046215057,0.1323728710412979,0.00645477045327425,0.0035849648993462324,0.010382099077105522,2.1364856365835294e-05,0.03219204768538475,0.03034820966422558,0.0009081995231099427,5.950689228484407e-05,0.030100829899311066,0.028440622612833977,0.11810506135225296,0.10462741553783417,0.03867577388882637,0.031702108681201935,-0.0020962394773960114,0.0015783277340233326,0.000634379219263792,0.0015848506009206176,0.14987820386886597,0.14397884905338287,-0.0010001790942624211,0.0016944396775215864,-0.000533175771124661,-0.0006413832306861877,0.17540237307548523,0.11592885106801987,0.11607341468334198,0.0006653549498878419,0.03440361097455025,0.04233980178833008,-0.0020491392351686954,-0.0011442076647654176,3.4866389775345397e-09,-1.6186385565220007e-08,1.2224539602812e-07,-2.117827513359316e-08,1.4128163172699715e-07,5.412381298697255e-08,-5.8989972018252956e-08,1.608626973848004e-07,-5.457550145138157e-08,1.668930025289228e-07
00:00:09:13.216,61,1.2738630061903677e-07,1.8272549695552698e-08,-5.3104013630900226e-08,4.2896719065765865e-08,-1.027062523917266e-07,0.047470975667238235,0.40689006447792053,-1.416169084222929e-07,-7.8305603778972e-08,5.681067616336577e-09,-6.537418784091642e-08,1.2263654980415595e-07,0.0476660393178463,0.40730586647987366,0.02525402046740055,0.0001154132914962247,0.000455707311630249,0.13482044637203217,0.14654125273227692,0.007867319509387016,0.004089592024683952,0.011538474820554256,0.0001784772757673636,0.03453310206532478,0.03303082659840584,0.000289629097096622,-0.0004604333662427962,0.0363650768995285,0.03462113067507744,0.1301037222146988,0.115244559943676,0.044822998344898224,0.03675903379917145,-0.002115486189723015,0.002408387837931514,0.0006053149700164795,0.0017002889653667808,0.16584548354148865,0.15925100445747375,-0.0017101955600082874,0.0013472401769831777,-0.001019118120893836,-0.001143365167081356,0.19337856769561768,0.14075785875320435,0.14092132449150085,0.0006191610009409487,0.03641699254512787,0.04514419659972191,-0.0016542737139388919,-0.00034852593671530485,3.192108133376337e-09,-2.533197474008375e-08,1.4461576824942313e-07,-3.246590551952977e-08,1.4709308970850543e-07,5.978392181305026e-08,-5.47990204324833e-08,1.7826445741775387e-07,-4.965811939428022e-08,1.6614794162705948e-07
00:00:09:13.233,61,1.1240597785899809e-07,3.408640703028709e-09,-3.761611822028499e-08,4.079192805761522e-08,-9.286217306225808e-08,0.051578305661678314,0.4301121234893799,-1.2604519383785373e-07,-7.67409815694009e-08,-1.0877847955725883e-08,-5.312264050871818e-08,9.523704846969849e-08,0.0518186092376709,0.4305369555950165,0.02819453738629818,0.00021842177375219762,-0.00026159017579630017,0.16130803525447845,0.1681232899427414,0.019513804465532303,0.0070418622344732285,0.012063246220350266,0.0003743307897821069,0.042322397232055664,0.03997991234064102,-0.00021252394071780145,-0.0012454522075131536,0.041216086596250534,0.03940938413143158,0.14334888756275177,0.12921902537345886,0.04379478096961975,0.04068337753415108,-0.0027815436478704214,0.0024925440084189177,0.0005917012458667159,0.0016526203835383058,0.1975025236606598,0.19201722741127014,-0.0026483035180717707,0.0007680917042307556,-0.0014458424411714077,-0.001597769558429718,0.20549392700195312,0.15655256807804108,0.15672561526298523,0.0008490910986438394,0.04067908599972725,0.049697019159793854,-0.0022321755532175303,-0.00044713079114444554,3.4447293906225696e-09,-1.2218952072373668e-08,1.0892748747437508e-07,-1.624226619867386e-08,1.3357028194604936e-07,4.985020396475193e-08,-5.809590319927338e-08,1.4764256661692343e-07,-5.39980824498798e-08,1.5899539107522287e-07
00:00:09:14.250,61,7.949769553761143e-08,-1.717358877328934e-08,-1.242384328747903e-08,3.335066267595721e-08,-6.903893989829157e-08,0.05400678515434265,0.43978747725486755,-9.071082018863308e-08,-6.636604865661866e-08,-3.18512327623921e-08,-3.060791797793172e-08,4.710629752935347e-08,0.05428023636341095,0.440168559551239,0.031113537028431892,-0.00015087905921973288,0.0007208800525404513,0.2013780176639557,0.14338316023349762,0.07022955268621445,0.008991856127977371,0.010972409509122372,0.0003737993829417974,0.07040054351091385,0.07082090526819229,0.001218217657878995,0.0001518791978014633,0.044285744428634644,0.04302878677845001,0.1427796334028244,0.13429412245750427,0.021359948441386223,0.0381321907043457,-0.0017420551739633083,0.002241126960143447,0.0003373307117726654,0.0012131284456700087,0.2582719922065735,0.2540956437587738,-0.002505446784198284,0.0010839664610102773,-0.0012213909067213535,-0.001121222390793264,0.21782268583774567,0.1676083207130432,0.1677856296300888,0.0008021906833164394,0.045624975115060806,0.05636488273739815,-0.002050846815109253,0.0007533544558100402,3.4179539198930797e-09,6.966292875887348e-09,4.8615039105470714e-08,7.208436514360983e-09,1.0028481511881182e-07,3.082212174376764e-08,-5.600973906894069e-08,8.944422091872184e-08,-5.345791720401394e-08,1.324340672681501e-07
00:00:09:15.266,61,9.371898812560175e-08,-2.5834888006670553e-08,-1.0523945270790591e-08,4.0661543465603245e-08,-8.231960180182796e-08,0.054436150938272476,0.45516860485076904,-1.0738149569533562e-07,-8.167698695160652e-08,-4.427507604987113e-08,-3.402121251383505e-08,4.9900265253199905e-08,0.05468669906258583,0.4555445909500122,0.04264414682984352,-0.0005198526778258383,0.008577145636081696,0.282013863325119,0.06763258576393127,0.123529814183712,0.00374852423556149,0.009755339473485947,0.0002672418486326933,0.09247618913650513,0.09534315019845963,0.0006660604267381132,-0.00023243189207278192,0.05205214396119118,0.050538063049316406,0.133387953042984,0.12866874039173126,0.004931923002004623,0.031863369047641754,-0.0008802709053270519,0.0004541850066743791,0.00017981947166845202,0.0011198162101209164,0.36873042583465576,0.3609977960586548,0.0017466902500018477,0.005517077632248402,-0.0011268842499703169,-0.0008638048311695457,0.22245270013809204,0.17745345830917358,0.17761386930942535,0.0005919963587075472,0.04637095332145691,0.056794796139001846,-0.0021763169206678867,0.0005113756633363664,4.309695267323832e-09,1.2814998839871805e-08,4.8168004695980926e-08,1.3783574281944766e-08,1.1978670499956934e-07,3.4943223425898395e-08,-7.020309311656092e-08,1.0108575310141532e-07,-6.757676374036237e-08,1.621618821445736e-07
00:00:09:16.283,61,7.400289092629464e-08,-2.8386711647954144e-08,-2.4866313452776012e-09,3.386288938145299e-08,-6.620771841880924e-08,0.054806362837553024,0.4621201455593109,-8.521601557731628e-08,-6.923451678630954e-08,-4.502013339902078e-08,-2.3865140974521637e-08,3.086402955432277e-08,0.05505409836769104,0.46251192688941956,0.05736443027853966,-0.0004930466529913247,0.015951864421367645,0.3160845637321472,0.03783804178237915,0.11520526558160782,0.0008133089286275208,0.009206145070493221,0.00013531929289456457,0.11888358741998672,0.12139220535755157,0.0005042183329351246,-0.00031464576022699475,0.061683159321546555,0.06000266969203949,0.1349816769361496,0.13063080608844757,0.0015127265360206366,0.028808705508708954,-0.00010111823939951137,-0.0010010513942688704,2.6173145215580007e-06,0.0010951743461191654,0.4443311393260956,0.4348309338092804,0.009387967176735401,0.013336936011910439,-0.0008213925175368786,-0.0005841135862283409,0.21955999732017517,0.18007555603981018,0.18023158609867096,0.0002500961709301919,0.047233305871486664,0.056980811059474945,-0.002104552462697029,0.0005533599760383368,3.809109472285854e-09,1.6447156525600803e-08,2.689659517329801e-08,1.847744002247964e-08,9.729527050694742e-08,2.5888439836307953e-08,-6.154179743589339e-08,7.376074506737496e-08,-5.9455633305560696e-08,1.3552606503708375e-07
00:00:09:18.300,61,-1.522712445023444e-08,-2.166256329871885e-08,2.04611563248136e-08,-6.332993573998635e-10,8.90344420412248e-09,0.05495250225067139,0.4520082175731659,1.586042408519006e-08,-2.402812171453661e-09,-2.4475157900383238e-08,1.5036203393492542e-08,-3.5110861773546276e-08,0.055196359753608704,0.45241352915763855,0.06314254552125931,-0.00043173448648303747,0.01977868750691414,0.2921723425388336,0.026529263705015182,0.09610442072153091,-0.00012509584485087544,0.009286663495004177,-1.52558650370338e-05,0.14108076691627502,0.1418207883834839,0.00043996633030474186,3.4210683224955574e-05,0.06595630943775177,0.0645199716091156,0.13154788315296173,0.12627467513084412,0.0013040852500125766,0.026812152937054634,0.0003273487091064453,-0.001660295412875712,-0.0002210159582318738,0.0009482854511588812,0.4526241421699524,0.4432513415813446,0.019466320052742958,0.022452866658568382,-0.00039995432598516345,-0.00023339867766480893,0.20709548890590668,0.1747463196516037,0.17491063475608826,-3.93385453207884e-05,0.05003302916884422,0.05932082608342171,-0.0024743154644966125,0.00015728383732493967,6.123446194550297e-10,1.875683608432155e-08,-4.4163314782963425e-08,2.225860917803857e-08,-9.890645635834971e-09,-1.093605561663935e-08,-8.530914641369236e-09,-3.565102701941214e-08,-9.462237215984715e-09,-4.097819306103645e-10
00:00:09:18.316,61,-2.459622905348624e-08,-1.2610107624766442e-08,1.6763806343078613e-08,-6.146728903644316e-09,1.8253922817734747e-08,0.053605545312166214,0.43428367376327515,2.7120114154399744e-08,9.369105491430219e-09,-1.2069940602543738e-08,1.6088597121211023e-08,-3.330409370505549e-08,0.05385303124785423,0.43469536304473877,0.05926133692264557,-0.00022456474835053086,0.021328525617718697,0.23956482112407684,0.02790643647313118,0.0707891434431076,-0.0007035327143967152,0.009433253668248653,-0.00010974077304126695,0.15626786649227142,0.15443363785743713,0.00019152462482452393,0.0001819848985178396,0.06697432696819305,0.06601370126008987,0.1302756667137146,0.1250557005405426,0.0056442320346832275,0.025971785187721252,0.0004390469111967832,-0.001996441977098584,-0.00039545842446386814,0.0007071460713632405,0.41333267092704773,0.4051138162612915,0.02739298902451992,0.028894763439893723,1.270413395104697e-05,7.45117649785243e-05,0.1918518990278244,0.162932887673378,0.1631041020154953,-0.00023251384845934808,0.05046448856592178,0.05966673418879509,-0.0024369179736822844,-0.00011189490760443732,-1.3154931310932483e-10,1.2591481635126911e-08,-3.9152801889486e-08,1.4510005641454882e-08,-2.341344895739894e-08,-1.2875534416423307e-08,3.408640703028709e-09,-4.058703950704512e-08,2.495944562141972e-09,-2.2649764730431343e-08
00:00:09:20.333,61,-1.3085082350983157e-08,-9.499490083442197e-10,4.9266963841887446e-09,-4.582107138162428e-09,1.0607764444614531e-08,0.05254222825169563,0.4193548560142517,1.5087426419313488e-08,8.326023426263873e-09,5.9604643443123e-10,6.598420476677802e-09,-1.1976807989810823e-08,0.052787963300943375,0.4197501242160797,0.054302483797073364,6.232619489310309e-05,0.021480707451701164,0.1960773468017578,0.0339500866830349,0.05649372935295105,-0.0015080750454217196,0.009556383825838566,-0.0002014550700550899,0.1627829372882843,0.15833435952663422,1.745939334796276e-05,-0.00010612249025143683,0.06556984782218933,0.06488913297653198,0.12818734347820282,0.12270007282495499,0.013596313074231148,0.02739747241139412,1.188471924251644e-05,-0.001792227034457028,-0.00021645320521201938,0.0009420955320820212,0.37073180079460144,0.36345696449279785,0.03415469080209732,0.034264713525772095,-0.0003080701862927526,-0.00035907269921153784,0.17456594109535217,0.14491815865039825,0.14507067203521729,-0.00034859657171182334,0.05133942514657974,0.06076610088348389,-0.00261719711124897,-0.0003181180218234658,-3.434252049405728e-10,2.3469328702674375e-09,-1.1548399569960566e-08,2.1047890097491972e-09,-1.3075768912074182e-08,-5.268957270487817e-09,5.848705963984457e-09,-1.7015263864550434e-08,5.6251883151503534e-09,-1.7732382673329994e-08
00:00:09:20.349,61,6.043701539226731e-09,2.9918738597700667e-09,-4.078610782443093e-09,1.5407567444114534e-09,-4.569883582661305e-09,0.05636094883084297,0.3813525140285492,-6.300397092928733e-09,-2.6996713753391077e-09,2.8382054484410446e-09,-3.727327779756706e-09,7.63684493421124e-09,0.05662424862384796,0.3817254304885864,0.05473388358950615,0.0003206503461115062,0.01973460428416729,0.16797523200511932,0.04725560173392296,0.04590310901403427,-0.0018069676589220762,0.009723479859530926,-0.00011213283141842112,0.15956124663352966,0.1534844934940338,-3.802791252383031e-05,-0.00033472306677140296,0.06718800961971283,0.06682739406824112,0.12690488994121552,0.11966714262962341,0.03223470225930214,0.0353594571352005,0.0007818739395588636,-0.0018078541615977883,0.001042342046275735,0.0023887122515589,0.3215693533420563,0.31485429406166077,0.03233242407441139,0.03181038796901703,-0.0004272296209819615,-0.0005623940960504115,0.17971472442150116,0.1432618498802185,0.14341048896312714,-0.00015713112952653319,0.05451659858226776,0.06382007151842117,-0.002526863245293498,-0.0008892586920410395,7.501512605534444e-11,-2.712476909749739e-09,1.181382724979585e-08,-3.899913281202316e-09,8.166535003795161e-09,3.87706666771237e-09,-1.5262048291830865e-09,1.0604853883933174e-08,-9.54605616776405e-10,5.918554979444934e-09
00:00:09:22.366,61,2.8210925151483934e-08,2.1504238389979946e-08,-2.446700797520407e-08,5.505280675777158e-09,-1.982785846621482e-08,0.06046421453356743,0.34668442606925964,-2.9762741604599796e-08,-6.6566281375912695e-09,2.2905878083179232e-08,-2.0634033148780873e-08,4.4861806713925034e-08,0.060722466558218,0.3470431864261627,0.04825820028781891,0.0002670749672688544,0.01791202463209629,0.1518862545490265,0.052294712513685226,0.04145195335149765,-0.0007119160727597773,0.009429906494915485,-0.00012464028259273618,0.1524164080619812,0.146708682179451,1.772910400177352e-05,-6.41083752270788e-05,0.061683300882577896,0.06118651479482651,0.12443005293607712,0.11700273305177689,0.023458605632185936,0.03093690797686577,-0.00011831089796032757,-0.001268755178898573,0.00045682498603127897,0.001574226189404726,0.29040849208831787,0.28408610820770264,0.03014402650296688,0.029053499922156334,-0.0004097073106095195,-0.0005154939135536551,0.19095569849014282,0.14169205725193024,0.1418704390525818,-0.0002673946146387607,0.05534585565328598,0.06364766508340836,-0.002138411393389106,-0.0008848865400068462,-1.6400009128503257e-10,-1.933658566599661e-08,5.9036537436440994e-08,-2.4354084970923395e-08,2.8926878670176848e-08,1.7618877024005997e-08,9.336509343427224e-10,5.29352099931657e-08,2.472661408958743e-09,1.9161962683256206e-08
00:00:09:22.383,61,2.8772628724027527e-08,4.684552745715109e-09,-1.2558884598945497e-08,9.58389101413104e-09,-2.312532210169138e-08,0.0622626356780529,0.3146820664405823,-3.188790387298468e-08,-1.730280985157151e-08,2.0326114125168715e-09,-1.500564472678434e-08,2.8322682865677962e-08,0.06250939518213272,0.31503134965896606,0.044540539383888245,0.00020346033852547407,0.015423652715981007,0.1446162313222885,0.06338710337877274,0.03785265237092972,-0.0005195726989768445,0.00933254137635231,-6.759454845450819e-05,0.13518181443214417,0.12880001962184906,0.000364976265700534,0.00034851310192607343,0.05801483988761902,0.05739467218518257,0.12304360419511795,0.1150076687335968,0.024886619299650192,0.031499579548835754,-0.0003420801367610693,-0.0007485789246857166,0.0008877486106939614,0.0019312207587063313,0.2627493441104889,0.2569454312324524,0.023512905463576317,0.022023582831025124,-0.0003845692554023117,-0.0005192874232307076,0.1974031776189804,0.13833677768707275,0.13850554823875427,-0.00017100822879001498,0.057644303888082504,0.06505047529935837,-0.00145010557025671,-0.0007914543966762722,6.833579258014311e-10,-6.281770659199992e-09,3.511551938117918e-08,-8.266652251620599e-09,3.387336633409177e-08,1.3964308820391125e-08,-1.2101372348638506e-08,4.0978193283081055e-08,-1.0784715342992968e-08,3.679655335986354e-08
00:00:09:24.400,61,1.2218952072373668e-08,-5.0617381397444206e-09,-9.546056306541928e-11,5.743931996704532e-09,-1.1119991150110309e-08,0.06563521176576614,0.2887187898159027,-1.399545013214265e-08,-1.1585652437418048e-08,-7.80448328185912e-09,-3.724126118598292e-09,4.428438948878011e-09,0.06586799770593643,0.289071261882782,0.040970105677843094,-1.7349980225844774e-06,0.014592454768717289,0.14364950358867645,0.06609565019607544,0.04854130744934082,0.0003724280104506761,0.009235277771949768,-8.86496709426865e-05,0.11746826767921448,0.10979978740215302,0.00027144982595928013,0.0004369294620119035,0.05319029465317726,0.05229593440890312,0.12129287421703339,0.11496569961309433,0.018449313938617706,0.02869918756186962,-0.0009817704558372498,-0.0007583916303701699,0.0007885998347774148,0.0016670083859935403,0.24712508916854858,0.2413311004638672,0.019542261958122253,0.017891775816679,-0.0009614782757125795,-0.0010969132417812943,0.20478370785713196,0.13525240123271942,0.13545280694961548,-0.00013551874144468457,0.05894213542342186,0.06533439457416534,-0.0012897137785330415,-0.0011317337630316615,6.434857091619506e-10,2.9802322831784522e-09,5.215406329028838e-09,3.1292437530083816e-09,1.706648689037138e-08,4.508183160112367e-09,-1.0593794286251068e-08,1.214561073936693e-08,-1.0365620362051686e-08,2.2482126382783463e-08
00:00:09:24.416,61,-2.607586857550359e-08,-5.232868804938562e-09,1.225445878105802e-08,-8.386559890993794e-09,2.0483858165221136e-08,0.06949582695960999,0.26196905970573425,2.9095680531554535e-08,1.5103724493314985e-08,-3.1793023769211004e-09,1.4211109622408458e-08,-2.7337810237781923e-08,0.0697399452328682,0.2622963786125183,0.040506135672330856,-0.00012547624646686018,0.01294624712318182,0.16175732016563416,0.07517416775226593,0.06985637545585632,0.003118684981018305,0.008716588839888573,-1.147337297879858e-05,0.08612274378538132,0.08045236766338348,0.00021297327475622296,0.0005517216632142663,0.0503193698823452,0.04931378364562988,0.12563684582710266,0.12048640847206116,0.014480240643024445,0.028730301186442375,-0.001005934551358223,-0.0006331315380521119,0.0007707279291935265,0.0016062408685684204,0.24416309595108032,0.23942917585372925,0.014188162982463837,0.013390245847404003,-0.0007982535753399134,-0.0008975182427093387,0.21660488843917847,0.13698190450668335,0.13718050718307495,-0.00021152138651814312,0.059649284929037094,0.06602197885513306,-0.0011063929414376616,-0.0008751492132432759,-5.527545088312991e-10,6.443587885485158e-09,-2.9919902999608894e-08,7.918569799869601e-09,-2.762710238357613e-08,-1.2025703099993734e-08,9.564683267626606e-09,-3.736320763891854e-08,8.508795446005024e-09,-3.255670932844623e-08
00:00:09:26.433,61,-6.553717213364507e-08,1.008156669257687e-09,2.000713728023129e-08,-2.4399486875381626e-08,5.425768989653079e-08,0.06787461042404175,0.24187611043453217,7.408554836274561e-08,4.6761705618791893e-08,1.0018702312208916e-08,3.0251683824644715e-08,-5.296431382362243e-08,0.06808514893054962,0.242182195186615,0.0402790866792202,-0.0003045826742891222,0.0142719317227602,0.20190975069999695,0.05956010892987251,0.13238750398159027,0.013052192516624928,0.007975799962878227,8.134765812428668e-05,0.049704886972904205,0.04564996808767319,0.00540171517059207,0.006037031300365925,0.04505346715450287,0.043792448937892914,0.12340229749679565,0.1215459555387497,0.006594477221369743,0.025910571217536926,-0.0009524310589767992,-0.0007011505076661706,0.0008955816738307476,0.0016579509247094393,0.26030898094177246,0.25582945346832275,0.015851104632019997,0.015435848385095596,-0.0007449781987816095,-0.0007691389182582498,0.23138362169265747,0.14488458633422852,0.1450817883014679,-3.308348459540866e-05,0.05920686200261116,0.06415926665067673,-0.0006007240735925734,-0.0005432744510471821,-2.121523623443977e-09,4.9499795373719735e-09,-5.679903480881876e-08,6.323680246111962e-09,-7.558614356639737e-08,-2.7542700564708866e-08,3.532040793174929e-08,-8.337665491353619e-08,3.346009336269162e-08,-9.642914022833793e-08
00:00:09:26.449,61,-4.953530208240409e-08,9.977957127205173e-09,8.43603586986319e-09,-2.0624138841185413e-08,4.261091746116108e-08,0.06779209524393082,0.22455093264579773,5.686131743232181e-08,4.099099726317945e-08,1.90036377745173e-08,1.9694853747864727e-08,-3.07185104020391e-08,0.06797868758440018,0.2248225212097168,0.046320442110300064,-0.00027117886929772794,0.017759602516889572,0.24809247255325317,0.04625437781214714,0.1833638697862625,0.022729456424713135,0.007306750398129225,0.00032123152050189674,0.017230859026312828,0.016510432586073875,0.012729930691421032,0.013812732882797718,0.04171314835548401,0.040031734853982925,0.12600862979888916,0.12590716779232025,0.0017635093536227942,0.023016147315502167,-0.0004813491541426629,-0.0012852869695052505,0.0011143311858177185,0.0018402839777991176,0.3060123026371002,0.30108174681663513,0.021114347502589226,0.021182913333177567,-0.0007557928329333663,-0.0007049530977383256,0.25314924120903015,0.16120606660842896,0.16140241920948029,-1.6655176295898855e-05,0.0577973835170269,0.061064213514328,-0.0003946889191865921,-0.0006842020666226745,-2.0649895127178297e-09,-3.812601789832115e-09,-2.8795330564435062e-08,-4.224712135680875e-09,-5.916808731853962e-08,-1.847714869995798e-08,3.346474741761085e-08,-5.5744312277283825e-08,3.2574170916177536e-08,-8.251983985019251e-08
00:00:09:28.466,61,-3.081746413613473e-08,1.3103708340622688e-08,3.6787242696512124e-10,-1.4416873028721966e-08,2.7520581369344654e-08,0.06967442482709885,0.20337516069412231,3.607478049616475e-08,2.9709189774962397e-08,2.0256265997886658e-08,9.88366100074245e-09,-1.2284144368379657e-08,0.0698494091629982,0.2036322057247162,0.05868980288505554,-0.00029662789893336594,0.022166183218359947,0.29593199491500854,0.03887856751680374,0.21158213913440704,0.028359999880194664,0.00689982995390892,0.0005244413041509688,0.005067615304142237,0.00573983509093523,0.034227486699819565,0.035347796976566315,0.039502888917922974,0.03724026307463646,0.13841985166072845,0.1387139856815338,-1.3387203580350615e-05,0.020682966336607933,-0.0004711282381322235,-0.0016785789048299193,0.0012310388265177608,0.0018470472423359752,0.3530832529067993,0.3486934006214142,0.03421622887253761,0.03500652685761452,-0.0005448299925774336,-0.0004749333893414587,0.2741771638393402,0.18279436230659485,0.18298889696598053,-8.116412936942652e-05,0.05773137882351875,0.05938529968261719,-9.684234828455374e-05,-0.0008712044218555093,-1.6158446802805315e-09,-7.757916975492662e-09,-7.40401429055737e-09,-9.173527715233831e-09,-3.7942083253028613e-08,-9.760260155644573e-09,2.5723130292476526e-08,-2.9415822666578606e-08,2.544373245427778e-08,-5.79655186072614e-08
00:00:09:28.483,61,-2.3971660212396273e-08,1.2509990376941005e-08,-1.3300450740771907e-09,-1.17352465522913e-08,2.1731830557314424e-08,0.06993875652551651,0.17824867367744446,2.824061162698399e-08,2.443674063101753e-08,1.865671883649611e-08,6.881600622676842e-09,-7.130438461899757e-09,0.07009617984294891,0.17848911881446838,0.07171981036663055,-0.0002791945298667997,0.02650514617562294,0.3325442373752594,0.03125789016485214,0.2262243628501892,0.03166212514042854,0.0061846207827329636,0.0005812336457893252,0.003422598587349057,0.004486839286983013,0.04765411466360092,0.04870668053627014,0.03926213085651398,0.036469701677560806,0.1527743935585022,0.15342384576797485,-0.0006366043817251921,0.018740542232990265,-0.00037500227335840464,-0.0015878487611189485,0.0014140947023406625,0.0019289952469989657,0.3920649588108063,0.3885783851146698,0.05240752547979355,0.05376468598842621,-0.000709188578184694,-0.0006394620286300778,0.2957146167755127,0.2062254399061203,0.2064199596643448,-0.00010400775499874726,0.05764317139983177,0.05765066668391228,1.9920506019843742e-05,-0.0009487514034844935,-1.3603130843975464e-09,-7.851049588225578e-09,-2.405140531180905e-09,-9.221257535330096e-09,-2.987915692642673e-08,-7.047201489029931e-09,2.1633459468262117e-08,-2.1125888594042408e-08,2.1511223025072468e-08,-4.7569628236487915e-08
00:00:09:29.500,61,-1.057225773593018e-08,4.360917849055568e-09,2.2002495658757226e-10,-4.924950225415614e-09,9.287614233244312e-09,0.0660862922668457,0.15164946019649506,1.2291129891650598e-08,9.916257148745444e-09,6.9919043887978205e-09,3.4237745971665845e-09,-4.362082250963795e-09,0.06622760742902756,0.15190088748931885,0.08258236199617386,-0.0001878991606645286,0.028926286846399307,0.3676185607910156,0.021861502900719643,0.2157151997089386,0.023142891004681587,0.005488911643624306,0.0005528831970877945,0.001846275757998228,0.003096688771620393,0.040038518607616425,0.04073168337345123,0.04102073982357979,0.037687744945287704,0.17173057794570923,0.17248472571372986,-0.0008315384620800614,0.017284680157899857,-0.0005601490847766399,-0.0013578468933701515,0.001489456626586616,0.0018762563122436404,0.4303111135959625,0.42785826325416565,0.06681805849075317,0.0689946711063385,-0.0007217033416964114,-0.0006708825239911675,0.317435085773468,0.22954227030277252,0.22974224388599396,-5.4436110076494515e-05,0.0569734200835228,0.055717676877975464,2.3113674615160562e-05,-0.0009255169425159693,-5.28525556653392e-10,-2.449378477820119e-09,-2.1909363212557764e-09,-3.2829121643374037e-09,-1.2080417555182521e-08,-3.2069511490817604e-09,8.626375169740186e-09,-1.0055955179666398e-08,8.684582830653653e-09,-1.987442388440286e-08
00:00:09:30.516,61,2.83695413827445e-08,-3.927853153840033e-09,-6.101909200140199e-09,1.1443335168337398e-08,-2.439832336165182e-08,0.058994077146053314,0.13112370669841766,-3.252294789035659e-08,-2.258573594815516e-08,-8.468050261001281e-09,-1.1711963843197282e-08,1.927663184631001e-08,0.05911244451999664,0.13139474391937256,0.09047440439462662,-0.00015987515507731587,0.030922193080186844,0.39046916365623474,0.011713547632098198,0.19090425968170166,0.008431253023445606,0.005123823415488005,0.000440895848441869,0.003435662016272545,0.00502881221473217,0.016092751175165176,0.01638268306851387,0.04496840387582779,0.04130027815699577,0.19019049406051636,0.19167464971542358,-0.0008465275168418884,0.015956122428178787,-0.0004554984625428915,-0.0012060891604050994,0.0015515759587287903,0.001860076212324202,0.4665057063102722,0.46509215235710144,0.07545720785856247,0.07849021255970001,-0.000466199591755867,-0.00041507312562316656,0.33971327543258667,0.25417694449424744,0.25437113642692566,-0.0001570768072269857,0.054461803287267685,0.052205488085746765,6.557013693964109e-05,-0.0008988592308014631,1.1355587581363125e-09,8.137430729249218e-10,2.0734733041649633e-08,2.0838342162932122e-10,3.5876290382930165e-08,1.1617885320447385e-08,-1.8331920870195972e-08,3.371795287421264e-08,-1.715729069928784e-08,4.514120632848062e-08
00:00:09:31.533,61,5.4382255143536895e-08,3.4924596548080444e-10,-1.741340405203573e-08,1.9972212328411842e-08,-4.502013339902078e-08,0.05247976630926132,0.11700738221406937,-6.125541318624528e-08,-3.815628701886453e-08,-6.523914741762837e-09,-2.524117093116729e-08,4.486646432155794e-08,0.052590858191251755,0.11727707833051682,0.09493651986122131,-7.774032565066591e-05,0.03137844055891037,0.4006936550140381,0.005729977041482925,0.16113314032554626,0.0014816302573308349,0.005219039972871542,0.00018132342665921897,0.017791252583265305,0.018849588930606842,0.002118333475664258,0.0019504943629726768,0.04808389022946358,0.044244471937417984,0.20060518383979797,0.2016979455947876,-0.0004640206752810627,0.015116233378648758,-0.0005209214868955314,-0.001440652646124363,0.0011742039350792766,0.0014321401249617338,0.4939197599887848,0.4929949641227722,0.08135580271482468,0.08496566861867905,-0.0002507922181393951,-0.0002167537750210613,0.36605125665664673,0.2788769602775574,0.27908167243003845,1.6223155398620293e-05,0.05234614387154579,0.04974379017949104,-9.776778460945934e-05,-0.0007460609194822609,1.739826949176404e-09,-4.828907496090551e-09,5.0677918750352546e-08,-6.845220834605925e-09,6.525777251908949e-08,2.378015828696789e-08,-2.8866343981803766e-08,7.032533488882109e-08,-2.6780179851471075e-08,7.858499628810023e-08
00:00:09:33.550,61,6.94283528446249e-08,5.477340803139441e-09,-2.5810441783846727e-08,2.4265027320780064e-08,-5.6597055930751594e-08,0.04597896710038185,0.10584068298339844,-7.773400056976243e-08,-4.5372871682047844e-08,-2.1606683109354208e-09,-3.4098921020131456e-08,6.241723582434133e-08,0.04608645290136337,0.10609227418899536,0.09774592518806458,5.0803031626855955e-05,0.03225819766521454,0.3943542242050171,0.004253448452800512,0.13789591193199158,0.000756415945943445,0.005406135227531195,7.787966023897752e-05,0.05334118381142616,0.053548663854599,0.0007651362102478743,0.00014572271902579814,0.05109454318881035,0.0474017858505249,0.20199359953403473,0.20242759585380554,-0.00030250923009589314,0.014779417775571346,-0.00012358484673313797,-0.0016932738944888115,0.0007830538088455796,0.0010311505757272243,0.5071830153465271,0.5067031979560852,0.08586066216230392,0.08930408209562302,-0.0004108372377231717,-0.0004005841037724167,0.39394137263298035,0.3040297329425812,0.30426260828971863,0.00031158863566815853,0.05277107283473015,0.050289373844861984,-0.0003191342984791845,-0.00016389288066420704,1.95112082046478e-09,-1.0308577103046446e-08,7.204129559568173e-08,-1.3558892675291645e-08,8.117640248883617e-08,3.141314763865921e-08,-3.2780224756834286e-08,9.344716289660937e-08,-3.003515303134918e-08,9.501818709622967e-08
00:00:09:33.566,61,5.6498102196655964e-08,9.534415035261645e-09,-2.4681211741039988e-08,1.8525170730754326e-08,-4.5151683281119404e-08,0.04096921533346176,0.09077010303735733,-6.277346642491466e-08,-3.376277035727071e-08,4.71482053399086e-09,-2.9626535891225103e-08,5.607493136494668e-08,0.04107776656746864,0.09098682552576065,0.10073869675397873,0.00013799211592413485,0.032324422150850296,0.34144532680511475,0.0026361304335296154,0.12237163633108139,0.0001173429554910399,0.005235225427895784,0.0001730392687022686,0.119939424097538,0.11848893761634827,0.0004978367942385375,-0.00022423654445447028,0.052395209670066833,0.04942849278450012,0.18275362253189087,0.1816594898700714,-0.0004025068774353713,0.014352948404848576,0.0003483122563920915,-0.0018414604710415006,0.0005264345090836287,0.0008810779545456171,0.5156775712966919,0.5157730579376221,0.0934249609708786,0.09563244134187698,-0.00033533404348418117,-0.00036022361018694937,0.4229687452316284,0.3326561748981476,0.33290648460388184,0.00043623673263937235,0.059998150914907455,0.05852869525551796,-0.0008646893547847867,0.0008599990396760404,1.327134624418136e-09,-1.2521631731488014e-08,6.620073378371671e-08,-1.5911645334654168e-08,6.44917577119486e-08,2.669054133264126e-08,-2.2854656833715126e-08,7.983762628782642e-08,-2.0558946545179424e-08,7.222872255852053e-08
00:00:09:35.583,61,2.1815649731138365e-08,1.6271370029130594e-08,-1.8620049502260372e-08,4.167959755108086e-09,-1.5133991837501526e-08,0.039142537862062454,0.07297123968601227,-2.3367466184254226e-08,-5.206093334209072e-09,1.7519342421223882e-08,-1.608132116359684e-08,3.4919356295404214e-08,0.03925924748182297,0.07315947860479355,0.09758346527814865,0.000340251688612625,0.03260951116681099,0.2530289888381958,0.0017963603604584932,0.10889022052288055,-0.0002480584371369332,0.004950268194079399,0.00023847764532547444,0.1799466907978058,0.1754871904850006,-0.00022170826559886336,-0.0005391417653299868,0.05377129092812538,0.05205516889691353,0.1516798734664917,0.1496264487504959,-0.0005694896099157631,0.014263773337006569,0.000453357701189816,-0.002193554537370801,0.0007524742977693677,0.0011717905290424824,0.49664539098739624,0.49707454442977905,0.10497626662254333,0.1045682355761528,9.06429995666258e-05,-4.06168396693829e-07,0.44251757860183716,0.35526856780052185,0.3555488586425781,0.0003672894090414047,0.07349873334169388,0.0723515972495079,-0.0009657035698182881,0.0016781787853688002,-1.2922100889323218e-10,-1.492677270675813e-08,4.440895295942937e-08,-1.836684582201542e-08,2.137443466665445e-08,1.3216412853012116e-08,9.266659661832932e-10,4.032597544778582e-08,1.9697472541935213e-09,1.5336555136968855e-08
00:00:09:35.599,61,6.400980367970988e-08,3.118067937180058e-08,-4.262663466647609e-08,1.6335398811406776e-08,-4.755333193884326e-08,0.03604452311992645,0.057717256247997284,-6.958842391213693e-08,-2.562999767974361e-08,3.02493567971851e-08,-4.091765859470797e-08,8.471310053437264e-08,0.0361587293446064,0.05789102241396904,0.08478111028671265,0.00043571722926571965,0.033271756023168564,0.19218245148658752,0.0013043043436482549,0.09244197607040405,-0.00036600351450033486,0.004601245280355215,0.00015001712017692626,0.21756267547607422,0.2092778980731964,-0.0003111046680714935,-0.00037386894109658897,0.052576933056116104,0.051626261323690414,0.1362019181251526,0.1356372833251953,-0.00045415281783789396,0.013453138992190361,0.00019198536756448448,-0.002547225449234247,0.0004384100320748985,0.0007022246136330068,0.45176735520362854,0.4525790512561798,0.11502339690923691,0.11215528845787048,-0.00026597187388688326,-0.00039990857476368546,0.45564591884613037,0.37359869480133057,0.3739199936389923,0.000529335462488234,0.08326892554759979,0.08196322619915009,0.00023558735847473145,0.0029887992423027754,4.633329830916466e-10,-3.043562202265093e-08,1.0451302046021738e-07,-3.742054133226702e-08,6.664544116574689e-08,3.474997356534004e-08,-1.0430812658057675e-08,1.0582152754068375e-07,-7.338821994551381e-09,6.143003616898568e-08
00:00:09:37.616,61,6.333925028911835e-08,3.9245932725862076e-08,-4.8400835339634796e-08,1.4202669262886047e-08,-4.56534330339764e-08,0.032851751893758774,0.064457967877388,-6.817280961968208e-08,-2.0340085171710598e-08,4.0512531995773315e-08,-4.348344972981977e-08,9.238719655968453e-08,0.03296799212694168,0.06463626772165298,0.07460693269968033,0.0005529450718313456,0.03421449288725853,0.15939933061599731,0.0008614817052148283,0.08363310992717743,-0.0007071066065691411,0.00477633997797966,-2.904767097788863e-05,0.2355974167585373,0.22503499686717987,-0.0002751070132944733,-0.00039001822005957365,0.05160878971219063,0.050929583609104156,0.1334252953529358,0.13439299166202545,-0.0005888950545340776,0.012324151583015919,-0.000300340645480901,-0.002463058102875948,0.0003504555206745863,0.0005149375065229833,0.4272476136684418,0.42837318778038025,0.12683208286762238,0.12259414792060852,-0.0005445833667181432,-0.0007338005234487355,0.44042572379112244,0.36563441157341003,0.3659771680831909,0.0006404298474080861,0.08595144003629684,0.08495796471834183,0.0009120010072365403,0.003696045372635126,3.14321381422733e-11,-3.6843122330765254e-08,1.15856529703251e-07,-4.5094637357578904e-08,6.388872719753635e-08,3.6358834165639564e-08,-3.9860608147535e-09,1.1119525566982702e-07,-5.774200007024888e-10,5.234032940393263e-08
00:00:09:37.633,61,8.224509429055615e-08,2.8926878670176848e-08,-4.68362131300637e-08,2.3590400743955797e-08,-6.302259691892687e-08,0.03080691397190094,0.07515262067317963,-9.04686743297134e-08,-3.997236319719377e-08,2.514570951461792e-08,-4.851259305382882e-08,9.700656278255337e-08,0.030905572697520256,0.07537837326526642,0.06691578030586243,0.00046967502566985786,0.034756164997816086,0.13422241806983948,0.0007098058122210205,0.07882264256477356,-0.001526814652606845,0.005657233763486147,-0.0003721700923051685,0.2503103017807007,0.23651893436908722,-0.0002714005240704864,-0.00047557681682519615,0.049903735518455505,0.049214571714401245,0.1287401020526886,0.13097615540027618,-0.0004416346491780132,0.011536304838955402,-0.0009429095662198961,-0.0012574619613587856,0.00014065719733480364,0.00027501885779201984,0.40356868505477905,0.40428242087364197,0.13769735395908356,0.13228900730609894,-0.000527575786691159,-0.0007030125125311315,0.4276188313961029,0.3547326624393463,0.3551105558872223,0.0005124032031744719,0.09007153660058975,0.08911912888288498,0.0024619796313345432,0.006360833067446947,1.166481577996592e-09,-3.008171844953722e-08,1.1753290607430245e-07,-3.729015674025504e-08,8.888542879503802e-08,4.2000319666612995e-08,-2.1681190176536802e-08,1.274049310495684e-07,-1.812353644936593e-08,9.022652847079371e-08
00:00:09:39.650,61,9.482726426313093e-08,2.8256327055942165e-08,-5.014240755940591e-08,2.8405338525772095e-08,-7.360242193499289e-08,0.03140482306480408,0.0941653847694397,-1.0477378964424133e-07,-4.932284269898446e-08,2.2500753260601414e-08,-5.4119155379339645e-08,1.0665505811857656e-07,0.03148855268955231,0.09440523386001587,0.06218239665031433,0.00038845010567456484,0.03521951660513878,0.12399405241012573,0.0006510767270810902,0.07249823212623596,-0.0018878364935517311,0.00612402381375432,-0.0004058309714309871,0.26025351881980896,0.24462221562862396,-0.00032024920801632106,-0.0005114525556564331,0.049538105726242065,0.04898246377706528,0.1241409108042717,0.12713374197483063,-0.00045713240979239345,0.01104770414531231,-0.001332778949290514,-0.0009580241166986525,0.00020197898265905678,0.0003421878209337592,0.39051002264022827,0.39097917079925537,0.13803698122501373,0.13213279843330383,-0.0006061345338821411,-0.0007784849149174988,0.41661906242370605,0.3442479968070984,0.34465137124061584,0.0005455213249661028,0.09310977160930634,0.09211752563714981,0.0030847592279314995,0.007292496971786022,1.6123522517119682e-09,-3.0491502656104785e-08,1.2775882396454108e-07,-3.7979333455950837e-08,1.0373070580271815e-07,4.725996305410263e-08,-2.89827593036307e-08,1.430232146049093e-07,-2.5071203779702955e-08,1.09449025842423e-07
00:00:09:39.666,61,1.1896714369186157e-07,2.3338943222483977e-08,-5.429610538953966e-08,3.8528813917082516e-08,-9.44733642427309e-08,0.030197910964488983,0.12046531587839127,-1.3245269769868173e-07,-6.912276262482919e-08,1.3485550454106487e-08,-6.357208093277222e-08,1.2155622641785158e-07,0.0302718635648489,0.1207336038351059,0.05898544192314148,0.00036721513606607914,0.03466084226965904,0.11738499999046326,0.00047365890350192785,0.06902823597192764,-0.0016261017881333828,0.00649252301082015,-0.00045550576760433614,0.2639155685901642,0.24728141725063324,-0.0005988922785036266,-0.0006318127852864563,0.04852748289704323,0.048033781349658966,0.12080591171979904,0.12458648532629013,-0.0003315734793432057,0.010021242313086987,-0.0010444929357618093,-0.00044587397133000195,0.0004192329943180084,0.0006051476811990142,0.39330634474754333,0.39315590262413025,0.13714741170406342,0.13089385628700256,-0.0006207877304404974,-0.0008008295553736389,0.4099491536617279,0.3379371762275696,0.338359534740448,0.0006488827057182789,0.09527429938316345,0.09450555592775345,0.0031212156172841787,0.007325047627091408,2.6379711748347745e-09,-2.8740615221067856e-08,1.4275312310019217e-07,-3.609806142890193e-08,1.336634198878528e-07,5.6591815678075363e-08,-4.5746563870352475e-08,1.7058104617717618e-07,-4.101544703871696e-08,1.4893710442720476e-07
00:00:09:41.683,61,1.261010709185939e-07,2.5406480474998716e-08,-5.8021395688001576e-08,4.0680170343421196e-08,-1.0002404593478786e-07,0.02895616926252842,0.1469942331314087,-1.401454170490979e-07,-7.290393000403128e-08,1.497566692876262e-08,-6.756745563052391e-08,1.2941659122134297e-07,0.02902432531118393,0.14729058742523193,0.057446498423814774,0.00036657965392805636,0.03360675647854805,0.12129347771406174,0.00012146547669544816,0.061316534876823425,-0.0015595186268910766,0.007086432073265314,-0.00032223365269601345,0.26185378432273865,0.24447719752788544,-0.000719390984158963,-0.0006584770744666457,0.04908572509884834,0.048558663576841354,0.1224600225687027,0.1268247365951538,-0.0002219551824964583,0.009886886924505234,-0.0008730769040994346,-0.000555247301235795,0.0004827192460652441,0.0005993721424601972,0.4029237627983093,0.4024219214916229,0.12847422063350677,0.12217757850885391,-0.0004601937544066459,-0.000677660689689219,0.402607798576355,0.3322455585002899,0.3326735198497772,0.000655100797303021,0.09254003316164017,0.0918438658118248,0.0020940806716680527,0.005492018070071936,2.7508939570708435e-09,-3.10130410241527e-08,1.5234574846090254e-07,-3.9059667500396245e-08,1.417472930143049e-07,6.018905196469859e-08,-4.8018993226150997e-08,1.8129125578525418e-07,-4.317611512760777e-08,1.569837309034483e-07
00:00:09:41.699,61,1.152325452835612e-07,2.402812171453661e-08,-5.360692867384387e-08,3.702007234096527e-08,-9.125098898721262e-08,0.026425065472722054,0.17705374956130981,-1.2782402336597443e-07,-6.61052794725947e-08,1.4528632519272833e-08,-6.190966672647846e-08,1.1913478203950945e-07,0.02648891508579254,0.17736634612083435,0.05810211971402168,0.0002720780030358583,0.03188863396644592,0.1412348598241806,3.9203165215440094e-05,0.05390001833438873,-0.0013096684124320745,0.007306814193725586,-0.0003202854422852397,0.2534998953342438,0.2363099455833435,-0.0006552806589752436,-0.0005205400520935655,0.04936021938920021,0.048836227506399155,0.12465257942676544,0.12935276329517365,0.00022890151012688875,0.009498699568212032,-0.0006766891456209123,-0.0008890841854736209,0.0005667550140060484,0.0006625394453294575,0.42899391055107117,0.42754700779914856,0.11711179465055466,0.11143246293067932,-0.000521336798556149,-0.0007295739487744868,0.3968333899974823,0.3291133940219879,0.3295345604419708,0.0004582791880238801,0.08676301687955856,0.08627374470233917,0.0011374730383977294,0.003679713001474738,2.490123662823862e-09,-2.911314389564268e-08,1.4085323130075267e-07,-3.6396087921275466e-08,1.295097149522917e-07,5.526933932742395e-08,-4.341825743381378e-08,1.6630627897029626e-07,-3.868714060217826e-08,1.4256686142744002e-07
00:00:09:43.716,61,8.408911611468284e-08,1.734122712093722e-08,-3.900379041965607e-08,2.706423352094589e-08,-6.657094075990244e-08,0.02589024230837822,0.21480098366737366,-9.316951121718375e-08,-4.8279762410174953e-08,1.050531839297264e-08,-4.5131891113214806e-08,8.655712235849933e-08,0.025959279388189316,0.21513625979423523,0.0631464272737503,0.00016837791190482676,0.031247077509760857,0.17213697731494904,-9.23538173083216e-05,0.051982901990413666,-0.0010169136803597212,0.007408183999359608,-0.00026452617021277547,0.23534317314624786,0.21953658759593964,-0.0006345340516418219,-0.00042455122456885874,0.05171927064657211,0.05112893134355545,0.13061979413032532,0.13513068854808807,0.00022559166245628148,0.009511375799775124,-0.00041642694850452244,-0.001370625919662416,0.0007225204026326537,0.0008666957728564739,0.45472702383995056,0.4517074525356293,0.10102245211601257,0.09645151346921921,-0.00043629229185171425,-0.0006076815770938993,0.3949545919895172,0.32611244916915894,0.3265111446380615,0.00015989843814168125,0.07853512465953827,0.07837443053722382,0.0001087877171812579,0.0014672178076580167,1.827720530478416e-09,-2.1141023154314098e-08,1.0294839825064628e-07,-2.6486814519444124e-08,9.510666387768651e-08,4.045432433485985e-08,-3.2074748190780156e-08,1.2131407345350453e-07,-2.8442592281407997e-08,1.044571433794772e-07
00:00:09:43.733,61,7.766298892875056e-08,1.3615935934296886e-08,-3.4142285443294895e-08,2.548098620991368e-08,-6.193295121192932e-08,0.025925399735569954,0.2574211061000824,-8.611939961156168e-08,-4.5932829095818306e-08,6.631016624680797e-09,-4.07174240990571e-08,7.737428120435652e-08,0.02600403130054474,0.25778186321258545,0.06825827807188034,0.0001036048706737347,0.03078741580247879,0.2031317502260208,0.0003593812871258706,0.05442166328430176,-0.000744833960197866,0.007924603298306465,-0.000203987248823978,0.20836086571216583,0.19479240477085114,-0.0005253396229818463,-0.00028554207528941333,0.055460669100284576,0.05463813617825508,0.14029474556446075,0.1441098302602768,-1.7486810975242406e-05,0.010587246157228947,-0.00021282225497998297,-0.0017028418369591236,0.0007774517871439457,0.0010273614898324013,0.4716402292251587,0.4669342041015625,0.08175945281982422,0.07846109569072723,-0.00037220417289063334,-0.000490269681904465,0.3965328335762024,0.32532286643981934,0.3256986141204834,-0.00019407484796829522,0.06933300942182541,0.06949219852685928,-0.0003210479044355452,-9.695291737443767e-06,1.809094096749675e-09,-1.750886369222826e-08,9.188428862216824e-08,-2.2239982300220618e-08,8.873641377249442e-08,3.6926941504589195e-08,-3.155320982273224e-08,1.102499638250265e-07,-2.8219073300306263e-08,9.838491621394496e-08
00:00:09:45.750,61,7.26990379007475e-08,1.0877847955725883e-08,-3.060326037029881e-08,2.419576006218449e-08,-5.822628779128536e-08,0.025843612849712372,0.29830485582351685,-8.072704105188677e-08,-4.4181941660781376e-08,3.9860608147535e-09,-3.7392602791896934e-08,7.035210813910453e-08,0.025934910401701927,0.298697292804718,0.0718463882803917,2.0708366719190963e-05,0.02988835796713829,0.2218763381242752,0.0010338653810322285,0.05533554032444954,-0.0006848413031548262,0.008710979484021664,-9.725112613523379e-05,0.18398113548755646,0.17269033193588257,-0.000474094005767256,-0.0002257251035189256,0.05988794192671776,0.05888045206665993,0.14738327264785767,0.15039372444152832,-0.00010576486238278449,0.012558119371533394,-0.00011209354124730453,-0.001856852788478136,0.0009313122136518359,0.0013382303295657039,0.4736520051956177,0.4674592912197113,0.05867384001612663,0.05640047416090965,-0.0003260374069213867,-0.00037695764331147075,0.40283897519111633,0.3272395730018616,0.3276142179965973,-0.0004477672919165343,0.06265696883201599,0.06311031430959702,-0.0006385873421095312,-0.0013210369506850839,1.7986167000216824e-09,-1.4901161193847656e-08,8.331611667244943e-08,-1.907348590179936e-08,8.387490879613324e-08,3.423308925221136e-08,-3.088265643214072e-08,1.0184943732838292e-07,-2.786517150354939e-08,9.413808754743513e-08
00:00:09:45.766,61,1.0151416063308716e-07,8.512288651729705e-09,-3.786757574175681e-08,3.5576523060854015e-08,-8.252449390511174e-08,0.025458861142396927,0.3283945322036743,-1.134537157554405e-07,-6.621703363407505e-08,-2.719461988931471e-09,-4.9895607645567e-08,9.153038149634085e-08,0.025561586022377014,0.3288131654262543,0.07370256632566452,-0.00013045214291196316,0.02776441164314747,0.22069726884365082,0.001388756325468421,0.0509415902197361,-0.000699439668096602,0.009313657879829407,6.879327702336013e-05,0.1572118103504181,0.1484089493751526,-0.00045364192919805646,-4.663825166062452e-05,0.06385284662246704,0.06270911544561386,0.14627765119075775,0.14684763550758362,-0.0001975285995285958,0.015675287693738937,-0.0006074897828511894,-0.0011200574226677418,0.0010284418240189552,0.0016725575551390648,0.4242946207523346,0.41726720333099365,0.028945302590727806,0.027423152700066566,-0.0004831600235775113,-0.00042471050983294845,0.4124546945095062,0.32764819264411926,0.32803359627723694,-0.0006206890684552491,0.05504436418414116,0.05619138851761818,-0.0004972213646396995,-0.0014985176967456937,2.8416979880319104e-09,-1.5385449358973347e-08,1.0564923513811664e-07,-1.989305076222081e-08,1.1837109781254185e-07,4.6039932755093105e-08,-4.803762010396895e-08,1.3699755641027878e-07,-4.403293019095145e-08,1.3846903357261908e-07
00:00:09:46.783,61,1.298822525086507e-07,1.685693895581153e-08,-5.2787363813422417e-08,4.394911101712751e-08,-1.0456889754095755e-07,0.02647165209054947,0.34095871448516846,-1.4469027576069493e-07,-8.074566437699104e-08,3.837048900834361e-09,-6.60680257169588e-08,1.234747486478227e-07,0.026609912514686584,0.34139183163642883,0.05927087739109993,-0.00011463552800705656,0.02083575911819935,0.16385291516780853,0.024272825568914413,0.04136446490883827,-3.7773846997879446e-05,0.009402774274349213,6.128258974058554e-05,0.13836568593978882,0.13078346848487854,-0.0004419773758854717,0.00011136219109175727,0.06269703060388565,0.06187326833605766,0.13984347879886627,0.13821512460708618,0.001981602283194661,0.019030559808015823,-0.001258211676031351,-0.0004133623733650893,0.0011046793079003692,0.0018471486400812864,0.29391413927078247,0.28760555386543274,0.00799978245049715,0.006999355740845203,-0.0010103762615472078,-0.0008962881402112544,0.418621301651001,0.3292134404182434,0.3296140432357788,-0.0004303826135583222,0.05240330100059509,0.055693987756967545,-0.0011181042063981295,-0.0016018492169678211,3.3329705662055176e-09,-2.4382025287650322e-08,1.4338642984057515e-07,-3.106892165760655e-08,1.4914199653048854e-07,6.00470215772475e-08,-5.679205017372624e-08,1.7962418041861383e-07,-5.1651149135523156e-08,1.7084181536120013e-07
00:00:09:48.800,61,1.6976147776404105e-07,2.3953615979621645e-08,-7.046386940601224e-08,5.717389228721004e-08,-1.3641081864079752e-07,0.028817880898714066,0.34103280305862427,-1.8925406664038746e-07,-1.0455027421585328e-07,7.3760748620088634e-09,-8.719507604837418e-08,1.63614743087237e-07,0.02900557965040207,0.34151583909988403,0.05198095366358757,0.0002679864992387593,0.011556408368051052,0.12069933861494064,0.07266546040773392,0.01860669068992138,-0.0008690929389558733,0.01068338192999363,0.00013340591976884753,0.13397365808486938,0.12384090572595596,0.00010371953248977661,-0.00014486402506008744,0.06259333342313766,0.06200989708304405,0.13667695224285126,0.13019435107707977,0.03257526457309723,0.032224539667367935,-0.0013275945093482733,-8.56837650644593e-05,0.0015834529185667634,0.0026209193747490644,0.1942659169435501,0.18822753429412842,0.002644107909873128,0.0024209022521972656,-0.001007425133138895,-0.0010076474864035845,0.421291321516037,0.3313775360584259,0.3317999243736267,-4.663765594159486e-06,0.05348759517073631,0.058389730751514435,-0.0014754064613953233,-0.0013622381957247853,4.242174167501389e-09,-3.376975499236323e-08,1.9062309775108588e-07,-4.261731945121028e-08,1.9418075680732727e-07,7.898546527940198e-08,-7.271766833127913e-08,2.367421956250837e-07,-6.601214153079127e-08,2.2176652691996424e-07
00:00:09:48.816,61,1.63065266178819e-07,2.417713318436654e-08,-6.865710133752145e-08,5.4705889596107227e-08,-1.3085082173347473e-07,0.03152997046709061,0.3403443992137909,-1.817103481016602e-07,-9.96515154838562e-08,8.679926111199165e-09,-8.415430841068883e-08,1.5817582266208774e-07,0.0317443422973156,0.34087494015693665,0.04983314126729965,0.0005432297475636005,0.004641713108867407,0.09689544886350632,0.09789101779460907,0.001592392916791141,0.0007648515747860074,0.012243840843439102,0.00023969236644916236,0.1306205689907074,0.11886129528284073,0.00037286459701135755,-0.00039658843888901174,0.0631323829293251,0.06270626187324524,0.13205093145370483,0.12091770023107529,0.06378961354494095,0.04337694123387337,-0.00021888136689085513,0.00044188351603224874,0.0023289837408810854,0.003707213094457984,0.14101144671440125,0.13386325538158417,-0.0004840630281250924,0.00042065410525538027,-0.0010577971115708351,-0.001152331824414432,0.41958969831466675,0.33108025789260864,0.33152779936790466,0.0003993768186774105,0.0550609827041626,0.06100574508309364,-0.0016778778517618775,-0.0010015249717980623,4.020985322483739e-09,-3.313645891012129e-08,1.848116539804323e-07,-4.205852732752646e-08,1.8617137698129227e-07,7.608672802916772e-08,-6.899237803281721e-08,2.2816472267095378e-07,-6.273388919453282e-08,2.119690236668248e-07
00:00:09:50.833,61,1.7739832003371703e-07,1.9948929619317823e-08,-7.022172354709255e-08,6.089918258567195e-08,-1.4331192232930334e-07,0.033200547099113464,0.3404962420463562,-1.9829720088182512e-07,-1.1233613150807287e-07,1.5646218765041908e-09,-8.937902862271585e-08,1.65719541200815e-07,0.03342299163341522,0.3410401940345764,0.04775043576955795,0.0007156972424127162,0.0014036399079486728,0.08637668937444687,0.10126887261867523,-0.00032727778307162225,0.0003871482622344047,0.012836751528084278,0.00030532036907970905,0.12711012363433838,0.11588069051504135,0.00030448497273027897,-0.0006547522498294711,0.06110745295882225,0.06071315333247185,0.12611164152622223,0.11350008845329285,0.07473985850811005,0.0463360995054245,0.00032238155836239457,0.00019267230527475476,0.0024383109994232655,0.0039311787113547325,0.1184546947479248,0.11095090955495834,-0.0014743729261681437,-0.0001328542857663706,-0.00099211186170578,-0.0011228189105167985,0.41770127415657043,0.33114612102508545,0.3316055238246918,0.0007452282588928938,0.05557363107800484,0.062016457319259644,-0.001966453157365322,-0.0008881682297214866,4.682224385987865e-09,-3.116205249398263e-08,1.9170343534824497e-07,-3.9711594013169815e-08,2.03885136329518e-07,8.127186390538554e-08,-7.972121096599949e-08,2.43345283479357e-07,-7.299706084040736e-08,2.370402256701709e-07
00:00:09:50.849,61,1.7546116737321427e-07,2.037733715098966e-08,-6.986781642126516e-08,6.012618314343854e-08,-1.418683694964784e-07,0.03407113999128342,0.3418557345867157,-1.9619241697910184e-07,-1.1064112470648979e-07,2.1234154434779384e-09,-8.869916001685851e-08,1.6462057317312428e-07,0.03429756686091423,0.3424075245857239,0.04655131325125694,0.0008032950572669506,0.00013529926945921034,0.07978121936321259,0.09737375378608704,-0.001058717374689877,0.00047902940423227847,0.013182061724364758,0.00037818538839928806,0.1223001554608345,0.11125144362449646,0.00024883836158551276,-0.0007370141102001071,0.0594710148870945,0.05911807715892792,0.12071708589792252,0.10818731039762497,0.07806751877069473,0.04689565300941467,0.0006931532989256084,-6.385892447724473e-06,0.002628493355587125,0.004157415125519037,0.10513094067573547,0.09755633026361465,-0.0017700042808428407,-0.00037781207356601954,-0.0010053133592009544,-0.001139756408520043,0.41562947630882263,0.33014926314353943,0.3306244909763336,0.0010551002342253923,0.05490386113524437,0.06135041266679764,-0.0020506889559328556,-0.0009616315364837646,4.608882608891918e-09,-3.147870231146044e-08,1.9073486612342094e-07,-3.99537398720895e-08,2.0151958324277075e-07,8.054776401422714e-08,-7.824971959280447e-08,2.413243009868893e-07,-7.174909200102775e-08,2.3342668953318935e-07
00:00:09:52.866,61,1.757778278488331e-07,2.421438694000244e-08,-7.279217584255093e-08,5.939975267210684e-08,-1.4148652383028093e-07,0.03465622663497925,0.3431095778942108,-1.9615515611803858e-07,-1.0859221077907932e-07,6.631016624680797e-09,-9.015668211986849e-08,1.6881152475889394e-07,0.03488464280962944,0.3436528742313385,0.04619471728801727,0.0008664478082209826,-0.0003255702613387257,0.07595816999673843,0.09241172671318054,-0.0011660951422527432,0.0005757933831773698,0.012983241118490696,0.0004193915519863367,0.11699016392230988,0.10673315078020096,0.00032707006903365254,-0.0006075513083487749,0.058507319539785385,0.05822914093732834,0.11717183887958527,0.10544390976428986,0.07848276942968369,0.04689760133624077,0.0012693348107859492,-0.0001896379835670814,0.002755760448053479,0.004265551455318928,0.09576541185379028,0.08831023424863815,-0.0018798437668010592,-0.0004329654620960355,-0.0011229037772864103,-0.0012531876564025879,0.41221287846565247,0.32992812991142273,0.33040741086006165,0.0012997244484722614,0.053222473710775375,0.05962984263896942,-0.0020175427198410034,-0.0009717547800391912,4.441244705333247e-09,-3.4477562138590656e-08,1.96248294059842e-07,-4.33251265974377e-08,2.0094215358312795e-07,8.156057162977959e-08,-7.567927440277344e-08,2.446305131797999e-07,-6.899237803281721e-08,2.304091992755275e-07
00:00:09:52.883,61,1.672189711143801e-07,2.166256329871885e-08,-6.821006337531799e-08,5.671754621516811e-08,-1.346133586821452e-07,0.03431308642029762,0.34346312284469604,-1.8670223767003336e-07,-1.0415911333438999e-07,4.917383389368979e-09,-8.535571538459408e-08,1.5936791442072717e-07,0.0345318466424942,0.34400424361228943,0.04377472400665283,0.0009037707932293415,-0.0005743312649428844,0.07011248916387558,0.0862298384308815,-0.0009507608483545482,0.0007078897906467319,0.012962263077497482,0.0003730013268068433,0.11377069354057312,0.10359206795692444,0.0002645710192155093,-0.000620960898231715,0.05576758459210396,0.055420417338609695,0.11239154636859894,0.1013009324669838,0.07634517550468445,0.04485434666275978,0.0013894251314923167,-0.00029195472598075867,0.0026952922344207764,0.004164210055023432,0.0869373232126236,0.0796128660440445,-0.001892211614176631,-0.0005742399371229112,-0.0012686693808063865,-0.0014040399109944701,0.4073096215724945,0.32817909121513367,0.3286530673503876,0.001433164463378489,0.05129413306713104,0.05755618214607239,-0.0019637637306004763,-0.0009774136124178767,4.27244239986635e-09,-3.168359441474422e-08,1.8484890063064086e-07,-4.0158628422659604e-08,1.91442666164221e-07,7.727881978780715e-08,-7.299706084040736e-08,2.3172236751634046e-07,-6.649643324863064e-08,2.203509268383641e-07
00:00:09:54.900,61,1.5159137944920076e-07,2.2202730320941555e-08,-6.368383509425257e-08,5.0868838030737606e-08,-1.216027953887533e-07,0.03326554223895073,0.3431980013847351,-1.6901641686217772e-07,-9.272247325498029e-08,7.450580596923828e-09,-7.82310962677002e-08,1.46999951766702e-07,0.03347376361489296,0.34373119473457336,0.040580905973911285,0.0009379649418406188,-0.0007802011095918715,0.061619099229574203,0.07824423909187317,-0.0009781032567843795,0.0007787132053636014,0.0127089973539114,0.0003347145102452487,0.10939917713403702,0.09957185387611389,0.0002652558614499867,-0.0006299850065261126,0.052183378487825394,0.05181402713060379,0.10676459968090057,0.09685727953910828,0.07342700660228729,0.041882988065481186,0.0016419575549662113,-0.00034843661705963314,0.002550191944465041,0.0039407541044056416,0.07419698685407639,0.06725084781646729,-0.001795461867004633,-0.0005017225630581379,-0.0012175398878753185,-0.0013533597812056541,0.4019494652748108,0.3258330523967743,0.32630324363708496,0.0016186014981940389,0.04872327670454979,0.054948385804891586,-0.0018848127219825983,-0.0008929824689403176,3.727618658189158e-09,-3.0808152473582595e-08,1.7166138377433526e-07,-3.9078294378214196e-08,1.727044605104311e-07,7.068738483440029e-08,-6.420538056772784e-08,2.1204351696724189e-07,-5.8300791749843484e-08,1.9721686328466603e-07
00:00:09:54.916,61,1.4478341370249836e-07,2.516433639243587e-08,-6.364658133861667e-08,4.762783589740138e-08,-1.1553987633305951e-07,0.03230348229408264,0.346047043800354,-1.6115605205868633e-07,-8.629635317447537e-08,1.2069940602543738e-08,-7.61402745297346e-08,1.4442950657667097e-07,0.032499413937330246,0.34657618403434753,0.037034764885902405,0.0009676903719082475,-0.0009537689620628953,0.0531834214925766,0.06998400390148163,-0.001410998054780066,0.0006416553515009582,0.012672586366534233,0.00028825283516198397,0.10534562170505524,0.09592092782258987,0.00026838004123419523,-0.0005600220174528658,0.04813177511096001,0.04773494601249695,0.09948977828025818,0.09052082151174545,0.07076702266931534,0.03892100974917412,0.0018351459875702858,-0.0005223048501648009,0.0023783636279404163,0.0037024752236902714,0.06194420903921127,0.05535264313220978,-0.0018045376054942608,-0.000587106216698885,-0.001127779483795166,-0.0012605052907019854,0.3951672315597534,0.3218742311000824,0.32233864068984985,0.0018533424008637667,0.04559257626533508,0.05183359235525131,-0.001852503977715969,-0.0009340840624645352,3.390014269299968e-09,-3.2559036355905846e-08,1.695752160912889e-07,-4.0959566405263104e-08,1.641921727468798e-07,6.842892474878681e-08,-5.8356672383297337e-08,2.0549632040456345e-07,-5.2582471710138634e-08,1.8432736226259294e-07
00:00:09:56.933,61,1.38441095032249e-07,2.5369226719362814e-08,-6.189569745629342e-08,4.5215710287038746e-08,-1.1018477152902051e-07,0.031018443405628204,0.3500775992870331,-1.5391968588573945e-07,-8.163974030139798e-08,1.3448297586649005e-08,-7.323920669932704e-08,1.3947486365850637e-07,0.03119853511452675,0.35060423612594604,0.03309040144085884,0.000962576363235712,-0.0012668012641370296,0.04493178799748421,0.0614355131983757,-0.0018245166866108775,0.00025914967409335077,0.012642240151762962,0.0002288234536536038,0.10208848118782043,0.09267958998680115,0.0002806541451718658,-0.0005114185623824596,0.0437779538333416,0.04327632486820221,0.09316389262676239,0.08513590693473816,0.06656389683485031,0.035314712673425674,0.0019575869664549828,-0.0005618319264613092,0.0021894406527280807,0.0034298107493668795,0.05072309076786041,0.0443318746984005,-0.0019084442174062133,-0.0007836393779143691,-0.0009919333970174193,-0.0011170899961143732,0.38605037331581116,0.31639185547828674,0.316851407289505,0.002076646313071251,0.042645931243896484,0.04884175956249237,-0.00181770627386868,-0.0009855031967163086,3.144377869190862e-09,-3.218650945768786e-08,1.6424804982761998e-07,-4.054978575140922e-08,1.5640631545466022e-07,6.5718779751478e-08,-5.4668635840471325e-08,1.9745901624901308e-07,-4.9248338740426334e-08,1.7479061398262274e-07
00:00:09:56.949,61,1.5078111914590409e-07,2.5071203779702955e-08,-6.550922648784763e-08,4.992820379356999e-08,-1.2050382736106258e-07,0.030555186793208122,0.35898086428642273,-1.6787089407444e-07,-9.069218975810145e-08,1.1101365160470777e-08,-7.887836517284086e-08,1.4927238112250052e-07,0.0307235736399889,0.3595029413700104,0.02990778721868992,0.001007438637316227,-0.0016029388643801212,0.03806310519576073,0.054003745317459106,-0.0022811079397797585,-0.00015894412354100496,0.012612697668373585,0.00021163102064747363,0.09942203760147095,0.09020208567380905,0.0002515020896680653,-0.00045613886322826147,0.04033026099205017,0.03978867456316948,0.08689018338918686,0.07955078780651093,0.06375172734260559,0.032652247697114944,0.0019956668838858604,-0.000712136272341013,0.0021081881131976843,0.0032760126050561666,0.04218833148479462,0.035676490515470505,-0.002124593360349536,-0.0011620718287304044,-0.0007008534739725292,-0.0008242213516496122,0.37547796964645386,0.3102174699306488,0.3106747567653656,0.0022084200754761696,0.04025907814502716,0.04640110582113266,-0.0017742984928190708,-0.0010917496401816607,3.569293749450253e-09,-3.289431305120161e-08,1.7505139737750142e-07,-4.155561228458282e-08,1.7123296913723607e-07,7.096445386878258e-08,-6.150454368025748e-08,2.1311454645456251e-07,-5.5786223640552635e-08,1.9356608049747592e-07
00:00:09:58.966,61,1.4007090953782608e-07,2.3785979408330604e-08,-6.135552865771388e-08,4.624016725074398e-08,-1.1178664749422751e-07,0.029244516044855118,0.36881503462791443,-1.5590339330628922e-07,-8.389353922666487e-08,1.1064112293013295e-08,-7.349066777351254e-08,1.3908370988247043e-07,0.029398741200566292,0.3693390190601349,0.027207059785723686,0.001016342779621482,-0.0016407555667683482,0.03249569237232208,0.04789337143301964,-0.002378033474087715,-0.0001303619210375473,0.01270873099565506,0.0001714397658361122,0.09713523089885712,0.08774028718471527,0.0003540593315847218,-0.00030084012541919947,0.037198491394519806,0.036532916128635406,0.08276057988405228,0.07615946233272552,0.06086254119873047,0.029951343312859535,0.0020543516147881746,-0.0006960182799957693,0.0019389394437894225,0.0030453491490334272,0.03505616635084152,0.02852805331349373,-0.002022366039454937,-0.001191548421047628,-0.0006297022337093949,-0.0007623708224855363,0.3663404583930969,0.305375874042511,0.30582714080810547,0.0023238842841237783,0.03826470673084259,0.044333819299936295,-0.001815278548747301,-0.0011914342176169157,3.2945535188844133e-09,-3.1124798738346726e-08,1.6335397390321305e-07,-3.9059667500396245e-08,1.5892088356395107e-07,6.605637992151969e-08,-5.6754796418090336e-08,1.9831583131235675e-07,-5.125999535948722e-08,1.7900019599892403e-07
00:00:09:58.983,61,1.2794509984814795e-07,2.4158508082905428e-08,-5.774199962615967e-08,4.1732565847496517e-08,-1.0171905273637094e-07,0.028179997578263283,0.3732997179031372,-1.4217570765140408e-07,-7.543712854385376e-08,1.30385160446167e-08,-6.789341711055386e-08,1.2936069992974808e-07,0.02832195721566677,0.37382203340530396,0.02512473799288273,0.0010068148840218782,-0.0016785268671810627,0.02828988991677761,0.04324318841099739,-0.002412897301837802,-3.648132042144425e-05,0.012696348130702972,0.00016848537779878825,0.09495925903320312,0.0855642706155777,0.00039773850585334003,-0.00023126423184294254,0.03462621569633484,0.03389196842908859,0.07926829159259796,0.07332789152860641,0.05815747380256653,0.02779320627450943,0.002140236785635352,-0.000637661200016737,0.001774019910953939,0.002820513444021344,0.02959369122982025,0.02311422862112522,-0.0018524311017245054,-0.0011371939908713102,-0.0005667871446348727,-0.0006985837244428694,0.3615906834602356,0.30435946583747864,0.3048073649406433,0.0023858482018113136,0.036650434136390686,0.042539358139038086,-0.0017468822188675404,-0.0011532973730936646,2.897577289218134e-09,-3.0137599082991073e-08,1.5221536386889056e-07,-3.786757574175681e-08,1.4454126073815132e-07,6.084330550493178e-08,-5.017966131504181e-08,1.8287450131992955e-07,-4.507601403247463e-08,1.616403437765257e-07
00:00:10:00.000,61,1.2601725529748364e-07,2.3432075835216892e-08,-5.679205017372624e-08,4.110857787509303e-08,-1.0007992301552804e-07,0.027017464861273766,0.37028640508651733,-1.4007090953782608e-07,-7.405876800703481e-08,1.2516975012033527e-08,-6.682239472866058e-08,1.2751668521104875e-07,0.027150152251124382,0.3707989454269409,0.023540223017334938,0.001016602967865765,-0.0016392356483265758,0.02497759275138378,0.03958730027079582,-0.0022990023717284203,3.697931606438942e-05,0.012610423378646374,0.00017628871137276292,0.09299665689468384,0.08373519033193588,0.00036191820981912315,-0.0002203655312769115,0.03257564455270767,0.031836315989494324,0.07575371116399765,0.07028507441282272,0.05636964738368988,0.02618856355547905,0.0022716184612363577,-0.0006259038927964866,0.001707055140286684,0.0027054743841290474,0.025410739704966545,0.019058315083384514,-0.0017141496064141393,-0.0010793795809149742,-0.0005508935428224504,-0.0006766080623492599,0.3610198199748993,0.3059498965740204,0.30639567971229553,0.0024863702710717916,0.03554059565067291,0.04116171970963478,-0.0016055185114964843,-0.001104247523471713,2.8614886016242735e-09,-2.9560178305132467e-08,1.4994293451309204e-07,-3.719702235116529e-08,1.4230609224341606e-07,5.987938322959963e-08,-4.945322729099644e-08,1.7999671797497285e-07,-4.440546064188311e-08,1.5877186854140746e-07
00:00:10:00.016,61,1.2199394916478923e-07,2.037733715098966e-08,-5.31971444672763e-08,4.025176281174936e-08,-9.735114758768759e-08,0.025673093274235725,0.3652852177619934,-1.3569369627930428e-07,-7.331371421059885e-08,9.462237215984715e-09,-6.391666573790644e-08,1.2097879675820877e-07,0.025799494236707687,0.3657901883125305,0.02221376821398735,0.001060117851011455,-0.001689380151219666,0.02220650017261505,0.03628057986497879,-0.0022562015801668167,0.00018971860117744654,0.012454789131879807,0.0001797920122044161,0.0902239978313446,0.08123144507408142,0.00030781328678131104,-0.00023394644085783511,0.03100253827869892,0.030273541808128357,0.07286551594734192,0.06792973726987839,0.05513254180550575,0.024859070777893066,0.002438401570543647,-0.0006282834801822901,0.0017199198482558131,0.0026712792459875345,0.02158019132912159,0.015466335229575634,-0.001626269775442779,-0.0010117152705788612,-0.0005712193087674677,-0.0006964969797991216,0.36080628633499146,0.3079184591770172,0.30836087465286255,0.002625152235850692,0.03431772440671921,0.03966080769896507,-0.0014325332595035434,-0.0010829120874404907,2.8847717548075025e-09,-2.674758370346808e-08,1.4178455387536815e-07,-3.369525103380511e-08,1.3845041735294217e-07,5.742069220104895e-08,-4.954636168008619e-08,1.7240643046534387e-07,-4.48897488070088e-08,1.5612691584010463e-07
00:00:10:01.033,61,1.1062249427595816e-07,1.9222497371629288e-08,-4.881992765604082e-08,3.6293641869633575e-08,-8.805655227206444e-08,0.024057552218437195,0.3610723912715912,-1.230742725510936e-07,-6.601214153079127e-08,9.350478613612268e-09,-5.826354154692126e-08,1.1064112470648979e-07,0.02417438104748726,0.3615672290325165,0.020702319219708443,0.0010576610220596194,-0.0017738324822857976,0.01961667276918888,0.03337017446756363,-0.0020316625013947487,0.0003691682359203696,0.012342669069766998,0.00016695055819582194,0.08742942661046982,0.07848097383975983,0.00030991138191893697,-0.00020685493655037135,0.02895512990653515,0.028195934370160103,0.07040775567293167,0.0660419911146164,0.05289630964398384,0.023213881999254227,0.0025721609126776457,-0.0005863323458470404,0.0015651908470317721,0.002462119795382023,0.017795253545045853,0.011890480294823647,-0.0014601233415305614,-0.0009158431203104556,-0.0006952154799364507,-0.0008202290628105402,0.3586161732673645,0.3095248341560364,0.3099626302719116,0.0026747859083116055,0.03294803947210312,0.03803003206849098,-0.001346998498775065,-0.0010332774836570024,2.5751070165114243e-09,-2.5033950024067053e-08,1.2982636121705582e-07,-3.136694459726641e-08,1.252815167163135e-07,5.227513710792664e-08,-4.434958000842926e-08,1.570582384147201e-07,-3.99164861164536e-08,1.4111400048477662e-07
00:00:10:03.050,61,1.0643154269018851e-07,1.6633421751066635e-08,-4.5429914052874665e-08,3.552064242740016e-08,-8.513219995620602e-08,0.02274983376264572,0.3580351173877716,-1.1860392845619572e-07,-6.470829561067148e-08,6.482005154850867e-09,-5.527399338234318e-08,1.0423362084566179e-07,0.022858863696455956,0.3585202395915985,0.019362231716513634,0.0010716634569689631,-0.0019081435166299343,0.017578000202775,0.030859757214784622,-0.001841751392930746,0.0005733525613322854,0.012203427962958813,0.00016355600382667035,0.08293318748474121,0.07438185811042786,0.0003149785043206066,-0.00017147600010503083,0.027055993676185608,0.02627849020063877,0.06849153339862823,0.06464742869138718,0.05072971433401108,0.02172895520925522,0.0026612705551087856,-0.0005198617000132799,0.001465408829972148,0.0023049067240208387,0.01462392695248127,0.008977795019745827,-0.0013654744252562523,-0.0008524088771082461,-0.0007677560788579285,-0.0008906227303668857,0.35633987188339233,0.3105936050415039,0.31102776527404785,0.0027390115428715944,0.0313115268945694,0.03615332767367363,-0.001264331047423184,-0.0010021883063018322,2.5727786567841804e-09,-2.2333114912953533e-08,1.2174248809060373e-07,-2.831220591303918e-08,1.2105330426948058e-07,4.9786176958832584e-08,-4.407018394658735e-08,1.495052117661544e-07,-4.012137821973738e-08,1.3787298769329936e-07
00:00:10:03.066,61,1.0616145829089874e-07,1.5962868360475113e-08,-4.48524950513729e-08,3.539956949794032e-08,-8.495524639329233e-08,0.021797947585582733,0.3564428687095642,-1.1842698199870938e-07,-6.493181103905954e-08,5.811452652437765e-09,-5.4962001172498276e-08,1.0345131329358992e-07,0.021900035440921783,0.35691776871681213,0.018202245235443115,0.0010595798958092928,-0.0020214871037751436,0.016209783032536507,0.02907635271549225,-0.0017046391731128097,0.0007395577267743647,0.01197168231010437,0.00013960481737740338,0.07796350121498108,0.06990973651409149,0.00032575338263995945,-0.00010250895866192877,0.025457415729761124,0.024672269821166992,0.06735656410455704,0.06403384357690811,0.048645228147506714,0.02054942585527897,0.0026553121861070395,-0.00043950576218776405,0.001379287801682949,0.0021602592896670103,0.012407260946929455,0.007049120496958494,-0.0013104501413181424,-0.0007664287113584578,-0.0008355241734534502,-0.0009481448214501143,0.35399481654167175,0.31102848052978516,0.31145820021629333,0.0027724606916308403,0.029591167345643044,0.03425166755914688,-0.0012159824836999178,-0.0009750747703947127,2.5983899476500483e-09,-2.1699815277997914e-08,1.20773904654925e-07,-2.739951021624165e-08,1.210719347000122e-07,4.951841958700243e-08,-4.446134127533696e-08,1.4864839670281071e-07,-4.056841262922717e-08,1.3802200271584297e-07
00:00:10:05.083,61,1.0043382303592807e-07,1.4193355823977072e-08,-4.1928142735514484e-08,3.373250478944101e-08,-8.06711639711466e-08,0.020770054310560226,0.35477203130722046,-1.1211260897425745e-07,-6.215646664031738e-08,4.507601403247463e-09,-5.172099903916205e-08,9.706243986329355e-08,0.020866839215159416,0.355235755443573,0.017329558730125427,0.001034149550832808,-0.0020221155136823654,0.015515847131609917,0.028001947328448296,-0.001433907775208354,0.0009862938895821571,0.011696312576532364,0.00010607008152874187,0.07248848676681519,0.06491447240114212,0.00034616084303706884,-5.632907050312497e-05,0.024169698357582092,0.023384390398859978,0.06696020811796188,0.06431680917739868,0.04658343642950058,0.019631028175354004,0.0025977175682783127,-0.0003809560148511082,0.0013139857910573483,0.0020519313402473927,0.010866440832614899,0.005838609766215086,-0.0012801230186596513,-0.00070983573095873,-0.0007612538174726069,-0.000861718668602407,0.3513023257255554,0.31074121594429016,0.3111622631549835,0.0027862496208399534,0.028041964396834373,0.03255228325724602,-0.0011292042909190059,-0.0009167188545688987,2.49478038227835e-09,-1.991167586368192e-08,1.128017927953806e-07,-2.5276094106629898e-08,1.1466443794461156e-07,4.666857478241582e-08,-4.276633092104021e-08,1.40042970997456e-07,-3.9041040622578294e-08,1.3180077473862184e-07
00:00:10:05.099,61,8.827075248518668e-08,1.1045485415195344e-08,-3.578141161142412e-08,2.997927239789533e-08,-7.105991528533195e-08,0.02008807100355625,0.35365843772888184,-9.879470042051253e-08,-5.55999584150868e-08,2.3469328702674375e-09,-4.49270025626447e-08,8.389353922666487e-08,0.020182909443974495,0.35410821437835693,0.01680484414100647,0.0010430450784042478,-0.002102003199979663,0.01586143858730793,0.028332239016890526,-0.0011099785333499312,0.0012207510881125927,0.011418040841817856,6.555976142408326e-05,0.06702958047389984,0.060019027441740036,0.0003927963844034821,3.8890240830369294e-05,0.023608574643731117,0.02281411923468113,0.0675518810749054,0.06548485159873962,0.04512360692024231,0.01922828145325184,0.002356394426897168,-0.00035316412686370313,0.0012824859004467726,0.001990309916436672,0.01044445764273405,0.005694432184100151,-0.0012323724804446101,-0.0006698452052660286,-0.0007789492374286056,-0.000879389641340822,0.34869804978370667,0.3097885847091675,0.31020304560661316,0.0027895814273506403,0.026937240734696388,0.03129447624087334,-0.0009583443170413375,-0.0008577483822591603,2.268934595761607e-09,-1.6354023912867888e-08,9.704380943276192e-08,-2.0898879071751253e-08,1.0147690687745126e-07,4.073605097687505e-08,-3.870576747999621e-08,1.2208707289573795e-07,-3.5427511591024086e-08,1.1719762937900668e-07
00:00:10:07.116,61,9.3383711430306e-08,1.320615439226458e-08,-3.879889831637229e-08,3.14693906489083e-08,-7.484108266453404e-08,0.019244078546762466,0.35323581099510193,-1.0439194397804386e-07,-5.790963797380755e-08,3.911554635749326e-09,-4.802830488870313e-08,9.011477430931336e-08,0.01933230832219124,0.3536840081214905,0.01638249307870865,0.0009765933500602841,-0.0020409070421010256,0.01654290407896042,0.02870534360408783,-0.0009765661088749766,0.001349502825178206,0.011381467804312706,3.3887936297105625e-05,0.06142256781458855,0.05463108420372009,0.0003948950907215476,4.373997580842115e-05,0.022913742810487747,0.022099437192082405,0.06858731061220169,0.06677650660276413,0.04409387707710266,0.019014127552509308,0.002202809089794755,-0.00020902827964164317,0.0012525018537417054,0.0019291165517643094,0.01037841197103262,0.005754886195063591,-0.0012342310510575771,-0.0006195061723701656,-0.0007475662278011441,-0.000824931834358722,0.3470103442668915,0.30876898765563965,0.30918142199516296,0.002786572091281414,0.025562386959791183,0.02969251573085785,-0.0009607478859834373,-0.000884073378983885,2.3294706164023182e-09,-1.8365680531928774e-08,1.0453164378532165e-07,-2.3506581570131857e-08,1.0682269646622444e-07,4.334840753017488e-08,-3.993511299427155e-08,1.3006851418140286e-07,-3.6209822695809635e-08,1.2256205650373886e-07
00:00:10:07.133,61,7.756054287710867e-08,1.5012920684398523e-08,-3.516673885428645e-08,2.5089830657520906e-08,-6.154179743589339e-08,0.018348973244428635,0.35392096638679504,-8.627772274394374e-08,-4.556029864488664e-08,8.344650304081824e-09,-4.123896246710501e-08,7.895752673903189e-08,0.018435006961226463,0.3543611168861389,0.016452856361865997,0.000965676037594676,-0.0019976007752120495,0.01774330623447895,0.029507026076316833,-0.000772175204474479,0.0014886537101119757,0.011174025945365429,8.984538908407558e-06,0.05567910149693489,0.049277134239673615,0.00039171084063127637,6.748124724254012e-05,0.022803032770752907,0.021969379857182503,0.0702330693602562,0.06890620291233063,0.042871519923210144,0.019013909623026848,0.001966426381841302,-0.00014943178393878043,0.0012005491880699992,0.001843627542257309,0.011046791449189186,0.006581902038305998,-0.0011868361616507173,-0.0006454691174440086,-0.0007666593883186579,-0.0008418429060839117,0.34551239013671875,0.3081910014152527,0.30859845876693726,0.0027197645977139473,0.02487645111978054,0.02878035046160221,-0.0007994499756023288,-0.00088612170657143,1.7357524306760297e-09,-1.8384307409746725e-08,9.268521949934438e-08,-2.3283064365386963e-08,8.784234495351484e-08,3.695953765259219e-08,-3.02493567971851e-08,1.1105090180763e-07,-2.7157366133678806e-08,9.752810115060129e-08
00:00:10:09.150,61,7.717870431633855e-08,1.7601996304961176e-08,-3.704801088133536e-08,2.4316832991644333e-08,-6.077811320892579e-08,0.017377309501171112,0.3554615080356598,-8.565373832425394e-08,-4.371628037347364e-08,1.1660159060511432e-08,-4.2095781083162365e-08,8.134171025631076e-08,0.0174594447016716,0.3558942675590515,0.016413835808634758,0.0009445843752473593,-0.001867563696578145,0.01951523870229721,0.030520422384142876,-0.00040970384725369513,0.00149172218516469,0.010899866931140423,-5.096497989143245e-05,0.04934415966272354,0.04352026805281639,0.0003574553120415658,8.696586155565456e-05,0.022451266646385193,0.021577440202236176,0.0729224905371666,0.07207386195659637,0.04095133766531944,0.018805986270308495,0.0017039381200447679,-5.5133717978606e-05,0.001152411219663918,0.0017732626292854548,0.013099745847284794,0.008861010894179344,-0.00130622205324471,-0.000860530708450824,-0.0007360934978350997,-0.0008025330025702715,0.3457479178905487,0.3083687126636505,0.30876219272613525,0.0027115398552268744,0.02384275384247303,0.027596279978752136,-0.0007821675972081721,-0.0009638655465096235,1.5948898868245465e-09,-2.0768492703382435e-08,9.659677857598581e-08,-2.5890766863767567e-08,8.66129994392395e-08,3.752065680373562e-08,-2.782791774791349e-08,1.1287629320122505e-07,-2.4586915614577265e-08,9.439885673145909e-08
